MESH3
Air Plane_1
1695
-0.2045002,2.123027,-1.011931
-0.2345398,2.156819,-1.011931
-0.2045002,2.156819,-1.041971
-0.2345398,2.156819,-0.5223642
-0.2045002,2.123027,-0.5223642
-0.2045002,2.156819,-0.4923245
0.2203822,2.156819,-1.011931
0.1903425,2.123027,-1.011931
0.1903425,2.156819,-1.041971
0.1903425,2.123027,-0.5223642
0.2203822,2.156819,-0.5223642
0.1903425,2.156819,-0.4923245
-0.2345398,2.279566,-0.5223641
-0.2045002,2.279566,-0.4923244
-0.2045002,2.313358,-0.5223641
0.1903425,2.313358,-0.5223641
0.1903425,2.279566,-0.4923244
0.2203822,2.279566,-0.5223641
0.2203822,2.72105,-0.9015418
0.1903425,2.754841,-0.9015418
0.1903425,2.72105,-0.8715022
0.2203822,2.72105,-1.011931
0.1903425,2.72105,-1.041971
0.1903425,2.754841,-1.011931
-0.2045002,2.72105,-1.041971
-0.2345398,2.72105,-1.011931
-0.2045002,2.754841,-1.011931
-0.2345398,2.72105,-0.9015419
-0.2045002,2.72105,-0.8715022
-0.2045002,2.754841,-0.9015419
1.08844,0.6922752,1.73264
0.5380949,1.453305,1.551919
0.5380949,1.453305,1.715998
1.08844,0.6922752,1.509338
1.23499,0.3224123,1.390007
1.23499,0.3224123,1.851302
1.013402,0.6922752,1.460113
0.9049375,0.6922752,1.509338
0.3740156,1.453305,1.551919
0.4560552,1.453305,1.511014
0.9049375,0.6922752,1.509338
0.9049375,0.6922752,1.73264
0.3740156,1.453305,1.715998
0.3740156,1.453305,1.551919
1.013402,0.6922753,1.783578
0.5380949,1.453305,1.715998
0.4560552,1.453305,1.758326
1.08844,0.6922752,1.73264
1.23499,0.3224123,1.851302
1.074446,0.3224123,1.963636
0.5380949,1.453305,1.551919
0.4560552,1.453305,1.511014
0.3740156,1.453305,1.551919
0.5380949,1.453305,1.715998
0.3740156,1.453305,1.715998
0.4560552,1.453305,1.758326
0.8804756,0.3224123,1.390007
1.074446,0.3224122,1.281451
1.23499,0.3224123,1.390007
0.8804756,0.3224123,1.851302
1.23499,0.3224123,1.851302
1.074446,0.3224123,1.963636
1.013402,0.6922752,1.460113
1.074446,0.3224122,1.281451
0.8804756,0.3224123,1.390007
0.9049375,0.6922752,1.509338
0.9049375,0.6922752,1.73264
1.013402,0.6922753,1.783578
0.4560552,1.453305,1.758326
0.3740156,1.453305,1.715998
1.08844,0.6922752,1.509338
0.4560552,1.453305,1.511014
0.5380949,1.453305,1.551919
1.013402,0.6922752,1.460113
1.074446,0.3224122,1.281451
1.23499,0.3224123,1.390007
0.9049375,0.6922752,1.509338
0.8804756,0.3224123,1.390007
0.8804756,0.3224123,1.851302
0.9049375,0.6922752,1.73264
0.9049375,0.6922752,1.73264
0.8804756,0.3224123,1.851302
1.074446,0.3224123,1.963636
1.013402,0.6922753,1.783578
-1.09079,0.6922752,1.73264
-0.540444,1.453305,1.715998
-0.540444,1.453305,1.551919
-1.09079,0.6922752,1.509338
-1.23734,0.3224123,1.390007
-1.23734,0.3224123,1.851302
-1.015751,0.6922752,1.460113
-0.4584044,1.453305,1.511014
-0.3763648,1.453305,1.551919
-0.9072866,0.6922752,1.509338
-0.9072866,0.6922752,1.509338
-0.3763648,1.453305,1.551919
-0.3763648,1.453305,1.715998
-0.9072866,0.6922752,1.73264
-1.015751,0.6922753,1.783578
-0.4584044,1.453305,1.758326
-0.540444,1.453305,1.715998
-1.09079,0.6922752,1.73264
-1.23734,0.3224123,1.851302
-1.076795,0.3224123,1.963636
-0.3763648,1.453305,1.551919
-0.4584044,1.453305,1.511014
-0.540444,1.453305,1.551919
-0.3763648,1.453305,1.715998
-0.540444,1.453305,1.715998
-0.4584044,1.453305,1.758326
-1.23734,0.3224123,1.390007
-1.076795,0.3224122,1.281451
-0.8828247,0.3224123,1.390007
-1.23734,0.3224123,1.851302
-0.8828247,0.3224123,1.851302
-1.076795,0.3224123,1.963636
-1.015751,0.6922752,1.460113
-0.9072866,0.6922752,1.509338
-0.8828247,0.3224123,1.390007
-1.076795,0.3224122,1.281451
-0.9072866,0.6922752,1.73264
-0.3763648,1.453305,1.715998
-0.4584044,1.453305,1.758326
-1.015751,0.6922753,1.783578
-1.09079,0.6922752,1.509338
-0.540444,1.453305,1.551919
-0.4584044,1.453305,1.511014
-1.015751,0.6922752,1.460113
-1.076795,0.3224122,1.281451
-1.23734,0.3224123,1.390007
-0.9072866,0.6922752,1.509338
-0.9072866,0.6922752,1.73264
-0.8828247,0.3224123,1.851302
-0.8828247,0.3224123,1.390007
-0.9072866,0.6922752,1.73264
-1.015751,0.6922753,1.783578
-1.076795,0.3224123,1.963636
-0.8828247,0.3224123,1.851302
0.06469292,2.262323,-5.576029
0.06465603,2.143896,-6.138761
0.05756332,3.039621,-6.065129
0.06467249,2.350706,-4.937037
0.05756547,3.039621,-5.136393
0.05756264,3.30356,-5.964218
0.05756128,3.292347,-5.237312
0.05755727,3.453904,-5.480948
0.05755906,3.420227,-5.78811
0.05755555,3.489799,-5.630231
-0.7379404,2.224084,2.038409
-0.7991072,1.916579,2.038409
-0.7379404,1.609074,2.038409
-0.5637528,2.484775,2.038409
-0.5637528,1.348384,2.038409
-0.3030626,2.658962,2.038409
-0.3030626,1.174196,2.038409
0.004442107,2.720129,2.038409
0.004442107,1.113029,2.038409
0.3119467,2.658962,2.038409
0.3119466,1.174196,2.038409
0.572637,1.348384,2.038409
0.572637,2.484775,2.038409
0.7468246,2.224084,2.038409
0.7468246,1.609074,2.038409
0.8079914,1.916579,2.038409
-0.04869574,3.420227,-5.78811
-0.04869227,3.489799,-5.630231
0.05755555,3.489799,-5.630231
0.05755906,3.420227,-5.78811
-0.04869932,3.30356,-5.964218
0.05756264,3.30356,-5.964218
0.004431693,2.148151,-6.138817
-0.05579267,2.143896,-6.138761
-0.0487,3.039621,-6.065129
0.05756332,3.039621,-6.065129
0.06465603,2.143896,-6.138761
0.05756264,3.30356,-5.964218
-0.04869932,3.30356,-5.964218
-0.04869395,3.453904,-5.480948
-0.04869796,3.292347,-5.237312
0.05756128,3.292347,-5.237312
0.05755727,3.453904,-5.480948
-0.04869227,3.489799,-5.630231
0.05755555,3.489799,-5.630231
0.004431693,2.371876,-4.937759
-0.04870211,3.039621,-5.136393
-0.05580914,2.350706,-4.937037
0.004431693,3.039621,-5.136952
-0.04869796,3.292347,-5.237312
0.05756128,3.292347,-5.237312
0.05756547,3.039621,-5.136393
0.06467249,2.350706,-4.937037
-0.1927222,1.834914,-6.218716
-0.2089663,1.916578,-6.219409
-0.1927222,1.998242,-6.21882
-0.1464633,1.765683,-6.218558
-0.1464633,2.067473,-6.218558
-0.07723191,1.719424,-6.218558
-0.07723191,2.113732,-6.218558
0.004431693,1.70318,-6.218558
0.004431693,2.129976,-6.218558
0.08609522,1.719424,-6.218558
0.08609522,2.113732,-6.218558
0.1553266,1.765683,-6.218558
0.1553266,2.067473,-6.218558
0.2015856,1.834914,-6.218716
0.2015856,1.998242,-6.21882
0.2178296,1.916578,-6.219409
-0.0487,3.039621,-6.065129
-0.05579267,2.143896,-6.138761
-0.05582957,2.262323,-5.576029
-0.05580914,2.350706,-4.937037
-0.04870211,3.039621,-5.136393
-0.04869932,3.30356,-5.964218
-0.04869796,3.292347,-5.237312
-0.04869395,3.453904,-5.480948
-0.04869574,3.420227,-5.78811
-0.04869227,3.489799,-5.630231
0.34654,2.53042,0.1256587
0.34654,2.494294,-1.041653
0.34654,2.171755,-1.041652
0.34654,2.171755,0.1256587
-0.2571521,2.548099,-1.041653
-0.3606868,2.47892,-1.041652
-0.3606868,2.171755,-1.041652
0.34654,2.171755,-1.041652
0.004431693,2.600131,-1.041653
0.2660155,2.548099,-1.041653
0.34654,2.494294,-1.041653
-0.3606868,2.171755,-1.041652
-0.3606868,2.47892,-1.041652
-0.3606868,2.515045,0.1256587
-0.3606868,2.171755,0.1256587
0.34654,2.171755,0.1256587
-0.3606868,2.171755,0.1256587
-0.3606868,2.515045,0.1256587
-0.2688722,2.576394,0.1256587
0.004431693,2.630758,0.1256586
0.265789,2.578763,0.1256587
0.34654,2.53042,0.1256587
0.34654,2.171755,-1.041652
-0.3606868,2.171755,-1.041652
-0.3606868,2.171755,0.1256587
0.34654,2.171755,0.1256587
3.675574,3.314331,0.3398592
4.475148,3.314331,0.07488099
4.475148,3.511425,0.07488096
3.675574,3.511425,0.3398592
-3.666542,3.314331,0.3398592
-3.666542,3.511425,0.3398592
-4.466115,3.314331,0.07488099
-4.466115,3.511425,0.07488096
4.475148,3.314331,0.07488099
4.689229,3.511425,-0.5648327
4.475148,3.511425,0.07488096
4.689229,3.314331,-0.5648327
4.689229,3.511425,-0.9732735
4.689229,3.314331,-0.9732735
4.475148,3.511425,-1.612987
4.475148,3.314331,-1.612987
3.675574,3.511425,-1.877966
4.475148,3.511425,-1.612987
4.475148,3.314331,-1.612987
3.675574,3.314331,-1.877966
1.840045,3.511425,-1.877966
1.840045,3.314331,-1.877966
0.004516258,3.511425,-1.610318
0.004516258,3.314331,-1.610318
-1.831013,3.511425,-1.877966
-1.831013,3.314331,-1.877966
-3.666542,3.511425,-1.877966
-3.666542,3.314331,-1.877966
-4.466115,3.511425,-1.612987
-4.466115,3.314331,-1.612987
-4.680197,3.511425,-0.9732735
-4.466115,3.511425,-1.612987
-4.466115,3.314331,-1.612987
-4.680197,3.314331,-0.9732735
-4.680197,3.511425,-0.5648327
-4.680197,3.314331,-0.5648327
-4.466115,3.511425,0.07488096
-4.466115,3.314331,0.07488099
-4.466115,3.314331,-1.612987
-3.666542,3.314331,-1.877966
-1.831013,3.314331,-1.877966
0.004516258,3.314331,-1.610318
-4.680197,3.314331,-0.9732735
4.689229,3.314331,-0.9732735
-4.680197,3.314331,-0.5648327
4.475148,3.314331,-1.612987
3.675574,3.314331,-1.877966
1.840045,3.314331,-1.877966
4.689229,3.314331,-0.5648327
-4.466115,3.314331,0.07488099
4.475148,3.314331,0.07488099
-3.666542,3.314331,0.3398592
3.675574,3.314331,0.3398592
4.475147,1.173535,-1.612987
3.675574,1.173535,-1.877965
1.840045,1.173535,-1.877965
0.004516258,1.173535,-1.610318
4.694726,1.182391,-1.015913
-4.680197,1.173535,-0.9732732
4.694726,1.182391,-0.5707703
-4.466114,1.173535,-1.612987
-3.666542,1.173535,-1.877965
-1.831012,1.173535,-1.877965
-4.680197,1.173535,-0.5648324
4.461405,1.182391,0.1264283
-4.466114,1.173535,0.07488131
-3.666542,1.173535,0.3398595
3.675574,1.173535,0.3398595
3.675574,0.9764421,0.3398595
4.461405,0.9675866,0.1264283
4.461405,1.182391,0.1264283
3.675574,1.173535,0.3398595
-3.666542,0.9764421,0.3398595
-3.666542,1.173535,0.3398595
-4.466114,0.976442,0.07488134
-4.466114,1.173535,0.07488131
4.461405,0.9675866,0.1264283
4.694726,1.182391,-0.5707703
4.461405,1.182391,0.1264283
4.694726,0.9675865,-0.5707703
4.694726,1.182391,-1.015913
4.694726,0.9675865,-1.015913
4.475147,1.173535,-1.612987
4.475147,0.9764417,-1.612986
3.675574,1.173535,-1.877965
4.475147,1.173535,-1.612987
4.475147,0.9764417,-1.612986
3.675574,0.9764417,-1.877964
1.840045,1.173535,-1.877965
1.840045,0.9764417,-1.877964
0.004516258,1.173535,-1.610318
0.004516258,0.9764417,-1.610318
-1.831012,1.173535,-1.877965
-1.831012,0.9764417,-1.877964
-3.666542,1.173535,-1.877965
-3.666542,0.9764417,-1.877964
-4.466114,1.173535,-1.612987
-4.466114,0.9764417,-1.612986
-4.680197,1.173535,-0.9732732
-4.466114,1.173535,-1.612987
-4.466114,0.9764417,-1.612986
-4.680197,0.9764419,-0.9732732
-4.680197,1.173535,-0.5648324
-4.680197,0.9764419,-0.5648324
-4.466114,1.173535,0.07488131
-4.466114,0.976442,0.07488134
-4.466114,0.9764417,-1.612986
-3.666542,0.9764417,-1.877964
-1.831012,0.9764417,-1.877964
0.004516258,0.9764417,-1.610318
-4.680197,0.9764419,-0.9732732
4.694726,0.9675865,-1.015913
4.475147,0.9764417,-1.612986
3.675574,0.9764417,-1.877964
1.840045,0.9764417,-1.877964
4.694726,0.9675865,-0.5707703
-4.680197,0.9764419,-0.5648324
4.461405,0.9675866,0.1264283
-4.466114,0.976442,0.07488134
-3.666542,0.9764421,0.3398595
3.675574,0.9764421,0.3398595
-0.3548637,1.916578,-5.593382
-0.3275138,2.054075,-5.589568
-0.4218267,2.09314,-4.921543
-0.4569471,1.916578,-4.928624
-0.2301859,1.916578,-6.128358
-0.2123267,2.006362,-6.1273
-0.3275138,2.054075,-5.589568
-0.3548637,1.916578,-5.593382
0.363727,1.916578,-5.593382
0.2390493,1.916578,-6.128358
1.215546,1.916578,-5.935107
1.390985,1.916578,-5.835838
1.497324,1.916578,-5.658036
1.505512,1.916578,-5.579058
0.4658104,1.916578,-4.928624
1.479073,1.916578,-5.424417
1.372528,1.916578,-5.242252
1.228547,1.916578,-5.132592
-0.4218267,2.09314,-4.921543
-1.219684,1.916578,-5.132592
-0.4569471,1.916578,-4.928624
-1.219444,2.062493,-5.129682
-1.363665,1.916578,-5.242252
-1.363056,2.05654,-5.238477
-1.470209,1.916578,-5.424417
-1.46968,2.054075,-5.420283
-1.496649,1.916578,-5.579058
-1.496649,2.054075,-5.576831
-1.48846,1.916578,-5.658036
-1.488152,2.054075,-5.657419
-1.382122,1.916578,-5.835838
-1.382285,2.051531,-5.835022
-1.206682,1.916578,-5.935107
-1.206631,2.045389,-5.933814
-0.2301859,1.916578,-6.128358
-0.2123267,2.006362,-6.1273
0.363727,1.916578,-5.593382
0.4658104,1.916578,-4.928624
0.43069,2.09314,-4.921543
0.3363773,2.054075,-5.589568
0.2390493,1.916578,-6.128358
0.363727,1.916578,-5.593382
0.3363773,2.054075,-5.589568
0.22119,2.006362,-6.1273
-1.206682,1.916578,-5.935107
-0.2301859,1.916578,-6.128358
-0.3548637,1.916578,-5.593382
-1.382122,1.916578,-5.835838
-1.48846,1.916578,-5.658036
-1.496649,1.916578,-5.579058
-0.4569471,1.916578,-4.928624
-1.470209,1.916578,-5.424417
-1.363665,1.916578,-5.242252
-1.219684,1.916578,-5.132592
0.43069,2.09314,-4.921543
0.4658104,1.916578,-4.928624
1.228547,1.916578,-5.132592
1.228307,2.062493,-5.129682
1.372528,1.916578,-5.242252
1.371919,2.05654,-5.238477
1.479073,1.916578,-5.424417
1.478544,2.054075,-5.420283
1.505512,1.916578,-5.579058
1.505512,2.054075,-5.576831
1.497324,1.916578,-5.658036
1.497015,2.054075,-5.657419
1.390985,1.916578,-5.835838
1.391149,2.051531,-5.835022
1.215546,1.916578,-5.935107
1.215495,2.045389,-5.933814
0.2390493,1.916578,-6.128358
0.22119,2.006362,-6.1273
-1.387854,1.173536,0.3398567
-1.336763,1.173536,0.3398567
-1.336763,3.314331,-0.6683679
-1.387854,3.314331,-0.6683679
-1.421986,1.173536,0.2546339
-1.421986,1.173536,0.3057245
-1.421986,3.314331,-0.7025006
-1.421986,3.314331,-0.7535912
-1.30263,3.314331,-0.7535912
-1.336763,3.314331,-0.787724
-1.387854,3.314331,-0.787724
-1.421986,3.314331,-0.7535912
-1.30263,3.314331,-0.7025006
-1.421986,3.314331,-0.7025006
-1.336763,3.314331,-0.6683679
-1.387854,3.314331,-0.6683679
-1.30263,1.173536,0.3057245
-1.30263,1.173536,0.2546339
-1.30263,3.314331,-0.7535912
-1.30263,3.314331,-0.7025006
-1.336763,1.173536,0.2205017
-1.387854,1.173536,0.2205017
-1.387854,3.314331,-0.787724
-1.336763,3.314331,-0.787724
-1.336763,1.173536,0.3398567
-1.30263,1.173536,0.3057245
-1.30263,3.314331,-0.7025006
-1.336763,3.314331,-0.6683679
-1.336763,3.314331,-0.787724
-1.30263,3.314331,-0.7535912
-1.30263,1.173536,0.2546339
-1.336763,1.173536,0.2205017
-1.421986,3.314331,-0.7535912
-1.387854,3.314331,-0.787724
-1.387854,1.173536,0.2205017
-1.421986,1.173536,0.2546339
-1.387854,3.314331,-0.6683679
-1.421986,3.314331,-0.7025006
-1.421986,1.173536,0.3057245
-1.387854,1.173536,0.3398567
-1.421986,1.173536,0.2546339
-1.387854,1.173536,0.2205017
-1.336763,1.173536,0.2205017
-1.30263,1.173536,0.2546339
-1.421986,1.173536,0.3057245
-1.30263,1.173536,0.3057245
-1.387854,1.173536,0.3398567
-1.336763,1.173536,0.3398567
-3.18026,1.173536,0.3398602
-3.129169,1.173536,0.3398602
-3.129169,3.314331,-0.668364
-3.18026,3.314331,-0.668364
-3.214394,1.173536,0.2546369
-3.214394,1.173536,0.3057281
-3.214394,3.314331,-0.7024968
-3.214394,3.314331,-0.7535875
-3.095036,3.314331,-0.7535875
-3.129169,3.314331,-0.7877203
-3.18026,3.314331,-0.7877203
-3.214394,3.314331,-0.7535875
-3.095036,3.314331,-0.7024968
-3.214394,3.314331,-0.7024968
-3.129169,3.314331,-0.668364
-3.18026,3.314331,-0.668364
-3.095036,1.173536,0.3057281
-3.095036,1.173536,0.2546369
-3.095036,3.314331,-0.7535875
-3.095036,3.314331,-0.7024968
-3.129169,1.173536,0.2205048
-3.18026,1.173536,0.2205048
-3.18026,3.314331,-0.7877203
-3.129169,3.314331,-0.7877203
-3.129169,1.173536,0.3398602
-3.095036,1.173536,0.3057281
-3.095036,3.314331,-0.7024968
-3.129169,3.314331,-0.668364
-3.129169,3.314331,-0.7877203
-3.095036,3.314331,-0.7535875
-3.095036,1.173536,0.2546369
-3.129169,1.173536,0.2205048
-3.214394,3.314331,-0.7535875
-3.18026,3.314331,-0.7877203
-3.18026,1.173536,0.2205048
-3.214394,1.173536,0.2546369
-3.18026,3.314331,-0.668364
-3.214394,3.314331,-0.7024968
-3.214394,1.173536,0.3057281
-3.18026,1.173536,0.3398602
-3.214394,1.173536,0.2546369
-3.18026,1.173536,0.2205048
-3.129169,1.173536,0.2205048
-3.095036,1.173536,0.2546369
-3.214394,1.173536,0.3057281
-3.095036,1.173536,0.3057281
-3.18026,1.173536,0.3398602
-3.129169,1.173536,0.3398602
-1.336763,1.173535,-1.809619
-1.387854,1.173535,-1.809619
-1.387854,3.314331,-1.032194
-1.336763,3.314331,-1.032194
-1.30263,1.173535,-1.724395
-1.30263,1.173535,-1.775486
-1.30263,3.314331,-0.9980618
-1.30263,3.314331,-0.946971
-1.30263,3.314331,-0.9980618
-1.336763,3.314331,-1.032194
-1.387854,3.314331,-1.032194
-1.421986,3.314331,-0.9980618
-1.30263,3.314331,-0.946971
-1.421986,3.314331,-0.946971
-1.336763,3.314331,-0.9128383
-1.387854,3.314331,-0.9128383
-1.421986,1.173535,-1.775486
-1.421986,1.173535,-1.724395
-1.421986,3.314331,-0.946971
-1.421986,3.314331,-0.9980618
-1.387854,1.173535,-1.690263
-1.336763,1.173535,-1.690263
-1.336763,3.314331,-0.9128383
-1.387854,3.314331,-0.9128383
-1.387854,1.173535,-1.809619
-1.421986,1.173535,-1.775486
-1.421986,3.314331,-0.9980618
-1.387854,3.314331,-1.032194
-1.387854,3.314331,-0.9128383
-1.421986,3.314331,-0.946971
-1.421986,1.173535,-1.724395
-1.387854,1.173535,-1.690263
-1.30263,3.314331,-0.946971
-1.336763,3.314331,-0.9128383
-1.336763,1.173535,-1.690263
-1.30263,1.173535,-1.724395
-1.336763,3.314331,-1.032194
-1.30263,3.314331,-0.9980618
-1.30263,1.173535,-1.775486
-1.336763,1.173535,-1.809619
-1.421986,1.173535,-1.775486
-1.387854,1.173535,-1.809619
-1.336763,1.173535,-1.809619
-1.30263,1.173535,-1.775486
-1.421986,1.173535,-1.724395
-1.30263,1.173535,-1.724395
-1.387854,1.173535,-1.690263
-1.336763,1.173535,-1.690263
-3.129169,1.173535,-1.87797
-3.18026,1.173535,-1.87797
-3.18026,3.314331,-1.032194
-3.12917,3.314331,-1.032194
-3.095036,1.173535,-1.792746
-3.095036,1.173535,-1.843837
-3.095037,3.314331,-0.9980618
-3.095037,3.314331,-0.946971
-3.095037,3.314331,-0.9980618
-3.12917,3.314331,-1.032194
-3.18026,3.314331,-1.032194
-3.214394,3.314331,-0.9980618
-3.095037,3.314331,-0.946971
-3.214394,3.314331,-0.946971
-3.12917,3.314331,-0.9128383
-3.18026,3.314331,-0.9128383
-3.214394,1.173535,-1.843837
-3.214394,1.173535,-1.792746
-3.214394,3.314331,-0.946971
-3.214394,3.314331,-0.9980618
-3.18026,1.173535,-1.758614
-3.129169,1.173535,-1.758614
-3.12917,3.314331,-0.9128383
-3.18026,3.314331,-0.9128383
-3.18026,1.173535,-1.87797
-3.214394,1.173535,-1.843837
-3.214394,3.314331,-0.9980618
-3.18026,3.314331,-1.032194
-3.18026,3.314331,-0.9128383
-3.214394,3.314331,-0.946971
-3.214394,1.173535,-1.792746
-3.18026,1.173535,-1.758614
-3.095037,3.314331,-0.946971
-3.12917,3.314331,-0.9128383
-3.129169,1.173535,-1.758614
-3.095036,1.173535,-1.792746
-3.12917,3.314331,-1.032194
-3.095037,3.314331,-0.9980618
-3.095036,1.173535,-1.843837
-3.129169,1.173535,-1.87797
-3.214394,1.173535,-1.843837
-3.18026,1.173535,-1.87797
-3.129169,1.173535,-1.87797
-3.095036,1.173535,-1.843837
-3.214394,1.173535,-1.792746
-3.095036,1.173535,-1.792746
-3.18026,1.173535,-1.758614
-3.129169,1.173535,-1.758614
1.396872,1.173535,0.3398567
1.396872,3.314331,-0.6683676
1.345781,3.314331,-0.6683676
1.345781,1.173535,0.3398567
1.431004,1.173535,0.2546332
1.431004,3.314331,-0.7535912
1.431004,3.314331,-0.7025004
1.431004,1.173535,0.3057245
1.431004,3.314331,-0.7535912
1.396872,3.314331,-0.787724
1.345781,3.314331,-0.787724
1.311649,3.314331,-0.7535912
1.431004,3.314331,-0.7025004
1.311649,3.314331,-0.7025004
1.396872,3.314331,-0.6683676
1.345781,3.314331,-0.6683676
1.311649,1.173535,0.3057245
1.311649,3.314331,-0.7025004
1.311649,3.314331,-0.7535912
1.311649,1.173535,0.2546332
1.345781,1.173535,0.220501
1.345781,3.314331,-0.787724
1.396872,3.314331,-0.787724
1.396872,1.173535,0.220501
1.345781,1.173535,0.3398567
1.345781,3.314331,-0.6683676
1.311649,3.314331,-0.7025004
1.311649,1.173535,0.3057245
1.345781,3.314331,-0.787724
1.345781,1.173535,0.220501
1.311649,1.173535,0.2546332
1.311649,3.314331,-0.7535912
1.431004,3.314331,-0.7535912
1.431004,1.173535,0.2546332
1.396872,1.173535,0.220501
1.396872,3.314331,-0.787724
1.396872,3.314331,-0.6683676
1.396872,1.173535,0.3398567
1.431004,1.173535,0.3057245
1.431004,3.314331,-0.7025004
1.311649,1.173535,0.2546332
1.345781,1.173535,0.220501
1.396872,1.173535,0.220501
1.431004,1.173535,0.2546332
1.311649,1.173535,0.3057245
1.431004,1.173535,0.3057245
1.345781,1.173535,0.3398567
1.396872,1.173535,0.3398567
3.18928,1.173535,0.3398602
3.18928,3.314331,-0.668364
3.138189,3.314331,-0.668364
3.138189,1.173535,0.3398602
3.223412,1.173535,0.2546369
3.223412,3.314331,-0.7535875
3.223412,3.314331,-0.7024968
3.223412,1.173535,0.3057281
3.223412,3.314331,-0.7535875
3.18928,3.314331,-0.7877203
3.138189,3.314331,-0.7877203
3.104056,3.314331,-0.7535875
3.223412,3.314331,-0.7024968
3.104056,3.314331,-0.7024968
3.18928,3.314331,-0.668364
3.138189,3.314331,-0.668364
3.104056,1.173535,0.3057281
3.104056,3.314331,-0.7024968
3.104056,3.314331,-0.7535875
3.104056,1.173535,0.2546369
3.138189,1.173535,0.2205048
3.138189,3.314331,-0.7877203
3.18928,3.314331,-0.7877203
3.18928,1.173535,0.2205048
3.138189,1.173535,0.3398602
3.138189,3.314331,-0.668364
3.104056,3.314331,-0.7024968
3.104056,1.173535,0.3057281
3.138189,3.314331,-0.7877203
3.138189,1.173535,0.2205048
3.104056,1.173535,0.2546369
3.104056,3.314331,-0.7535875
3.223412,3.314331,-0.7535875
3.223412,1.173535,0.2546369
3.18928,1.173535,0.2205048
3.18928,3.314331,-0.7877203
3.18928,3.314331,-0.668364
3.18928,1.173535,0.3398602
3.223412,1.173535,0.3057281
3.223412,3.314331,-0.7024968
3.104056,1.173535,0.2546369
3.138189,1.173535,0.2205048
3.18928,1.173535,0.2205048
3.223412,1.173535,0.2546369
3.104056,1.173535,0.3057281
3.223412,1.173535,0.3057281
3.138189,1.173535,0.3398602
3.18928,1.173535,0.3398602
1.345781,1.173535,-1.809618
1.345782,3.314331,-1.032194
1.396872,3.314331,-1.032194
1.396872,1.173535,-1.809618
1.311649,1.173535,-1.724394
1.311649,3.314331,-0.946971
1.311649,3.314331,-0.9980618
1.311649,1.173535,-1.775485
1.431005,3.314331,-0.9980618
1.396872,3.314331,-1.032194
1.345782,3.314331,-1.032194
1.311649,3.314331,-0.9980618
1.431005,3.314331,-0.946971
1.311649,3.314331,-0.946971
1.396872,3.314331,-0.9128383
1.345782,3.314331,-0.9128383
1.431004,1.173535,-1.775485
1.431005,3.314331,-0.9980618
1.431005,3.314331,-0.946971
1.431004,1.173535,-1.724394
1.396872,1.173535,-1.690262
1.396872,3.314331,-0.9128383
1.345782,3.314331,-0.9128383
1.345781,1.173535,-1.690262
1.396872,1.173535,-1.809618
1.396872,3.314331,-1.032194
1.431005,3.314331,-0.9980618
1.431004,1.173535,-1.775485
1.396872,3.314331,-0.9128383
1.396872,1.173535,-1.690262
1.431004,1.173535,-1.724394
1.431005,3.314331,-0.946971
1.311649,3.314331,-0.946971
1.311649,1.173535,-1.724394
1.345781,1.173535,-1.690262
1.345782,3.314331,-0.9128383
1.345782,3.314331,-1.032194
1.345781,1.173535,-1.809618
1.311649,1.173535,-1.775485
1.311649,3.314331,-0.9980618
1.311649,1.173535,-1.775485
1.345781,1.173535,-1.809618
1.396872,1.173535,-1.809618
1.431004,1.173535,-1.775485
1.311649,1.173535,-1.724394
1.431004,1.173535,-1.724394
1.345781,1.173535,-1.690262
1.396872,1.173535,-1.690262
3.138188,1.173535,-1.87797
3.138188,3.314331,-1.032194
3.189279,3.314331,-1.032194
3.189279,1.173535,-1.87797
3.104055,1.173535,-1.792746
3.104056,3.314331,-0.946971
3.104056,3.314331,-0.9980618
3.104055,1.173535,-1.843837
3.223412,3.314331,-0.9980618
3.189279,3.314331,-1.032194
3.138188,3.314331,-1.032194
3.104056,3.314331,-0.9980618
3.223412,3.314331,-0.946971
3.104056,3.314331,-0.946971
3.189279,3.314331,-0.9128383
3.138188,3.314331,-0.9128383
3.223411,1.173535,-1.843837
3.223412,3.314331,-0.9980618
3.223412,3.314331,-0.946971
3.223411,1.173535,-1.792746
3.189279,1.173535,-1.758614
3.189279,3.314331,-0.9128383
3.138188,3.314331,-0.9128383
3.138188,1.173535,-1.758614
3.189279,1.173535,-1.87797
3.189279,3.314331,-1.032194
3.223412,3.314331,-0.9980618
3.223411,1.173535,-1.843837
3.189279,3.314331,-0.9128383
3.189279,1.173535,-1.758614
3.223411,1.173535,-1.792746
3.223412,3.314331,-0.946971
3.104056,3.314331,-0.946971
3.104055,1.173535,-1.792746
3.138188,1.173535,-1.758614
3.138188,3.314331,-0.9128383
3.138188,3.314331,-1.032194
3.138188,1.173535,-1.87797
3.104055,1.173535,-1.843837
3.104056,3.314331,-0.9980618
3.104055,1.173535,-1.843837
3.138188,1.173535,-1.87797
3.189279,1.173535,-1.87797
3.223411,1.173535,-1.843837
3.104055,1.173535,-1.792746
3.223411,1.173535,-1.792746
3.138188,1.173535,-1.758614
3.189279,1.173535,-1.758614
-0.0007504604,3.120292,-5.425494
-0.01501634,3.120292,-5.425494
-0.14309,2.450886,-3.021456
-0.1123129,2.450886,-3.021456
0.008780283,3.097586,-5.432612
0.008780283,3.111198,-5.428345
-0.09175147,2.431266,-3.027607
-0.09175147,2.401898,-3.036815
-0.14309,2.450886,-3.021456
-0.1636516,2.431266,-3.027607
-0.1636516,2.401898,-3.036815
-0.1430901,2.382278,-3.042967
-0.112313,2.382278,-3.042967
-0.1123129,2.450886,-3.021456
-0.09175147,2.401898,-3.036815
-0.09175147,2.431266,-3.027607
-0.02454709,3.111198,-5.428345
-0.02454709,3.097586,-5.432612
-0.1636516,2.401898,-3.036815
-0.1636516,2.431266,-3.027607
-0.01501634,3.088492,-5.435463
-0.0007504604,3.088492,-5.435463
-0.112313,2.382278,-3.042967
-0.1430901,2.382278,-3.042967
-0.01501634,3.120292,-5.425494
-0.02454709,3.111198,-5.428345
-0.1636516,2.431266,-3.027607
-0.14309,2.450886,-3.021456
-0.1430901,2.382278,-3.042967
-0.1636516,2.401898,-3.036815
-0.02454709,3.097586,-5.432612
-0.01501634,3.088492,-5.435463
-0.09175147,2.401898,-3.036815
-0.112313,2.382278,-3.042967
-0.0007504604,3.088492,-5.435463
0.008780283,3.097586,-5.432612
-0.1123129,2.450886,-3.021456
-0.09175147,2.431266,-3.027607
0.008780283,3.111198,-5.428345
-0.0007504604,3.120292,-5.425494
-0.01501634,3.088492,-5.435463
-0.02454709,3.097586,-5.432612
-0.02454709,3.111198,-5.428345
-0.01501634,3.120292,-5.425494
-0.0007504604,3.088492,-5.435463
-0.0007504604,3.120292,-5.425494
0.008780283,3.097586,-5.432612
0.008780283,3.111198,-5.428345
0.009754881,3.120292,-5.425494
0.1213558,2.450886,-3.021456
0.1521329,2.450886,-3.021456
0.02402079,3.120292,-5.425494
0.0002241629,3.097586,-5.432612
0.1007943,2.401898,-3.036815
0.1007943,2.431266,-3.027607
0.0002241629,3.111198,-5.428345
0.1213558,2.450886,-3.021456
0.1007943,2.431266,-3.027607
0.1007943,2.401898,-3.036815
0.1213558,2.382278,-3.042967
0.1521329,2.450886,-3.021456
0.1521329,2.382278,-3.042967
0.1726944,2.431266,-3.027607
0.1726944,2.401898,-3.036815
0.03355153,3.111198,-5.428345
0.1726944,2.431266,-3.027607
0.1726944,2.401898,-3.036815
0.03355153,3.097586,-5.432612
0.02402079,3.088492,-5.435463
0.1521329,2.382278,-3.042967
0.1213558,2.382278,-3.042967
0.009754881,3.088492,-5.435463
0.02402079,3.120292,-5.425494
0.1521329,2.450886,-3.021456
0.1726944,2.431266,-3.027607
0.03355153,3.111198,-5.428345
0.1521329,2.382278,-3.042967
0.02402079,3.088492,-5.435463
0.03355153,3.097586,-5.432612
0.1726944,2.401898,-3.036815
0.1007943,2.401898,-3.036815
0.0002241629,3.097586,-5.432612
0.009754881,3.088492,-5.435463
0.1213558,2.382278,-3.042967
0.1213558,2.450886,-3.021456
0.009754881,3.120292,-5.425494
0.0002241629,3.111198,-5.428345
0.1007943,2.431266,-3.027607
0.009754881,3.088492,-5.435463
0.0002241629,3.097586,-5.432612
0.0002241629,3.111198,-5.428345
0.009754881,3.120292,-5.425494
0.02402079,3.088492,-5.435463
0.02402079,3.120292,-5.425494
0.03355153,3.097586,-5.432612
0.03355153,3.111198,-5.428345
1.215495,2.045389,-5.933814
0.22119,2.006362,-6.1273
0.3363773,2.054075,-5.589568
1.391149,2.051531,-5.835022
1.497015,2.054075,-5.657419
1.505512,2.054075,-5.576831
0.43069,2.09314,-4.921543
1.478544,2.054075,-5.420283
1.371919,2.05654,-5.238477
1.228307,2.062493,-5.129682
-0.3275138,2.054075,-5.589568
-0.2123267,2.006362,-6.1273
-1.206631,2.045389,-5.933814
-1.382285,2.051531,-5.835022
-1.488152,2.054075,-5.657419
-1.496649,2.054075,-5.576831
-0.4218267,2.09314,-4.921543
-1.46968,2.054075,-5.420283
-1.363056,2.05654,-5.238477
-1.219444,2.062493,-5.129682
0.2660155,2.526512,-1.091578
0.34654,2.472708,-1.091578
0.34654,2.494294,-1.041653
0.2660155,2.548099,-1.041653
0.004431693,2.578545,-1.091578
0.004431693,2.600131,-1.041653
-0.2571521,2.526512,-1.091578
-0.2571521,2.548099,-1.041653
-0.3606868,2.457333,-1.091578
-0.3606868,2.47892,-1.041652
0.2660155,2.674287,-1.091578
0.34654,2.629516,-1.041649
0.34654,2.629516,-1.091578
0.2660155,2.674287,-1.041649
0.004431693,2.715108,-1.091578
0.004431693,2.715108,-1.041649
-0.2571521,2.674287,-1.091578
-0.2571521,2.674287,-1.041649
-0.3606868,2.614971,-1.091578
-0.3606868,2.614971,-1.041649
0.34654,2.494294,-1.041653
0.34654,2.629516,-1.041649
0.2660155,2.674287,-1.041649
0.2660155,2.548099,-1.041653
0.004431693,2.715108,-1.041649
0.004431693,2.600131,-1.041653
-0.2571521,2.674287,-1.041649
-0.2571521,2.548099,-1.041653
-0.3606868,2.614971,-1.041649
-0.3606868,2.47892,-1.041652
-0.3606868,2.47892,-1.041652
-0.3606868,2.614971,-1.041649
-0.3606868,2.614971,-1.091578
-0.3606868,2.457333,-1.091578
-0.3606868,2.457333,-1.091578
-0.3606868,2.614971,-1.091578
-0.2571521,2.674287,-1.091578
-0.2571521,2.526512,-1.091578
0.004431693,2.715108,-1.091578
0.004431693,2.578545,-1.091578
0.2660155,2.674287,-1.091578
0.2660155,2.526512,-1.091578
0.34654,2.629516,-1.091578
0.34654,2.472708,-1.091578
0.34654,2.472708,-1.091578
0.34654,2.629516,-1.091578
0.34654,2.629516,-1.041649
0.34654,2.494294,-1.041653
0.265789,2.578763,0.1256587
0.34654,2.53042,0.1256587
0.34654,2.530421,0.1755872
0.2660155,2.576394,0.1755872
0.004431693,2.630758,0.1256586
0.004431693,2.630758,0.1755872
-0.2688722,2.576394,0.1256587
-0.2571521,2.576394,0.1755872
-0.3606868,2.515045,0.1256587
-0.3606868,2.515046,0.1755872
0.004431693,2.928298,0.1256572
0.004431693,2.928298,0.1755872
0.2660155,2.837336,0.1755872
0.2660155,2.837336,0.1256572
0.34654,2.770284,0.1755872
0.34654,2.770298,0.1256572
-0.3606868,2.754848,0.1256572
-0.3606868,2.754848,0.1755872
-0.2571521,2.843227,0.1755872
-0.2571521,2.843227,0.1256572
0.004431693,2.928298,0.1755872
0.004431693,2.928298,0.1256572
-0.2779028,2.600244,0.1256584
-0.340034,2.558729,0.1256584
-0.340034,2.71706,0.1256573
-0.2457842,2.797513,0.1256573
0.00443198,2.656404,0.1256584
0.004181472,2.878805,0.1256573
0.2545988,2.791727,0.1256573
0.2742713,2.602722,0.1256584
0.3258872,2.732377,0.1256573
0.3258872,2.571821,0.1256584
-0.3606868,2.515046,0.1755872
-0.3606868,2.754848,0.1755872
-0.3606868,2.754848,0.1256572
-0.3606868,2.515045,0.1256587
-0.2457842,2.797513,0.1755872
-0.340034,2.71706,0.1755872
-0.340034,2.556248,0.1755872
-0.2656701,2.600311,0.1755872
0.004431693,2.656446,0.1755872
0.004181472,2.878805,0.1755872
0.2545978,2.791727,0.1755872
0.2743552,2.600348,0.1755872
0.3258872,2.732365,0.1755872
0.3258872,2.570928,0.1755872
0.34654,2.53042,0.1256587
0.34654,2.770298,0.1256572
0.34654,2.770284,0.1755872
0.34654,2.530421,0.1755872
0.08874775,0.6922749,-2.958454
0.0840845,1.453304,-2.77957
0.0840845,1.453304,-2.615491
0.08874775,0.6922748,-3.181756
0.1753466,0.3224119,-3.50052
0.1753466,0.322412,-3.039224
0.01370937,0.6922748,-3.230981
-0.07999473,1.453304,-2.77957
0.002044924,1.453304,-2.820475
-0.09475511,0.6922748,-3.181756
-0.1791683,0.3224119,-3.50052
0.01480212,0.3224119,-3.551726
-0.09475511,0.6922748,-3.181756
-0.07999473,1.453304,-2.615491
-0.07999473,1.453304,-2.77957
-0.09475511,0.6922749,-2.958454
-0.1791683,0.322412,-3.039224
-0.1791683,0.3224119,-3.50052
0.01370937,0.6922749,-2.907516
0.0840845,1.453304,-2.615491
0.002044924,1.453304,-2.573163
0.08874775,0.6922749,-2.958454
0.1753466,0.322412,-3.039224
0.01480212,0.322412,-2.892589
0.0840845,1.453304,-2.77957
0.002044924,1.453304,-2.820475
-0.07999473,1.453304,-2.77957
0.0840845,1.453304,-2.615491
-0.07999473,1.453304,-2.615491
0.002044924,1.453304,-2.573163
-0.1791683,0.3224119,-3.50052
0.01480212,0.3224119,-3.551726
0.1753466,0.3224119,-3.50052
-0.1791683,0.322412,-3.039224
0.1753466,0.322412,-3.039224
0.01480212,0.322412,-2.892589
-0.09475511,0.6922749,-2.958454
0.002044924,1.453304,-2.573163
-0.07999473,1.453304,-2.615491
0.01370937,0.6922749,-2.907516
0.01480212,0.322412,-2.892589
-0.1791683,0.322412,-3.039224
0.08874775,0.6922748,-3.181756
0.002044924,1.453304,-2.820475
0.0840845,1.453304,-2.77957
0.01370937,0.6922748,-3.230981
0.01480212,0.3224119,-3.551726
0.1753466,0.3224119,-3.50052
4.475148,3.511425,-1.612987
3.675574,3.511425,-1.877966
1.840045,3.511425,-1.877966
0.004516258,3.511425,-1.610318
4.689229,3.511425,-0.9732735
-4.680197,3.511425,-0.9732735
4.689229,3.511425,-0.5648327
-4.466115,3.511425,-1.612987
-3.666542,3.511425,-1.877966
-1.831013,3.511425,-1.877966
-4.680197,3.511425,-0.5648327
4.475148,3.511425,0.07488096
-4.466115,3.511425,0.07488096
3.675574,3.511425,0.3398592
-3.666542,3.511425,0.3398592
0.3105299,2.655571,0.5700313
0.00442994,2.716458,0.5700313
0.004439285,2.794401,1.768481
0.3403668,2.727582,1.768481
0.5700295,2.482179,0.5700313
0.625153,2.537293,1.768481
0.7434216,2.222679,0.5700314
0.8154408,2.252507,1.768481
0.8043087,1.916579,0.5700314
0.8822612,1.916579,1.768481
0.7434216,1.610478,0.5700315
0.8154408,1.580651,1.768481
0.5700295,1.350978,0.5700315
0.625153,1.295865,1.768481
0.3105299,1.177586,0.5700315
0.3403668,1.105577,1.768481
0.00442994,1.116699,0.5700315
0.3105299,1.177586,0.5700315
0.3403668,1.105577,1.768481
0.004439285,1.038756,1.768481
-0.3314883,1.105577,1.768481
-0.30167,1.177586,0.5700315
-0.6162744,1.295865,1.768481
-0.5611696,1.350978,0.5700315
-0.8065624,1.580651,1.768481
-0.7345617,1.610478,0.5700315
-0.8733827,1.916579,1.768481
-0.7954488,1.916579,0.5700314
-0.8065624,2.252507,1.768481
-0.7345617,2.222679,0.5700314
-0.8065624,2.252507,1.768481
-0.6162744,2.537293,1.768481
-0.5611696,2.482179,0.5700313
-0.3314883,2.727582,1.768481
-0.30167,2.655571,0.5700313
-0.3314883,2.727582,1.768481
0.004439285,2.794401,1.768481
0.00442994,2.716458,0.5700313
-0.2045002,2.123027,-0.5223642
0.1903425,2.123027,-0.8414626
0.1903425,2.123027,-0.5223642
-0.2045002,2.123027,-0.8414626
0.1903425,2.123027,-0.9015419
-0.2045002,2.123027,-0.9015419
0.1903425,2.123027,-1.011931
-0.2045002,2.123027,-1.011931
0.1903425,2.347149,-0.8715022
0.1903425,2.72105,-0.8715022
-0.2045002,2.72105,-0.8715022
-0.2045002,2.347149,-0.8715022
-0.2045002,2.347149,-1.041971
-0.2045002,2.72105,-1.041971
0.1903425,2.72105,-1.041971
0.1903425,2.347149,-1.041971
-0.2045002,2.279566,-1.041971
0.1903425,2.279566,-1.041971
-0.2045002,2.156819,-1.041971
0.1903425,2.156819,-1.041971
-0.2345398,2.156819,-0.9015419
-0.2345398,2.279566,-1.011931
-0.2345398,2.156819,-1.011931
-0.2345398,2.279566,-0.9015419
-0.2345398,2.347149,-1.011931
-0.2345398,2.347149,-0.9015419
-0.2345398,2.72105,-1.011931
-0.2345398,2.72105,-0.9015419
-0.2345398,2.279566,-0.8414626
-0.2345398,2.156819,-0.8414626
-0.2345398,2.156819,-0.5223642
-0.2345398,2.279566,-0.5223641
0.2203822,2.156819,-0.8414626
0.2203822,2.279566,-0.5223641
0.2203822,2.156819,-0.5223642
0.2203822,2.279566,-0.8414625
0.2203822,2.156819,-0.8414626
0.2203822,2.279566,-0.9015418
0.2203822,2.156819,-0.9015419
0.2203822,2.156819,-1.011931
0.2203822,2.279566,-1.011931
0.2203822,2.347149,-0.9015418
0.2203822,2.279566,-0.9015418
0.2203822,2.347149,-1.011931
0.2203822,2.347149,-1.011931
0.2203822,2.72105,-1.011931
0.2203822,2.72105,-0.9015418
0.2203822,2.347149,-0.9015418
0.1903425,2.156819,-0.4923245
0.1903425,2.279566,-0.4923244
-0.2045002,2.279566,-0.4923244
-0.2045002,2.156819,-0.4923245
-0.2045002,2.754841,-0.9015419
0.1903425,2.754841,-0.9015418
0.1903425,2.754841,-1.011931
-0.2045002,2.754841,-1.011931
-0.2045002,2.313358,-0.5223641
0.1903425,2.313358,-0.5223641
0.1903425,2.313358,-0.8414625
-0.2045002,2.313358,-0.8414626
-0.2045002,2.347149,-1.041971
-0.2045002,2.279566,-1.041971
-0.2345398,2.279566,-1.011931
-0.2345398,2.347149,-1.011931
-0.2045002,2.123027,-0.8414626
-0.2345398,2.156819,-0.8414626
-0.2345398,2.156819,-0.9015419
-0.2045002,2.123027,-0.9015419
-0.2345398,2.156819,-1.011931
-0.2045002,2.123027,-1.011931
-0.2345398,2.156819,-0.8414626
-0.2045002,2.123027,-0.5223642
-0.2345398,2.156819,-0.5223642
0.1903425,2.123027,-0.9015419
0.2203822,2.156819,-0.9015419
0.2203822,2.156819,-0.8414626
0.1903425,2.123027,-0.8414626
-0.2345398,2.347149,-0.9015419
-0.2345398,2.279566,-0.9015419
-0.2345398,2.279566,-0.8414626
-0.2045002,2.313358,-0.8414626
-0.2045002,2.347149,-0.8715022
0.1903425,2.313358,-0.8414625
0.2203822,2.279566,-0.8414625
0.2203822,2.279566,-0.9015418
0.2203822,2.347149,-0.9015418
0.1903425,2.347149,-0.8715022
-0.2045002,2.156819,-0.4923245
-0.2045002,2.123027,-0.5223642
0.1903425,2.123027,-0.5223642
0.1903425,2.156819,-0.4923245
0.2203822,2.156819,-0.9015419
0.1903425,2.123027,-0.9015419
0.1903425,2.123027,-1.011931
0.2203822,2.156819,-1.011931
0.1903425,2.156819,-1.041971
0.1903425,2.123027,-1.011931
-0.2045002,2.123027,-1.011931
-0.2045002,2.156819,-1.041971
-0.2045002,2.313358,-0.8414626
-0.2345398,2.279566,-0.8414626
-0.2345398,2.279566,-0.5223641
-0.2045002,2.313358,-0.5223641
-0.2045002,2.313358,-0.5223641
-0.2045002,2.279566,-0.4923244
0.1903425,2.279566,-0.4923244
0.1903425,2.313358,-0.5223641
0.1903425,2.156819,-0.4923245
0.2203822,2.156819,-0.5223642
0.2203822,2.279566,-0.5223641
0.1903425,2.279566,-0.4923244
0.1903425,2.279566,-1.041971
0.2203822,2.156819,-1.011931
0.1903425,2.156819,-1.041971
0.2203822,2.279566,-1.011931
0.2203822,2.347149,-1.011931
0.1903425,2.347149,-1.041971
0.1903425,2.72105,-1.041971
0.2203822,2.72105,-1.011931
-0.2045002,2.156819,-1.041971
-0.2345398,2.156819,-1.011931
-0.2345398,2.279566,-1.011931
-0.2045002,2.279566,-1.041971
-0.2045002,2.279566,-0.4923244
-0.2345398,2.279566,-0.5223641
-0.2345398,2.156819,-0.5223642
-0.2045002,2.156819,-0.4923245
0.2203822,2.156819,-0.5223642
0.1903425,2.123027,-0.5223642
0.1903425,2.123027,-0.8414626
0.2203822,2.156819,-0.8414626
0.1903425,2.313358,-0.5223641
0.2203822,2.279566,-0.5223641
0.2203822,2.279566,-0.8414625
0.1903425,2.313358,-0.8414625
-0.2045002,2.347149,-0.8715022
-0.2045002,2.313358,-0.8414626
0.1903425,2.313358,-0.8414625
0.1903425,2.347149,-0.8715022
0.1903425,2.754841,-0.9015418
0.2203822,2.72105,-0.9015418
0.2203822,2.72105,-1.011931
0.1903425,2.754841,-1.011931
0.1903425,2.754841,-1.011931
0.1903425,2.72105,-1.041971
-0.2045002,2.72105,-1.041971
-0.2045002,2.754841,-1.011931
-0.2045002,2.754841,-1.011931
-0.2345398,2.72105,-1.011931
-0.2345398,2.72105,-0.9015419
-0.2045002,2.754841,-0.9015419
-0.2045002,2.754841,-0.9015419
-0.2045002,2.72105,-0.8715022
0.1903425,2.72105,-0.8715022
0.1903425,2.754841,-0.9015418
0.1903425,2.347149,-0.8715022
0.2203822,2.347149,-0.9015418
0.2203822,2.72105,-0.9015418
0.1903425,2.72105,-0.8715022
-0.2345398,2.72105,-1.011931
-0.2045002,2.72105,-1.041971
-0.2045002,2.347149,-1.041971
-0.2345398,2.347149,-1.011931
-0.2345398,2.347149,-0.9015419
-0.2045002,2.347149,-0.8715022
-0.2045002,2.72105,-0.8715022
-0.2345398,2.72105,-0.9015419
0.8087397,1.916579,2.130366
0.9058048,1.916579,2.130443
0.8371925,2.261516,2.130443
0.8371925,1.571642,2.130444
0.7475163,2.22437,2.130366
0.7475163,1.608787,2.130367
0.6418016,2.553939,2.130443
0.6418016,1.279219,2.130444
0.5731662,2.485304,2.130366
0.5731662,1.347854,2.130367
0.3493783,1.083828,2.130444
0.3122331,1.173504,2.130367
0.3493783,2.74933,2.130443
0.3122331,2.659654,2.130366
0.004442107,2.720877,2.130366
0.004442107,2.817942,2.130443
-0.3033489,2.659654,2.130366
-0.3404943,2.74933,2.130443
-0.5642821,2.485304,2.130366
-0.6329175,2.553939,2.130443
-0.738632,2.22437,2.130366
-0.8283084,2.261516,2.130443
0.004442107,1.015216,2.130444
0.004442107,1.112281,2.130367
-0.3033489,1.173504,2.130367
-0.3404943,1.083828,2.130444
-0.5642821,1.347854,2.130367
-0.6329175,1.279219,2.130444
-0.738632,1.608787,2.130367
-0.8283084,1.571642,2.130444
-0.7998556,1.916579,2.130366
-0.8969207,1.916579,2.130443
0.3122797,2.659795,0.5693513
0.00442994,2.723608,0.565053
0.00442994,2.72103,0.5693513
-0.3034198,2.659795,0.5693513
0.3132659,2.662176,0.565053
0.5732627,2.485412,0.5693513
0.5750849,2.487234,0.565053
0.7476458,2.224429,0.5693513
0.7500268,2.225415,0.5650532
0.8088812,1.916579,0.5693513
0.8114581,1.916579,0.5650532
0.7476458,1.608728,0.5693514
0.5753779,2.487527,0.5518452
0.7504095,2.225574,0.5518453
0.3134245,2.662559,0.5518452
0.8118724,1.916579,0.5518453
0.573745,2.485894,0.547567
0.7482759,2.22469,0.5475671
0.3125407,2.660425,0.547567
0.8095632,1.916579,0.5475671
0.00442994,2.721713,0.547567
0.7504095,1.607583,0.5518454
0.7482759,1.608467,0.5475672
0.00442994,2.724022,0.5518452
-0.3045647,2.662559,0.5518452
-0.3036809,2.660425,0.547567
-0.5648851,2.485894,0.547567
0.7500268,1.607742,0.5650532
0.5753779,1.34563,0.5518454
0.573745,1.347263,0.5475672
0.5750849,1.345923,0.5650532
0.5732627,1.347745,0.5693515
0.3122797,1.173362,0.5693515
0.3134245,1.170599,0.5518454
0.3125407,1.172732,0.5475672
0.00442994,1.109136,0.5518454
0.00442994,1.111445,0.5475672
-0.3036809,1.172732,0.5475672
0.3132659,1.170981,0.5650533
0.00442994,1.112127,0.5693515
0.00442994,1.10955,0.5650533
-0.3044059,1.170981,0.5650533
-0.3034198,1.173362,0.5693515
-0.5644028,1.347745,0.5693515
-0.3045647,1.170599,0.5518454
-0.5662249,1.345923,0.5650532
-0.5665181,1.34563,0.5518454
-0.5648851,1.347263,0.5475672
-0.7394162,1.608467,0.5475672
-0.7411667,1.607742,0.5650532
-0.7387859,1.608728,0.5693514
-0.8000214,1.916579,0.5693513
-0.7415498,1.607583,0.5518454
-0.802598,1.916579,0.5650532
-0.8030126,1.916579,0.5518453
-0.8007033,1.916579,0.5475671
-0.7394162,2.22469,0.5475671
-0.7411667,2.225415,0.5650532
-0.7387859,2.224429,0.5693513
-0.5644028,2.485412,0.5693513
-0.7415498,2.225574,0.5518453
-0.5662249,2.487234,0.565053
-0.5665181,2.487527,0.5518452
-0.3044059,2.662176,0.565053
0.00442994,2.719293,0.5469124
0.00442994,2.706175,0.5469537
-0.2977348,2.64607,0.5469537
0.3065947,2.64607,0.5469537
-0.3027547,2.658189,0.5469124
-0.5538981,2.474907,0.5469537
0.3116145,2.658189,0.5469124
0.5627581,2.474907,0.5469537
0.00442994,2.721713,0.547567
-0.3036809,2.660425,0.547567
0.3125407,2.660425,0.547567
-0.5631737,2.484183,0.5469124
-0.7250609,2.218744,0.5469538
-0.5648851,2.485894,0.547567
0.5720336,2.484183,0.5469124
0.7339209,2.218744,0.5469538
0.573745,2.485894,0.547567
-0.7371802,2.223764,0.5469125
-0.7394162,2.22469,0.5475671
-0.7851654,1.916579,0.5469538
0.7460399,2.223764,0.5469125
0.7482759,2.22469,0.5475671
0.7940254,1.916579,0.5469538
-0.7982829,1.916579,0.5469125
-0.8007033,1.916579,0.5475671
0.8071429,1.916579,0.5469125
0.8095632,1.916579,0.5475671
-0.7371802,1.609393,0.5469126
-0.7250609,1.614413,0.5469539
-0.7394162,1.608467,0.5475672
0.7460399,1.609393,0.5469126
0.7339209,1.614413,0.5469539
0.7482759,1.608467,0.5475672
-0.5631737,1.348974,0.5469126
-0.5538981,1.35825,0.5469539
-0.5648851,1.347263,0.5475672
0.5720336,1.348974,0.5469126
0.5627581,1.35825,0.5469539
0.573745,1.347263,0.5475672
-0.3027547,1.174968,0.5469126
-0.2977348,1.187087,0.5469539
-0.3036809,1.172732,0.5475672
0.3116145,1.174968,0.5469126
0.3065947,1.187087,0.5469539
0.3125407,1.172732,0.5475672
0.00442994,1.126983,0.5469539
0.00442994,1.113865,0.5469126
0.00442994,1.111445,0.5475672
-0.3033489,2.659654,2.130366
0.004442107,2.720129,2.038409
0.004442107,2.720877,2.130366
0.3122331,2.659654,2.130366
-0.3030626,2.658962,2.038409
0.3119467,2.658962,2.038409
-0.5642821,2.485304,2.130366
0.5731662,2.485304,2.130366
-0.5637528,2.484775,2.038409
0.572637,2.484775,2.038409
-0.738632,2.22437,2.130366
0.7475163,2.22437,2.130366
-0.7379404,2.224084,2.038409
0.7468246,2.224084,2.038409
-0.7998556,1.916579,2.130366
0.8087397,1.916579,2.130366
-0.7991072,1.916579,2.038409
0.8079914,1.916579,2.038409
-0.738632,1.608787,2.130367
0.7475163,1.608787,2.130367
-0.7379404,1.609074,2.038409
0.7468246,1.609074,2.038409
-0.5642821,1.347854,2.130367
0.5731662,1.347854,2.130367
-0.5637528,1.348384,2.038409
0.572637,1.348384,2.038409
-0.3033489,1.173504,2.130367
0.3122331,1.173504,2.130367
-0.3030626,1.174196,2.038409
0.3119466,1.174196,2.038409
0.004442107,1.112281,2.130367
0.004442107,1.113029,2.038409
-0.3314883,2.727582,1.768481
0.004442107,2.817942,2.130443
0.004439285,2.794401,1.768481
0.3403668,2.727582,1.768481
-0.3404943,2.74933,2.130443
0.3493783,2.74933,2.130443
-0.6162744,2.537293,1.768481
0.625153,2.537293,1.768481
-0.6329175,2.553939,2.130443
0.6418016,2.553939,2.130443
-0.8065624,2.252507,1.768481
0.8154408,2.252507,1.768481
-0.8283084,2.261516,2.130443
0.8371925,2.261516,2.130443
-0.8733827,1.916579,1.768481
0.8822612,1.916579,1.768481
-0.8969207,1.916579,2.130443
0.9058048,1.916579,2.130443
-0.8065624,1.580651,1.768481
0.8154408,1.580651,1.768481
-0.8283084,1.571642,2.130444
0.8371925,1.571642,2.130444
-0.6162744,1.295865,1.768481
0.625153,1.295865,1.768481
-0.6329175,1.279219,2.130444
0.6418016,1.279219,2.130444
-0.3314883,1.105577,1.768481
0.3403668,1.105577,1.768481
-0.3404943,1.083828,2.130444
0.3493783,1.083828,2.130444
0.004439285,1.038756,1.768481
0.004442107,1.015216,2.130444
0.004431693,2.630758,0.1256586
-0.2688722,2.576394,0.1256587
-0.2977348,2.64607,0.5469537
-0.3606868,2.515045,0.1256587
0.00442994,2.706175,0.5469537
0.265789,2.578763,0.1256587
0.3065947,2.64607,0.5469537
0.34654,2.53042,0.1256587
-0.5538981,2.474907,0.5469537
0.5627581,2.474907,0.5469537
-0.3606868,2.47892,-1.041652
-0.4171507,2.338162,-3.329294
0.34654,2.494294,-1.041653
0.2325902,2.467403,-3.329294
0.2660155,2.548099,-1.041653
-0.2571521,2.548099,-1.041653
-0.7250609,2.218744,0.5469538
0.004431693,2.600131,-1.041653
-0.2237269,2.467403,-3.329294
-0.1892667,2.384209,-4.598323
0.004431693,2.422738,-4.598323
0.1981301,2.384209,-4.598323
0.004431693,2.512787,-3.329294
0.4260141,2.338162,-3.329294
0.7339209,2.218744,0.5469538
-0.5463926,2.144738,-3.329294
-0.7851654,1.916579,0.5469538
0.5552559,2.144738,-3.329294
0.7940254,1.916579,0.5469538
-0.3534768,2.274487,-4.606909
-0.5917763,1.916579,-3.329294
-0.7250609,1.614413,0.5469539
0.3623401,2.274487,-4.606909
0.6006396,1.916579,-3.329294
0.7339209,1.614413,0.5469539
-0.4631984,2.110277,-4.628504
-0.5463926,1.688419,-3.329294
-0.5538981,1.35825,0.5469539
0.4720618,2.110277,-4.628504
0.5552559,1.688419,-3.329294
0.5627581,1.35825,0.5469539
-0.5017276,1.916578,-4.637017
-0.4171507,1.494995,-3.329294
-0.2977348,1.187087,0.5469539
0.5105909,1.916578,-4.637017
0.4260141,1.494995,-3.329294
0.3065947,1.187087,0.5469539
-0.4631984,1.722879,-4.622511
-0.2237269,1.365754,-3.329294
0.00442994,1.126983,0.5469539
0.2325902,1.365754,-3.329294
0.4720618,1.722879,-4.622511
-0.3534768,1.558669,-4.600928
0.004431693,1.32037,-3.329294
0.3623401,1.558669,-4.600928
-0.1892667,1.448948,-4.598323
0.1981301,1.448948,-4.598323
0.004431693,1.410419,-4.598323
0.004431693,1.557282,-5.578456
-0.1330644,1.584632,-5.578456
-0.2496283,1.662517,-5.579322
0.1419277,1.584632,-5.578456
0.2584917,1.662517,-5.579322
-0.3275138,1.779082,-5.587339
0.3363773,1.779082,-5.587339
-0.3548637,1.916578,-5.593382
-0.3275138,2.054075,-5.589568
-0.2089663,1.916578,-6.219409
-0.1927222,1.834914,-6.218716
-0.1464633,1.765683,-6.218558
-0.07723191,1.719424,-6.218558
-0.1927222,1.998242,-6.21882
0.004431693,1.70318,-6.218558
0.08609522,1.719424,-6.218558
0.1553266,1.765683,-6.218558
0.2015856,1.834914,-6.218716
-0.1464633,2.067473,-6.218558
0.2178296,1.916578,-6.219409
-0.2496283,2.170639,-5.581313
-0.07723191,2.113732,-6.218558
0.363727,1.916578,-5.593382
0.3363773,2.054075,-5.589568
0.2015856,1.998242,-6.21882
0.1553266,2.067473,-6.218558
0.2584917,2.170639,-5.581313
0.08609522,2.113732,-6.218558
-0.1330644,2.248524,-5.578456
0.1419277,2.248524,-5.578456
-0.05582957,2.262323,-5.576029
-0.05579267,2.143896,-6.138761
-0.05580914,2.350706,-4.937037
0.004431693,2.148151,-6.138817
0.004431693,2.129976,-6.218558
0.06465603,2.143896,-6.138761
0.06469292,2.262323,-5.576029
0.06467249,2.350706,-4.937037
0.004431693,2.371876,-4.937759
0.3113382,2.657522,0.5700236
0.3105299,2.655571,0.5700313
0.5700295,2.482179,0.5700313
0.00442994,2.716458,0.5700313
0.5715231,2.483672,0.5700236
0.7434216,2.222679,0.5700314
0.00442994,2.718571,0.5700236
-0.30167,2.655571,0.5700313
0.745373,2.223487,0.5700237
0.8043087,1.916579,0.5700314
-0.3024784,2.657522,0.5700236
-0.5611696,2.482179,0.5700313
-0.5626633,2.483672,0.5700236
-0.7345617,2.222679,0.5700314
-0.7365131,2.223487,0.5700237
-0.7954488,1.916579,0.5700314
0.5732627,2.485412,0.5693513
0.3122797,2.659795,0.5693513
0.7476458,2.224429,0.5693513
0.00442994,2.72103,0.5693513
-0.3034198,2.659795,0.5693513
-0.5644028,2.485412,0.5693513
-0.7387859,2.224429,0.5693513
0.8088812,1.916579,0.5693513
-0.8000214,1.916579,0.5693513
0.8064209,1.916579,0.5700237
0.7476458,1.608728,0.5693514
-0.7975612,1.916579,0.5700237
-0.7387859,1.608728,0.5693514
0.745373,1.60967,0.5700238
0.5732627,1.347745,0.5693515
0.7434216,1.610478,0.5700315
-0.7365131,1.60967,0.5700238
-0.5644028,1.347745,0.5693515
-0.7345617,1.610478,0.5700315
0.5715231,1.349485,0.5700238
0.3122797,1.173362,0.5693515
0.5700295,1.350978,0.5700315
-0.5626633,1.349485,0.5700238
-0.3034198,1.173362,0.5693515
-0.5611696,1.350978,0.5700315
0.3113382,1.175635,0.5700239
0.3105299,1.177586,0.5700315
0.00442994,1.112127,0.5693515
-0.3024784,1.175635,0.5700239
-0.30167,1.177586,0.5700315
0.00442994,1.114587,0.5700239
0.00442994,1.116699,0.5700315
-0.2457842,2.797513,0.1755872
-0.3606868,2.754848,0.1755872
-0.340034,2.71706,0.1755872
-0.2571521,2.843227,0.1755872
-0.3606868,2.515046,0.1755872
0.004181472,2.878805,0.1755872
-0.340034,2.556248,0.1755872
0.004431693,2.928298,0.1755872
-0.2571521,2.576394,0.1755872
0.2545978,2.791727,0.1755872
-0.2656701,2.600311,0.1755872
0.2660155,2.837336,0.1755872
0.004431693,2.630758,0.1755872
0.3258872,2.732365,0.1755872
0.004431693,2.656446,0.1755872
0.34654,2.770284,0.1755872
0.2660155,2.576394,0.1755872
0.3258872,2.570928,0.1755872
0.2743552,2.600348,0.1755872
0.34654,2.530421,0.1755872
-0.340034,2.71706,0.1256573
-0.3606868,2.754848,0.1256572
-0.2571521,2.843227,0.1256572
-0.2457842,2.797513,0.1256573
-0.340034,2.558729,0.1256584
0.004431693,2.928298,0.1256572
-0.3606868,2.515045,0.1256587
0.004181472,2.878805,0.1256573
-0.2779028,2.600244,0.1256584
0.2660155,2.837336,0.1256572
-0.2688722,2.576394,0.1256587
0.2545988,2.791727,0.1256573
0.00443198,2.656404,0.1256584
0.34654,2.770298,0.1256572
0.004431693,2.630758,0.1256586
0.3258872,2.732377,0.1256573
0.2742713,2.602722,0.1256584
0.34654,2.53042,0.1256587
0.265789,2.578763,0.1256587
0.3258872,2.571821,0.1256584
1695
0.1564342,0.5299687
0.1564341,0.5299687
0.156434,0.5299687
0.1564341,0.5299687
0.1564341,0.5299687
0.1564342,0.5299687
0.1564341,0.5299687
0.1564342,0.5299687
0.1564342,0.5299687
0.1564342,0.5299687
0.1564342,0.5299687
0.1564341,0.5299687
0.1564342,0.5299687
0.1564342,0.5299687
0.1564341,0.5299687
0.1564341,0.5299687
0.1564341,0.5299687
0.1564341,0.5299687
0.1564341,0.5299687
0.1564342,0.5299687
0.1564341,0.5299687
0.1564341,0.5299687
0.1564341,0.5299687
0.1564341,0.5299687
0.1564341,0.5299687
0.1564341,0.5299687
0.1564342,0.5299687
0.1564341,0.5299687
0.1564341,0.5299687
0.1564341,0.5299687
0.9061034,0.08787507
0.9061034,0.08787507
0.9061034,0.08787507
0.9061034,0.08787507
0.9061034,0.08787507
0.9061034,0.08787507
0.9061034,0.08787507
0.9061034,0.08787507
0.9061034,0.08787507
0.9061034,0.08787507
0.9061034,0.08787507
0.9061034,0.08787507
0.9061034,0.08787507
0.9061034,0.08787507
0.9061034,0.08787507
0.9061034,0.08787507
0.9061034,0.08787507
0.9061034,0.08787507
0.9061034,0.08787507
0.9061034,0.08787507
0.9061034,0.08787507
0.9061034,0.08787507
0.9061034,0.08787507
0.9061034,0.08787507
0.9061034,0.08787507
0.9061034,0.08787507
0.9061034,0.08787507
0.9061034,0.08787507
0.9061034,0.08787507
0.9061034,0.08787507
0.9061034,0.08787507
0.9061034,0.08787507
0.9061034,0.08787507
0.9061034,0.08787507
0.9061034,0.08787507
0.9061034,0.08787507
0.9061034,0.08787507
0.9061034,0.08787507
0.9061034,0.08787507
0.9061034,0.08787507
0.9061034,0.08787507
0.9061034,0.08787507
0.9061034,0.08787507
0.9061034,0.08787507
0.9061034,0.08787507
0.9061034,0.08787507
0.9061034,0.08787507
0.9061034,0.08787507
0.9061034,0.08787507
0.9061034,0.08787507
0.9061034,0.08787507
0.9061034,0.08787507
0.9061034,0.08787507
0.9061034,0.08787507
0.9061034,0.08787507
0.9061034,0.08787507
0.9061034,0.08787507
0.9061034,0.08787507
0.9061034,0.08787507
0.9061034,0.08787507
0.9061034,0.08787507
0.9061034,0.08787507
0.9061034,0.08787507
0.9061034,0.08787507
0.9061034,0.08787507
0.9061034,0.08787507
0.9061034,0.08787507
0.9061034,0.08787507
0.9061034,0.08787507
0.9061034,0.08787507
0.9061034,0.08787507
0.9061034,0.08787507
0.9061034,0.08787507
0.9061034,0.08787507
0.9061034,0.08787507
0.9061034,0.08787507
0.9061034,0.08787507
0.9061034,0.08787507
0.9061034,0.08787507
0.9061034,0.08787507
0.9061034,0.08787507
0.9061034,0.08787507
0.9061034,0.08787507
0.9061034,0.08787507
0.9061034,0.08787507
0.9061034,0.08787507
0.9061034,0.08787507
0.9061034,0.08787507
0.9061034,0.08787507
0.9061034,0.08787507
0.9061034,0.08787507
0.9061034,0.08787507
0.9061034,0.08787507
0.9061034,0.08787507
0.9061034,0.08787507
0.9061034,0.08787507
0.9061034,0.08787507
0.9061034,0.08787507
0.9061034,0.08787507
0.9061034,0.08787507
0.9061034,0.08787507
0.9061034,0.08787507
0.9061034,0.08787507
0.9061034,0.08787507
0.9061034,0.08787507
0.9061034,0.08787507
0.9061034,0.08787507
0.9061034,0.08787507
0.9011819,0.09279662
0.9011819,0.09279662
0.9011819,0.09279662
0.9011819,0.09279662
0.9011819,0.09279662
0.9011819,0.09279662
0.9011819,0.09279662
0.9011819,0.09279662
0.9011819,0.09279662
0.9011819,0.09279662
0.8458217,0.08498836
0.8458217,0.08498836
0.8458217,0.08498836
0.8458217,0.08498836
0.8458217,0.08498836
0.8458217,0.08498836
0.8458217,0.08498836
0.8458217,0.08498836
0.8458217,0.08498836
0.8458217,0.08498836
0.8458217,0.08498836
0.8458217,0.08498836
0.8458217,0.08498836
0.8458217,0.08498836
0.8458217,0.08498836
0.8458217,0.08498836
0.8393261,0.09047115
0.8393261,0.09047115
0.8393261,0.09047115
0.8393261,0.09047115
0.8393261,0.09047115
0.8393261,0.09047115
0.8393261,0.09047115
0.8393261,0.09047115
0.8393261,0.09047115
0.8393261,0.09047115
0.8393261,0.09047115
0.8393261,0.09047115
0.8393261,0.09047115
0.8393261,0.09047115
0.8393261,0.09047115
0.8393261,0.09047115
0.8393261,0.09047115
0.8393261,0.09047115
0.8393261,0.09047115
0.8393261,0.09047115
0.8393261,0.09047115
0.8393261,0.09047115
0.8393261,0.09047115
0.8393261,0.09047115
0.8393261,0.09047115
0.8393261,0.09047115
0.8393261,0.09047115
0.9011819,0.09279662
0.9011819,0.09279662
0.9011819,0.09279662
0.9011819,0.09279662
0.9011819,0.09279662
0.9011819,0.09279662
0.9011819,0.09279662
0.9011819,0.09279662
0.9011819,0.09279662
0.9011819,0.09279662
0.9011819,0.09279662
0.9011819,0.09279662
0.9011819,0.09279662
0.9011819,0.09279662
0.9011819,0.09279662
0.9011819,0.09279662
0.9011819,0.09279662
0.9011819,0.09279662
0.9011819,0.09279662
0.9011819,0.09279662
0.9011819,0.09279662
0.9011819,0.09279662
0.9011819,0.09279662
0.9011819,0.09279662
0.9011819,0.09279662
0.9011819,0.09279662
0.9011819,0.09279662
0.9011819,0.09279662
0.9011819,0.09279662
0.9011819,0.09279662
0.9011819,0.09279662
0.9011819,0.09279662
0.9011819,0.09279662
0.9011819,0.09279662
0.9011819,0.09279662
0.9011819,0.09279662
0.9011819,0.09279662
0.9011819,0.09279662
0.9011819,0.09279662
0.9011819,0.09279662
0.9011819,0.09279662
0.9011819,0.09279662
0.9011819,0.09279662
0.9011819,0.09279662
0.9011819,0.09279662
0.9011819,0.09279662
0.9011819,0.09279662
0.9011819,0.09279662
0.9011819,0.09279662
0.9011819,0.09279662
0.9011819,0.09279662
0.9011819,0.09279662
0.8409692,0.0895583
0.8409692,0.0895583
0.8409692,0.0895583
0.8409692,0.0895583
0.8409692,0.0895583
0.8409692,0.0895583
0.8409692,0.0895583
0.8409692,0.0895583
0.8409692,0.0895583
0.8409692,0.0895583
0.8409692,0.0895583
0.8409692,0.0895583
0.8409692,0.0895583
0.8409692,0.0895583
0.8409692,0.0895583
0.8409692,0.0895583
0.8409692,0.0895583
0.8409692,0.0895583
0.8409692,0.0895583
0.8409692,0.0895583
0.8409692,0.0895583
0.8409692,0.0895583
0.8409692,0.0895583
0.8409692,0.0895583
0.8409692,0.0895583
0.8409692,0.0895583
0.8409692,0.0895583
0.8409692,0.0895583
0.8409692,0.0895583
0.8409692,0.0895583
0.8409692,0.0895583
0.8409692,0.0895583
0.8409692,0.0895583
0.8409692,0.0895583
0.8409692,0.0895583
0.8409692,0.0895583
0.8409692,0.0895583
0.8409692,0.0895583
0.9011819,0.09279662
0.9011819,0.09279662
0.9011819,0.09279662
0.9011819,0.09279662
0.9011819,0.09279662
0.9011819,0.09279662
0.9011819,0.09279662
0.9011819,0.09279662
0.9011819,0.09279662
0.9011819,0.09279662
0.9011819,0.09279662
0.9011819,0.09279662
0.9011819,0.09279662
0.9011819,0.09279662
0.9011819,0.09279662
0.9011819,0.09279662
0.9011819,0.09279662
0.9011819,0.09279662
0.9011819,0.09279662
0.9011819,0.09279662
0.9011819,0.09279662
0.9011819,0.09279662
0.9011819,0.09279662
0.9011819,0.09279662
0.9011819,0.09279662
0.9011819,0.09279662
0.9011819,0.09279662
0.9011819,0.09279662
0.9011819,0.09279662
0.9011819,0.09279662
0.8409692,0.0895583
0.8409692,0.0895583
0.8409692,0.0895583
0.8409692,0.0895583
0.8409692,0.0895583
0.8409692,0.0895583
0.8409692,0.0895583
0.8409692,0.0895583
0.8409692,0.0895583
0.8409692,0.0895583
0.8409692,0.0895583
0.8409692,0.0895583
0.8409692,0.0895583
0.8409692,0.0895583
0.8409692,0.0895583
0.8409692,0.0895583
0.8409692,0.0895583
0.8409692,0.0895583
0.8409692,0.0895583
0.8409692,0.0895583
0.8409692,0.0895583
0.8409692,0.0895583
0.8409692,0.0895583
0.8409692,0.0895583
0.8409692,0.0895583
0.8409692,0.0895583
0.8409692,0.0895583
0.8409692,0.0895583
0.8409692,0.0895583
0.8409692,0.0895583
0.8409692,0.0895583
0.8409692,0.0895583
0.8409692,0.0895583
0.8409692,0.0895583
0.8409692,0.0895583
0.8409692,0.0895583
0.8409692,0.0895583
0.8409692,0.0895583
0.9011819,0.09279662
0.9011819,0.09279662
0.9011819,0.09279662
0.9011819,0.09279662
0.9011819,0.09279662
0.9011819,0.09279662
0.9011819,0.09279662
0.9011819,0.09279662
0.9011819,0.09279662
0.9011819,0.09279662
0.9011819,0.09279662
0.9011819,0.09279662
0.9011819,0.09279662
0.9011819,0.09279662
0.9011819,0.09279662
0.8409692,0.0895583
0.8409692,0.0895583
0.8409692,0.0895583
0.8409692,0.0895583
0.8409692,0.0895583
0.8409692,0.0895583
0.8409692,0.0895583
0.8409692,0.0895583
0.9011819,0.09279662
0.9011819,0.09279662
0.9011819,0.09279662
0.9011819,0.09279662
0.9011819,0.09279662
0.9011819,0.09279662
0.9011819,0.09279662
0.9011819,0.09279662
0.9011819,0.09279662
0.9011819,0.09279662
0.8409692,0.0895583
0.8409692,0.0895583
0.8409692,0.0895583
0.8409692,0.0895583
0.8409692,0.0895583
0.8409692,0.0895583
0.8409692,0.0895583
0.8409692,0.0895583
0.8409692,0.0895583
0.8409692,0.0895583
0.8409692,0.0895583
0.8409692,0.0895583
0.8409692,0.0895583
0.8409692,0.0895583
0.8409692,0.0895583
0.8409692,0.0895583
0.8409692,0.0895583
0.8409692,0.0895583
0.8409692,0.0895583
0.8409692,0.0895583
0.8409692,0.0895583
0.8409692,0.0895583
0.8409692,0.0895583
0.8409692,0.0895583
0.8409692,0.0895583
0.8409692,0.0895583
0.9011819,0.09279662
0.9011819,0.09279662
0.9011819,0.09279662
0.9011819,0.09279662
0.9011819,0.09279662
0.9011819,0.09279662
0.9011819,0.09279662
0.9011819,0.09279662
0.9011819,0.09279662
0.9011819,0.09279662
0.8409692,0.0895583
0.8409692,0.0895583
0.8409692,0.0895583
0.8409692,0.0895583
0.8409692,0.0895583
0.8409692,0.0895583
0.8409692,0.0895583
0.8409692,0.0895583
0.8409692,0.0895583
0.8409692,0.0895583
0.8409692,0.0895583
0.8409692,0.0895583
0.8409692,0.0895583
0.8409692,0.0895583
0.8409692,0.0895583
0.8409692,0.0895583
0.8409692,0.0895583
0.8409692,0.0895583
0.1601227,0.5158362
0.1601227,0.5158362
0.1601227,0.5158362
0.1601227,0.5158362
0.1601227,0.5158362
0.1601227,0.5158362
0.1601227,0.5158362
0.1601227,0.5158362
0.1601227,0.5158362
0.1601227,0.5158362
0.1601227,0.5158362
0.1601227,0.5158362
0.1601227,0.5158362
0.1601227,0.5158362
0.1601227,0.5158362
0.1601227,0.5158362
0.1601227,0.5158362
0.1601227,0.5158362
0.1601227,0.5158362
0.1601227,0.5158362
0.1601227,0.5158362
0.1601227,0.5158362
0.1601227,0.5158362
0.1601227,0.5158362
0.1601227,0.5158362
0.1601227,0.5158362
0.1601227,0.5158362
0.1601227,0.5158362
0.1601227,0.5158362
0.1601227,0.5158362
0.1601227,0.5158362
0.1601227,0.5158362
0.1601227,0.5158362
0.1601227,0.5158362
0.1601227,0.5158362
0.1601227,0.5158362
0.1601227,0.5158362
0.1601227,0.5158362
0.1601227,0.5158362
0.1601227,0.5158362
0.1601227,0.5158362
0.1601227,0.5158362
0.1601227,0.5158362
0.1601227,0.5158362
0.1601227,0.5158362
0.1601227,0.5158362
0.1601227,0.5158362
0.1601227,0.5158362
0.1601227,0.5158362
0.1601227,0.5158362
0.1601227,0.5158362
0.1601227,0.5158362
0.1601227,0.5158362
0.1601227,0.5158362
0.1601227,0.5158362
0.1601227,0.5158362
0.1601227,0.5158362
0.1601227,0.5158362
0.1601227,0.5158362
0.1601227,0.5158362
0.1601227,0.5158362
0.1601227,0.5158362
0.1601227,0.5158362
0.1601227,0.5158362
0.1601227,0.5158362
0.1601227,0.5158362
0.1601227,0.5158362
0.1601227,0.5158362
0.1601227,0.5158362
0.1601227,0.5158362
0.1601227,0.5158362
0.1601227,0.5158362
0.1601227,0.5158362
0.1601227,0.5158362
0.1601227,0.5158362
0.1601227,0.5158362
0.1601227,0.5158362
0.1601227,0.5158362
0.1601227,0.5158362
0.1601227,0.5158362
0.1601227,0.5158362
0.1601227,0.5158362
0.1601227,0.5158362
0.1601227,0.5158362
0.1601227,0.5158362
0.1601227,0.5158362
0.1601227,0.5158362
0.1601227,0.5158362
0.1601227,0.5158362
0.1601227,0.5158362
0.1601227,0.5158362
0.1601227,0.5158362
0.1601227,0.5158362
0.1601227,0.5158362
0.1601227,0.5158362
0.1601227,0.5158362
0.1601227,0.5158362
0.1601227,0.5158362
0.1601227,0.5158362
0.1601227,0.5158362
0.1601227,0.5158362
0.1601227,0.5158362
0.1601227,0.5158362
0.1601227,0.5158362
0.1601227,0.5158362
0.1601227,0.5158362
0.1601227,0.5158362
0.1601227,0.5158362
0.1601227,0.5158362
0.1601227,0.5158362
0.1601227,0.5158362
0.1601227,0.5158362
0.1601227,0.5158362
0.1601227,0.5158362
0.1601227,0.5158362
0.1601227,0.5158362
0.1601227,0.5158362
0.1601227,0.5158362
0.1601227,0.5158362
0.1601227,0.5158362
0.1601227,0.5158362
0.1601227,0.5158362
0.1601227,0.5158362
0.1601227,0.5158362
0.1601227,0.5158362
0.1601227,0.5158362
0.1601227,0.5158362
0.1601227,0.5158362
0.1601227,0.5158362
0.1601227,0.5158362
0.1601227,0.5158362
0.1601227,0.5158362
0.1601227,0.5158362
0.1601227,0.5158362
0.1601227,0.5158362
0.1601227,0.5158362
0.1601227,0.5158362
0.1601227,0.5158362
0.1601227,0.5158362
0.1601227,0.5158362
0.1601227,0.5158362
0.1601227,0.5158362
0.1601227,0.5158362
0.1601227,0.5158362
0.1601227,0.5158362
0.1601227,0.5158362
0.1601227,0.5158362
0.1601227,0.5158362
0.1601227,0.5158362
0.1601227,0.5158362
0.1601227,0.5158362
0.1601227,0.5158362
0.1601227,0.5158362
0.1601227,0.5158362
0.1601227,0.5158362
0.1601227,0.5158362
0.1601227,0.5158362
0.1601227,0.5158362
0.1601227,0.5158362
0.1601227,0.5158362
0.1601227,0.5158362
0.1601227,0.5158362
0.1601227,0.5158362
0.1601227,0.5158362
0.1601227,0.5158362
0.1601227,0.5158362
0.1601227,0.5158362
0.1601227,0.5158362
0.1601227,0.5158362
0.1601227,0.5158362
0.1601227,0.5158362
0.1601227,0.5158362
0.1601227,0.5158362
0.1601227,0.5158362
0.1601227,0.5158362
0.1601227,0.5158362
0.1601227,0.5158362
0.1601227,0.5158362
0.1601227,0.5158362
0.1601227,0.5158362
0.1601227,0.5158362
0.1601227,0.5158362
0.1601227,0.5158362
0.1601227,0.5158362
0.1601227,0.5158362
0.1601227,0.5158362
0.1601227,0.5158362
0.1601227,0.5158362
0.1601227,0.5158362
0.1601227,0.5158362
0.1601227,0.5158362
0.1601227,0.5158362
0.1601227,0.5158362
0.1601227,0.5158362
0.1601227,0.5158362
0.1601227,0.5158362
0.1601227,0.5158362
0.1601227,0.5158362
0.1601227,0.5158362
0.1601227,0.5158362
0.1601227,0.5158362
0.1601227,0.5158362
0.1601227,0.5158362
0.1601227,0.5158362
0.1601227,0.5158362
0.1601227,0.5158362
0.1601227,0.5158362
0.1601227,0.5158362
0.1601227,0.5158362
0.1601227,0.5158362
0.1601227,0.5158362
0.1601227,0.5158362
0.1601227,0.5158362
0.1601227,0.5158362
0.1601227,0.5158362
0.1601227,0.5158362
0.1601227,0.5158362
0.1601227,0.5158362
0.1601227,0.5158362
0.1601227,0.5158362
0.1601227,0.5158362
0.1601227,0.5158362
0.1601227,0.5158362
0.1601227,0.5158362
0.1601227,0.5158362
0.1601227,0.5158362
0.1601227,0.5158362
0.1601227,0.5158362
0.1601227,0.5158362
0.1601227,0.5158362
0.1601227,0.5158362
0.1601227,0.5158362
0.1601227,0.5158362
0.1601227,0.5158362
0.1601227,0.5158362
0.1601227,0.5158362
0.1601227,0.5158362
0.1601227,0.5158362
0.1601227,0.5158362
0.1601227,0.5158362
0.1601227,0.5158362
0.1601227,0.5158362
0.1601227,0.5158362
0.1601227,0.5158362
0.1601227,0.5158362
0.1601227,0.5158362
0.1601227,0.5158362
0.1601227,0.5158362
0.1601227,0.5158362
0.1601227,0.5158362
0.1601227,0.5158362
0.1601227,0.5158362
0.1601227,0.5158362
0.1601227,0.5158362
0.1601227,0.5158362
0.1601227,0.5158362
0.1601227,0.5158362
0.1601227,0.5158362
0.1601227,0.5158362
0.1601227,0.5158362
0.1601227,0.5158362
0.1601227,0.5158362
0.1601227,0.5158362
0.1601227,0.5158362
0.1601227,0.5158362
0.1601227,0.5158362
0.1601227,0.5158362
0.1601227,0.5158362
0.1601227,0.5158362
0.1601227,0.5158362
0.1601227,0.5158362
0.1601227,0.5158362
0.1601227,0.5158362
0.1601227,0.5158362
0.1601227,0.5158362
0.1601227,0.5158362
0.1601227,0.5158362
0.1601227,0.5158362
0.1601227,0.5158362
0.1601227,0.5158362
0.1601227,0.5158362
0.1601227,0.5158362
0.1601227,0.5158362
0.1601227,0.5158362
0.1601227,0.5158362
0.1601227,0.5158362
0.1601227,0.5158362
0.1601227,0.5158362
0.1601227,0.5158362
0.1601227,0.5158362
0.1601227,0.5158362
0.1601227,0.5158362
0.1601227,0.5158362
0.1601227,0.5158362
0.1601227,0.5158362
0.1601227,0.5158362
0.1601227,0.5158362
0.1601227,0.5158362
0.1601227,0.5158362
0.1601227,0.5158362
0.1601227,0.5158362
0.1601227,0.5158362
0.1601227,0.5158362
0.1601227,0.5158362
0.1601227,0.5158362
0.1601227,0.5158362
0.1601227,0.5158362
0.1601227,0.5158362
0.1601227,0.5158362
0.1601227,0.5158362
0.1601227,0.5158362
0.1601227,0.5158362
0.1601227,0.5158362
0.1601227,0.5158362
0.1601227,0.5158362
0.1601227,0.5158362
0.1601227,0.5158362
0.1601227,0.5158362
0.1601227,0.5158362
0.1601227,0.5158362
0.1601227,0.5158362
0.1601227,0.5158362
0.1601227,0.5158362
0.1601227,0.5158362
0.1601227,0.5158362
0.1601227,0.5158362
0.1601227,0.5158362
0.1601227,0.5158362
0.1601227,0.5158362
0.1601227,0.5158362
0.1601227,0.5158362
0.1601227,0.5158362
0.1601227,0.5158362
0.1601227,0.5158362
0.1601227,0.5158362
0.1601227,0.5158362
0.1601227,0.5158362
0.1601227,0.5158362
0.1601227,0.5158362
0.1601227,0.5158362
0.1601227,0.5158362
0.1601227,0.5158362
0.1601227,0.5158362
0.1601227,0.5158362
0.1601227,0.5158362
0.1601227,0.5158362
0.1601227,0.5158362
0.1601227,0.5158362
0.1601227,0.5158362
0.1601227,0.5158362
0.1601227,0.5158362
0.1601227,0.5158362
0.1601227,0.5158362
0.1601227,0.5158362
0.1601227,0.5158362
0.1601227,0.5158362
0.1601227,0.5158362
0.1601227,0.5158362
0.1601227,0.5158362
0.1601227,0.5158362
0.1601227,0.5158362
0.1601227,0.5158362
0.1601227,0.5158362
0.1601227,0.5158362
0.1601227,0.5158362
0.1601227,0.5158362
0.1601227,0.5158362
0.1601227,0.5158362
0.1601227,0.5158362
0.1601227,0.5158362
0.1601227,0.5158362
0.1601227,0.5158362
0.1601227,0.5158362
0.1601227,0.5158362
0.1601227,0.5158362
0.1601227,0.5158362
0.1601227,0.5158362
0.1601227,0.5158362
0.1601227,0.5158362
0.1601227,0.5158362
0.1601227,0.5158362
0.1601227,0.5158362
0.1601227,0.5158362
0.1601227,0.5158362
0.1601227,0.5158362
0.1601227,0.5158362
0.1601227,0.5158362
0.1601227,0.5158362
0.1601227,0.5158362
0.1601227,0.5158362
0.1601227,0.5158362
0.1601227,0.5158362
0.1601227,0.5158362
0.1601227,0.5158362
0.1601227,0.5158362
0.1601227,0.5158362
0.1601227,0.5158362
0.1601227,0.5158362
0.1601227,0.5158362
0.1601227,0.5158362
0.1601227,0.5158362
0.1601227,0.5158362
0.1601227,0.5158362
0.1601227,0.5158362
0.1601227,0.5158362
0.1601227,0.5158362
0.1601227,0.5158362
0.1601227,0.5158362
0.1601227,0.5158362
0.1601227,0.5158362
0.1601227,0.5158362
0.1601227,0.5158362
0.1601227,0.5158362
0.1601227,0.5158362
0.1601227,0.5158362
0.1601227,0.5158362
0.1601227,0.5158362
0.1601227,0.5158362
0.1601227,0.5158362
0.1601227,0.5158362
0.1601227,0.5158362
0.1601227,0.5158362
0.1601227,0.5158362
0.1601227,0.5158362
0.1601227,0.5158362
0.1601227,0.5158362
0.1601227,0.5158362
0.1601227,0.5158362
0.1601227,0.5158362
0.1601227,0.5158362
0.1601227,0.5158362
0.1601227,0.5158362
0.1601227,0.5158362
0.1601227,0.5158362
0.1601227,0.5158362
0.1601227,0.5158362
0.1601227,0.5158362
0.1601227,0.5158362
0.1601227,0.5158362
0.1601227,0.5158362
0.1601227,0.5158362
0.1601227,0.5158362
0.1601227,0.5158362
0.1601227,0.5158362
0.1601227,0.5158362
0.1601227,0.5158362
0.1601227,0.5158362
0.1601227,0.5158362
0.1601227,0.5158362
0.1601227,0.5158362
0.1601227,0.5158362
0.1601227,0.5158362
0.1601227,0.5158362
0.1601227,0.5158362
0.1601227,0.5158362
0.1601227,0.5158362
0.1601227,0.5158362
0.1601227,0.5158362
0.1601227,0.5158362
0.1601227,0.5158362
0.1601227,0.5158362
0.1601227,0.5158362
0.1601227,0.5158362
0.1601227,0.5158362
0.1601227,0.5158362
0.1601227,0.5158362
0.1601227,0.5158362
0.1601227,0.5158362
0.1601227,0.5158362
0.1601227,0.5158362
0.1601227,0.5158362
0.1601227,0.5158362
0.1601227,0.5158362
0.1601227,0.5158362
0.1601227,0.5158362
0.1601227,0.5158362
0.1601227,0.5158362
0.1601227,0.5158362
0.1601227,0.5158362
0.1601227,0.5158362
0.9011819,0.09279662
0.9011819,0.09279662
0.9011819,0.09279662
0.9011819,0.09279662
0.9011819,0.09279662
0.9011819,0.09279662
0.9011819,0.09279662
0.9011819,0.09279662
0.9011819,0.09279662
0.9011819,0.09279662
0.9011819,0.09279662
0.9011819,0.09279662
0.9011819,0.09279662
0.9011819,0.09279662
0.9011819,0.09279662
0.9011819,0.09279662
0.9011819,0.09279662
0.9011819,0.09279662
0.9011819,0.09279662
0.9011819,0.09279662
0.1656227,0.5196862
0.1656227,0.5196862
0.1656227,0.5196862
0.1656227,0.5196862
0.1656227,0.5196862
0.1656227,0.5196862
0.1656227,0.5196862
0.1656227,0.5196862
0.1656227,0.5196862
0.1656227,0.5196862
0.1656227,0.5196862
0.1656227,0.5196862
0.1656227,0.5196862
0.1656227,0.5196862
0.1656227,0.5196862
0.1656227,0.5196862
0.1656227,0.5196862
0.1656227,0.5196862
0.1656227,0.5196862
0.1656227,0.5196862
0.1656227,0.5196862
0.1656227,0.5196862
0.1656227,0.5196862
0.1656227,0.5196862
0.1656227,0.5196862
0.1656227,0.5196862
0.1656227,0.5196862
0.1656227,0.5196862
0.1656227,0.5196862
0.1656227,0.5196862
0.1656227,0.5196862
0.1656227,0.5196862
0.1656227,0.5196862
0.1656227,0.5196862
0.1656227,0.5196862
0.1656227,0.5196862
0.1656227,0.5196862
0.1656227,0.5196862
0.1656227,0.5196862
0.1656227,0.5196862
0.1656227,0.5196862
0.1656227,0.5196862
0.1656227,0.5196862
0.1656227,0.5196862
0.1656227,0.5196862
0.1656227,0.5196862
0.1656227,0.5196862
0.1656227,0.5196862
0.9011819,0.09279662
0.9011819,0.09279662
0.9011819,0.09279662
0.9011819,0.09279662
0.9011819,0.09279662
0.9011819,0.09279662
0.9011819,0.09279662
0.9011819,0.09279662
0.9011819,0.09279662
0.9011819,0.09279662
0.1656227,0.5196862
0.1656227,0.5196862
0.1656227,0.5196862
0.1656227,0.5196862
0.1656227,0.5196862
0.1656227,0.5196862
0.1656227,0.5196862
0.1656227,0.5196862
0.1656227,0.5196862
0.1656227,0.5196862
0.1656227,0.5196862
0.1656227,0.5196862
0.09643158,0.5270686
0.09643158,0.5270686
0.09643158,0.5270686
0.09643158,0.5270686
0.09643158,0.5270686
0.09643158,0.5270686
0.09643158,0.5270686
0.09643158,0.5270686
0.09643158,0.5270686
0.09643158,0.5270686
0.1678227,0.5224362
0.1678227,0.5224362
0.1678227,0.5224362
0.1678227,0.5224362
0.09643158,0.5270686
0.09643158,0.5270686
0.09643158,0.5270686
0.09643158,0.5270686
0.09643158,0.5270686
0.09643158,0.5270686
0.09643158,0.5270686
0.09643158,0.5270686
0.09643158,0.5270686
0.09643158,0.5270686
0.1656227,0.5196862
0.1656227,0.5196862
0.1656227,0.5196862
0.1656227,0.5196862
0.9061034,0.08787507
0.9061034,0.08787507
0.9061034,0.08787507
0.9061034,0.08787507
0.9061034,0.08787507
0.9061034,0.08787507
0.9061034,0.08787507
0.9061034,0.08787507
0.9061034,0.08787507
0.9061034,0.08787507
0.9061034,0.08787507
0.9061034,0.08787507
0.9061034,0.08787507
0.9061034,0.08787507
0.9061034,0.08787507
0.9061034,0.08787507
0.9061034,0.08787507
0.9061034,0.08787507
0.9061034,0.08787507
0.9061034,0.08787507
0.9061034,0.08787507
0.9061034,0.08787507
0.9061034,0.08787507
0.9061034,0.08787507
0.9061034,0.08787507
0.9061034,0.08787507
0.9061034,0.08787507
0.9061034,0.08787507
0.9061034,0.08787507
0.9061034,0.08787507
0.9061034,0.08787507
0.9061034,0.08787507
0.9061034,0.08787507
0.9061034,0.08787507
0.9061034,0.08787507
0.9061034,0.08787507
0.9061034,0.08787507
0.9061034,0.08787507
0.9061034,0.08787507
0.9061034,0.08787507
0.9061034,0.08787507
0.9061034,0.08787507
0.9061034,0.08787507
0.9061034,0.08787507
0.9061034,0.08787507
0.9061034,0.08787507
0.9061034,0.08787507
0.9061034,0.08787507
0.9011819,0.09279662
0.9011819,0.09279662
0.9011819,0.09279662
0.9011819,0.09279662
0.9011819,0.09279662
0.9011819,0.09279662
0.9011819,0.09279662
0.9011819,0.09279662
0.9011819,0.09279662
0.9011819,0.09279662
0.9011819,0.09279662
0.9011819,0.09279662
0.9011819,0.09279662
0.9011819,0.09279662
0.9011819,0.09279662
0.9011819,0.09279662
0.9011819,0.09279662
0.9011818,0.0927965
0.9011818,0.09279656
0.9011819,0.09279662
0.9011818,0.0927965
0.9011819,0.09279662
0.9011819,0.09279662
0.9011819,0.09279662
0.9011818,0.09279662
0.9011819,0.09279662
0.9011818,0.09279662
0.9011819,0.09279662
0.9011819,0.09279662
0.9011819,0.09279662
0.9011818,0.09279656
0.9011819,0.09279662
0.9011819,0.09279662
0.9011818,0.09279656
0.9011819,0.09279662
0.9011819,0.09279662
0.9011819,0.09279662
0.9011818,0.09279662
0.9011819,0.09279662
0.9011818,0.09279662
0.9011819,0.09279662
0.9011818,0.09279662
0.9011819,0.09279662
0.9011819,0.09279656
0.9011819,0.09279662
0.9011819,0.09279656
0.9011818,0.09279662
0.9011819,0.09279662
0.9011818,0.09279662
0.9011819,0.09279662
0.9011818,0.09279662
0.9011818,0.0927965
0.9011819,0.09279662
0.1564341,0.5299687
0.1564342,0.5299687
0.1564342,0.5299687
0.1564341,0.5299687
0.1564342,0.5299687
0.1564342,0.5299687
0.1564342,0.5299687
0.1564342,0.5299687
0.1564339,0.5299687
0.1564341,0.5299687
0.1564341,0.5299687
0.1564341,0.5299687
0.1564339,0.5299687
0.1564341,0.5299687
0.1564341,0.5299687
0.1564341,0.5299687
0.156434,0.5299687
0.1564342,0.5299687
0.156434,0.5299687
0.1564342,0.5299687
0.1564341,0.5299687
0.1564341,0.5299687
0.1564341,0.5299687
0.1564341,0.5299687
0.1564341,0.5299687
0.1564341,0.5299687
0.1564341,0.5299687
0.1564341,0.5299687
0.1564341,0.5299687
0.1564341,0.5299687
0.1564341,0.5299687
0.1564342,0.5299687
0.1564341,0.5299687
0.1564341,0.5299687
0.1564342,0.5299687
0.1564341,0.5299687
0.1564341,0.5299687
0.1564341,0.5299687
0.1564341,0.5299687
0.1564341,0.5299687
0.1564342,0.5299687
0.1564341,0.5299687
0.1564341,0.5299687
0.1564342,0.5299687
0.1564342,0.5299687
0.1564341,0.5299687
0.1564341,0.5299687
0.1564341,0.5299687
0.1564341,0.5299687
0.1564341,0.5299687
0.1564342,0.5299687
0.1564342,0.5299687
0.1564341,0.5299687
0.1564342,0.5299687
0.1564341,0.5299687
0.1564342,0.5299687
0.1564341,0.5299687
0.1564341,0.5299687
0.1564341,0.5299687
0.1564342,0.5299687
0.1564339,0.5299687
0.156434,0.5299687
0.1564341,0.5299687
0.1564341,0.5299687
0.1564341,0.5299687
0.1564341,0.5299687
0.1564341,0.5299687
0.1564342,0.5299687
0.1564341,0.5299687
0.1564342,0.5299687
0.1564341,0.5299687
0.1564341,0.5299687
0.1564341,0.5299687
0.1564342,0.5299687
0.1564341,0.5299687
0.1564341,0.5299687
0.1564342,0.5299687
0.1564341,0.5299687
0.1564341,0.5299687
0.1564341,0.5299687
0.1564342,0.5299687
0.1564341,0.5299687
0.1564341,0.5299687
0.1564341,0.5299687
0.1564341,0.5299687
0.1564341,0.5299687
0.1564339,0.5299687
0.1564342,0.5299687
0.1564341,0.5299687
0.1564342,0.5299687
0.1564341,0.5299687
0.1564341,0.5299687
0.1564342,0.5299687
0.1564342,0.5299687
0.1564341,0.5299687
0.1564342,0.5299687
0.1564342,0.5299687
0.1564342,0.5299687
0.156434,0.5299687
0.1564342,0.5299687
0.1564341,0.5299687
0.1564342,0.5299687
0.1564341,0.5299687
0.1564341,0.5299687
0.1564342,0.5299687
0.1564341,0.5299687
0.1564341,0.5299687
0.1564341,0.5299687
0.1564342,0.5299687
0.1564341,0.5299687
0.1564341,0.5299687
0.1564342,0.5299687
0.1564341,0.5299687
0.1564342,0.5299687
0.1564342,0.5299687
0.1564342,0.5299687
0.1564341,0.5299687
0.1564341,0.5299687
0.1564341,0.5299687
0.156434,0.5299687
0.1564341,0.5299687
0.1564341,0.5299687
0.156434,0.5299687
0.1564342,0.5299687
0.1564342,0.5299687
0.1564341,0.5299687
0.1564342,0.5299687
0.1564342,0.5299687
0.1564342,0.5299687
0.1564342,0.5299687
0.1564341,0.5299687
0.1564341,0.5299687
0.1564341,0.5299687
0.1564341,0.5299687
0.1564341,0.5299687
0.1564341,0.5299687
0.1564342,0.5299687
0.1564341,0.5299687
0.1564339,0.5299687
0.1564342,0.5299687
0.1564341,0.5299687
0.1564341,0.5299687
0.1564341,0.5299687
0.1564341,0.5299687
0.1564341,0.5299687
0.1564341,0.5299687
0.1564342,0.5299687
0.1564342,0.5299687
0.1564341,0.5299687
0.1564341,0.5299687
0.1564341,0.5299687
0.1564341,0.5299687
0.1564341,0.5299687
0.1564341,0.5299687
0.1564342,0.5299687
0.1564339,0.5299687
0.1564341,0.5299687
0.1564341,0.5299687
0.1564341,0.5299687
0.1564341,0.5299687
0.1564341,0.5299687
0.1564339,0.5299687
0.1564341,0.5299687
0.1564341,0.5299687
0.1564341,0.5299687
0.1564341,0.5299687
0.1564341,0.5299687
0.8458217,0.08498836
0.8458217,0.08498836
0.8458217,0.08498836
0.8458217,0.08498836
0.8458217,0.08498836
0.8458217,0.08498836
0.8458217,0.08498836
0.8458217,0.08498836
0.8458217,0.08498836
0.8458217,0.08498836
0.8458217,0.08498836
0.8458217,0.08498836
0.8458217,0.08498836
0.8458217,0.08498836
0.8458217,0.08498836
0.8458217,0.08498836
0.8458217,0.08498836
0.8458217,0.08498836
0.8458217,0.08498836
0.8458217,0.08498836
0.8458217,0.08498836
0.8458217,0.08498836
0.8458217,0.08498836
0.8458217,0.08498836
0.8458217,0.08498836
0.8458217,0.08498836
0.8458217,0.08498836
0.8458217,0.08498836
0.8458217,0.08498836
0.8458217,0.08498836
0.8458217,0.08498836
0.8458217,0.08498836
0.1645227,0.5235362
0.1645227,0.5235362
0.1645227,0.5235362
0.1645227,0.5235362
0.1645227,0.5235362
0.1645227,0.5235362
0.1645227,0.5235362
0.1645227,0.5235362
0.1645227,0.5235362
0.1645227,0.5235362
0.1645227,0.5235362
0.1645227,0.5235362
0.1645227,0.5235362
0.1645227,0.5235362
0.1645227,0.5235362
0.1645227,0.5235362
0.1645227,0.5235362
0.1645227,0.5235362
0.1645227,0.5235362
0.1645227,0.5235362
0.1645227,0.5235362
0.1645227,0.5235362
0.1645227,0.5235362
0.1645227,0.5235362
0.1645227,0.5235362
0.1645227,0.5235362
0.1645227,0.5235362
0.1645227,0.5235362
0.1645227,0.5235362
0.1645227,0.5235362
0.1645227,0.5235362
0.1645227,0.5235362
0.1645227,0.5235362
0.1645227,0.5235362
0.1645227,0.5235362
0.1645227,0.5235362
0.1645227,0.5235362
0.1645227,0.5235362
0.1645227,0.5235362
0.1645227,0.5235362
0.1645227,0.5235362
0.1645227,0.5235362
0.1645227,0.5235362
0.1645227,0.5235362
0.1645227,0.5235362
0.1645227,0.5235362
0.1645227,0.5235362
0.1645227,0.5235362
0.1645227,0.5235362
0.1645227,0.5235362
0.1645227,0.5235362
0.1645227,0.5235362
0.1645227,0.5235362
0.1645227,0.5235362
0.1645227,0.5235362
0.1645227,0.5235362
0.1645227,0.5235362
0.1645227,0.5235362
0.1645227,0.5235362
0.1645227,0.5235362
0.1645227,0.5235362
0.1645227,0.5235362
0.1645227,0.5235362
0.1645227,0.5235362
0.1645227,0.5235362
0.1645227,0.5235362
0.1645227,0.5235362
0.1645227,0.5235362
0.1645227,0.5235362
0.1645227,0.5235362
0.1645227,0.5235362
0.1645227,0.5235362
0.1645227,0.5235362
0.1645227,0.5235362
0.1645227,0.5235362
0.1645227,0.5235362
0.1645227,0.5235362
0.1645227,0.5235362
0.1645227,0.5235362
0.1645227,0.5235362
0.1645227,0.5235362
0.1645227,0.5235362
0.1645227,0.5235362
0.1645227,0.5235362
0.1645227,0.5235362
0.1645227,0.5235362
0.1645227,0.5235362
0.1645227,0.5235362
0.1645227,0.5235362
0.1645227,0.5235362
0.1645227,0.5235362
0.1645227,0.5235362
0.1645227,0.5235362
0.1645227,0.5235362
0.1645227,0.5235362
0.1645227,0.5235362
0.1645227,0.5235362
0.1645227,0.5235362
0.1645227,0.5235362
0.1645227,0.5235362
0.1645227,0.5235362
0.1645227,0.5235362
0.1645227,0.5235362
0.1645227,0.5235362
0.1645227,0.5235362
0.1645227,0.5235362
0.1645227,0.5235362
0.1645227,0.5235362
0.1645227,0.5235362
0.1645227,0.5235362
0.1645227,0.5235362
0.1645227,0.5235362
0.8458217,0.08498836
0.8458217,0.08498836
0.8458217,0.08498836
0.8458217,0.08498836
0.8458217,0.08498836
0.8458217,0.08498836
0.8458217,0.08498836
0.8458217,0.08498836
0.8458217,0.08498836
0.8458217,0.08498836
0.8458217,0.08498836
0.8458217,0.08498836
0.8458217,0.08498836
0.8458217,0.08498836
0.8458217,0.08498836
0.8458217,0.08498836
0.8458217,0.08498836
0.8458217,0.08498836
0.8458217,0.08498836
0.8458217,0.08498836
0.8458217,0.08498836
0.8458217,0.08498836
0.8458217,0.08498836
0.8458217,0.08498836
0.8458217,0.08498836
0.8458217,0.08498836
0.8458217,0.08498836
0.8458217,0.08498836
0.8458217,0.08498836
0.8458217,0.08498836
0.8458217,0.08498836
0.8458217,0.08498836
0.8458217,0.08498836
0.8458217,0.08498836
0.8458217,0.0849883
0.8458217,0.0849883
0.8458217,0.08498836
0.8458217,0.08498836
0.8458217,0.08498836
0.8458217,0.0849883
0.8458217,0.08498836
0.8458217,0.08498836
0.8458217,0.0849883
0.8458217,0.08498836
0.8458217,0.08498836
0.8458217,0.08498836
0.8458217,0.08498836
0.8458217,0.08498836
0.8458217,0.08498836
0.8458217,0.08498836
0.8458217,0.08498836
0.8458217,0.08498836
0.8458217,0.08498836
0.8458217,0.08498836
0.8458217,0.08498836
0.8458217,0.08498836
0.8458217,0.08498836
0.8458217,0.08498836
0.8458217,0.08498836
0.8458217,0.0849883
0.8458217,0.08498836
0.8458217,0.08498836
0.8458217,0.08498836
0.8458217,0.08498836
0.9011819,0.09279662
0.9011819,0.09279662
0.9011819,0.09279662
0.9011819,0.09279662
0.9011819,0.09279662
0.9011819,0.09279662
0.9011819,0.09279662
0.9011819,0.09279662
0.9011819,0.09279662
0.9011819,0.09279662
0.9011819,0.09279662
0.9011819,0.09279662
0.9011819,0.09279662
0.9011819,0.09279662
0.9011819,0.09279662
0.9011819,0.09279662
0.9011819,0.09279662
0.9011819,0.09279662
0.9011819,0.09279662
0.9011819,0.09279662
0.9011819,0.09279662
0.9011819,0.09279662
0.9011819,0.09279662
0.9011819,0.09279662
0.9011819,0.09279662
0.9011819,0.09279662
0.9011819,0.09279662
0.9011819,0.09279662
0.9011819,0.09279662
0.9011819,0.09279662
0.9011819,0.09279662
0.9011819,0.09279662
0.9011819,0.09279662
0.9011819,0.09279662
0.9011819,0.09279662
0.9011819,0.09279662
0.9011819,0.09279662
0.9011819,0.09279662
0.9011819,0.09279662
0.9011819,0.09279662
0.9011819,0.09279662
0.9011819,0.09279662
0.9011819,0.09279662
0.9011819,0.09279662
0.9011819,0.09279662
0.9011819,0.09279662
0.9011819,0.09279662
0.9011819,0.09279662
0.9011819,0.09279662
0.9011819,0.09279662
0.9011819,0.09279662
0.9011819,0.09279662
0.9011819,0.09279662
0.9011819,0.09279662
0.9011819,0.09279662
0.9011819,0.09279662
0.9011819,0.09279662
0.9011819,0.09279662
0.9011819,0.09279662
0.9011819,0.09279662
0.9011819,0.09279662
0.9011819,0.09279662
0.9011819,0.09279662
0.9011819,0.09279662
0.9011819,0.09279662
0.9011819,0.09279662
0.9011819,0.09279662
0.9011819,0.09279662
0.9011819,0.09279662
0.9011819,0.09279662
0.9011819,0.09279662
0.9011819,0.09279662
0.9011819,0.09279662
0.9011819,0.09279662
0.9011819,0.09279662
0.9011819,0.09279662
0.9011819,0.09279662
0.9011819,0.09279662
0.9011819,0.09279662
0.9011819,0.09279662
0.9011819,0.09279662
0.9011819,0.09279662
0.9011819,0.09279662
0.9011819,0.09279662
0.9011819,0.09279662
0.9011819,0.09279662
0.9011819,0.09279662
0.9011819,0.09279662
0.9011819,0.09279662
0.9011819,0.09279662
0.9011819,0.09279662
0.9011819,0.09279662
0.9011819,0.09279662
0.9011819,0.09279662
0.9011819,0.09279662
0.9011819,0.09279662
0.9011819,0.09279662
0.1645227,0.5235362
0.1645227,0.5235362
0.1645227,0.5235362
0.1645227,0.5235362
0.1645227,0.5235362
0.1645227,0.5235362
0.1645227,0.5235362
0.1645227,0.5235362
0.1645227,0.5235362
0.1645227,0.5235362
0.1645227,0.5235362
0.1645227,0.5235362
0.1645227,0.5235362
0.1645227,0.5235362
0.1645227,0.5235362
0.1645227,0.5235362
0.1645227,0.5235362
0.1645227,0.5235362
0.1645227,0.5235362
0.1645227,0.5235362
0.1645227,0.5235362
0.1645227,0.5235362
0.1645227,0.5235362
0.1645227,0.5235362
0.1645227,0.5235362
0.1645227,0.5235362
0.1645227,0.5235362
0.1645227,0.5235362
0.1645227,0.5235362
0.1645227,0.5235362
0.1645227,0.5235362
0.1645227,0.5235362
0.1645227,0.5235362
0.1645227,0.5235362
0.1645227,0.5235362
0.1645227,0.5235362
0.1645227,0.5235362
0.1645227,0.5235362
0.1645227,0.5235362
0.1645227,0.5235362
0.1645227,0.5235362
0.1645227,0.5235362
0.1645227,0.5235362
0.1645227,0.5235362
0.1645227,0.5235362
0.1645227,0.5235362
0.1645227,0.5235362
0.1645227,0.5235362
0.1656227,0.5196862
0.1656227,0.5196862
0.1656227,0.5196862
0.1656227,0.5196862
0.1656227,0.5196862
0.1656227,0.5196862
0.1656227,0.5196862
0.1656227,0.5196862
0.1656227,0.5196862
0.1656227,0.5196862
0.1656227,0.5196862
0.1656227,0.5196862
0.1656227,0.5196862
0.1656227,0.5196862
0.1656227,0.5196862
0.1656227,0.5196862
0.1656227,0.5196862
0.1656227,0.5196862
0.1656227,0.5196862
0.1656227,0.5196862
0.1656227,0.5196862
0.1656227,0.5196862
0.1656227,0.5196862
0.1656227,0.5196862
0.1656227,0.5196862
0.1656227,0.5196862
0.1656227,0.5196862
0.1656227,0.5196862
0.1656227,0.5196862
0.1656227,0.5196862
0.1656227,0.5196862
0.1656227,0.5196862
0.1656227,0.5196862
0.1656227,0.5196862
0.1656227,0.5196862
0.1656227,0.5196862
0.1656227,0.5196862
0.1656227,0.5196862
0.1656227,0.5196862
0.1656227,0.5196862
1
4080
0
1
2
3
4
5
6
7
8
9
10
11
12
13
14
15
16
17
18
19
20
21
22
23
24
25
26
27
28
29
30
31
32
30
33
31
30
34
33
30
35
34
36
37
38
36
38
39
40
41
42
40
42
43
44
45
46
44
47
45
44
48
47
44
49
48
50
51
52
52
53
50
52
54
53
54
55
53
56
57
58
58
59
56
58
60
59
60
61
59
62
63
64
62
64
65
66
67
68
66
68
69
70
71
72
70
73
71
70
74
73
70
75
74
76
77
78
76
78
79
80
81
82
80
82
83
84
85
86
84
86
87
84
87
88
84
88
89
90
91
92
90
92
93
94
95
96
94
96
97
98
99
100
98
100
101
98
101
102
98
102
103
104
105
106
106
107
104
106
108
107
108
109
107
110
111
112
112
113
110
112
114
113
114
115
113
116
117
118
116
118
119
120
121
122
120
122
123
124
125
126
124
126
127
124
127
128
124
128
129
130
131
132
130
132
133
134
135
136
134
136
137
138
139
140
140
141
138
140
142
141
140
143
142
143
144
142
143
145
144
143
146
145
146
147
145
148
149
150
150
151
148
150
152
151
152
153
151
152
154
153
154
155
153
154
156
155
156
157
155
156
158
157
158
159
157
159
160
157
159
161
160
159
162
161
162
163
161
164
165
166
164
166
167
168
164
167
168
167
169
170
171
172
172
173
170
173
174
170
172
175
173
172
176
175
177
178
179
177
179
180
181
177
180
181
180
182
183
184
185
183
186
184
187
184
186
186
188
187
186
189
188
183
189
186
183
190
189
191
192
193
193
194
191
193
195
194
195
196
194
195
197
196
197
198
196
197
199
198
199
200
198
199
201
200
201
202
200
201
203
202
203
204
202
203
205
204
205
206
204
207
208
209
209
210
207
210
211
207
211
212
207
211
213
212
213
214
212
214
215
212
214
216
215
217
218
219
217
219
220
221
222
223
223
224
221
224
225
221
224
226
225
224
227
226
228
229
230
228
230
231
232
233
234
234
235
232
235
236
232
236
237
232
237
238
232
239
240
241
239
241
242
243
244
245
243
245
246
247
243
246
247
246
248
248
249
247
248
250
249
251
252
253
251
254
252
254
255
252
254
256
255
257
255
256
257
256
258
259
260
261
259
261
262
262
263
259
262
264
263
264
265
263
264
266
265
266
267
265
266
268
267
268
269
267
268
270
269
271
269
270
271
270
272
273
274
275
273
275
276
276
277
273
276
278
277
279
277
278
279
278
280
281
282
283
283
284
281
284
285
281
286
285
284
286
287
285
288
286
284
289
288
284
284
290
289
286
291
287
291
292
287
291
293
292
293
294
292
293
295
294
296
297
298
298
299
296
299
300
296
301
300
299
301
302
300
303
301
299
304
303
299
299
305
304
301
306
302
306
307
302
306
308
307
308
309
307
309
310
307
311
312
313
311
313
314
315
311
314
315
314
316
316
317
315
316
318
317
319
320
321
319
322
320
322
323
320
322
324
323
325
323
324
325
324
326
327
328
329
327
329
330
330
331
327
330
332
331
332
333
331
332
334
333
334
335
333
334
336
335
336
337
335
336
338
337
339
337
338
339
338
340
341
342
343
341
343
344
344
345
341
344
346
345
347
345
346
347
346
348
349
350
351
351
352
349
352
353
349
352
354
353
355
354
352
356
355
352
352
357
356
354
358
353
358
359
353
358
360
359
360
361
359
360
362
361
360
363
362
364
365
366
364
366
367
368
369
370
368
370
371
372
373
374
374
375
372
375
376
372
376
377
372
377
378
372
377
379
378
379
380
378
380
381
378
382
383
384
382
385
383
385
386
383
385
387
386
387
388
386
387
389
388
390
388
389
390
389
391
392
390
391
392
391
393
393
394
392
393
395
394
395
396
394
395
397
396
398
396
397
398
397
399
400
401
402
400
402
403
404
405
406
404
406
407
408
409
410
410
411
408
410
412
411
410
413
412
410
414
413
414
415
413
414
416
415
414
417
416
418
419
420
418
420
421
421
420
422
421
422
423
423
422
424
423
424
425
426
425
424
426
427
425
428
427
426
428
429
427
429
428
430
429
430
431
431
430
432
431
432
433
434
433
432
434
435
433
436
437
438
436
438
439
440
441
442
440
442
443
444
445
446
446
447
444
447
448
444
447
449
448
449
450
448
449
451
450
452
453
454
452
454
455
456
457
458
456
458
459
460
461
462
460
462
463
464
465
466
464
466
467
468
469
470
468
470
471
472
473
474
472
474
475
476
477
478
478
479
476
479
480
476
479
481
480
481
482
480
481
483
482
484
485
486
484
486
487
488
489
490
488
490
491
492
493
494
494
495
492
495
496
492
495
497
496
497
498
496
497
499
498
500
501
502
500
502
503
504
505
506
504
506
507
508
509
510
508
510
511
512
513
514
512
514
515
516
517
518
516
518
519
520
521
522
520
522
523
524
525
526
526
527
524
527
528
524
527
529
528
529
530
528
529
531
530
532
533
534
532
534
535
536
537
538
536
538
539
540
541
542
542
543
540
543
544
540
543
545
544
545
546
544
545
547
546
548
549
550
548
550
551
552
553
554
552
554
555
556
557
558
556
558
559
560
561
562
560
562
563
564
565
566
564
566
567
568
569
570
568
570
571
572
573
574
574
575
572
575
576
572
575
577
576
577
578
576
577
579
578
580
581
582
580
582
583
584
585
586
584
586
587
588
589
590
590
591
588
591
592
588
591
593
592
593
594
592
593
595
594
596
597
598
596
598
599
600
601
602
600
602
603
604
605
606
604
606
607
608
609
610
608
610
611
612
613
614
612
614
615
616
617
618
616
618
619
620
621
622
622
623
620
623
624
620
623
625
624
625
626
624
625
627
626
628
629
630
628
630
631
632
633
634
632
634
635
636
637
638
638
639
636
639
640
636
639
641
640
641
642
640
641
643
642
644
645
646
644
646
647
648
649
650
648
650
651
652
653
654
652
654
655
656
657
658
656
658
659
660
661
662
660
662
663
664
665
666
664
666
667
668
669
670
670
671
668
671
672
668
671
673
672
673
674
672
673
675
674
676
677
678
676
678
679
680
681
682
680
682
683
684
685
686
686
687
684
687
688
684
687
689
688
689
690
688
689
691
690
692
693
694
692
694
695
696
697
698
696
698
699
700
701
702
700
702
703
704
705
706
704
706
707
708
709
710
708
710
711
712
713
714
712
714
715
716
717
718
718
719
716
719
720
716
719
721
720
721
722
720
721
723
722
724
725
726
724
726
727
728
729
730
728
730
731
732
733
734
734
735
732
735
736
732
735
737
736
737
738
736
737
739
738
740
741
742
740
742
743
744
745
746
744
746
747
748
749
750
748
750
751
752
753
754
752
754
755
756
757
758
756
758
759
760
761
762
760
762
763
764
765
766
766
767
764
767
768
764
767
769
768
769
770
768
769
771
770
772
773
774
772
774
775
776
777
778
776
778
779
780
781
782
782
783
780
783
784
780
783
785
784
785
786
784
785
787
786
788
789
790
788
790
791
792
793
794
792
794
795
796
797
798
796
798
799
800
801
802
800
802
803
804
805
806
804
806
807
808
809
810
808
810
811
812
813
814
814
815
812
815
816
812
815
817
816
817
818
816
817
819
818
820
821
822
820
822
823
824
825
826
824
826
827
828
829
830
830
831
828
831
832
828
832
833
828
832
834
833
834
835
833
836
837
838
836
838
839
840
841
842
840
842
843
844
845
846
844
846
847
848
849
850
848
850
851
852
853
854
852
854
855
856
857
858
856
858
859
860
861
862
862
863
860
863
864
860
863
865
864
865
866
864
865
867
866
868
869
870
868
870
871
872
873
874
872
874
875
876
877
878
878
879
876
879
880
876
879
881
880
881
882
880
881
883
882
884
885
886
884
886
887
888
889
890
888
890
891
892
893
894
892
894
895
896
897
898
896
898
899
900
901
902
900
902
903
904
905
906
904
906
907
908
909
910
910
911
908
911
912
908
911
913
912
913
914
912
913
915
914
916
917
918
918
919
916
918
920
919
918
921
920
918
922
921
922
923
921
922
924
923
922
925
924
926
927
928
928
929
926
929
930
926
930
931
926
931
932
926
931
933
932
933
934
932
934
935
932
936
937
938
936
938
939
940
936
939
940
939
941
942
940
941
942
941
943
944
942
943
944
943
945
946
947
948
946
949
947
950
949
946
950
951
949
952
951
950
952
953
951
954
953
952
954
955
953
956
957
958
956
958
959
959
958
960
959
960
961
961
960
962
961
962
963
963
962
964
963
964
965
966
967
968
966
968
969
970
971
972
970
972
973
973
972
974
973
974
975
975
974
976
975
976
977
977
976
978
977
978
979
980
981
982
980
982
983
984
985
986
984
986
987
988
984
987
988
987
989
990
988
989
990
989
991
992
990
991
992
991
993
994
995
996
994
996
997
997
996
998
997
998
999
1000
1001
1002
1000
1002
1003
1003
1002
1004
1003
1004
1005
1006
1007
1008
1008
1009
1006
1009
1010
1006
1009
1011
1010
1011
1012
1010
1012
1013
1010
1012
1014
1013
1014
1015
1013
1016
1017
1018
1016
1018
1019
1020
1021
1022
1022
1023
1020
1023
1024
1020
1024
1025
1020
1024
1026
1025
1024
1027
1026
1027
1028
1026
1027
1029
1028
1030
1031
1032
1030
1032
1033
1034
1035
1036
1034
1037
1035
1034
1038
1037
1034
1039
1038
1040
1041
1042
1040
1043
1041
1040
1044
1043
1040
1045
1044
1046
1047
1048
1046
1049
1047
1046
1050
1049
1046
1051
1050
1052
1053
1054
1052
1055
1053
1052
1056
1055
1052
1057
1056
1058
1059
1060
1060
1061
1058
1060
1062
1061
1062
1063
1061
1064
1065
1066
1066
1067
1064
1066
1068
1067
1068
1069
1067
1070
1071
1072
1070
1073
1071
1070
1074
1073
1070
1075
1074
1076
1077
1078
1076
1079
1077
1076
1080
1079
1076
1081
1080
1082
1083
1084
1084
1085
1082
1085
1086
1082
1087
1086
1085
1087
1088
1086
1089
1087
1085
1090
1089
1085
1085
1091
1090
1087
1092
1088
1092
1093
1088
1092
1094
1093
1094
1095
1093
1094
1096
1095
1097
1098
1099
1097
1099
1100
1101
1097
1100
1101
1100
1102
1103
1101
1102
1103
1102
1104
1105
1103
1104
1105
1104
1106
1107
1105
1106
1107
1106
1108
1109
1107
1108
1109
1108
1110
1111
1109
1110
1111
1110
1112
1113
1114
1115
1113
1115
1116
1113
1116
1117
1113
1117
1118
1118
1117
1119
1118
1119
1120
1120
1119
1121
1120
1121
1122
1122
1121
1123
1122
1123
1124
1124
1123
1125
1124
1125
1126
1126
1127
1128
1126
1128
1129
1129
1128
1130
1129
1130
1131
1131
1132
1133
1131
1133
1134
1135
1136
1137
1135
1138
1136
1139
1136
1138
1139
1138
1140
1140
1141
1139
1140
1142
1141
1143
1144
1145
1143
1145
1146
1147
1148
1149
1147
1149
1150
1150
1151
1147
1150
1152
1151
1153
1151
1152
1153
1152
1154
1155
1156
1157
1155
1158
1156
1159
1156
1158
1159
1158
1160
1160
1161
1159
1160
1162
1161
1155
1163
1158
1155
1164
1163
1165
1163
1164
1165
1166
1163
1167
1168
1169
1167
1170
1168
1171
1172
1170
1171
1173
1172
1174
1172
1173
1174
1175
1172
1176
1177
1175
1176
1175
1178
1179
1180
1181
1179
1181
1182
1183
1184
1185
1183
1185
1186
1187
1188
1189
1187
1189
1190
1191
1192
1193
1191
1193
1194
1195
1196
1197
1195
1197
1198
1199
1200
1201
1199
1201
1202
1203
1202
1201
1203
1204
1202
1205
1199
1206
1205
1206
1207
1208
1209
1210
1208
1210
1211
1212
1213
1214
1214
1215
1212
1215
1216
1212
1217
1218
1219
1219
1220
1217
1220
1221
1217
1222
1223
1224
1222
1224
1225
1226
1227
1228
1226
1228
1229
1230
1231
1232
1230
1232
1233
1234
1235
1236
1234
1236
1237
1238
1239
1240
1238
1240
1241
1242
1243
1244
1242
1244
1245
1246
1247
1248
1246
1249
1247
1250
1249
1246
1250
1246
1251
1252
1250
1251
1252
1253
1250
1254
1255
1256
1254
1256
1257
1258
1259
1260
1258
1260
1261
1262
1263
1264
1262
1264
1265
1266
1267
1268
1266
1268
1269
1270
1271
1272
1270
1272
1273
1274
1275
1276
1274
1276
1277
1278
1279
1280
1278
1280
1281
1282
1283
1284
1282
1284
1285
1286
1287
1288
1286
1288
1289
1290
1291
1292
1290
1292
1293
1294
1295
1296
1294
1296
1297
1298
1299
1300
1298
1300
1301
1302
1303
1304
1305
1303
1302
1306
1302
1304
1305
1302
1307
1306
1304
1308
1309
1305
1307
1310
1306
1308
1309
1307
1311
1312
1309
1311
1312
1311
1313
1310
1308
1314
1315
1310
1314
1316
1315
1314
1314
1317
1316
1318
1316
1317
1318
1317
1319
1320
1318
1319
1320
1319
1321
1322
1320
1321
1322
1321
1323
1324
1312
1313
1313
1325
1324
1324
1325
1326
1327
1324
1326
1327
1326
1328
1329
1327
1328
1329
1328
1330
1331
1329
1330
1332
1322
1323
1331
1330
1332
1323
1333
1332
1332
1333
1331
1334
1335
1336
1335
1337
1336
1334
1338
1335
1339
1338
1334
1339
1340
1338
1341
1340
1339
1341
1342
1340
1343
1342
1341
1343
1344
1342
1345
1344
1343
1346
1338
1340
1347
1340
1342
1347
1346
1340
1348
1335
1338
1346
1348
1338
1349
1342
1344
1349
1347
1342
1347
1350
1346
1347
1351
1350
1349
1351
1347
1346
1350
1352
1346
1352
1348
1349
1353
1351
1348
1352
1354
1355
1353
1349
1355
1349
1344
1355
1356
1353
1348
1354
1357
1348
1357
1335
1354
1358
1357
1358
1335
1357
1354
1359
1358
1358
1359
1360
1355
1344
1361
1345
1361
1344
1362
1356
1355
1362
1355
1361
1362
1363
1356
1364
1361
1345
1362
1361
1364
1364
1345
1365
1366
1364
1365
1367
1363
1362
1367
1362
1364
1367
1368
1363
1369
1368
1367
1369
1370
1368
1371
1370
1369
1366
1372
1364
1367
1364
1372
1369
1367
1372
1373
1372
1366
1373
1374
1372
1369
1372
1374
1375
1374
1373
1369
1374
1375
1375
1373
1376
1377
1375
1376
1371
1369
1378
1369
1375
1378
1377
1379
1375
1378
1375
1379
1380
1371
1378
1378
1379
1380
1380
1381
1371
1382
1381
1380
1383
1379
1377
1380
1379
1383
1383
1377
1384
1385
1383
1384
1382
1380
1386
1380
1383
1386
1385
1387
1383
1386
1383
1387
1388
1382
1386
1386
1387
1388
1388
1389
1382
1390
1389
1388
1391
1387
1385
1388
1387
1391
1391
1385
1392
1393
1391
1392
1390
1388
1394
1388
1391
1394
1360
1390
1394
1393
1395
1391
1394
1391
1395
1337
1395
1393
1360
1394
1396
1394
1395
1396
1358
1360
1396
1337
1397
1395
1396
1395
1397
1396
1397
1358
1335
1397
1337
1358
1397
1335
1398
1399
1400
1398
1401
1399
1400
1402
1398
1402
1400
1403
1398
1404
1401
1404
1405
1401
1402
1406
1398
1404
1398
1406
1402
1407
1406
1404
1406
1408
1409
1402
1403
1409
1407
1402
1409
1403
1410
1409
1411
1407
1404
1412
1405
1412
1404
1408
1412
1413
1405
1412
1408
1414
1415
1409
1410
1415
1411
1409
1415
1416
1411
1415
1410
1417
1412
1418
1413
1418
1412
1414
1418
1414
1419
1418
1420
1413
1421
1416
1415
1417
1421
1415
1421
1422
1416
1423
1418
1419
1418
1423
1420
1423
1419
1424
1425
1421
1417
1425
1422
1421
1417
1426
1425
1425
1427
1422
1420
1423
1428
1428
1423
1424
1429
1420
1428
1428
1424
1430
1426
1431
1425
1431
1427
1425
1426
1432
1431
1431
1433
1427
1429
1428
1434
1434
1428
1430
1435
1429
1434
1434
1430
1436
1432
1437
1431
1437
1433
1431
1432
1438
1437
1437
1439
1433
1435
1434
1440
1440
1434
1436
1441
1435
1440
1440
1436
1442
1443
1441
1440
1444
1437
1438
1444
1439
1437
1438
1443
1444
1443
1440
1444
1444
1440
1442
1444
1445
1439
1444
1442
1445
1446
1447
1448
1449
1448
1447
1446
1450
1447
1449
1447
1451
1452
1450
1446
1453
1449
1451
1452
1454
1450
1453
1451
1455
1456
1454
1452
1457
1453
1455
1456
1458
1454
1457
1455
1459
1460
1458
1456
1461
1457
1459
1460
1462
1458
1461
1459
1463
1464
1462
1460
1465
1461
1463
1464
1466
1462
1465
1463
1467
1468
1466
1464
1469
1465
1467
1468
1470
1466
1469
1467
1471
1472
1470
1468
1473
1469
1471
1472
1474
1470
1473
1471
1475
1476
1474
1472
1476
1473
1475
1476
1477
1474
1476
1475
1477
1478
1479
1480
1481
1480
1479
1478
1482
1479
1481
1479
1483
1484
1482
1478
1485
1481
1483
1484
1486
1482
1485
1483
1487
1488
1486
1484
1489
1485
1487
1488
1490
1486
1489
1487
1491
1492
1490
1488
1493
1489
1491
1492
1494
1490
1493
1491
1495
1496
1494
1492
1497
1493
1495
1496
1498
1494
1497
1495
1499
1500
1498
1496
1501
1497
1499
1500
1502
1498
1501
1499
1503
1504
1502
1500
1505
1501
1503
1504
1506
1502
1505
1503
1507
1508
1506
1504
1508
1505
1507
1508
1509
1506
1508
1507
1509
1510
1511
1512
1512
1511
1513
1510
1512
1514
1515
1510
1514
1515
1514
1516
1517
1515
1516
1518
1512
1513
1516
1519
1517
1518
1513
1520
1521
1518
1520
1522
1517
1519
1523
1522
1519
1524
1522
1523
1521
1520
1525
1526
1518
1521
1527
1524
1523
1528
1525
1527
1525
1528
1521
1529
1521
1528
1530
1529
1528
1530
1523
1531
1528
1527
1532
1530
1528
1532
1527
1523
1532
1530
1532
1523
1519
1533
1523
1531
1523
1533
1534
1533
1519
1526
1521
1535
1536
1526
1535
1534
1537
1533
1538
1537
1534
1529
1539
1521
1539
1535
1521
1536
1535
1540
1541
1536
1540
1531
1533
1542
1542
1533
1537
1538
1543
1537
1544
1543
1538
1539
1545
1535
1545
1540
1535
1541
1540
1546
1547
1541
1546
1542
1537
1548
1548
1537
1543
1544
1549
1543
1550
1549
1544
1545
1551
1540
1551
1546
1540
1547
1546
1552
1553
1547
1552
1548
1543
1554
1554
1543
1549
1550
1555
1549
1556
1555
1550
1551
1557
1546
1557
1552
1546
1553
1552
1558
1559
1553
1558
1559
1560
1556
1556
1560
1555
1561
1549
1555
1554
1549
1561
1557
1562
1552
1562
1558
1552
1559
1558
1563
1559
1563
1560
1564
1555
1560
1561
1555
1564
1562
1565
1558
1565
1563
1558
1566
1560
1563
1564
1560
1566
1565
1567
1563
1566
1563
1567
1565
1568
1567
1566
1567
1568
1562
1569
1565
1565
1569
1568
1557
1570
1562
1562
1570
1569
1564
1566
1571
1566
1568
1571
1561
1564
1572
1564
1571
1572
1557
1573
1570
1551
1573
1557
1561
1572
1574
1554
1561
1574
1551
1575
1573
1575
1551
1545
1575
1545
1576
1539
1576
1545
1577
1573
1575
1577
1575
1576
1577
1578
1573
1578
1570
1573
1578
1579
1570
1579
1569
1570
1579
1580
1569
1577
1576
1581
1580
1568
1569
1580
1582
1568
1583
1568
1582
1583
1571
1568
1584
1571
1583
1584
1572
1571
1585
1572
1584
1585
1574
1572
1586
1581
1576
1587
1574
1585
1586
1576
1588
1539
1588
1576
1589
1586
1588
1529
1588
1539
1587
1590
1574
1554
1574
1590
1590
1548
1554
1587
1591
1590
1590
1591
1548
1587
1592
1591
1542
1548
1591
1593
1591
1592
1542
1591
1594
1593
1594
1591
1531
1542
1594
1595
1594
1593
1529
1596
1588
1589
1588
1596
1531
1594
1597
1595
1597
1594
1598
1596
1529
1599
1596
1598
1599
1589
1596
1598
1529
1600
1601
1589
1599
1601
1602
1589
1601
1595
1602
1601
1603
1595
1603
1597
1595
1603
1604
1597
1604
1531
1597
1604
1605
1531
1600
1529
1530
1605
1530
1531
1600
1530
1606
1605
1606
1530
1607
1608
1609
1610
1608
1607
1609
1611
1607
1609
1612
1611
1610
1607
1613
1614
1610
1613
1612
1615
1611
1612
1616
1615
1614
1613
1617
1618
1614
1617
1618
1617
1619
1620
1618
1619
1620
1619
1621
1622
1620
1621
1623
1607
1611
1623
1624
1607
1624
1613
1607
1625
1623
1611
1625
1611
1615
1624
1626
1613
1627
1613
1626
1627
1617
1613
1628
1617
1627
1628
1619
1617
1629
1619
1628
1629
1621
1619
1630
1625
1615
1631
1621
1629
1630
1615
1632
1633
1630
1632
1616
1632
1615
1631
1634
1621
1635
1634
1631
1621
1634
1622
1633
1632
1636
1636
1632
1616
1637
1633
1636
1636
1616
1638
1635
1639
1634
1622
1634
1639
1640
1639
1635
1639
1641
1622
1637
1636
1642
1642
1636
1638
1643
1637
1642
1642
1638
1644
1640
1645
1639
1639
1645
1641
1646
1645
1640
1645
1647
1641
1643
1642
1648
1648
1642
1644
1648
1644
1649
1650
1643
1648
1646
1651
1645
1645
1651
1647
1650
1651
1646
1651
1652
1647
1653
1648
1649
1650
1648
1653
1650
1653
1651
1652
1651
1653
1653
1649
1654
1653
1654
1652
1655
1656
1657
1655
1658
1656
1657
1656
1659
1660
1658
1655
1657
1659
1661
1660
1662
1658
1661
1659
1663
1664
1662
1660
1661
1663
1665
1664
1666
1662
1665
1663
1667
1668
1666
1664
1665
1667
1669
1668
1670
1666
1669
1667
1671
1672
1670
1668
1669
1671
1673
1672
1674
1670
1673
1671
1674
1673
1674
1672
1675
1676
1677
1675
1677
1678
1679
1676
1675
1678
1677
1680
1679
1681
1676
1678
1680
1682
1683
1681
1679
1682
1680
1684
1683
1685
1681
1682
1684
1686
1687
1685
1683
1686
1684
1688
1687
1689
1685
1686
1688
1690
1691
1689
1687
1690
1688
1692
1691
1693
1689
1690
1692
1694
1694
1693
1691
1694
1692
1693
