MESH3
Classic Car_9
2577
-0.6483485,1.440455,-0.3215013
-0.8302189,1.070596,-0.2304185
-0.8210676,1.070855,0.2453883
-0.6447016,1.429695,0.1819464
-0.6473945,1.441189,-0.1603232
-0.6483485,1.440455,-0.3215013
-0.5159465,0.9206042,2.173219
-0.5170426,0.9204658,2.182183
-0.3050104,0.9204658,2.206253
-8.470238E-10,0.4002554,1.782568
-0.5834796,0.4062179,1.787086
-0.5834796,0.3450422,0.8979974
0.5834796,0.3450422,0.8979974
0.5834796,0.4062179,1.787086
-0.5834793,0.3450421,-0.9276918
-0.5834793,0.383069,-1.8617
-8.470238E-10,0.345042,-1.85281
0.8210676,1.070855,0.2453883
0.8302189,1.070596,-0.2304185
0.6483485,1.440455,-0.3215013
0.6483485,1.440455,-0.3215013
0.6473945,1.441189,-0.1603232
0.6447016,1.429695,0.1819464
0.5159465,0.9206042,2.173219
0.3050104,0.9204658,2.206253
0.5170426,0.9204658,2.182183
0.5834793,0.3450421,-0.9276918
-8.470238E-10,0.345042,-1.85281
0.5834793,0.383069,-1.8617
-0.8303341,0.8821735,-2.51891
-0.9191954,0.8821735,-2.51891
-0.9191954,0.9329785,-2.51673
-0.8303341,0.9700187,-2.51673
-0.623895,0.8821735,-2.51891
-0.623895,0.9994198,-2.51673
-0.5684995,0.9994198,-2.51673
-0.5684995,0.8821735,-2.51891
-0.4380663,0.8821735,-2.51891
-0.3039143,0.9994198,-2.51673
-8.470238E-10,0.8821735,-2.51891
-8.470238E-10,0.9994198,-2.51673
0.3039143,0.9994198,-2.51673
0.4380663,0.8821735,-2.51891
0.5684995,0.9994198,-2.51673
0.5684995,0.8821735,-2.51891
0.623895,0.8821735,-2.51891
0.623895,0.9994198,-2.51673
0.8303341,0.9700187,-2.51673
0.8303341,0.8821735,-2.51891
0.9191954,0.9329785,-2.51673
0.9191954,0.8821735,-2.51891
-0.9191954,0.9850374,0.6077851
-0.9191954,0.6806955,0.6901799
-0.9191954,0.6806955,1.061676
-0.9191954,0.75696,1.147056
-0.9191954,0.818827,1.375194
-0.9191954,0.9084538,1.937733
-0.9191954,0.7721471,1.596833
-0.9191954,0.760392,1.937733
-0.9191954,0.7085581,1.697138
-0.9191954,0.8030689,1.377976
-0.9191954,0.7569023,1.591022
-0.9191954,0.7438457,1.156999
-0.9191954,0.6806955,1.061676
-0.9191954,0.6818886,1.081853
-0.9191954,0.6984727,1.684234
-0.9191954,0.6503347,1.716412
-0.9191954,0.6562451,1.731007
-0.9191954,0.5999864,1.746281
-0.9191954,0.6032751,1.761938
-0.9191954,0.7121409,1.954067
-0.9191954,0.6445943,1.954067
-0.3152776,1.511537,0.2685124
-8.470238E-10,1.116781,0.8298827
-8.470238E-10,1.511711,0.2775852
-0.4952627,1.117602,0.787948
-0.5892752,1.479399,0.2422909
-0.7851679,1.072111,0.6299215
0.3152776,1.511537,0.2685124
-8.470238E-10,1.511711,0.2775852
0.4952627,1.117602,0.787948
-0.3121739,1.528053,-0.1344313
-0.3149271,1.524215,0.2511623
-8.470238E-10,1.524215,0.2600981
-8.470238E-10,1.528053,-0.1277295
-0.3107973,1.528053,-0.3272282
-8.470238E-10,1.528053,-0.3216433
0.3107973,1.528053,-0.3272282
0.3121739,1.528053,-0.1344313
0.3149271,1.524215,0.2511623
-0.3360885,1.070493,-1.505884
-0.302964,1.44512,-1.312955
-8.470238E-10,1.444909,-1.312547
-8.470238E-10,1.07057,-1.506033
0.3360885,1.070493,-1.505884
-8.470238E-10,1.07057,-1.506033
0.302964,1.44512,-1.312955
-0.9191954,0.4366058,-2.339658
-0.9191954,0.4505203,-2.499653
-0.8303341,0.4505203,-2.499653
-0.8441219,0.3860044,-1.862395
-0.9191954,0.3952651,-1.864304
-0.623895,0.4505203,-2.499653
-0.5684995,0.4505203,-2.499653
-0.3039143,0.4505203,-2.499653
-8.470238E-10,0.4505203,-2.499653
-0.5834793,0.383069,-1.8617
-8.470238E-10,0.345042,-1.85281
0.3039143,0.4505203,-2.499653
0.5684995,0.4505203,-2.499653
0.623895,0.4505203,-2.499653
0.8303341,0.4505203,-2.499653
0.5834793,0.383069,-1.8617
0.8441219,0.3860044,-1.862395
0.9191954,0.4505203,-2.499653
0.9191954,0.4366058,-2.339658
0.9191954,0.3952651,-1.864304
-0.9191954,0.9393773,-2.325648
-0.9191954,0.9850372,-1.286816
-0.8481978,1.051479,-1.290143
-0.8325299,0.9800313,-2.325648
-0.9191954,0.9850372,-1.286816
-0.8581794,1.051479,-1.131937
-0.8481978,1.051479,-1.290143
-0.9191954,0.9850372,-1.152824
-0.8400794,1.051201,-0.2476249
-0.9191954,0.9850373,-0.2345651
-0.9191954,0.9850373,-0.2345651
-0.9191954,0.9850373,0.2453068
-0.8306193,1.051479,0.2452596
-0.8400794,1.051201,-0.2476249
-0.5834793,0.3450421,-0.9276918
-8.470238E-10,0.345042,-1.85281
-8.470238E-10,0.4002554,1.782568
-0.9191954,0.3450421,-0.9276699
-0.9191954,0.3450421,-0.9481675
-0.5834793,0.3450421,-0.9481675
-0.9191954,0.3450421,-0.234565
-0.9191954,0.3450422,0.2453068
-0.5834796,0.3450422,0.8979974
-0.9191954,0.3450422,0.6914691
-0.9191954,0.3450422,0.8979241
-0.4869449,1.112821,0.8160158
-0.295453,0.9317603,2.196908
-8.470238E-10,0.9317786,2.231494
-8.470238E-10,1.112808,0.8578367
0.4869449,1.112821,0.8160158
0.2954529,0.9317603,2.196908
-0.9191954,0.7569023,1.591022
-0.58348,0.7569023,1.591022
-0.58348,0.6984727,1.684234
-0.9191954,0.6984727,1.684234
-0.6262433,1.393857,-1.252463
-0.7968364,1.051479,-1.419107
-0.8481978,1.051479,-1.290143
-0.8581794,1.051479,-1.131937
-0.642477,1.429682,-1.024889
-0.8210676,1.070855,0.2453883
-0.6447016,1.429695,0.1819464
-0.6483485,1.440455,-0.3215013
-0.8208124,1.064283,0.5281818
-0.8303341,0.9206042,2.123056
-0.8303341,1.043803,0.5757738
-0.9191954,0.9850374,0.6077851
-0.9191954,0.9084538,1.937733
-0.9191954,0.9084539,2.052259
-0.8325299,0.9800313,-2.325648
-0.8481978,1.051479,-1.290143
-0.7968364,1.051479,-1.419107
-0.645152,1.005819,-2.325648
-0.8303341,0.9700187,-2.51673
-0.623895,0.9994198,-2.51673
-0.7182884,1.070621,-1.444423
-0.5733063,1.399872,-1.279597
-0.302964,1.44512,-1.312955
-0.3360885,1.070493,-1.505884
-0.6046267,1.500614,-0.1578626
-0.6037089,1.48857,0.2222285
-0.3149271,1.524215,0.2511623
-0.3121739,1.528053,-0.1344313
-0.6050856,1.500998,-0.3484211
-0.3107973,1.528053,-0.3272282
-0.8303341,1.043803,0.5757738
-0.8303341,0.9206042,2.123056
-0.7630847,0.9206042,2.144705
-0.8127732,1.057458,0.6358124
-0.8303341,1.043803,0.5757738
-0.8127732,1.057458,0.6358124
-0.6037089,1.48857,0.2222285
-0.6351686,1.448785,0.1920519
-0.5887404,1.416379,-1.267623
-0.6052545,1.465392,-1.012314
-0.3065685,1.49272,-1.004577
-0.3039143,1.464,-1.302679
-0.8303341,1.043803,0.5757738
-0.8306193,1.051479,0.2452596
-0.9191954,0.9850373,0.2453068
-0.9191954,0.9850374,0.6077851
-0.6392844,1.459861,-0.3482463
-0.6050856,1.500998,-0.3484211
-0.6052545,1.465392,-1.012314
-0.642477,1.429682,-1.024889
-0.6351686,1.448785,0.1920519
-0.6037089,1.48857,0.2222285
-0.6046267,1.500614,-0.1578626
-0.6378512,1.46057,-0.1601044
-0.6050856,1.500998,-0.3484211
-0.6392844,1.459861,-0.3482463
-0.5887404,1.416379,-1.267623
-0.6262433,1.393857,-1.252463
-0.642477,1.429682,-1.024889
-0.6052545,1.465392,-1.012314
-0.6262433,1.393857,-1.252463
-0.5887404,1.416379,-1.267623
-0.7491021,1.051479,-1.449366
-0.7968364,1.051479,-1.419107
-0.9191954,0.6187718,0.6981384
-0.9191954,0.6187719,1.016805
-0.9191954,0.6806955,1.061676
-0.9191954,0.6806955,0.6901799
-0.9191954,0.6806955,0.2453068
-0.9191954,0.6187718,0.2589169
-0.9191954,0.6187717,-0.234565
-0.9191954,0.6806954,-0.234565
-0.9191954,0.6111955,-1.003072
-0.9191954,0.6741523,-1.044694
-0.8303341,0.4692345,2.115571
-1.003307,0.4676498,2.079815
-0.9191954,0.4692345,2.044774
-0.8745753,0.4657112,2.193478
-0.7630847,0.4692346,2.137219
-0.7829288,0.4653053,2.224103
-0.3039143,0.4692346,2.189804
-0.3115939,0.46657,2.248725
-0.6636921,0.4652882,2.237876
-0.5444555,0.4652709,2.251648
-0.3403567,0.4652422,2.274683
-0.2889467,0.4652379,2.281621
-8.470238E-10,0.4692346,2.225505
-8.470238E-10,0.4652386,2.313866
0.3115939,0.46657,2.248725
0.2889467,0.4652379,2.281621
0.3403567,0.4652422,2.274683
0.5444555,0.4652709,2.251648
0.6636921,0.4652882,2.237876
0.3039143,0.4692346,2.189804
0.7829288,0.4653053,2.224103
0.7630847,0.4692346,2.137219
0.8745753,0.4657112,2.193478
0.8303341,0.4692345,2.115571
1.003307,0.4676498,2.079815
0.9191954,0.4692345,2.044774
-1.001579,0.6440532,2.087977
-0.8742636,0.6435196,2.198154
-0.8744171,0.6947488,2.197295
-1.001911,0.6940424,2.086529
-0.9191954,0.6277528,-2.33827
-1.005832,0.6277528,-2.33827
-1.005832,0.4366058,-2.339658
-0.9191954,0.4366058,-2.339658
-0.9191954,0.4512405,1.954067
-1.010697,0.4512405,1.954067
-1.010697,0.6445943,1.954067
-0.9191954,0.6445943,1.954067
-0.9191954,0.4366058,-2.339658
-1.005832,0.4366058,-2.339658
-0.9841281,0.4437914,-2.555091
-0.9191954,0.4505203,-2.499653
-0.5444555,0.4652709,2.251648
-0.3403567,0.4652422,2.274683
-0.3403658,0.5874305,2.279201
-0.539055,0.5874399,2.256793
-0.6636921,0.4652882,2.237876
-0.660953,0.6433919,2.242715
-0.7829288,0.4653053,2.224103
-0.7828512,0.6433978,2.228637
-0.2889467,0.4652379,2.281621
-8.470238E-10,0.4652386,2.313866
-8.470238E-10,0.5874323,2.318383
-0.2889558,0.5874294,2.286138
-0.7630847,0.7121409,2.140564
-0.6577985,0.7133546,2.223033
-0.650216,0.7121409,2.15349
-0.7787022,0.7133489,2.209067
-0.8303341,0.7121409,2.118915
-0.8650229,0.713222,2.180226
-0.9191954,0.7121409,2.048118
-0.9832418,0.7126561,2.077336
-0.9191954,0.7121409,1.954067
-0.9913269,0.7121409,1.954067
-0.8303341,0.6896765,-2.521089
-0.9557834,0.6851968,-2.55931
-0.9191954,0.6896765,-2.521089
-0.8303341,0.6829619,-2.578377
-0.623895,0.6896765,-2.521089
-0.623895,0.6829505,-2.578475
-0.5684995,0.6896765,-2.521089
-0.5684995,0.682943,-2.57854
-0.8742636,0.6435196,2.198154
-0.7828512,0.6433978,2.228637
-0.7828935,0.6949062,2.227849
-0.8744171,0.6947488,2.197295
-0.623895,0.4403562,-2.583394
-0.623895,0.4353125,-2.63207
-0.5684995,0.4353125,-2.63207
-0.5684995,0.4403562,-2.583394
-0.9191954,0.4505203,-2.499653
-0.9841281,0.4437914,-2.555091
-0.8303341,0.4403562,-2.583394
-0.8303341,0.4505203,-2.499653
-0.623895,0.4403562,-2.583394
-0.623895,0.4505203,-2.499653
-0.5684995,0.4403562,-2.583394
-0.5684995,0.4505203,-2.499653
-0.3039143,0.4403562,-2.583394
-0.3039143,0.4505203,-2.499653
-8.470238E-10,0.4403562,-2.583394
-8.470238E-10,0.4505203,-2.499653
0.3039143,0.4505203,-2.499653
0.3039143,0.4403562,-2.583394
0.5684995,0.4505203,-2.499653
0.5684995,0.4403562,-2.583394
0.623895,0.4505203,-2.499653
0.623895,0.4403562,-2.583394
0.8303341,0.4505203,-2.499653
0.8303341,0.4403562,-2.583394
0.9191954,0.4505203,-2.499653
0.9841281,0.4437914,-2.555091
-0.3065685,1.49272,-1.004577
-0.3107973,1.528053,-0.3272282
-8.470238E-10,1.528053,-0.3216433
-8.470238E-10,1.49272,-1.002424
-0.3039143,1.464,-1.302679
-8.470238E-10,1.464,-1.302679
0.3039143,1.464,-1.302679
0.3065685,1.49272,-1.004577
0.3107973,1.528053,-0.3272282
-0.6052545,1.465392,-1.012314
-0.6050856,1.500998,-0.3484211
-0.3107973,1.528053,-0.3272282
-0.3065685,1.49272,-1.004577
-0.8478771,1.070761,-1.104414
-0.8301532,1.070132,-0.2743653
-0.649787,1.440131,-0.3653217
-0.6522162,1.411169,-1.007901
-0.9191954,0.4692345,2.044774
-1.003307,0.4676498,2.079815
-1.010697,0.4512405,1.954067
-0.9191954,0.4512405,1.954067
-1.010697,0.6445943,1.954067
-1.001579,0.6440532,2.087977
-1.001911,0.6940424,2.086529
-1.010697,0.6933724,1.954067
-0.9191954,0.6097466,-1.73105
-0.9191954,0.3952651,-1.864304
-0.9191954,0.3952651,-1.84209
-0.9191954,0.6187716,-1.743953
-0.9191954,0.4366058,-2.339658
-0.9191954,0.6277528,-2.33827
-0.9191954,0.6716702,-1.687738
-0.9191954,0.6187716,-1.743953
-0.9191954,0.6097466,-1.73105
-0.9191954,0.6806953,-1.700642
-0.9191954,0.7009413,-1.667265
-0.9191954,0.7131895,-1.677914
-0.9191954,0.7755532,-1.520706
-0.9191954,0.6896765,-2.325648
-0.9191954,0.7909927,-1.525087
-0.9191954,0.798768,-1.338798
-0.9191954,0.7461438,-2.325648
-0.9191954,0.6896765,-2.521089
-0.9191954,0.7461438,-2.52
-0.9191954,0.791487,-2.325648
-0.9191954,0.8143806,-1.33675
-0.9191954,0.7581753,-1.170362
-0.9191954,0.8368303,-2.325648
-0.9191954,0.7733821,-1.165221
-0.9191954,0.7035671,-1.093882
-0.9191954,0.9850372,-1.286816
-0.9191954,0.8821735,-2.325648
-0.9191954,0.9393773,-2.325648
-0.9191954,0.9329785,-2.51673
-0.9191954,0.8821735,-2.51891
-0.9191954,0.9850372,-1.152824
-0.9191954,0.9850373,-0.2345651
-0.9191954,0.7146382,-1.081543
-0.9191954,0.6736503,-1.064779
-0.9191954,0.6741523,-1.044694
-0.9191954,0.6806954,-0.234565
-0.9191954,0.9850373,0.2453068
-0.9191954,0.6806955,0.2453068
-0.9191954,0.9850374,0.6077851
-0.9191954,0.6806955,0.6901799
-0.9191954,0.5503424,-0.9935759
-0.9191954,0.6111955,-1.003072
-0.9191954,0.6119857,-1.022196
-0.9191954,0.5555645,-0.9786718
-0.9191954,0.3450421,-0.9481675
-0.9191954,0.3450421,-0.9276699
-0.9191954,0.6187717,-0.234565
-0.9191954,0.3450421,-0.234565
-0.9191954,0.6187718,0.2589169
-0.9191954,0.3450422,0.2453068
-0.9191954,0.3450422,0.6914691
-0.9191954,0.6187718,0.6981384
-0.9191954,0.3450422,0.8979241
-0.9191954,0.5659196,0.9785061
-0.9191954,0.6187719,1.016805
-0.9191954,0.6178579,1.035588
-0.9191954,0.5578509,0.9921052
-0.9191954,0.3450422,0.9155436
-0.9191954,0.6119857,-1.022196
-0.9191954,0.6111955,-1.003072
-0.9191954,0.6741523,-1.044694
-0.9191954,0.6736503,-1.064779
-0.9191954,0.4144239,1.772581
-0.9191954,0.6032751,1.761938
-0.9191954,0.5999864,1.746281
-0.9191954,0.4176718,1.78871
-0.9191954,0.6445943,1.954067
-0.9191954,0.4512405,1.954067
-0.9191954,0.6818886,1.081853
-0.9191954,0.6806955,1.061676
-0.9191954,0.6187719,1.016805
-0.9191954,0.6178579,1.035588
-1.003307,0.4676498,2.079815
-0.8745753,0.4657112,2.193478
-0.8742636,0.6435196,2.198154
-1.001579,0.6440532,2.087977
-0.8745753,0.4657112,2.193478
-0.7829288,0.4653053,2.224103
-0.7828512,0.6433978,2.228637
-0.8742636,0.6435196,2.198154
-1.010697,0.4512405,1.954067
-1.003307,0.4676498,2.079815
-1.001579,0.6440532,2.087977
-1.010697,0.6445943,1.954067
-0.9191954,0.6445943,1.954067
-1.010697,0.6445943,1.954067
-1.010697,0.6933724,1.954067
-0.9913269,0.7121409,1.954067
-0.9191954,0.7121409,1.954067
-0.539055,0.5874399,2.256793
-0.3403658,0.5874305,2.279201
-0.3403651,0.6389846,2.278422
-0.5368655,0.6389738,2.256265
-0.660953,0.6433919,2.242715
-0.6598794,0.694913,2.242057
-0.7828512,0.6433978,2.228637
-0.7828935,0.6949062,2.227849
-0.6577985,0.7133546,2.223033
-0.6598794,0.694913,2.242057
-0.5368655,0.6389738,2.256265
-0.5368949,0.6574143,2.236999
-0.8650229,0.713222,2.180226
-0.8744171,0.6947488,2.197295
-0.7828935,0.6949062,2.227849
-0.7787022,0.7133489,2.209067
-0.9832418,0.7126561,2.077336
-1.001911,0.6940424,2.086529
-0.8744171,0.6947488,2.197295
-0.8650229,0.713222,2.180226
-0.293846,0.5866886,2.320494
-0.3452559,0.5866897,2.313557
-0.3452468,0.4645014,2.30904
-0.2938369,0.4644971,2.315977
-0.9913269,0.7121409,1.954067
-1.010697,0.6933724,1.954067
-1.001911,0.6940424,2.086529
-0.9832418,0.7126561,2.077336
-0.8127732,1.057458,0.6358124
-0.7630847,0.9206042,2.144705
-0.3050104,0.9204658,2.206253
-0.4993923,1.104248,0.8045178
-0.3124579,0.6574251,2.262925
-0.5368949,0.6574143,2.236999
-0.5368655,0.6389738,2.256265
-0.3127275,0.6573735,2.262978
-0.3403651,0.6389846,2.278422
-8.470238E-10,0.6574202,2.298351
-0.2889552,0.6389862,2.285359
-8.470238E-10,0.638986,2.317605
-0.2889558,0.5874294,2.286138
-8.470238E-10,0.5874323,2.318383
-8.470238E-10,0.638986,2.317605
-0.2889552,0.6389862,2.285359
-0.5355547,0.760392,2.1681
-0.7630847,0.760392,2.141821
-0.7630847,0.7121409,2.140564
-0.650216,0.7121409,2.15349
-0.5479789,0.6622568,2.165015
-0.5355547,0.6754493,2.166727
-0.515916,0.6561947,2.168682
-0.7787022,0.7133489,2.209067
-0.7828935,0.6949062,2.227849
-0.6598794,0.694913,2.242057
-0.6577985,0.7133546,2.223033
-0.2889467,0.4652379,2.281621
-0.2938369,0.4644971,2.315977
-0.3452468,0.4645014,2.30904
-0.3403567,0.4652422,2.274683
-0.2889558,0.5874294,2.286138
-0.2938369,0.4644971,2.315977
-0.2889467,0.4652379,2.281621
-0.293846,0.5866886,2.320494
-0.2889552,0.6389862,2.285359
-0.2938453,0.6382455,2.319715
-0.2938453,0.6382455,2.319715
-0.3452552,0.6382437,2.312778
-0.3452559,0.5866897,2.313557
-0.293846,0.5866886,2.320494
-0.3403658,0.5874305,2.279201
-0.3452552,0.6382437,2.312778
-0.3403651,0.6389846,2.278422
-0.3452559,0.5866897,2.313557
-0.3403567,0.4652422,2.274683
-0.3452468,0.4645014,2.30904
-0.3403651,0.6389846,2.278422
-0.3452552,0.6382437,2.312778
-0.2938453,0.6382455,2.319715
-0.2889552,0.6389862,2.285359
-0.8303341,0.7121409,2.118915
-0.7630847,0.7121409,2.140564
-0.7630847,0.760392,2.141821
-0.8303341,0.760392,2.120172
-0.9191954,0.7121409,2.048118
-0.8303341,0.7121409,2.118915
-0.8303341,0.760392,2.120172
-0.9191954,0.760392,2.049375
-0.303951,0.6753101,2.174966
-8.470238E-10,0.6753101,2.210674
-8.470238E-10,0.760392,2.212101
-0.3039143,0.760392,2.1764
-8.470238E-10,0.9014879,2.214271
-0.3038841,0.9014881,2.178561
-0.4964186,0.6753101,2.152754
-0.4964492,0.901488,2.156708
-0.5160557,0.760392,2.151862
-0.516057,0.6945651,2.150799
-0.5160573,0.882278,2.154126
-0.5479789,0.6622568,2.165015
-0.650216,0.7121409,2.15349
-0.6577985,0.7133546,2.223033
-0.515916,0.6561947,2.168682
-0.5368949,0.6574143,2.236999
-0.515916,0.6561947,2.168682
-0.5170121,0.6560563,2.177646
-0.5366508,0.6753109,2.17569
-0.5355547,0.6754493,2.166727
-0.5368949,0.6574143,2.236999
-0.3039143,0.6561947,2.193148
-0.515916,0.6561947,2.168682
-0.3124579,0.6574251,2.262925
-8.470238E-10,0.6574202,2.298351
-8.470238E-10,0.6561947,2.22885
0.3039143,0.6561947,2.193148
0.3124579,0.6574251,2.262925
0.5368949,0.6574143,2.236999
0.515916,0.6561947,2.168682
-0.3038841,0.9014881,2.178561
-0.4975453,0.9013495,2.184153
-0.4964492,0.901488,2.156708
-0.3049802,0.9013497,2.206006
-8.470238E-10,0.9014879,2.214271
-8.470238E-10,0.9013495,2.241716
0.3049802,0.9013497,2.206006
0.3038841,0.9014881,2.178561
0.4975453,0.9013495,2.184153
0.4964492,0.901488,2.156708
-0.9191954,0.7085581,1.697138
-0.9191954,0.6562451,1.731007
-0.9191954,0.7121409,1.954067
-0.9191954,0.760392,1.937733
-0.9191954,0.7121409,2.048118
-0.9191954,0.760392,2.049375
-0.5355545,0.9119906,2.169688
-0.5494405,0.9069915,2.169144
-0.5494404,0.7740047,2.166741
-0.5355547,0.9013931,2.170646
-0.5355547,0.760392,2.1681
-0.763137,0.7740049,2.142052
-0.7630847,0.760392,2.141821
-0.8296456,0.9069864,2.123336
-0.8303341,0.9206042,2.123056
-0.9191954,0.9084539,2.052259
-0.9185448,0.8948389,2.05265
-0.7630324,0.9069914,2.144474
-0.7630847,0.9206042,2.144705
-0.8303341,0.9206042,2.123056
-0.8296456,0.9069864,2.123336
-0.9185448,0.8948389,2.05265
-0.9191954,0.9084539,2.052259
-0.9191954,0.9084538,1.937733
-0.9191954,0.8948389,1.951348
-0.9191954,0.760392,1.937733
-0.9191954,0.7740068,1.951348
-0.9191954,0.760392,2.049375
-0.9192595,0.7740069,2.049451
-0.8304358,0.7740053,2.120359
-0.8303341,0.760392,2.120172
-0.7630847,0.760392,2.141821
-0.763137,0.7740049,2.142052
-0.9192595,0.7740069,2.049451
-0.9191954,0.760392,2.049375
-0.8303341,0.760392,2.120172
-0.8304358,0.7740053,2.120359
-0.5355545,0.9206042,2.16939
-0.7630847,0.9206042,2.144705
-0.7630324,0.9069914,2.144474
-0.5494405,0.9069915,2.169144
-0.5355545,0.9119906,2.169688
-0.5159465,0.9206042,2.173219
-0.5355545,0.9206042,2.16939
-0.5355545,0.9119906,2.169688
-0.5355547,0.9013931,2.170646
-0.4964492,0.901488,2.156708
-0.4975453,0.9013495,2.184153
-0.5171534,0.8821395,2.181571
-0.5160573,0.882278,2.154126
-0.5355547,0.6754493,2.166727
-0.5366508,0.6753109,2.17569
-0.5366508,0.7602535,2.177064
-0.5355547,0.760392,2.1681
-0.5366508,0.9012546,2.17961
-0.5355547,0.9013931,2.170646
-8.470238E-10,0.9013495,2.241716
-8.470238E-10,0.9204658,2.241955
-0.3050104,0.9204658,2.206253
-0.3049802,0.9013497,2.206006
-0.5170426,0.9204658,2.182183
-0.4975453,0.9013495,2.184153
-0.5171534,0.8821395,2.181571
-0.5366508,0.9012546,2.17961
-0.5366508,0.7602535,2.177064
-0.5171518,0.7602535,2.179307
-0.5366508,0.6753109,2.17569
-0.5171531,0.6944267,2.178243
-0.4975147,0.6751717,2.180199
-0.5170121,0.6560563,2.177646
-0.3050104,0.6560563,2.202112
-0.3050471,0.6751717,2.202411
-8.470238E-10,0.6560563,2.237814
-8.470238E-10,0.6751716,2.238119
-0.5160573,0.882278,2.154126
-0.5171534,0.8821395,2.181571
-0.5171518,0.7602535,2.179307
-0.5160557,0.760392,2.151862
-0.5171531,0.6944267,2.178243
-0.516057,0.6945651,2.150799
-0.3039143,0.6561947,2.193148
-0.5170121,0.6560563,2.177646
-0.515916,0.6561947,2.168682
-0.3050104,0.6560563,2.202112
-8.470238E-10,0.6561947,2.22885
-8.470238E-10,0.6560563,2.237814
0.3050104,0.6560563,2.202112
0.3039143,0.6561947,2.193148
0.5170121,0.6560563,2.177646
0.515916,0.6561947,2.168682
-0.516057,0.6945651,2.150799
-0.5171531,0.6944267,2.178243
-0.4975147,0.6751717,2.180199
-0.4964186,0.6753101,2.152754
-0.5355547,0.9013931,2.170646
-0.5366508,0.9012546,2.17961
-0.5170426,0.9204658,2.182183
-0.5159465,0.9206042,2.173219
-0.4964186,0.6753101,2.152754
-0.4975147,0.6751717,2.180199
-0.3050471,0.6751717,2.202411
-0.303951,0.6753101,2.174966
-8.470238E-10,0.6751716,2.238119
-8.470238E-10,0.6753101,2.210674
0.303951,0.6753101,2.174966
0.3050471,0.6751717,2.202411
0.4964186,0.6753101,2.152754
0.4975147,0.6751717,2.180199
-0.9191954,0.6277528,-2.33827
-0.9191954,0.6187716,-1.743953
-0.9191954,0.6806953,-1.700642
-0.9191954,0.6896765,-2.325648
-0.3039143,0.6488133,-2.521089
-0.3039143,0.6420755,-2.578577
-0.5684995,0.682943,-2.57854
-0.5684995,0.6896765,-2.521089
-0.9191954,0.6896765,-2.521089
-0.9557834,0.6851968,-2.55931
-0.9807497,0.6896765,-2.337855
-0.9191954,0.6896765,-2.325648
-0.8303341,0.4403562,-2.583394
-0.9841281,0.4437914,-2.555091
-0.9804164,0.6206828,-2.573099
-0.8303341,0.6177608,-2.597593
-0.9191954,0.6896765,-2.325648
-0.9807497,0.6896765,-2.337855
-1.005832,0.6277528,-2.33827
-0.9191954,0.6277528,-2.33827
-0.623895,0.4403562,-2.583394
-0.8303341,0.4403562,-2.583394
-0.8303341,0.6177608,-2.597593
-0.623895,0.6177608,-2.597593
-0.3039143,0.4403562,-2.583394
-0.5684995,0.4403562,-2.583394
-0.5684995,0.6177608,-2.597593
-0.3039143,0.5880913,-2.601823
-8.470238E-10,0.4403562,-2.583394
-8.470238E-10,0.5847232,-2.601823
0.3039143,0.5880913,-2.601823
0.3039143,0.4403562,-2.583394
0.5684995,0.6177608,-2.597593
0.5684995,0.4403562,-2.583394
-0.9841281,0.4437914,-2.555091
-1.005832,0.4366058,-2.339658
-1.005832,0.6277528,-2.33827
-0.9804164,0.6206828,-2.573099
-0.5684995,0.6177608,-2.597593
-0.5684995,0.6127172,-2.64627
-0.623895,0.6127171,-2.64627
-0.623895,0.6177608,-2.597593
-8.470238E-10,0.6387053,-2.578588
-0.3039143,0.5880913,-2.601823
-0.3039143,0.6420755,-2.578577
-8.470238E-10,0.5847232,-2.601823
0.3039143,0.5880913,-2.601823
0.3039143,0.6420755,-2.578577
-0.3039143,0.6420755,-2.578577
-0.3039143,0.5880913,-2.601823
-0.5684995,0.6177608,-2.597593
-0.5684995,0.682943,-2.57854
-0.8303341,0.6829619,-2.578377
-0.8303341,0.6177608,-2.597593
-0.9804164,0.6206828,-2.573099
-0.9557834,0.6851968,-2.55931
-0.623895,0.6829505,-2.578475
-0.8303341,0.6177608,-2.597593
-0.8303341,0.6829619,-2.578377
-0.623895,0.6177608,-2.597593
-0.5684995,0.682943,-2.57854
-0.5684995,0.6177608,-2.597593
-0.9557834,0.6851968,-2.55931
-0.9804164,0.6206828,-2.573099
-1.005832,0.6277528,-2.33827
-0.9807497,0.6896765,-2.337855
-8.470238E-10,0.6454445,-2.521089
-0.3039143,0.6420755,-2.578577
-0.3039143,0.6488133,-2.521089
-8.470238E-10,0.6387053,-2.578588
0.3039143,0.6420755,-2.578577
0.3039143,0.6488133,-2.521089
-0.623895,0.4353125,-2.63207
-0.623895,0.6127171,-2.64627
-0.5684995,0.6127172,-2.64627
-0.5684995,0.4353125,-2.63207
-0.5684995,0.4403562,-2.583394
-0.5684995,0.4353125,-2.63207
-0.5684995,0.6127172,-2.64627
-0.5684995,0.6177608,-2.597593
-0.623895,0.6177608,-2.597593
-0.623895,0.6127171,-2.64627
-0.623895,0.4353125,-2.63207
-0.623895,0.4403562,-2.583394
-0.3039143,0.4692346,2.189804
-0.7630847,0.4692346,2.137219
-0.8303341,0.4692345,2.115571
-8.470238E-10,0.4692346,2.225505
-0.9191954,0.4692345,2.044774
-0.9191954,0.4512405,1.954067
-0.9191954,0.4176718,1.78871
-0.5834796,0.4062179,1.787086
-8.470238E-10,0.4002554,1.782568
0.5834796,0.4062179,1.787086
0.9191954,0.4176718,1.78871
0.9191954,0.4512405,1.954067
0.9191954,0.4692345,2.044774
0.8303341,0.4692345,2.115571
0.3039143,0.4692346,2.189804
0.7630847,0.4692346,2.137219
-0.7630847,0.9206042,2.144705
-0.5355545,0.9206042,2.16939
-0.5159465,0.9206042,2.173219
-0.3050104,0.9204658,2.206253
-0.9191954,0.6503347,1.716412
-0.58348,0.6503347,1.716412
-0.58348,0.5999864,1.746281
-0.9191954,0.5999864,1.746281
-0.9191954,0.8030689,1.377976
-0.58348,0.8030689,1.377976
-0.58348,0.7569023,1.591022
-0.9191954,0.7569023,1.591022
-0.9191954,0.5578509,0.9921052
-0.58348,0.5578509,0.9921052
-0.58348,0.6178579,1.035588
-0.9191954,0.6178579,1.035588
-0.58348,0.6818886,1.081853
-0.9191954,0.6818886,1.081853
-0.9191954,0.6818886,1.081853
-0.58348,0.6818886,1.081853
-0.58348,0.7438457,1.156999
-0.9191954,0.7438457,1.156999
-0.9191954,0.6984727,1.684234
-0.58348,0.6984727,1.684234
-0.58348,0.6503347,1.716412
-0.9191954,0.6503347,1.716412
-0.9191954,0.5999864,1.746281
-0.58348,0.5999864,1.746281
-0.58348,0.4144239,1.772581
-0.9191954,0.4144239,1.772581
-0.9191954,0.3450422,0.9155436
-0.58348,0.3450422,0.9155436
-0.58348,0.5578509,0.9921052
-0.9191954,0.5578509,0.9921052
-0.9191954,0.7438457,1.156999
-0.58348,0.7438457,1.156999
-0.58348,0.8030689,1.377976
-0.9191954,0.8030689,1.377976
-0.58348,0.7569023,1.591022
-0.58348,0.8030689,1.377976
-0.58348,0.7438457,1.156999
-0.58348,0.6984727,1.684234
-0.58348,0.6818886,1.081853
-0.58348,0.6503347,1.716412
-0.58348,0.6178579,1.035588
-0.58348,0.5999864,1.746281
-0.58348,0.5578509,0.9921052
-0.58348,0.4144239,1.772581
-0.58348,0.3450422,0.9155436
-0.5834796,0.3450422,0.8979974
-0.5834796,0.4062179,1.787086
-0.9191954,0.5503424,-0.9935759
-0.5834793,0.5503424,-0.9935759
-0.5834793,0.3450421,-0.9481675
-0.9191954,0.3450421,-0.9481675
-0.9191954,0.7009413,-1.667265
-0.5834793,0.7009413,-1.667265
-0.5834793,0.7755532,-1.520706
-0.9191954,0.7755532,-1.520706
-0.9191954,0.3952651,-1.84209
-0.5834793,0.383069,-1.84209
-0.5834793,0.6097466,-1.73105
-0.9191954,0.6097466,-1.73105
-0.9191954,0.6119857,-1.022196
-0.5834793,0.6119857,-1.022196
-0.5834793,0.5503424,-0.9935759
-0.9191954,0.5503424,-0.9935759
-0.9191954,0.6716702,-1.687738
-0.5834793,0.7009413,-1.667265
-0.9191954,0.7009413,-1.667265
-0.5834793,0.6716702,-1.687738
-0.9191954,0.6097466,-1.73105
-0.5834793,0.6097466,-1.73105
-0.9191954,0.798768,-1.338798
-0.5834793,0.798768,-1.338798
-0.5834793,0.7581753,-1.170362
-0.9191954,0.7581753,-1.170362
-0.9191954,0.7035671,-1.093882
-0.5834793,0.7035671,-1.093882
-0.5834793,0.6736503,-1.064779
-0.9191954,0.6736503,-1.064779
-0.9191954,0.7755532,-1.520706
-0.5834793,0.7755532,-1.520706
-0.5834793,0.798768,-1.338798
-0.9191954,0.798768,-1.338798
-0.9191954,0.6736503,-1.064779
-0.5834793,0.6736503,-1.064779
-0.5834793,0.6119857,-1.022196
-0.9191954,0.6119857,-1.022196
-0.9191954,0.7581753,-1.170362
-0.5834793,0.7581753,-1.170362
-0.5834793,0.7035671,-1.093882
-0.9191954,0.7035671,-1.093882
-0.5834793,0.383069,-1.84209
-0.5834793,0.3450421,-0.9481675
-0.5834793,0.5503424,-0.9935759
-0.5834793,0.6097466,-1.73105
-0.5834793,0.6119857,-1.022196
-0.5834793,0.6716702,-1.687738
-0.5834793,0.6736503,-1.064779
-0.5834793,0.7009413,-1.667265
-0.5834793,0.7035671,-1.093882
-0.5834793,0.7755532,-1.520706
-0.5834793,0.7581753,-1.170362
-0.5834793,0.798768,-1.338798
-0.9191954,0.3450422,0.9155436
-0.9191954,0.3450422,0.8979241
-0.5834796,0.3450422,0.8979974
-0.58348,0.3450422,0.9155436
-0.9191954,0.4144239,1.772581
-0.58348,0.4144239,1.772581
-0.5834796,0.4062179,1.787086
-0.9191954,0.4176718,1.78871
-0.9191954,0.3952651,-1.84209
-0.9191954,0.3952651,-1.864304
-0.8441219,0.3860044,-1.862395
-0.5834793,0.383069,-1.8617
-0.5834793,0.383069,-1.84209
-8.470238E-10,0.7666669,-2.519832
-0.2894545,0.7666669,-2.519832
-0.2894545,0.791487,-2.519636
-0.2894545,0.8368303,-2.519273
-0.2894545,0.8616504,-2.519077
-8.470238E-10,0.8616504,-2.519077
0.2894545,0.7666669,-2.519832
0.2894545,0.8616504,-2.519077
0.2894545,0.791487,-2.519636
0.2894545,0.8368303,-2.519273
-0.8303341,0.6896765,-2.521089
-0.9191954,0.6896765,-2.521089
-0.9191954,0.7461438,-2.52
-0.8303341,0.7461438,-2.52
-0.623895,0.6896765,-2.521089
-0.623895,0.7461438,-2.52
-0.5684995,0.7461438,-2.52
-0.5684995,0.6896765,-2.521089
-0.3039143,0.6488133,-2.521089
-0.4380663,0.7461438,-2.52
-8.470238E-10,0.6454445,-2.521089
-8.470238E-10,0.7461438,-2.52
0.4380663,0.7461438,-2.52
0.3039143,0.6488133,-2.521089
0.5684995,0.7461438,-2.52
0.5684995,0.6896765,-2.521089
0.623895,0.6896765,-2.521089
0.623895,0.7461438,-2.52
0.8303341,0.7461438,-2.52
0.8303341,0.6896765,-2.521089
0.9191954,0.7461438,-2.52
0.9191954,0.6896765,-2.521089
-0.9191954,0.9329785,-2.51673
-0.9191954,0.9393773,-2.325648
-0.8325299,0.9800313,-2.325648
-0.8303341,0.9700187,-2.51673
-0.7491021,1.051479,-1.449366
-0.645152,1.005819,-2.325648
-0.7968364,1.051479,-1.419107
-0.5906982,1.005819,-2.325648
-0.623895,0.9994198,-2.51673
-0.3369528,1.051479,-1.515901
-0.5684995,0.9994198,-2.51673
-0.3079752,1.005819,-2.325648
-0.3039143,0.9994198,-2.51673
-8.470238E-10,1.051479,-1.515901
-8.470238E-10,1.005819,-2.325648
-8.470238E-10,0.9994198,-2.51673
0.3039143,0.9994198,-2.51673
0.3079752,1.005819,-2.325648
0.3369528,1.051479,-1.515901
0.5684995,0.9994198,-2.51673
0.5906982,1.005819,-2.325648
0.623895,0.9994198,-2.51673
0.7491021,1.051479,-1.449366
0.645152,1.005819,-2.325648
0.7968363,1.051479,-1.419107
-0.8303341,0.7461438,-2.52
-0.9191954,0.7461438,-2.52
-0.9191954,0.756748,-2.519957
-0.8303341,0.7567476,-2.519915
-0.623895,0.7461438,-2.52
-0.623895,0.7567476,-2.519915
-0.5684995,0.7461438,-2.52
-0.5684995,0.7567476,-2.519915
-0.4380663,0.7461438,-2.52
-0.4489571,0.7567476,-2.519915
-0.4489571,0.791487,-2.519636
-0.4489571,0.8368303,-2.519273
-0.4489571,0.8715697,-2.518995
-0.4380663,0.8821735,-2.51891
-0.4380663,0.791487,-2.519636
-0.4380663,0.8368303,-2.519273
-0.5684995,0.8821735,-2.51891
-0.5684995,0.8715697,-2.518995
-0.623895,0.8821735,-2.51891
-0.623895,0.8715697,-2.518995
-0.8303341,0.8821735,-2.51891
-0.8303341,0.8715697,-2.518995
-0.9191954,0.8821735,-2.51891
-0.9191954,0.8715694,-2.518952
-0.9191954,0.8821735,-2.51891
-0.9191954,0.8715694,-2.518952
-0.9191954,0.8715694,-2.336252
-0.9191954,0.8821735,-2.325648
-0.9191954,0.8368303,-2.325648
-0.9191954,0.8368303,-2.336252
-0.9191954,0.791487,-2.325648
-0.9191954,0.791487,-2.336252
-0.9191954,0.756748,-2.336252
-0.9191954,0.7461438,-2.325648
-0.9191954,0.756748,-2.519957
-0.9191954,0.7461438,-2.52
-0.2996424,0.8715697,-2.518998
-0.2996424,0.8368303,-2.519273
-0.2996424,0.791487,-2.519636
-0.2996424,0.7567476,-2.519911
-0.4380663,0.8821735,-2.51891
-8.470238E-10,0.8821735,-2.51891
-8.470238E-10,0.8715697,-2.518998
-0.4380663,0.8368303,-2.519273
0.2996424,0.8715697,-2.518998
-0.4380663,0.791487,-2.519636
-0.4380663,0.7461438,-2.52
-8.470238E-10,0.7461438,-2.52
-8.470238E-10,0.7567476,-2.519911
0.4380663,0.7461438,-2.52
0.2996424,0.7567476,-2.519911
0.2996424,0.791487,-2.519636
0.2996424,0.8368303,-2.519273
0.4380663,0.8821735,-2.51891
0.4380663,0.791487,-2.519636
0.4380663,0.8368303,-2.519273
-0.7851679,1.072111,0.6299215
-0.8127732,1.057458,0.6358124
-0.4993923,1.104248,0.8045178
-0.4952627,1.117602,0.787948
-0.3152776,1.511537,0.2685124
-0.3149271,1.524215,0.2511623
-0.6037089,1.48857,0.2222285
-0.5892752,1.479399,0.2422909
-0.5733063,1.399872,-1.279597
-0.3039143,1.464,-1.302679
-0.302964,1.44512,-1.312955
-0.5887404,1.416379,-1.267623
-0.7182884,1.070621,-1.444423
-0.7491021,1.051479,-1.449366
-0.3360885,1.070493,-1.505884
-0.3369528,1.051479,-1.515901
-0.5892752,1.479399,0.2422909
-0.6037089,1.48857,0.2222285
-0.8127732,1.057458,0.6358124
-0.7851679,1.072111,0.6299215
-0.4952627,1.117602,0.787948
-0.4993923,1.104248,0.8045178
-8.470238E-10,1.104248,0.8474095
-8.470238E-10,1.116781,0.8298827
-8.470238E-10,1.511711,0.2775852
-0.3149271,1.524215,0.2511623
-0.3152776,1.511537,0.2685124
-8.470238E-10,1.524215,0.2600981
0.3149271,1.524215,0.2511623
0.3152776,1.511537,0.2685124
-0.302964,1.44512,-1.312955
-0.3039143,1.464,-1.302679
-8.470238E-10,1.464,-1.302679
-8.470238E-10,1.444909,-1.312547
0.302964,1.44512,-1.312955
0.3039143,1.464,-1.302679
-8.470238E-10,1.07057,-1.506033
-0.3369528,1.051479,-1.515901
-0.3360885,1.070493,-1.505884
-8.470238E-10,1.051479,-1.515901
0.3369528,1.051479,-1.515901
0.3360885,1.070493,-1.505884
-0.6447016,1.429695,0.1819464
-0.6378512,1.46057,-0.1601044
-0.6473945,1.441189,-0.1603232
-0.6351686,1.448785,0.1920519
-0.8208124,1.064283,0.5281818
-0.6447016,1.429695,0.1819464
-0.8303341,1.043803,0.5757738
-0.8210676,1.070855,0.2453883
-0.8306193,1.051479,0.2452596
-0.8302189,1.070596,-0.2304185
-0.8400794,1.051201,-0.2476249
-0.6483485,1.440455,-0.3215013
-0.6392844,1.459861,-0.3482463
-0.6473945,1.441189,-0.1603232
-0.6378512,1.46057,-0.1601044
-0.8301532,1.070132,-0.2743653
-0.8478771,1.070761,-1.104414
-0.649787,1.440131,-0.3653217
-0.8581794,1.051479,-1.131937
-0.642477,1.429682,-1.024889
-0.6522162,1.411169,-1.007901
-0.295453,0.9317603,2.196908
-0.3050104,0.9204658,2.206253
-8.470238E-10,0.9204658,2.241955
-8.470238E-10,0.9317786,2.231494
-8.470238E-10,1.112808,0.8578367
-8.470238E-10,1.104248,0.8474095
-0.4993923,1.104248,0.8045178
-0.4869449,1.112821,0.8160158
-0.4869449,1.112821,0.8160158
-0.4993923,1.104248,0.8045178
-0.3050104,0.9204658,2.206253
-0.295453,0.9317603,2.196908
-0.04588785,0.760392,2.232745
-0.04588785,0.9014881,2.230993
-0.07442538,0.9014881,2.22734
-0.07445552,0.760392,2.229093
-0.04588785,0.6753101,2.233908
-0.07449222,0.6753101,2.230255
-0.04588785,0.759906,2.198746
-0.07442538,0.9010022,2.200342
-0.04588785,0.9010022,2.196994
-0.07445552,0.759906,2.202095
-0.04588785,0.6748241,2.199909
-0.07449222,0.6748242,2.203258
-0.04588785,0.9014881,2.230993
-0.04588785,0.9010022,2.196994
-0.07442538,0.9010022,2.200342
-0.07442538,0.9014881,2.22734
-0.07442538,0.9014881,2.22734
-0.07442538,0.9010022,2.200342
-0.07445552,0.759906,2.202095
-0.07445552,0.760392,2.229093
-0.07449222,0.6748242,2.203258
-0.07449222,0.6753101,2.230255
-0.04588785,0.760392,2.232745
-0.04588785,0.9010022,2.196994
-0.04588785,0.9014881,2.230993
-0.04588785,0.759906,2.198746
-0.04588785,0.6753101,2.233908
-0.04588785,0.6748241,2.199909
-0.07449222,0.6753101,2.230255
-0.07449222,0.6748242,2.203258
-0.04588785,0.6748241,2.199909
-0.04588785,0.6753101,2.233908
-0.1557898,0.760392,2.21921
-0.1557898,0.9014881,2.217457
-0.1843273,0.9014881,2.214109
-0.1843575,0.760392,2.215862
-0.1557898,0.6753101,2.220372
-0.1843942,0.6753101,2.217024
-0.1557898,0.759906,2.183512
-0.1843273,0.9010022,2.185108
-0.1557898,0.9010022,2.18176
-0.1843575,0.759906,2.186861
-0.1557898,0.6748241,2.184675
-0.1843942,0.6748242,2.188023
-0.1557898,0.9014881,2.217457
-0.1557898,0.9010022,2.18176
-0.1843273,0.9010022,2.185108
-0.1843273,0.9014881,2.214109
-0.1843273,0.9014881,2.214109
-0.1843273,0.9010022,2.185108
-0.1843575,0.759906,2.186861
-0.1843575,0.760392,2.215862
-0.1843942,0.6748242,2.188023
-0.1843942,0.6753101,2.217024
-0.1557898,0.760392,2.21921
-0.1557898,0.9010022,2.18176
-0.1557898,0.9014881,2.217457
-0.1557898,0.759906,2.183512
-0.1557898,0.6753101,2.220372
-0.1557898,0.6748241,2.184675
-0.1843942,0.6753101,2.217024
-0.1843942,0.6748242,2.188023
-0.1557898,0.6748241,2.184675
-0.1557898,0.6753101,2.220372
-0.2656918,0.760392,2.205978
-0.2656918,0.9014881,2.204225
-0.2942293,0.9014881,2.200506
-0.2942595,0.760392,2.202258
-0.2656918,0.6753101,2.20714
-0.2942962,0.6753101,2.203421
-0.2656918,0.759906,2.17274
-0.2942293,0.9010022,2.174336
-0.2656918,0.9010022,2.170988
-0.2942595,0.759906,2.176089
-0.2656918,0.6748241,2.173903
-0.2942962,0.6748242,2.177251
-0.2656918,0.9014881,2.204225
-0.2656918,0.9010022,2.170988
-0.2942293,0.9010022,2.174336
-0.2942293,0.9014881,2.200506
-0.2942293,0.9014881,2.200506
-0.2942293,0.9010022,2.174336
-0.2942595,0.759906,2.176089
-0.2942595,0.760392,2.202258
-0.2942962,0.6748242,2.177251
-0.2942962,0.6753101,2.203421
-0.2656918,0.760392,2.205978
-0.2656918,0.9010022,2.170988
-0.2656918,0.9014881,2.204225
-0.2656918,0.759906,2.17274
-0.2656918,0.6753101,2.20714
-0.2656918,0.6748241,2.173903
-0.2942962,0.6753101,2.203421
-0.2942962,0.6748242,2.177251
-0.2656918,0.6748241,2.173903
-0.2656918,0.6753101,2.20714
-0.3755938,0.760392,2.192894
-0.3755938,0.9014881,2.191141
-0.4041313,0.9014881,2.187844
-0.4041615,0.760392,2.189597
-0.3755938,0.6753101,2.194057
-0.4041981,0.6753101,2.190759
-0.3755938,0.759906,2.160857
-0.4041313,0.9010022,2.162454
-0.3755938,0.9010022,2.159105
-0.4041615,0.759906,2.164206
-0.3755938,0.6748241,2.16202
-0.4041981,0.6748242,2.165369
-0.3755938,0.9014881,2.191141
-0.3755938,0.9010022,2.159105
-0.4041313,0.9010022,2.162454
-0.4041313,0.9014881,2.187844
-0.4041313,0.9014881,2.187844
-0.4041313,0.9010022,2.162454
-0.4041615,0.759906,2.164206
-0.4041615,0.760392,2.189597
-0.4041981,0.6748242,2.165369
-0.4041981,0.6753101,2.190759
-0.3755938,0.760392,2.192894
-0.3755938,0.9010022,2.159105
-0.3755938,0.9014881,2.191141
-0.3755938,0.759906,2.160857
-0.3755938,0.6753101,2.194057
-0.3755938,0.6748241,2.16202
-0.4041981,0.6753101,2.190759
-0.4041981,0.6748242,2.165369
-0.3755938,0.6748241,2.16202
-0.3755938,0.6753101,2.194057
0.7753917,1.015719,0.5883181
0.8366588,1.049003,0.584883
0.8366588,1.049003,0.6062729
0.7753917,1.015719,0.609709
0.7753917,1.015719,0.609709
0.7753917,1.032706,0.609709
0.7753917,1.032706,0.5883181
0.7753917,1.015719,0.5883181
0.8366588,1.049003,0.6062729
0.8358824,1.078237,0.6062729
0.7753917,1.032706,0.609709
0.7753917,1.015719,0.609709
0.8373744,1.015901,0.6260673
0.8373744,1.015901,0.5650885
1.001897,1.02918,0.5650885
1.001897,1.02918,0.6260673
0.8351615,1.117212,0.6260673
0.8373744,1.015901,0.6260673
1.001897,1.02918,0.6260673
1.001897,1.106168,0.6260673
1.001897,1.02918,0.5650885
1.001897,1.106168,0.5650885
1.001897,1.106168,0.6260673
1.001897,1.02918,0.6260673
0.8351615,1.117212,0.5650885
0.8351615,1.117212,0.6260673
1.001897,1.106168,0.6260673
1.001897,1.106168,0.5650885
0.9929215,1.098004,0.5650885
0.8443431,1.107845,0.5650885
0.8351615,1.117212,0.5650885
1.001897,1.106168,0.5650885
0.9929211,1.037224,0.5650885
1.001897,1.02918,0.5650885
0.8461444,1.025378,0.5650885
0.8373744,1.015901,0.5650885
0.8443431,1.107845,0.5650885
0.8461444,1.025378,0.5650885
0.8351615,1.117212,0.5650885
0.8461444,1.025378,0.5650885
0.8443431,1.107845,0.5650885
0.9929215,1.098004,0.5650885
0.9929211,1.037224,0.5650885
0.8358824,1.078237,0.584883
0.7753917,1.032706,0.5883181
0.7753917,1.032706,0.609709
0.8358824,1.078237,0.6062729
0.7753917,1.015719,0.5883181
0.7753917,1.032706,0.5883181
0.8358824,1.078237,0.584883
0.8366588,1.049003,0.584883
-0.892438,0.877712,-0.06184027
-0.892438,0.877712,-0.3048642
-0.892438,0.9187802,-0.3048642
-0.892438,0.9187802,-0.06184027
-0.892438,0.877712,-0.3048642
-0.9391385,0.877712,-0.3048642
-0.9391385,0.9187802,-0.3048642
-0.892438,0.9187802,-0.3048642
-0.9391385,0.877712,-0.3048642
-0.9391385,0.877712,-0.06184027
-0.9391385,0.9187802,-0.06184027
-0.9391385,0.9187802,-0.3048642
-0.9391385,0.877712,-0.06184027
-0.892438,0.877712,-0.06184027
-0.892438,0.9187802,-0.06184027
-0.9391385,0.9187802,-0.06184027
-0.892438,0.877712,-0.3048642
-0.892438,0.877712,-0.06184027
-0.9391385,0.877712,-0.06184027
-0.9391385,0.877712,-0.3048642
-0.9391385,0.9187802,-0.3048642
-0.9391385,0.9187802,-0.06184027
-0.892438,0.9187802,-0.06184027
-0.892438,0.9187802,-0.3048642
-0.892438,0.877712,-0.8558358
-0.892438,0.877712,-1.09886
-0.892438,0.9187802,-1.09886
-0.892438,0.9187802,-0.8558358
-0.892438,0.877712,-1.09886
-0.9391385,0.877712,-1.09886
-0.9391385,0.9187802,-1.09886
-0.892438,0.9187802,-1.09886
-0.9391385,0.877712,-1.09886
-0.9391385,0.877712,-0.8558358
-0.9391385,0.9187802,-0.8558358
-0.9391385,0.9187802,-1.09886
-0.9391385,0.877712,-0.8558358
-0.892438,0.877712,-0.8558358
-0.892438,0.9187802,-0.8558358
-0.9391385,0.9187802,-0.8558358
-0.892438,0.877712,-1.09886
-0.892438,0.877712,-0.8558358
-0.9391385,0.877712,-0.8558358
-0.9391385,0.877712,-1.09886
-0.9391385,0.9187802,-1.09886
-0.9391385,0.9187802,-0.8558358
-0.892438,0.9187802,-0.8558358
-0.892438,0.9187802,-1.09886
0.9191954,0.6806955,1.061676
0.9191954,0.6806955,0.6901799
0.9191954,0.9850374,0.6077851
0.9191954,0.75696,1.147056
0.9191954,0.818827,1.375194
0.9191954,0.9084538,1.937733
0.9191954,0.7721471,1.596833
0.9191954,0.760392,1.937733
0.9191954,0.7085581,1.697138
0.9191954,0.8030689,1.377976
0.9191954,0.7569023,1.591022
0.9191954,0.7438457,1.156999
0.9191954,0.6806955,1.061676
0.9191954,0.6818886,1.081853
0.9191954,0.6984727,1.684234
0.9191954,0.6503347,1.716412
0.9191954,0.6562451,1.731007
0.9191954,0.5999864,1.746281
0.9191954,0.6032751,1.761938
0.9191954,0.7121409,1.954067
0.9191954,0.6445943,1.954067
0.9191954,0.6806954,-0.234565
0.9191954,0.9850373,0.2453068
0.9191954,0.6806955,0.2453068
0.9191954,0.9850373,-0.2345651
0.9191954,0.7146382,-1.081543
0.9191954,0.6741523,-1.044694
0.9191954,0.6736503,-1.064779
0.9191954,0.7035671,-1.093882
0.9191954,0.7733821,-1.165221
0.9191954,0.9850372,-1.152824
0.9191954,0.7581753,-1.170362
0.9191954,0.9850372,-1.286816
0.9191954,0.8143806,-1.33675
0.9191954,0.798768,-1.338798
0.9191954,0.7909927,-1.525087
0.9191954,0.7755532,-1.520706
0.9191954,0.7131895,-1.677914
0.9191954,0.7009413,-1.667265
0.9191954,0.6806953,-1.700642
0.9191954,0.6716702,-1.687738
0.9191954,0.6187716,-1.743953
0.9191954,0.6097466,-1.73105
0.9191954,0.6896765,-2.325648
0.9191954,0.7461438,-2.325648
0.9191954,0.6896765,-2.521089
0.9191954,0.7461438,-2.52
0.9191954,0.791487,-2.325648
0.9191954,0.8368303,-2.325648
0.9191954,0.8821735,-2.325648
0.9191954,0.9393773,-2.325648
0.9191954,0.9329785,-2.51673
0.9191954,0.8821735,-2.51891
0.9191954,0.9393773,-2.325648
0.8325299,0.9800313,-2.325648
0.8481978,1.051479,-1.290143
0.9191954,0.9850372,-1.286816
0.9191954,0.9850372,-1.286816
0.8481978,1.051479,-1.290143
0.8581794,1.051479,-1.131937
0.9191954,0.9850372,-1.152824
0.8400794,1.051201,-0.2476249
0.9191954,0.9850373,-0.2345651
0.9191954,0.9850373,-0.2345651
0.8400794,1.051201,-0.2476249
0.8306193,1.051479,0.2452596
0.9191954,0.9850373,0.2453068
-8.470238E-10,0.4002554,1.782568
-8.470238E-10,0.345042,-1.85281
0.5834793,0.3450421,-0.9276918
0.9191954,0.3450421,-0.9276699
0.9191954,0.3450421,-0.9481675
0.5834793,0.3450421,-0.9481675
0.9191954,0.3450421,-0.234565
0.9191954,0.3450422,0.2453068
0.5834796,0.3450422,0.8979974
0.9191954,0.3450422,0.6914691
0.9191954,0.3450422,0.8979241
0.9191954,0.7569023,1.591022
0.9191954,0.6984727,1.684234
0.58348,0.6984727,1.684234
0.58348,0.7569023,1.591022
0.642477,1.429682,-1.024889
0.8581794,1.051479,-1.131937
0.8481978,1.051479,-1.290143
0.7968363,1.051479,-1.419107
0.6262433,1.393857,-1.252463
0.6483485,1.440455,-0.3215013
0.6447016,1.429695,0.1819464
0.8210676,1.070855,0.2453883
0.8208124,1.064283,0.5281818
0.9191954,0.9850374,0.6077851
0.8303341,1.043803,0.5757738
0.8303341,0.9206042,2.123056
0.9191954,0.9084538,1.937733
0.9191954,0.9084539,2.052259
0.8325299,0.9800313,-2.325648
0.7968363,1.051479,-1.419107
0.8481978,1.051479,-1.290143
0.645152,1.005819,-2.325648
0.8303341,0.9700187,-2.51673
0.623895,0.9994198,-2.51673
0.7182884,1.070621,-1.444423
0.3360885,1.070493,-1.505884
0.302964,1.44512,-1.312955
0.5733063,1.399872,-1.279597
0.6046267,1.500614,-0.1578626
0.3149271,1.524215,0.2511623
0.6037089,1.48857,0.2222285
0.3121739,1.528053,-0.1344313
0.6050856,1.500998,-0.3484211
0.3107973,1.528053,-0.3272282
0.5892752,1.479399,0.2422909
0.3152776,1.511537,0.2685124
0.4952627,1.117602,0.787948
0.7851679,1.072111,0.6299215
0.8303341,1.043803,0.5757738
0.8127732,1.057458,0.6358124
0.7630847,0.9206042,2.144705
0.8303341,0.9206042,2.123056
0.8303341,1.043803,0.5757738
0.6351686,1.448785,0.1920519
0.6037089,1.48857,0.2222285
0.8127732,1.057458,0.6358124
0.5887404,1.416379,-1.267623
0.3039143,1.464,-1.302679
0.3065685,1.49272,-1.004577
0.6052545,1.465392,-1.012314
0.8303341,1.043803,0.5757738
0.9191954,0.9850374,0.6077851
0.9191954,0.9850373,0.2453068
0.8306193,1.051479,0.2452596
0.6392844,1.459861,-0.3482463
0.642477,1.429682,-1.024889
0.6052545,1.465392,-1.012314
0.6050856,1.500998,-0.3484211
0.6351686,1.448785,0.1920519
0.6046267,1.500614,-0.1578626
0.6037089,1.48857,0.2222285
0.6378512,1.46057,-0.1601044
0.6050856,1.500998,-0.3484211
0.6392844,1.459861,-0.3482463
0.5887404,1.416379,-1.267623
0.6052545,1.465392,-1.012314
0.642477,1.429682,-1.024889
0.6262433,1.393857,-1.252463
0.6262433,1.393857,-1.252463
0.7968363,1.051479,-1.419107
0.7491021,1.051479,-1.449366
0.5887404,1.416379,-1.267623
0.9191954,0.6187718,0.6981384
0.9191954,0.6806955,1.061676
0.9191954,0.6187719,1.016805
0.9191954,0.6806955,0.6901799
0.9191954,0.6806955,0.2453068
0.9191954,0.6187718,0.2589169
0.9191954,0.6187717,-0.234565
0.9191954,0.6806954,-0.234565
0.9191954,0.6111955,-1.003072
0.9191954,0.6741523,-1.044694
1.001579,0.6440532,2.087977
1.001911,0.6940424,2.086529
0.8744171,0.6947488,2.197295
0.8742636,0.6435196,2.198154
0.9191954,0.6277528,-2.33827
0.9191954,0.4366058,-2.339658
1.005832,0.4366058,-2.339658
1.005832,0.6277528,-2.33827
0.9191954,0.4512405,1.954067
0.9191954,0.6445943,1.954067
1.010697,0.6445943,1.954067
1.010697,0.4512405,1.954067
0.9191954,0.4366058,-2.339658
0.9191954,0.4505203,-2.499653
0.9841281,0.4437914,-2.555091
1.005832,0.4366058,-2.339658
0.5444555,0.4652709,2.251648
0.3403658,0.5874305,2.279201
0.3403567,0.4652422,2.274683
0.539055,0.5874399,2.256793
0.6636921,0.4652882,2.237876
0.660953,0.6433919,2.242715
0.7829288,0.4653053,2.224103
0.7828512,0.6433978,2.228637
0.2889467,0.4652379,2.281621
0.2889558,0.5874294,2.286138
-8.470238E-10,0.5874323,2.318383
-8.470238E-10,0.4652386,2.313866
0.7630847,0.7121409,2.140564
0.650216,0.7121409,2.15349
0.6577985,0.7133546,2.223033
0.7787022,0.7133489,2.209067
0.8303341,0.7121409,2.118915
0.8650229,0.713222,2.180226
0.9191954,0.7121409,2.048118
0.9832418,0.7126561,2.077336
0.9191954,0.7121409,1.954067
0.9913269,0.7121409,1.954067
0.8303341,0.6896765,-2.521089
0.9191954,0.6896765,-2.521089
0.9557834,0.6851968,-2.55931
0.8303341,0.6829619,-2.578377
0.623895,0.6896765,-2.521089
0.623895,0.6829505,-2.578475
0.5684995,0.6896765,-2.521089
0.5684995,0.682943,-2.57854
0.8742636,0.6435196,2.198154
0.8744171,0.6947488,2.197295
0.7828935,0.6949062,2.227849
0.7828512,0.6433978,2.228637
0.623895,0.4403562,-2.583394
0.5684995,0.4403562,-2.583394
0.5684995,0.4353125,-2.63207
0.623895,0.4353125,-2.63207
0.6052545,1.465392,-1.012314
0.3065685,1.49272,-1.004577
0.3107973,1.528053,-0.3272282
0.6050856,1.500998,-0.3484211
0.8478771,1.070761,-1.104414
0.6522162,1.411169,-1.007901
0.649787,1.440131,-0.3653217
0.8301532,1.070132,-0.2743653
0.9191954,0.4692345,2.044774
0.9191954,0.4512405,1.954067
1.010697,0.4512405,1.954067
1.003307,0.4676498,2.079815
1.010697,0.6445943,1.954067
1.010697,0.6933724,1.954067
1.001911,0.6940424,2.086529
1.001579,0.6440532,2.087977
0.9191954,0.6097466,-1.73105
0.9191954,0.3952651,-1.84209
0.9191954,0.3952651,-1.864304
0.9191954,0.6187716,-1.743953
0.9191954,0.4366058,-2.339658
0.9191954,0.6277528,-2.33827
0.9191954,0.5503424,-0.9935759
0.9191954,0.6119857,-1.022196
0.9191954,0.6111955,-1.003072
0.9191954,0.5555645,-0.9786718
0.9191954,0.3450421,-0.9481675
0.9191954,0.3450421,-0.9276699
0.9191954,0.6187717,-0.234565
0.9191954,0.3450421,-0.234565
0.9191954,0.6187718,0.2589169
0.9191954,0.3450422,0.2453068
0.9191954,0.3450422,0.6914691
0.9191954,0.6187718,0.6981384
0.9191954,0.3450422,0.8979241
0.9191954,0.5659196,0.9785061
0.9191954,0.6187719,1.016805
0.9191954,0.6178579,1.035588
0.9191954,0.5578509,0.9921052
0.9191954,0.3450422,0.9155436
0.9191954,0.6119857,-1.022196
0.9191954,0.6736503,-1.064779
0.9191954,0.6741523,-1.044694
0.9191954,0.6111955,-1.003072
0.9191954,0.4144239,1.772581
0.9191954,0.5999864,1.746281
0.9191954,0.6032751,1.761938
0.9191954,0.4176718,1.78871
0.9191954,0.6445943,1.954067
0.9191954,0.4512405,1.954067
0.9191954,0.6818886,1.081853
0.9191954,0.6178579,1.035588
0.9191954,0.6187719,1.016805
0.9191954,0.6806955,1.061676
1.003307,0.4676498,2.079815
1.001579,0.6440532,2.087977
0.8742636,0.6435196,2.198154
0.8745753,0.4657112,2.193478
0.8745753,0.4657112,2.193478
0.8742636,0.6435196,2.198154
0.7828512,0.6433978,2.228637
0.7829288,0.4653053,2.224103
1.010697,0.4512405,1.954067
1.010697,0.6445943,1.954067
1.001579,0.6440532,2.087977
1.003307,0.4676498,2.079815
1.010697,0.6445943,1.954067
0.9191954,0.6445943,1.954067
0.9191954,0.7121409,1.954067
0.9913269,0.7121409,1.954067
1.010697,0.6933724,1.954067
0.539055,0.5874399,2.256793
0.3403651,0.6389846,2.278422
0.3403658,0.5874305,2.279201
0.5368655,0.6389738,2.256265
0.660953,0.6433919,2.242715
0.6598794,0.694913,2.242057
0.7828512,0.6433978,2.228637
0.7828935,0.6949062,2.227849
0.6577985,0.7133546,2.223033
0.5368949,0.6574143,2.236999
0.5368655,0.6389738,2.256265
0.6598794,0.694913,2.242057
0.8650229,0.713222,2.180226
0.7787022,0.7133489,2.209067
0.7828935,0.6949062,2.227849
0.8744171,0.6947488,2.197295
0.9832418,0.7126561,2.077336
0.8650229,0.713222,2.180226
0.8744171,0.6947488,2.197295
1.001911,0.6940424,2.086529
0.293846,0.5866886,2.320494
0.2938369,0.4644971,2.315977
0.3452468,0.4645014,2.30904
0.3452559,0.5866897,2.313557
0.9913269,0.7121409,1.954067
0.9832418,0.7126561,2.077336
1.001911,0.6940424,2.086529
1.010697,0.6933724,1.954067
0.8127732,1.057458,0.6358124
0.4993923,1.104248,0.8045178
0.3050104,0.9204658,2.206253
0.7630847,0.9206042,2.144705
0.5368655,0.6389738,2.256265
0.5368949,0.6574143,2.236999
0.3124579,0.6574251,2.262925
0.3127275,0.6573735,2.262978
0.3403651,0.6389846,2.278422
-8.470238E-10,0.6574202,2.298351
0.2889552,0.6389862,2.285359
-8.470238E-10,0.638986,2.317605
0.2889558,0.5874294,2.286138
0.2889552,0.6389862,2.285359
-8.470238E-10,0.638986,2.317605
-8.470238E-10,0.5874323,2.318383
0.7630847,0.760392,2.141821
0.5355547,0.760392,2.1681
0.5355547,0.6754493,2.166727
0.650216,0.7121409,2.15349
0.7630847,0.7121409,2.140564
0.5479789,0.6622568,2.165015
0.515916,0.6561947,2.168682
0.7787022,0.7133489,2.209067
0.6577985,0.7133546,2.223033
0.6598794,0.694913,2.242057
0.7828935,0.6949062,2.227849
0.2889467,0.4652379,2.281621
0.3403567,0.4652422,2.274683
0.3452468,0.4645014,2.30904
0.2938369,0.4644971,2.315977
0.2889558,0.5874294,2.286138
0.2889467,0.4652379,2.281621
0.2938369,0.4644971,2.315977
0.293846,0.5866886,2.320494
0.2889552,0.6389862,2.285359
0.2938453,0.6382455,2.319715
0.2938453,0.6382455,2.319715
0.293846,0.5866886,2.320494
0.3452559,0.5866897,2.313557
0.3452552,0.6382437,2.312778
0.3403658,0.5874305,2.279201
0.3403651,0.6389846,2.278422
0.3452552,0.6382437,2.312778
0.3452559,0.5866897,2.313557
0.3403567,0.4652422,2.274683
0.3452468,0.4645014,2.30904
0.3403651,0.6389846,2.278422
0.2889552,0.6389862,2.285359
0.2938453,0.6382455,2.319715
0.3452552,0.6382437,2.312778
0.8303341,0.7121409,2.118915
0.8303341,0.760392,2.120172
0.7630847,0.760392,2.141821
0.7630847,0.7121409,2.140564
0.9191954,0.7121409,2.048118
0.9191954,0.760392,2.049375
0.8303341,0.760392,2.120172
0.8303341,0.7121409,2.118915
0.303951,0.6753101,2.174966
-8.470238E-10,0.760392,2.212101
-8.470238E-10,0.6753101,2.210674
0.3039143,0.760392,2.1764
-8.470238E-10,0.9014879,2.214271
0.3038841,0.9014881,2.178561
0.4964492,0.901488,2.156708
0.5160557,0.760392,2.151862
0.5160573,0.882278,2.154126
0.4964186,0.6753101,2.152754
0.516057,0.6945651,2.150799
0.6577985,0.7133546,2.223033
0.650216,0.7121409,2.15349
0.5479789,0.6622568,2.165015
0.515916,0.6561947,2.168682
0.5368949,0.6574143,2.236999
0.515916,0.6561947,2.168682
0.5355547,0.6754493,2.166727
0.5366508,0.6753109,2.17569
0.5170121,0.6560563,2.177646
0.9191954,0.760392,2.049375
0.9191954,0.7121409,2.048118
0.9191954,0.7121409,1.954067
0.9191954,0.760392,1.937733
0.9191954,0.7085581,1.697138
0.9191954,0.6562451,1.731007
0.5494405,0.9069915,2.169144
0.5355545,0.9119906,2.169688
0.5355547,0.9013931,2.170646
0.5355547,0.760392,2.1681
0.5494403,0.7740047,2.166741
0.763137,0.7740049,2.142052
0.7630847,0.760392,2.141821
0.8296456,0.9069864,2.123336
0.9185448,0.8948389,2.05265
0.9191954,0.9084539,2.052259
0.8303341,0.9206042,2.123056
0.7630324,0.9069914,2.144474
0.8296456,0.9069864,2.123336
0.8303341,0.9206042,2.123056
0.7630847,0.9206042,2.144705
0.9185448,0.8948389,2.05265
0.9191954,0.9084538,1.937733
0.9191954,0.9084539,2.052259
0.9191954,0.8948389,1.951348
0.9191954,0.760392,1.937733
0.9191954,0.7740068,1.951348
0.9191954,0.760392,2.049375
0.9192595,0.7740069,2.049451
0.8304358,0.7740053,2.120359
0.763137,0.7740049,2.142052
0.7630847,0.760392,2.141821
0.8303341,0.760392,2.120172
0.9192595,0.7740069,2.049451
0.8304358,0.7740053,2.120359
0.8303341,0.760392,2.120172
0.9191954,0.760392,2.049375
0.7630847,0.9206042,2.144705
0.5355544,0.9206042,2.16939
0.5355545,0.9119906,2.169688
0.5494405,0.9069915,2.169144
0.7630324,0.9069914,2.144474
0.5159465,0.9206042,2.173219
0.5355547,0.9013931,2.170646
0.5355545,0.9119906,2.169688
0.5355544,0.9206042,2.16939
0.4964492,0.901488,2.156708
0.5160573,0.882278,2.154126
0.5171534,0.8821395,2.181571
0.4975453,0.9013495,2.184153
0.5355547,0.6754493,2.166727
0.5366508,0.7602535,2.177064
0.5366508,0.6753109,2.17569
0.5355547,0.760392,2.1681
0.5366508,0.9012546,2.17961
0.5355547,0.9013931,2.170646
-8.470238E-10,0.9013495,2.241716
0.3050104,0.9204658,2.206253
-8.470238E-10,0.9204658,2.241955
0.3049802,0.9013497,2.206006
0.5170426,0.9204658,2.182183
0.4975453,0.9013495,2.184153
0.5171534,0.8821395,2.181571
0.5366508,0.9012546,2.17961
0.5366508,0.7602535,2.177064
0.5171518,0.7602535,2.179307
0.5366508,0.6753109,2.17569
0.5171531,0.6944267,2.178243
0.4975147,0.6751717,2.180199
0.5170121,0.6560563,2.177646
0.3050104,0.6560563,2.202112
0.3050471,0.6751717,2.202411
-8.470238E-10,0.6560563,2.237814
-8.470238E-10,0.6751716,2.238119
0.5160573,0.882278,2.154126
0.5171518,0.7602535,2.179307
0.5171534,0.8821395,2.181571
0.5160557,0.760392,2.151862
0.5171531,0.6944267,2.178243
0.516057,0.6945651,2.150799
0.516057,0.6945651,2.150799
0.4964186,0.6753101,2.152754
0.4975147,0.6751717,2.180199
0.5171531,0.6944267,2.178243
0.5355547,0.9013931,2.170646
0.5159465,0.9206042,2.173219
0.5170426,0.9204658,2.182183
0.5366508,0.9012546,2.17961
0.9191954,0.6277528,-2.33827
0.9191954,0.6896765,-2.325648
0.9191954,0.6806953,-1.700642
0.9191954,0.6187716,-1.743953
0.3039143,0.6488133,-2.521089
0.5684995,0.6896765,-2.521089
0.5684995,0.682943,-2.57854
0.3039143,0.6420755,-2.578577
0.9191954,0.6896765,-2.521089
0.9191954,0.6896765,-2.325648
0.9807497,0.6896765,-2.337855
0.9557834,0.6851968,-2.55931
0.8303341,0.4403562,-2.583394
0.8303341,0.6177608,-2.597593
0.9804164,0.6206828,-2.573099
0.9841281,0.4437914,-2.555091
0.9191954,0.6896765,-2.325648
0.9191954,0.6277528,-2.33827
1.005832,0.6277528,-2.33827
0.9807497,0.6896765,-2.337855
0.623895,0.4403562,-2.583394
0.623895,0.6177608,-2.597593
0.8303341,0.6177608,-2.597593
0.8303341,0.4403562,-2.583394
0.9841281,0.4437914,-2.555091
0.9804164,0.6206828,-2.573099
1.005832,0.6277528,-2.33827
1.005832,0.4366058,-2.339658
0.5684995,0.6177608,-2.597593
0.623895,0.6177608,-2.597593
0.623895,0.6127171,-2.64627
0.5684995,0.6127172,-2.64627
0.3039143,0.6420755,-2.578577
0.5684995,0.682943,-2.57854
0.5684995,0.6177608,-2.597593
0.3039143,0.5880913,-2.601823
0.8303341,0.6829619,-2.578377
0.9557834,0.6851968,-2.55931
0.9804164,0.6206828,-2.573099
0.8303341,0.6177608,-2.597593
0.623895,0.6829505,-2.578475
0.8303341,0.6829619,-2.578377
0.8303341,0.6177608,-2.597593
0.623895,0.6177608,-2.597593
0.5684995,0.682943,-2.57854
0.5684995,0.6177608,-2.597593
0.9557834,0.6851968,-2.55931
0.9807497,0.6896765,-2.337855
1.005832,0.6277528,-2.33827
0.9804164,0.6206828,-2.573099
0.623895,0.4353125,-2.63207
0.5684995,0.4353125,-2.63207
0.5684995,0.6127172,-2.64627
0.623895,0.6127171,-2.64627
0.5684995,0.4403562,-2.583394
0.5684995,0.6177608,-2.597593
0.5684995,0.6127172,-2.64627
0.5684995,0.4353125,-2.63207
0.623895,0.6177608,-2.597593
0.623895,0.4403562,-2.583394
0.623895,0.4353125,-2.63207
0.623895,0.6127171,-2.64627
0.7630847,0.9206042,2.144705
0.3050104,0.9204658,2.206253
0.5159465,0.9206042,2.173219
0.5355544,0.9206042,2.16939
0.9191954,0.6503347,1.716412
0.9191954,0.5999864,1.746281
0.58348,0.5999864,1.746281
0.58348,0.6503347,1.716412
0.9191954,0.8030689,1.377976
0.9191954,0.7569023,1.591022
0.58348,0.7569023,1.591022
0.58348,0.8030689,1.377976
0.9191954,0.5578509,0.9921052
0.58348,0.6178579,1.035588
0.58348,0.5578509,0.9921052
0.9191954,0.6178579,1.035588
0.58348,0.6818886,1.081853
0.9191954,0.6818886,1.081853
0.9191954,0.6818886,1.081853
0.9191954,0.7438457,1.156999
0.58348,0.7438457,1.156999
0.58348,0.6818886,1.081853
0.9191954,0.6984727,1.684234
0.9191954,0.6503347,1.716412
0.58348,0.6503347,1.716412
0.58348,0.6984727,1.684234
0.9191954,0.5999864,1.746281
0.9191954,0.4144239,1.772581
0.58348,0.4144239,1.772581
0.58348,0.5999864,1.746281
0.9191954,0.3450422,0.9155436
0.9191954,0.5578509,0.9921052
0.58348,0.5578509,0.9921052
0.58348,0.3450422,0.9155436
0.9191954,0.7438457,1.156999
0.9191954,0.8030689,1.377976
0.58348,0.8030689,1.377976
0.58348,0.7438457,1.156999
0.58348,0.7438457,1.156999
0.58348,0.8030689,1.377976
0.58348,0.7569023,1.591022
0.58348,0.6984727,1.684234
0.58348,0.6818886,1.081853
0.58348,0.6503347,1.716412
0.58348,0.6178579,1.035588
0.58348,0.5999864,1.746281
0.58348,0.5578509,0.9921052
0.58348,0.4144239,1.772581
0.58348,0.3450422,0.9155436
0.5834796,0.3450422,0.8979974
0.5834796,0.4062179,1.787086
0.9191954,0.5503424,-0.9935759
0.9191954,0.3450421,-0.9481675
0.5834793,0.3450421,-0.9481675
0.5834793,0.5503424,-0.9935759
0.9191954,0.7009413,-1.667265
0.9191954,0.7755532,-1.520706
0.5834793,0.7755532,-1.520706
0.5834793,0.7009413,-1.667265
0.9191954,0.3952651,-1.84209
0.9191954,0.6097466,-1.73105
0.5834793,0.6097466,-1.73105
0.5834793,0.383069,-1.84209
0.9191954,0.6119857,-1.022196
0.9191954,0.5503424,-0.9935759
0.5834793,0.5503424,-0.9935759
0.5834793,0.6119857,-1.022196
0.9191954,0.6716702,-1.687738
0.9191954,0.7009413,-1.667265
0.5834793,0.7009413,-1.667265
0.5834793,0.6716702,-1.687738
0.9191954,0.6097466,-1.73105
0.5834793,0.6097466,-1.73105
0.9191954,0.798768,-1.338798
0.9191954,0.7581753,-1.170362
0.5834793,0.7581753,-1.170362
0.5834793,0.798768,-1.338798
0.9191954,0.7035671,-1.093882
0.9191954,0.6736503,-1.064779
0.5834793,0.6736503,-1.064779
0.5834793,0.7035671,-1.093882
0.9191954,0.7755532,-1.520706
0.9191954,0.798768,-1.338798
0.5834793,0.798768,-1.338798
0.5834793,0.7755532,-1.520706
0.9191954,0.6736503,-1.064779
0.9191954,0.6119857,-1.022196
0.5834793,0.6119857,-1.022196
0.5834793,0.6736503,-1.064779
0.9191954,0.7581753,-1.170362
0.9191954,0.7035671,-1.093882
0.5834793,0.7035671,-1.093882
0.5834793,0.7581753,-1.170362
0.5834793,0.5503424,-0.9935759
0.5834793,0.3450421,-0.9481675
0.5834793,0.383069,-1.84209
0.5834793,0.6097466,-1.73105
0.5834793,0.6119857,-1.022196
0.5834793,0.6716702,-1.687738
0.5834793,0.6736503,-1.064779
0.5834793,0.7009413,-1.667265
0.5834793,0.7035671,-1.093882
0.5834793,0.7755532,-1.520706
0.5834793,0.7581753,-1.170362
0.5834793,0.798768,-1.338798
0.9191954,0.3450422,0.9155436
0.58348,0.3450422,0.9155436
0.5834796,0.3450422,0.8979974
0.9191954,0.3450422,0.8979241
0.9191954,0.4144239,1.772581
0.9191954,0.4176718,1.78871
0.5834796,0.4062179,1.787086
0.58348,0.4144239,1.772581
0.8441219,0.3860044,-1.862395
0.9191954,0.3952651,-1.864304
0.9191954,0.3952651,-1.84209
0.5834793,0.383069,-1.8617
0.5834793,0.383069,-1.84209
0.9191954,0.6806955,0.2453068
0.9191954,0.9850374,0.6077851
0.9191954,0.6806955,0.6901799
0.9191954,0.9329785,-2.51673
0.8303341,0.9700187,-2.51673
0.8325299,0.9800313,-2.325648
0.9191954,0.9393773,-2.325648
0.8303341,0.7567476,-2.519915
0.9191954,0.756748,-2.519957
0.9191954,0.7461438,-2.52
0.8303341,0.7461438,-2.52
0.623895,0.7567476,-2.519915
0.623895,0.7461438,-2.52
0.5684995,0.7567476,-2.519915
0.5684995,0.7461438,-2.52
0.4489571,0.7567476,-2.519915
0.4380663,0.7461438,-2.52
0.4380663,0.791487,-2.519636
0.4380663,0.8368303,-2.519273
0.4380663,0.8821735,-2.51891
0.4489571,0.8715697,-2.518995
0.4489571,0.791487,-2.519636
0.4489571,0.8368303,-2.519273
0.5684995,0.8821735,-2.51891
0.5684995,0.8715697,-2.518995
0.623895,0.8715697,-2.518995
0.623895,0.8821735,-2.51891
0.8303341,0.8715697,-2.518995
0.8303341,0.8821735,-2.51891
0.9191954,0.8715694,-2.518952
0.9191954,0.8821735,-2.51891
0.9191954,0.8715694,-2.518952
0.9191954,0.8821735,-2.51891
0.9191954,0.8821735,-2.325648
0.9191954,0.8715694,-2.336252
0.9191954,0.8368303,-2.336252
0.9191954,0.8368303,-2.325648
0.9191954,0.791487,-2.336252
0.9191954,0.791487,-2.325648
0.9191954,0.756748,-2.336252
0.9191954,0.7461438,-2.325648
0.9191954,0.7461438,-2.52
0.9191954,0.756748,-2.519957
0.7851679,1.072111,0.6299215
0.4952627,1.117602,0.787948
0.4993923,1.104248,0.8045178
0.8127732,1.057458,0.6358124
0.3152776,1.511537,0.2685124
0.5892752,1.479399,0.2422909
0.6037089,1.48857,0.2222285
0.3149271,1.524215,0.2511623
0.5733063,1.399872,-1.279597
0.302964,1.44512,-1.312955
0.3039143,1.464,-1.302679
0.5887404,1.416379,-1.267623
0.7182884,1.070621,-1.444423
0.7491021,1.051479,-1.449366
0.3360885,1.070493,-1.505884
0.3369528,1.051479,-1.515901
0.5892752,1.479399,0.2422909
0.7851679,1.072111,0.6299215
0.8127732,1.057458,0.6358124
0.6037089,1.48857,0.2222285
0.4952627,1.117602,0.787948
-8.470238E-10,1.116781,0.8298827
-8.470238E-10,1.104248,0.8474095
0.4993923,1.104248,0.8045178
0.6447016,1.429695,0.1819464
0.6473945,1.441189,-0.1603232
0.6378512,1.46057,-0.1601044
0.6351686,1.448785,0.1920519
0.8208124,1.064283,0.5281818
0.6447016,1.429695,0.1819464
0.8303341,1.043803,0.5757738
0.8210676,1.070855,0.2453883
0.8306193,1.051479,0.2452596
0.8302189,1.070596,-0.2304185
0.8400794,1.051201,-0.2476249
0.6483485,1.440455,-0.3215013
0.6392844,1.459861,-0.3482463
0.6473945,1.441189,-0.1603232
0.6378512,1.46057,-0.1601044
0.8301532,1.070132,-0.2743653
0.8478771,1.070761,-1.104414
0.649787,1.440131,-0.3653217
0.8581794,1.051479,-1.131937
0.642477,1.429682,-1.024889
0.6522162,1.411169,-1.007901
0.2954529,0.9317603,2.196908
-8.470238E-10,0.9317786,2.231494
-8.470238E-10,0.9204658,2.241955
0.3050104,0.9204658,2.206253
-8.470238E-10,1.112808,0.8578367
0.4869449,1.112821,0.8160158
0.4993923,1.104248,0.8045178
-8.470238E-10,1.104248,0.8474095
0.4869449,1.112821,0.8160158
0.2954529,0.9317603,2.196908
0.3050104,0.9204658,2.206253
0.4993923,1.104248,0.8045178
0.04588785,0.760392,2.232745
0.07442538,0.9014881,2.22734
0.04588785,0.9014881,2.230993
0.07445552,0.760392,2.229093
0.04588785,0.6753101,2.233908
0.07449222,0.6753101,2.230255
0.04588785,0.759906,2.198746
0.04588785,0.9010022,2.196994
0.07442538,0.9010022,2.200342
0.07445552,0.759906,2.202095
0.04588785,0.6748241,2.199909
0.07449222,0.6748242,2.203258
0.04588785,0.9014881,2.230993
0.07442538,0.9014881,2.22734
0.07442538,0.9010022,2.200342
0.04588785,0.9010022,2.196994
0.07442538,0.9014881,2.22734
0.07445552,0.759906,2.202095
0.07442538,0.9010022,2.200342
0.07445552,0.760392,2.229093
0.07449222,0.6748242,2.203258
0.07449222,0.6753101,2.230255
0.04588785,0.760392,2.232745
0.04588785,0.9014881,2.230993
0.04588785,0.9010022,2.196994
0.04588785,0.759906,2.198746
0.04588785,0.6753101,2.233908
0.04588785,0.6748241,2.199909
0.07449222,0.6753101,2.230255
0.04588785,0.6753101,2.233908
0.04588785,0.6748241,2.199909
0.07449222,0.6748242,2.203258
0.1557898,0.760392,2.21921
0.1843273,0.9014881,2.214109
0.1557898,0.9014881,2.217457
0.1843575,0.760392,2.215862
0.1557898,0.6753101,2.220372
0.1843942,0.6753101,2.217024
0.1557898,0.759906,2.183512
0.1557898,0.9010022,2.18176
0.1843273,0.9010022,2.185108
0.1843575,0.759906,2.186861
0.1557898,0.6748241,2.184675
0.1843942,0.6748242,2.188023
0.1557898,0.9014881,2.217457
0.1843273,0.9014881,2.214109
0.1843273,0.9010022,2.185108
0.1557898,0.9010022,2.18176
0.1843273,0.9014881,2.214109
0.1843575,0.759906,2.186861
0.1843273,0.9010022,2.185108
0.1843575,0.760392,2.215862
0.1843942,0.6748242,2.188023
0.1843942,0.6753101,2.217024
0.1557898,0.760392,2.21921
0.1557898,0.9014881,2.217457
0.1557898,0.9010022,2.18176
0.1557898,0.759906,2.183512
0.1557898,0.6753101,2.220372
0.1557898,0.6748241,2.184675
0.1843942,0.6753101,2.217024
0.1557898,0.6753101,2.220372
0.1557898,0.6748241,2.184675
0.1843942,0.6748242,2.188023
0.2656918,0.760392,2.205978
0.2942293,0.9014881,2.200506
0.2656918,0.9014881,2.204225
0.2942595,0.760392,2.202258
0.2656918,0.6753101,2.20714
0.2942962,0.6753101,2.203421
0.2656918,0.759906,2.17274
0.2656918,0.9010022,2.170988
0.2942293,0.9010022,2.174336
0.2942595,0.759906,2.176089
0.2656918,0.6748241,2.173903
0.2942962,0.6748242,2.177251
0.2656918,0.9014881,2.204225
0.2942293,0.9014881,2.200506
0.2942293,0.9010022,2.174336
0.2656918,0.9010022,2.170988
0.2942293,0.9014881,2.200506
0.2942595,0.759906,2.176089
0.2942293,0.9010022,2.174336
0.2942595,0.760392,2.202258
0.2942962,0.6748242,2.177251
0.2942962,0.6753101,2.203421
0.2656918,0.760392,2.205978
0.2656918,0.9014881,2.204225
0.2656918,0.9010022,2.170988
0.2656918,0.759906,2.17274
0.2656918,0.6753101,2.20714
0.2656918,0.6748241,2.173903
0.2942962,0.6753101,2.203421
0.2656918,0.6753101,2.20714
0.2656918,0.6748241,2.173903
0.2942962,0.6748242,2.177251
0.3755938,0.760392,2.192894
0.4041313,0.9014881,2.187844
0.3755938,0.9014881,2.191141
0.4041615,0.760392,2.189597
0.3755938,0.6753101,2.194057
0.4041981,0.6753101,2.190759
0.3755938,0.759906,2.160857
0.3755938,0.9010022,2.159105
0.4041313,0.9010022,2.162454
0.4041615,0.759906,2.164206
0.3755938,0.6748241,2.16202
0.4041981,0.6748242,2.165369
0.3755938,0.9014881,2.191141
0.4041313,0.9014881,2.187844
0.4041313,0.9010022,2.162454
0.3755938,0.9010022,2.159105
0.4041313,0.9014881,2.187844
0.4041615,0.759906,2.164206
0.4041313,0.9010022,2.162454
0.4041615,0.760392,2.189597
0.4041981,0.6748242,2.165369
0.4041981,0.6753101,2.190759
0.3755938,0.760392,2.192894
0.3755938,0.9014881,2.191141
0.3755938,0.9010022,2.159105
0.3755938,0.759906,2.160857
0.3755938,0.6753101,2.194057
0.3755938,0.6748241,2.16202
0.4041981,0.6753101,2.190759
0.3755938,0.6753101,2.194057
0.3755938,0.6748241,2.16202
0.4041981,0.6748242,2.165369
-0.7753917,1.015719,0.5883181
-0.7753917,1.015719,0.609709
-0.8366588,1.049003,0.6062729
-0.8366588,1.049003,0.584883
-0.7753917,1.015719,0.609709
-0.7753917,1.015719,0.5883181
-0.7753917,1.032706,0.5883181
-0.7753917,1.032706,0.609709
-0.8366588,1.049003,0.6062729
-0.7753917,1.015719,0.609709
-0.7753917,1.032706,0.609709
-0.8358824,1.078237,0.6062729
-0.8373744,1.015901,0.6260673
-1.001897,1.02918,0.6260673
-1.001897,1.02918,0.5650885
-0.8373744,1.015901,0.5650885
-0.8351615,1.117212,0.6260673
-1.001897,1.106168,0.6260673
-1.001897,1.02918,0.6260673
-0.8373744,1.015901,0.6260673
-1.001897,1.02918,0.5650885
-1.001897,1.02918,0.6260673
-1.001897,1.106168,0.6260673
-1.001897,1.106168,0.5650885
-0.8351615,1.117212,0.5650885
-1.001897,1.106168,0.5650885
-1.001897,1.106168,0.6260673
-0.8351615,1.117212,0.6260673
-0.9929215,1.098004,0.5650885
-0.8351615,1.117212,0.5650885
-0.8443431,1.107845,0.5650885
-1.001897,1.106168,0.5650885
-0.9929211,1.037224,0.5650885
-1.001897,1.02918,0.5650885
-0.8461444,1.025378,0.5650885
-0.8373744,1.015901,0.5650885
-0.8443431,1.107845,0.5650885
-0.8351615,1.117212,0.5650885
-0.8461444,1.025378,0.5650885
-0.8461444,1.025378,0.5650885
-0.9929211,1.037224,0.5650885
-0.9929215,1.098004,0.5650885
-0.8443431,1.107845,0.5650885
-0.8358824,1.078237,0.584883
-0.8358824,1.078237,0.6062729
-0.7753917,1.032706,0.609709
-0.7753917,1.032706,0.5883181
-0.7753917,1.015719,0.5883181
-0.8366588,1.049003,0.584883
-0.8358824,1.078237,0.584883
-0.7753917,1.032706,0.5883181
0.8924381,0.877712,-0.06184027
0.8924381,0.9187802,-0.06184027
0.8924381,0.9187802,-0.3048642
0.8924381,0.877712,-0.3048642
0.8924381,0.877712,-0.3048642
0.8924381,0.9187802,-0.3048642
0.9391387,0.9187802,-0.3048642
0.9391387,0.877712,-0.3048642
0.9391387,0.877712,-0.3048642
0.9391387,0.9187802,-0.3048642
0.9391387,0.9187802,-0.06184027
0.9391387,0.877712,-0.06184027
0.9391387,0.877712,-0.06184027
0.9391387,0.9187802,-0.06184027
0.8924381,0.9187802,-0.06184027
0.8924381,0.877712,-0.06184027
0.8924381,0.877712,-0.3048642
0.9391387,0.877712,-0.3048642
0.9391387,0.877712,-0.06184027
0.8924381,0.877712,-0.06184027
0.9391387,0.9187802,-0.3048642
0.8924381,0.9187802,-0.3048642
0.8924381,0.9187802,-0.06184027
0.9391387,0.9187802,-0.06184027
0.8924381,0.877712,-0.8558358
0.8924381,0.9187802,-0.8558358
0.8924381,0.9187802,-1.09886
0.8924381,0.877712,-1.09886
0.8924381,0.877712,-1.09886
0.8924381,0.9187802,-1.09886
0.9391387,0.9187802,-1.09886
0.9391387,0.877712,-1.09886
0.9391387,0.877712,-1.09886
0.9391387,0.9187802,-1.09886
0.9391387,0.9187802,-0.8558358
0.9391387,0.877712,-0.8558358
0.9391387,0.877712,-0.8558358
0.9391387,0.9187802,-0.8558358
0.8924381,0.9187802,-0.8558358
0.8924381,0.877712,-0.8558358
0.8924381,0.877712,-1.09886
0.9391387,0.877712,-1.09886
0.9391387,0.877712,-0.8558358
0.8924381,0.877712,-0.8558358
0.9391387,0.9187802,-1.09886
0.8924381,0.9187802,-1.09886
0.8924381,0.9187802,-0.8558358
0.9391387,0.9187802,-0.8558358
-0.4999803,0.509612,-2.634475
-0.5381885,0.4941125,-2.631275
-0.5381885,0.5332996,-2.44147
-0.4999803,0.5487992,-2.44467
-0.5381885,0.4941125,-2.631275
-0.5540149,0.4566934,-2.62355
-0.5540149,0.4958806,-2.433744
-0.5381885,0.5332996,-2.44147
-0.5540149,0.4566934,-2.62355
-0.5381885,0.4192743,-2.615824
-0.5381885,0.4584614,-2.426018
-0.5540149,0.4958806,-2.433744
-0.5381885,0.4192743,-2.615824
-0.4999803,0.4037748,-2.612624
-0.4999803,0.442962,-2.422818
-0.5381885,0.4584614,-2.426018
-0.4999803,0.4037748,-2.612624
-0.4617721,0.4192743,-2.615824
-0.4617721,0.4584614,-2.426018
-0.4999803,0.442962,-2.422818
-0.4617721,0.4192743,-2.615824
-0.4459455,0.4566934,-2.62355
-0.4459455,0.4958806,-2.433744
-0.4617721,0.4584614,-2.426018
-0.5381885,0.5332996,-2.44147
-0.5540149,0.4958806,-2.433744
-0.5381885,0.4584614,-2.426018
-0.4999803,0.5487992,-2.44467
-0.4999803,0.442962,-2.422818
-0.4617721,0.5332996,-2.44147
-0.4617721,0.4584614,-2.426018
-0.4459455,0.4958806,-2.433744
-0.4459455,0.4566934,-2.62355
-0.4617721,0.4941125,-2.631275
-0.4617721,0.5332996,-2.44147
-0.4459455,0.4958806,-2.433744
-0.4617721,0.4941125,-2.631275
-0.4999803,0.509612,-2.634475
-0.4999803,0.5487992,-2.44467
-0.4617721,0.5332996,-2.44147
-0.5308643,0.4264472,-2.617305
-0.5436571,0.4566934,-2.62355
-0.5308643,0.4869396,-2.629794
-0.4999803,0.4139188,-2.614718
-0.4999803,0.499468,-2.632381
-0.4690963,0.4264472,-2.617305
-0.4690963,0.4869396,-2.629794
-0.4563034,0.4566934,-2.62355
0.49998,0.509612,-2.634475
0.49998,0.5487992,-2.44467
0.5381883,0.5332996,-2.44147
0.5381883,0.4941125,-2.631275
0.5381883,0.4941125,-2.631275
0.5381883,0.5332996,-2.44147
0.5540146,0.4958806,-2.433744
0.5540146,0.4566934,-2.62355
0.5540146,0.4566934,-2.62355
0.5540146,0.4958806,-2.433744
0.5381883,0.4584614,-2.426018
0.5381883,0.4192743,-2.615824
0.5381883,0.4192743,-2.615824
0.5381883,0.4584614,-2.426018
0.49998,0.442962,-2.422818
0.49998,0.4037748,-2.612624
0.49998,0.4037748,-2.612624
0.49998,0.442962,-2.422818
0.4617718,0.4584614,-2.426018
0.4617718,0.4192743,-2.615824
0.4617718,0.4192743,-2.615824
0.4617718,0.4584614,-2.426018
0.4459453,0.4958806,-2.433744
0.4459453,0.4566934,-2.62355
0.4617718,0.5332996,-2.44147
0.4459453,0.4958806,-2.433744
0.4617718,0.4584614,-2.426018
0.49998,0.5487992,-2.44467
0.49998,0.442962,-2.422818
0.5381883,0.5332996,-2.44147
0.5381883,0.4584614,-2.426018
0.5540146,0.4958806,-2.433744
0.4459453,0.4566934,-2.62355
0.4459453,0.4958806,-2.433744
0.4617718,0.5332996,-2.44147
0.4617718,0.4941125,-2.631275
0.4617718,0.4941125,-2.631275
0.4617718,0.5332996,-2.44147
0.49998,0.5487992,-2.44467
0.49998,0.509612,-2.634475
0.469096,0.4264472,-2.617305
0.4563031,0.4566934,-2.62355
0.469096,0.4869396,-2.629794
0.49998,0.4139188,-2.614718
0.49998,0.499468,-2.632381
0.5308641,0.4264472,-2.617305
0.5308641,0.4869396,-2.629794
0.5436568,0.4566934,-2.62355
-8.470238E-10,0.7666669,-2.519832
-8.470238E-10,0.7567476,-2.519911
-0.2996424,0.7567476,-2.519911
0.2996424,0.7567476,-2.519911
-0.2894545,0.7666669,-2.519832
0.2894545,0.7666669,-2.519832
-0.2996424,0.791487,-2.519636
0.2996424,0.791487,-2.519636
-0.2894545,0.791487,-2.519636
0.2894545,0.791487,-2.519636
-0.2996424,0.8368303,-2.519273
0.2996424,0.8368303,-2.519273
-0.2894545,0.8368303,-2.519273
0.2894545,0.8368303,-2.519273
-0.2996424,0.8715697,-2.518998
0.2996424,0.8715697,-2.518998
-0.2894545,0.8616504,-2.519077
0.2894545,0.8616504,-2.519077
-8.470238E-10,0.8715697,-2.518998
-8.470238E-10,0.8616504,-2.519077
0.469096,0.4869396,-2.629794
0.4459453,0.4566934,-2.62355
0.4617718,0.4941125,-2.631275
0.4563031,0.4566934,-2.62355
0.49998,0.499468,-2.632381
0.4617718,0.4192743,-2.615824
0.49998,0.509612,-2.634475
0.469096,0.4264472,-2.617305
0.5308641,0.4869396,-2.629794
0.49998,0.4037748,-2.612624
0.5381883,0.4941125,-2.631275
0.49998,0.4139188,-2.614718
0.5436568,0.4566934,-2.62355
0.5381883,0.4192743,-2.615824
0.5540146,0.4566934,-2.62355
0.5308641,0.4264472,-2.617305
-0.4690963,0.4869396,-2.629794
-0.4617721,0.4941125,-2.631275
-0.4459455,0.4566934,-2.62355
-0.4563034,0.4566934,-2.62355
-0.4999803,0.499468,-2.632381
-0.4617721,0.4192743,-2.615824
-0.4999803,0.509612,-2.634475
-0.4690963,0.4264472,-2.617305
-0.5308643,0.4869396,-2.629794
-0.4999803,0.4037748,-2.612624
-0.5381885,0.4941125,-2.631275
-0.4999803,0.4139188,-2.614718
-0.5436571,0.4566934,-2.62355
-0.5381885,0.4192743,-2.615824
-0.5540149,0.4566934,-2.62355
-0.5308643,0.4264472,-2.617305
-0.8366588,1.049003,0.584883
-0.8373744,1.015901,0.5650885
-0.8351615,1.117212,0.5650885
-0.8366588,1.049003,0.6062729
-0.8358824,1.078237,0.584883
-0.8373744,1.015901,0.6260673
-0.8351615,1.117212,0.6260673
-0.8358824,1.078237,0.6062729
0.8366588,1.049003,0.584883
0.8358824,1.078237,0.584883
0.8351615,1.117212,0.5650885
0.8373744,1.015901,0.5650885
0.8351615,1.117212,0.6260673
0.8366588,1.049003,0.6062729
0.8358824,1.078237,0.6062729
0.8373744,1.015901,0.6260673
-0.9192595,0.7740069,2.049451
-0.8304358,0.7740053,2.120359
-0.8296456,0.9069864,2.123336
-0.9185448,0.8948389,2.05265
-0.8304358,0.7740053,2.120359
-0.763137,0.7740049,2.142052
-0.7630324,0.9069914,2.144474
-0.8296456,0.9069864,2.123336
-0.763137,0.7740049,2.142052
-0.5494404,0.7740047,2.166741
-0.5494405,0.9069915,2.169144
-0.7630324,0.9069914,2.144474
-0.9192595,0.7740069,2.049451
-0.9185448,0.8948389,2.05265
-0.9191954,0.8948389,1.951348
-0.9191954,0.7740068,1.951348
-0.8303341,0.8368303,-2.519273
-0.9191954,0.8368303,-2.519273
-0.9191954,0.8715694,-2.518952
-0.8303341,0.8715697,-2.518995
-0.623895,0.8368303,-2.519273
-0.623895,0.8715697,-2.518995
-0.5684995,0.8368303,-2.519273
-0.5684995,0.8715697,-2.518995
-0.4489571,0.8368303,-2.519273
-0.4489571,0.8715697,-2.518995
-0.9191954,0.8368303,-2.336252
-0.9191954,0.8715694,-2.336252
-0.9191954,0.8715694,-2.518952
-0.9191954,0.8368303,-2.519273
-0.9191954,0.756748,-2.336252
-0.9191954,0.791487,-2.336252
-0.9191954,0.791487,-2.519636
-0.9191954,0.756748,-2.519957
-0.9191954,0.791487,-2.336252
-0.9191954,0.8368303,-2.336252
-0.9191954,0.8368303,-2.519273
-0.9191954,0.791487,-2.519636
-0.8303341,0.791487,-2.519636
-0.9191954,0.791487,-2.519636
-0.9191954,0.8368303,-2.519273
-0.8303341,0.8368303,-2.519273
-0.623895,0.791487,-2.519636
-0.623895,0.8368303,-2.519273
-0.5684995,0.791487,-2.519636
-0.5684995,0.8368303,-2.519273
-0.4489571,0.791487,-2.519636
-0.4489571,0.8368303,-2.519273
-0.8303341,0.7567476,-2.519915
-0.9191954,0.756748,-2.519957
-0.9191954,0.791487,-2.519636
-0.8303341,0.791487,-2.519636
-0.623895,0.7567476,-2.519915
-0.623895,0.791487,-2.519636
-0.5684995,0.7567476,-2.519915
-0.5684995,0.791487,-2.519636
-0.4489571,0.7567476,-2.519915
-0.4489571,0.791487,-2.519636
0.9192595,0.7740069,2.049451
0.9185448,0.8948389,2.05265
0.8296456,0.9069864,2.123336
0.8304358,0.7740053,2.120359
0.8304358,0.7740053,2.120359
0.8296456,0.9069864,2.123336
0.7630324,0.9069914,2.144474
0.763137,0.7740049,2.142052
0.763137,0.7740049,2.142052
0.7630324,0.9069914,2.144474
0.5494405,0.9069915,2.169144
0.5494403,0.7740047,2.166741
0.9192595,0.7740069,2.049451
0.9191954,0.7740068,1.951348
0.9191954,0.8948389,1.951348
0.9185448,0.8948389,2.05265
0.5684995,0.8368303,-2.519273
0.4489571,0.8368303,-2.519273
0.4489571,0.8715697,-2.518995
0.5684995,0.8715697,-2.518995
0.623895,0.8368303,-2.519273
0.623895,0.8715697,-2.518995
0.8303341,0.8368303,-2.519273
0.8303341,0.8715697,-2.518995
0.9191954,0.8368303,-2.519273
0.9191954,0.8715694,-2.518952
0.9191954,0.8368303,-2.336252
0.9191954,0.8368303,-2.519273
0.9191954,0.8715694,-2.518952
0.9191954,0.8715694,-2.336252
0.9191954,0.756748,-2.336252
0.9191954,0.756748,-2.519957
0.9191954,0.791487,-2.519636
0.9191954,0.791487,-2.336252
0.9191954,0.791487,-2.336252
0.9191954,0.791487,-2.519636
0.9191954,0.8368303,-2.519273
0.9191954,0.8368303,-2.336252
0.5684995,0.791487,-2.519636
0.4489571,0.791487,-2.519636
0.4489571,0.8368303,-2.519273
0.5684995,0.8368303,-2.519273
0.623895,0.791487,-2.519636
0.623895,0.8368303,-2.519273
0.8303341,0.791487,-2.519636
0.8303341,0.8368303,-2.519273
0.9191954,0.791487,-2.519636
0.9191954,0.8368303,-2.519273
0.5684995,0.7567476,-2.519915
0.4489571,0.7567476,-2.519915
0.4489571,0.791487,-2.519636
0.5684995,0.791487,-2.519636
0.623895,0.7567476,-2.519915
0.623895,0.791487,-2.519636
0.8303341,0.7567476,-2.519915
0.8303341,0.791487,-2.519636
0.9191954,0.756748,-2.519957
0.9191954,0.791487,-2.519636
2577
0.09585112,0.4845777
0.09585106,0.4845778
0.09585112,0.4845777
0.09585106,0.4845777
0.09585106,0.4845778
0.09585112,0.4845777
0.9107977,0.9772275
0.9107977,0.9772275
0.9107977,0.9772275
0.9107977,0.9772275
0.9107977,0.9772275
0.9107977,0.9772275
0.9107977,0.9772275
0.9107977,0.9772275
0.9107977,0.9772275
0.9107977,0.9772275
0.9107977,0.9772275
0.09585112,0.4845777
0.09585106,0.4845778
0.09585112,0.4845777
0.09585112,0.4845777
0.09585106,0.4845778
0.09585106,0.4845777
0.9107977,0.9772275
0.9107977,0.9772275
0.9107977,0.9772275
0.9107977,0.9772275
0.9107977,0.9772275
0.9107977,0.9772275
0.9107977,0.9772275
0.9107977,0.9772275
0.9107977,0.9772275
0.9107977,0.9772275
0.9107977,0.9772275
0.9107977,0.9772275
0.9107977,0.9772275
0.9107977,0.9772275
0.9107977,0.9772275
0.9107977,0.9772275
0.9107977,0.9772275
0.9107977,0.9772275
0.9107977,0.9772275
0.9107977,0.9772275
0.9107977,0.9772275
0.9107977,0.9772275
0.9107977,0.9772275
0.9107977,0.9772275
0.9107977,0.9772275
0.9107977,0.9772275
0.9107977,0.9772275
0.9107977,0.9772275
0.9107977,0.9772275
0.9107977,0.9772274
0.9107977,0.9772275
0.9107977,0.9772275
0.9107977,0.9772275
0.9107977,0.9772275
0.9107977,0.9772275
0.9107977,0.9772275
0.9107977,0.9772275
0.9107977,0.9772275
0.9107977,0.9772275
0.9107977,0.9772275
0.9107977,0.9772275
0.9107977,0.9772275
0.9107977,0.9772275
0.9107977,0.9772275
0.9107977,0.9772275
0.9107977,0.9772275
0.9107977,0.9772275
0.9107977,0.9772275
0.9107977,0.9772275
0.09585118,0.4845778
0.09585112,0.4845777
0.09585112,0.4845777
0.09585118,0.4845777
0.09585112,0.4845777
0.09585112,0.4845777
0.09585118,0.4845778
0.09585112,0.4845777
0.09585118,0.4845777
0.2908904,0.9525409
0.2908904,0.9525409
0.2908904,0.9525409
0.2908904,0.9525409
0.2908904,0.9525409
0.2908904,0.9525409
0.2908904,0.9525409
0.2908904,0.9525409
0.2908904,0.9525409
0.09585106,0.4845777
0.09585112,0.4845777
0.09585112,0.4845777
0.09585112,0.4845777
0.09585106,0.4845777
0.09585112,0.4845777
0.09585112,0.4845777
0.9107977,0.9772275
0.9107977,0.9772275
0.9107977,0.9772275
0.9107977,0.9772275
0.9107977,0.9772275
0.9107977,0.9772275
0.9107977,0.9772275
0.9107977,0.9772275
0.9107977,0.9772275
0.9107977,0.9772275
0.9107977,0.9772275
0.9107977,0.9772275
0.9107977,0.9772275
0.9107977,0.9772275
0.9107977,0.9772275
0.9107977,0.9772275
0.9107977,0.9772275
0.9107977,0.9772275
0.9107977,0.9772275
0.9107977,0.9772275
0.9107977,0.9772275
0.9107977,0.9772275
0.9107977,0.9772275
0.9107977,0.9772275
0.9107977,0.9772275
0.9107977,0.9772275
0.9107977,0.9772275
0.9107977,0.9772275
0.9107977,0.9772275
0.9107977,0.9772275
0.9107977,0.9772275
0.9107977,0.9772275
0.9107977,0.9772275
0.9107977,0.9772275
0.9107977,0.9772275
0.9107977,0.9772275
0.9107977,0.9772275
0.9107977,0.9772275
0.9107977,0.9772275
0.9107977,0.9772275
0.9107977,0.9772275
0.9107977,0.9772275
0.9107977,0.9772275
0.9107977,0.9772275
0.9107977,0.9772275
0.9107977,0.9772275
0.9107977,0.9772275
0.9107977,0.9772275
0.9107977,0.9772275
0.9107977,0.9772275
0.9107977,0.9772275
0.1585226,0.5223944
0.1585226,0.5223944
0.1585226,0.5223944
0.1585226,0.5223944
0.2908904,0.9525409
0.2908904,0.9525409
0.2908904,0.9525409
0.2908904,0.9525409
0.2908904,0.9525409
0.09585112,0.4845777
0.09585106,0.4845777
0.09585112,0.4845777
0.09585118,0.4845777
0.9107977,0.9772275
0.9107977,0.9772275
0.9107977,0.9772275
0.9107977,0.9772275
0.9107977,0.9772275
0.9107977,0.9772275
0.9107977,0.9772275
0.9107977,0.9772275
0.9107977,0.9772275
0.9107977,0.9772275
0.9107977,0.9772275
0.09585106,0.4845777
0.09585106,0.4845777
0.09585112,0.4845777
0.09585106,0.4845777
0.2908904,0.9525409
0.2908904,0.9525409
0.2908904,0.9525409
0.2908904,0.9525409
0.2908904,0.9525409
0.2908904,0.9525409
0.9107977,0.9772275
0.9107977,0.9772275
0.9107977,0.9772275
0.9107977,0.9772275
0.2908904,0.9525409
0.2908904,0.9525409
0.2908904,0.9525409
0.2908904,0.9525409
0.2908904,0.9525409
0.2908904,0.9525409
0.2908904,0.9525409
0.2908904,0.9525409
0.9107977,0.9772275
0.9107977,0.9772275
0.9107977,0.9772275
0.9107977,0.9772275
0.2908904,0.9525409
0.2908904,0.9525409
0.2908904,0.9525409
0.2908904,0.9525409
0.2908904,0.9525409
0.2908904,0.9525409
0.2908904,0.9525409
0.2908904,0.9525409
0.2908904,0.9525409
0.2908904,0.9525409
0.2908904,0.9525409
0.2908904,0.9525409
0.2908904,0.9525409
0.2908904,0.9525409
0.2908904,0.9525409
0.2908904,0.9525409
0.2908904,0.9525409
0.2908904,0.9525409
0.1060455,0.5291048
0.1060455,0.5291048
0.1060455,0.5291048
0.1060455,0.5291048
0.1060455,0.5291048
0.1060455,0.5291048
0.1060455,0.5291048
0.1060455,0.5291048
0.1060455,0.5291048
0.1060455,0.5291048
0.9107977,0.9772275
0.9107977,0.9772275
0.9107977,0.9772275
0.9107977,0.9772275
0.9107977,0.9772275
0.9107977,0.9772275
0.9107977,0.9772275
0.9107977,0.9772275
0.9107977,0.9772275
0.9107977,0.9772275
0.9107977,0.9772275
0.9107977,0.9772275
0.9107977,0.9772275
0.9107977,0.9772275
0.9107977,0.9772275
0.9107977,0.9772275
0.9107977,0.9772275
0.9107977,0.9772275
0.9107977,0.9772275
0.9107977,0.9772275
0.9107977,0.9772275
0.9107977,0.9772275
0.9107977,0.9772275
0.9107977,0.9772275
0.9107977,0.9772275
0.9107977,0.9772275
0.09713911,0.5383052
0.09713911,0.5383052
0.09713911,0.5383052
0.09713911,0.5383052
0.1483923,0.550331
0.1483923,0.550331
0.1483923,0.550331
0.1483923,0.550331
0.1499569,0.5268613
0.1499569,0.5268613
0.1499569,0.5268613
0.1499569,0.5268613
0.9107977,0.9772275
0.9107977,0.9772275
0.9107977,0.9772275
0.9107977,0.9772275
0.1499569,0.5268613
0.1499569,0.5268613
0.1499569,0.5268613
0.1499569,0.5268613
0.1499569,0.5268613
0.1499569,0.5268613
0.1499569,0.5268613
0.1499569,0.5268613
0.1499569,0.5268613
0.1499569,0.5268613
0.1499569,0.5268613
0.1499569,0.5268613
0.09713911,0.5383052
0.09713911,0.5383052
0.09713911,0.5383052
0.09713911,0.5383052
0.09713911,0.5383052
0.09713911,0.5383052
0.09713911,0.5383052
0.09713911,0.5383052
0.09713911,0.5383052
0.09713911,0.5383052
0.09154123,0.5375327
0.09154123,0.5375327
0.09154123,0.5375327
0.09154123,0.5375327
0.09154123,0.5375327
0.09154123,0.5375327
0.09154123,0.5375327
0.09154123,0.5375327
0.09713911,0.5383052
0.09713911,0.5383052
0.09713911,0.5383052
0.09713911,0.5383052
0.09165543,0.5335467
0.09165543,0.5335467
0.09165543,0.5335467
0.09165543,0.5335467
0.9107977,0.9772275
0.9107977,0.9772275
0.9107977,0.9772275
0.9107977,0.9772275
0.9107977,0.9772275
0.9107977,0.9772275
0.9107977,0.9772275
0.9107977,0.9772275
0.9107977,0.9772275
0.9107977,0.9772275
0.9107977,0.9772275
0.9107977,0.9772275
0.9107977,0.9772275
0.9107977,0.9772275
0.9107977,0.9772275
0.9107977,0.9772275
0.9107977,0.9772275
0.9107977,0.9772275
0.9107977,0.9772275
0.9107977,0.9772275
0.9107977,0.9772275
0.9107977,0.9772275
0.2908904,0.9525409
0.2908904,0.9525409
0.2908904,0.9525409
0.2908904,0.9525409
0.2908904,0.9525409
0.2908904,0.9525409
0.2908904,0.9525409
0.2908904,0.9525409
0.2908904,0.9525409
0.2908904,0.9525409
0.2908904,0.9525409
0.2908904,0.9525409
0.2908904,0.9525409
0.09585112,0.4845777
0.09585112,0.4845777
0.09585118,0.4845777
0.09585118,0.4845777
0.9107977,0.9772275
0.9107977,0.9772275
0.9107977,0.9772275
0.9107977,0.9772275
0.09713911,0.5383052
0.09713911,0.5383052
0.09713911,0.5383052
0.09713911,0.5383052
0.1691576,0.5294844
0.1691576,0.5294844
0.1691576,0.5294844
0.1691576,0.5294844
0.1691576,0.5294844
0.1691576,0.5294844
0.9107977,0.9772275
0.9107977,0.9772275
0.9107977,0.9772275
0.9107977,0.9772275
0.9107977,0.9772275
0.9107977,0.9772275
0.9107977,0.9772275
0.9107977,0.9772275
0.9107977,0.9772275
0.9107977,0.9772275
0.9107977,0.9772275
0.9107977,0.9772275
0.9107977,0.9772275
0.9107977,0.9772275
0.9107977,0.9772275
0.9107977,0.9772275
0.9107977,0.9772275
0.9107977,0.9772275
0.9107977,0.9772275
0.9107977,0.9772275
0.9107977,0.9772275
0.9107977,0.9772275
0.9107977,0.9772275
0.9107977,0.9772275
0.9107977,0.9772275
0.9107977,0.9772275
0.9107977,0.9772275
0.9107977,0.9772276
0.9107977,0.9772275
0.9107977,0.9772275
0.9107977,0.9772275
0.9107977,0.9772275
0.9107977,0.9772275
0.9107977,0.9772274
0.1691576,0.5294844
0.1691576,0.5294844
0.1691576,0.5294844
0.1691576,0.5294844
0.1691576,0.5294844
0.1691576,0.5294844
0.1691576,0.5294844
0.1691576,0.5294844
0.1691576,0.5294844
0.1691576,0.5294844
0.1691576,0.5294844
0.1691576,0.5294844
0.1691576,0.5294844
0.1691576,0.5294844
0.1691576,0.5294844
0.1691576,0.5294844
0.1691576,0.5294844
0.1691576,0.5294844
0.09729481,0.5384227
0.09729481,0.5384227
0.09729481,0.5384227
0.09729481,0.5384228
0.1499569,0.5268613
0.1499569,0.5268613
0.1499569,0.5268613
0.1499569,0.5268613
0.1499569,0.5268613
0.1499569,0.5268613
0.09554464,0.5331722
0.09554465,0.5331723
0.09554465,0.5331723
0.09554465,0.5331723
0.1499569,0.5268613
0.1499569,0.5268613
0.1499569,0.5268613
0.1499569,0.5268613
0.1499569,0.5268613
0.1499569,0.5268613
0.1499569,0.5268613
0.1499569,0.5268613
0.1499569,0.5268613
0.1499569,0.5268613
0.1499569,0.5268613
0.1499569,0.5268613
0.9107977,0.9772275
0.9107977,0.9772275
0.9107977,0.9772275
0.9107977,0.9772275
0.9107977,0.9772275
0.09713911,0.5383052
0.09713911,0.5383052
0.09713911,0.5383052
0.09713911,0.5383052
0.09713911,0.5383052
0.09713911,0.5383052
0.09713911,0.5383052
0.09713911,0.5383052
0.09713911,0.5383052
0.09713911,0.5383052
0.09713911,0.5383052
0.09713911,0.5383052
0.09713911,0.5383052
0.09713911,0.5383052
0.09713911,0.5383052
0.09713911,0.5383052
0.09713911,0.5383052
0.09713911,0.5383052
0.09713911,0.5383052
0.09713911,0.5383052
0.1099329,0.531908
0.1099329,0.531908
0.1099329,0.531908
0.1099329,0.531908
0.09713911,0.5383052
0.09713911,0.5383052
0.09713911,0.5383052
0.09713911,0.5383052
0.9107977,0.9772275
0.9107977,0.9772275
0.9107977,0.9772275
0.9107977,0.9772275
0.09713911,0.5383052
0.09713911,0.5383052
0.09713911,0.5383052
0.09713911,0.5383052
0.09713911,0.5383052
0.09713911,0.5383052
0.09713911,0.5383052
0.09713911,0.5383052
0.09713911,0.5383052
0.09713911,0.5383052
0.09713911,0.5383052
0.09713911,0.5383052
0.9107977,0.9772275
0.9107977,0.9772275
0.9107977,0.9772275
0.9107977,0.9772275
0.9107977,0.9772275
0.9107977,0.9772275
0.9107977,0.9772275
0.09713911,0.5383052
0.09713911,0.5383052
0.09713911,0.5383052
0.09713911,0.5383052
0.1099329,0.531908
0.1099329,0.531908
0.1099329,0.531908
0.1099329,0.531908
0.1099329,0.531908
0.1099329,0.531908
0.1099329,0.531908
0.1099329,0.531908
0.1099329,0.531908
0.1099329,0.531908
0.1099329,0.531908
0.1099329,0.531908
0.1099329,0.531908
0.1099329,0.531908
0.1099329,0.531908
0.1099329,0.531908
0.1099329,0.531908
0.1099329,0.531908
0.1099329,0.531908
0.1099329,0.531908
0.1099329,0.531908
0.1099329,0.531908
0.1099329,0.531908
0.1099329,0.531908
0.9107977,0.9772275
0.9107977,0.9772275
0.9107977,0.9772275
0.9107977,0.9772275
0.9107977,0.9772275
0.9107977,0.9772275
0.9107977,0.9772275
0.9107977,0.9772275
0.1699583,0.543257
0.1699583,0.543257
0.1699583,0.543257
0.1699583,0.543257
0.1699583,0.543257
0.1699583,0.543257
0.1699583,0.543257
0.1699583,0.543257
0.1699583,0.543257
0.1699583,0.543257
0.1699583,0.543257
0.09713911,0.5383052
0.09713911,0.5383052
0.09713911,0.5383052
0.09713911,0.5383052
0.09713911,0.5383052
0.08802798,0.5330815
0.08802798,0.5330815
0.08802798,0.5330815
0.08802798,0.5330815
0.09713911,0.5383052
0.09713911,0.5383052
0.09713911,0.5383052
0.09713911,0.5383052
0.09713911,0.5383052
0.09713911,0.5383052
0.09713911,0.5383052
0.09713911,0.5383052
0.09713911,0.5383052
0.09713911,0.5383052
0.9107977,0.9772275
0.9107977,0.9772275
0.9107977,0.9772275
0.9107977,0.9772275
0.9107977,0.9772275
0.9107977,0.9772275
0.9107977,0.9772275
0.9107977,0.9772275
0.9107977,0.9772275
0.9107977,0.9772275
0.9045392,0.9772275
0.9045392,0.9772275
0.9045392,0.9772275
0.9045392,0.9772275
0.9045392,0.9772275
0.9045392,0.9772275
0.1562155,0.5487663
0.1562155,0.5487663
0.1562155,0.5487663
0.1562155,0.5487663
0.1562155,0.5487663
0.1562155,0.5487663
0.1562155,0.5487663
0.1562155,0.5487663
0.1562155,0.5487663
0.1562155,0.5487663
0.1562155,0.5487663
0.1562155,0.5487663
0.1562155,0.5487663
0.1562155,0.5487663
0.1562155,0.5487663
0.1562155,0.5487663
0.1562155,0.5487663
0.1562155,0.5487663
0.1562155,0.5487663
0.1562155,0.5487663
0.1562155,0.5487663
0.1562155,0.5487663
0.1562155,0.5487663
0.1562155,0.5487663
0.1562155,0.5487663
0.1562155,0.5487663
0.1562155,0.5487663
0.1562155,0.5487663
0.1562155,0.5487663
0.1562155,0.5487663
0.1562155,0.5487663
0.1562155,0.5487663
0.1562155,0.5487663
0.1562155,0.5487663
0.1562155,0.5487663
0.1562155,0.5487663
0.9107977,0.9772275
0.9107977,0.9772275
0.9107977,0.9772275
0.9107977,0.9772275
0.9107977,0.9772275
0.9107977,0.9772275
0.9107977,0.9772275
0.9107977,0.9772275
0.08802798,0.5330815
0.08802798,0.5330815
0.08802798,0.5330815
0.08802798,0.5330815
0.08802798,0.5330815
0.08802798,0.5330815
0.08802798,0.5330815
0.08802798,0.5330815
0.08802798,0.5330815
0.08802798,0.5330815
0.08802798,0.5330815
0.08802798,0.5330815
0.08802798,0.5330815
0.08802798,0.5330815
0.08802798,0.5330815
0.08802798,0.5330815
0.08802798,0.5330815
0.08802798,0.5330815
0.08802798,0.5330815
0.08802798,0.5330815
0.08802798,0.5330815
0.08802798,0.5330815
0.08802798,0.5330815
0.08802798,0.5330815
0.9107977,0.9772275
0.9107977,0.9772275
0.9107977,0.9772275
0.9107977,0.9772275
0.9107977,0.9772275
0.9107977,0.9772275
0.08802798,0.5330815
0.08802798,0.5330815
0.08802798,0.5330815
0.08802798,0.5330815
0.08802798,0.5330815
0.08802798,0.5330815
0.08802798,0.5330815
0.08802798,0.5330815
0.08802798,0.5330815
0.08802798,0.5330815
0.9107977,0.9772275
0.9107977,0.9772275
0.9107977,0.9772275
0.9107977,0.9772275
0.08802798,0.5330815
0.08802798,0.5330815
0.08802798,0.5330815
0.08802798,0.5330815
0.9107977,0.9772275
0.9107977,0.9772275
0.9107977,0.9772275
0.9107977,0.9772275
0.9107977,0.9772275
0.9107977,0.9772275
0.9107977,0.9772275
0.9107977,0.9772275
0.9107977,0.9772275
0.9107977,0.9772275
0.09595513,0.5314222
0.09595513,0.5314222
0.09595513,0.5314222
0.09595513,0.5314222
0.09154123,0.5375327
0.09154123,0.5375327
0.09154123,0.5375327
0.09154123,0.5375327
0.09154123,0.5375327
0.09154123,0.5375327
0.09154123,0.5375327
0.09154123,0.5375327
0.1483923,0.550331
0.1483923,0.550331
0.1483923,0.550331
0.1483923,0.550331
0.08605753,0.5383911
0.08605753,0.5383911
0.08605753,0.5383911
0.08605753,0.5383911
0.1483923,0.550331
0.1483923,0.550331
0.1483923,0.550331
0.1483923,0.550331
0.1483923,0.550331
0.1483923,0.550331
0.1483923,0.550331
0.1483923,0.550331
0.1483923,0.550331
0.1483923,0.550331
0.1483923,0.550331
0.1483923,0.550331
0.1483923,0.550331
0.1483923,0.550331
0.1483923,0.550331
0.1483923,0.550331
0.1483923,0.550331
0.1483923,0.550331
0.09307659,0.5394592
0.09307657,0.5394592
0.09307659,0.5394592
0.09307659,0.5394592
0.09154123,0.5375327
0.09154123,0.5375327
0.09154123,0.5375327
0.09154123,0.5375327
0.09154123,0.5375327
0.09154123,0.5375327
0.09154123,0.5375327
0.09154123,0.5375327
0.09154123,0.5375327
0.09154123,0.5375327
0.09154123,0.5375327
0.09154123,0.5375327
0.09154123,0.5375327
0.09154123,0.5375327
0.09154123,0.5375327
0.09154123,0.5375327
0.09154123,0.5375327
0.09154123,0.5375327
0.09154123,0.5375327
0.09154123,0.5375327
0.09154123,0.5375327
0.09154123,0.5375327
0.09154123,0.5375327
0.09154123,0.5375327
0.09154123,0.5375327
0.09154123,0.5375327
0.09154123,0.5375327
0.09154123,0.5375327
0.09154123,0.5375327
0.09154123,0.5375327
0.09307659,0.5394592
0.09307659,0.5394592
0.09307659,0.5394592
0.09307659,0.5394592
0.09307659,0.5394592
0.09307659,0.5394592
0.09307659,0.5394592
0.09307659,0.5394592
0.09307659,0.5394592
0.09307659,0.5394592
0.09307659,0.5394592
0.09307659,0.5394592
0.9107977,0.9772275
0.9107977,0.9772275
0.9107977,0.9772275
0.9107977,0.9772275
0.9107977,0.9772275
0.9107977,0.9772275
0.9107977,0.9772275
0.9107977,0.9772275
0.9107977,0.9772275
0.9107977,0.9772275
0.9107977,0.9772275
0.9107977,0.9772275
0.9107977,0.9772275
0.9107977,0.9772275
0.9107977,0.9772275
0.9107977,0.9772275
0.9107977,0.9772275
0.9107977,0.9772275
0.9107977,0.9772275
0.9107977,0.9772275
0.1585226,0.5223944
0.1585226,0.5223944
0.1585226,0.5223944
0.1585226,0.5223944
0.1585226,0.5223944
0.1585226,0.5223944
0.1585226,0.5223944
0.1585226,0.5223944
0.1585226,0.5223944
0.1585226,0.5223944
0.1585226,0.5223944
0.1585226,0.5223944
0.1585226,0.5223944
0.1585226,0.5223944
0.1585226,0.5223944
0.1585226,0.5223944
0.1585226,0.5223944
0.1585226,0.5223944
0.1585226,0.5223944
0.1585226,0.5223944
0.1585226,0.5223944
0.1585226,0.5223944
0.1499569,0.5268613
0.1499569,0.5268613
0.1499569,0.5268613
0.1499569,0.5268613
0.1585226,0.5223944
0.1585226,0.5223944
0.1585226,0.5223944
0.1585226,0.5223944
0.1585226,0.5223944
0.1585226,0.5223944
0.1585226,0.5223944
0.1585226,0.5223944
0.9107977,0.9772275
0.9107977,0.9772275
0.9107977,0.9772275
0.9107977,0.9772275
0.9107977,0.9772274
0.9107977,0.9772275
0.9107977,0.9772275
0.9107977,0.9772275
0.9107977,0.9772275
0.9107977,0.9772275
0.9107977,0.9772275
0.9107977,0.9772275
0.9107977,0.9772275
0.1301627,0.5188495
0.1301627,0.5188495
0.1301627,0.5188495
0.1301627,0.5188495
0.9107977,0.9772275
0.9107977,0.9772275
0.9107977,0.9772275
0.9107977,0.9772275
0.9107977,0.9772275
0.9107977,0.9772275
0.9107977,0.9772275
0.9107977,0.9772275
0.1301627,0.5188495
0.1301627,0.5188495
0.1301627,0.5188495
0.1301627,0.5188495
0.9107977,0.9772275
0.9107977,0.9772275
0.9107977,0.9772275
0.9107977,0.9772275
0.9107977,0.9772275
0.9107977,0.9772275
0.9107977,0.9772275
0.9107977,0.9772275
0.9107977,0.9772275
0.9107977,0.9772275
0.9107977,0.9772275
0.9107977,0.9772275
0.9107977,0.9772275
0.9107977,0.9772276
0.9107977,0.9772275
0.9107977,0.9772275
0.9107977,0.9772275
0.9107977,0.9772275
0.1301627,0.5188495
0.1301627,0.5188495
0.1301627,0.5188495
0.1301627,0.5188495
0.9107977,0.9772275
0.9107977,0.9772275
0.9107977,0.9772275
0.9107977,0.9772275
0.9107977,0.9772275
0.9107977,0.9772275
0.9107977,0.9772275
0.9107977,0.9772275
0.9107977,0.9772275
0.9107977,0.9772275
0.9107977,0.9772275
0.9107977,0.9772275
0.9107977,0.9772275
0.9107977,0.9772275
0.9107977,0.9772275
0.9107977,0.9772275
0.1585226,0.5223944
0.1585226,0.5223944
0.1585226,0.5223944
0.1585226,0.5223944
0.1585226,0.5223944
0.1585226,0.5223944
0.1585226,0.5223944
0.1585226,0.5223944
0.9107977,0.9772275
0.9107977,0.9772275
0.9107977,0.9772275
0.9107977,0.9772275
0.9107977,0.9772275
0.2267686,0.9953808
0.2267686,0.9953808
0.2267686,0.9953808
0.2267686,0.9953808
0.2267686,0.9953808
0.2267686,0.9953808
0.2267686,0.9953808
0.2267686,0.9953808
0.2267686,0.9953808
0.2267686,0.9953808
0.9107977,0.9772275
0.9107977,0.9772275
0.9107977,0.9772275
0.9107977,0.9772275
0.9107977,0.9772275
0.9107977,0.9772275
0.9107977,0.9772275
0.9107977,0.9772275
0.9107977,0.9772275
0.9107977,0.9772275
0.9107977,0.9772275
0.9107977,0.9772275
0.9107977,0.9772275
0.9107977,0.9772275
0.9107977,0.9772275
0.9107977,0.9772275
0.9107977,0.9772275
0.9107977,0.9772275
0.9107977,0.9772275
0.9107977,0.9772275
0.9107977,0.9772275
0.9107977,0.9772275
0.9107977,0.9772275
0.9107977,0.9772275
0.9107977,0.9772275
0.9107977,0.9772275
0.9107977,0.9772275
0.9107977,0.9772275
0.9107977,0.9772275
0.9107977,0.9772275
0.9107977,0.9772275
0.9107977,0.9772275
0.9107977,0.9772275
0.9107977,0.9772275
0.9107977,0.9772275
0.9107977,0.9772275
0.9107977,0.9772275
0.9107977,0.9772275
0.9107977,0.9772275
0.9107977,0.9772275
0.9107977,0.9772275
0.9107977,0.9772275
0.9107977,0.9772275
0.9107977,0.9772275
0.9107977,0.9772275
0.9107977,0.9772275
0.9107977,0.9772275
0.1530862,0.5299906
0.1530862,0.5299906
0.1530862,0.5299906
0.1530862,0.5299906
0.1530862,0.5299906
0.1530862,0.5299906
0.1530862,0.5299906
0.1530862,0.5299906
0.1530862,0.5299906
0.1530862,0.5299906
0.1530862,0.5299906
0.1530862,0.5299906
0.1530862,0.5299906
0.1530862,0.5299906
0.1530862,0.5299906
0.1530862,0.5299906
0.1530862,0.5299906
0.1530862,0.5299906
0.1530862,0.5299906
0.1530862,0.5299906
0.1530862,0.5299906
0.1530862,0.5299906
0.1530862,0.5299906
0.1530862,0.5299906
0.1530862,0.5299906
0.1530862,0.5299906
0.1530862,0.5299906
0.1530862,0.5299906
0.1530862,0.5299906
0.1530862,0.5299906
0.1530862,0.5299906
0.1530862,0.5299906
0.1530862,0.5299906
0.1530862,0.5299906
0.1530862,0.5299906
0.1530862,0.5299906
0.9170563,0.9772275
0.9170563,0.9772275
0.9170563,0.9772275
0.9170563,0.9772275
0.9170563,0.9772275
0.9170563,0.9772275
0.9170563,0.9772275
0.9170563,0.9772275
0.9170563,0.9772275
0.9170563,0.9772275
0.9170563,0.9772275
0.9170563,0.9772275
0.9170563,0.9772275
0.9170563,0.9772275
0.9170563,0.9772275
0.9170563,0.9772275
0.9170563,0.9772275
0.9170563,0.9772275
0.9170563,0.9772275
0.9170563,0.9772275
0.1640387,0.5425076
0.1640387,0.5425076
0.1640387,0.5425076
0.1640387,0.5425076
0.1640387,0.5425078
0.1640387,0.5425076
0.1640387,0.5425076
0.1640387,0.5425076
0.1640386,0.5425076
0.1640387,0.5425076
0.1640387,0.5425076
0.1640387,0.5425076
0.1640386,0.5425076
0.1640387,0.5425076
0.1640386,0.5425076
0.1640387,0.5425076
0.1640387,0.5425076
0.1640387,0.5425076
0.1640387,0.5425076
0.1640387,0.5425076
0.1640387,0.5425076
0.1640387,0.5425076
0.1640387,0.5425076
0.1640387,0.5425076
0.1640387,0.5425076
0.1640387,0.5425076
0.1640387,0.5425078
0.1640387,0.5425076
0.1640387,0.5425076
0.1640387,0.5425078
0.1640387,0.5425076
0.1640387,0.5425076
0.1640387,0.5425076
0.1640387,0.5425076
0.1640387,0.5425076
0.1640387,0.5425076
0.1640387,0.5425076
0.1640387,0.5425076
0.1640386,0.5425076
0.1640387,0.5425076
0.1640387,0.5425076
0.1640386,0.5425076
0.1640386,0.5425076
0.1640387,0.5425076
0.1640386,0.5425078
0.1640387,0.5425076
0.1640387,0.5425076
0.1640386,0.5425076
0.1640387,0.5425076
0.1640387,0.5425076
0.1640387,0.5425076
0.1640386,0.5425078
0.1640387,0.5425076
0.1640387,0.5425076
0.1640387,0.5425076
0.1640386,0.5425078
0.1640387,0.5425076
0.1640387,0.5425076
0.1640387,0.5425076
0.1640387,0.5425076
0.1640387,0.5425076
0.1640387,0.5425076
0.1640387,0.5425076
0.9107977,0.9772275
0.9107977,0.9772275
0.9107977,0.9772275
0.9107977,0.9772275
0.2908904,0.9525409
0.2908904,0.9525409
0.2908904,0.9525409
0.2908904,0.9525409
0.9107977,0.9772275
0.9107977,0.9772275
0.9107977,0.9772275
0.9107977,0.9772275
0.08802795,0.5346462
0.08802795,0.5346462
0.08802795,0.5346462
0.08802795,0.5346462
0.08802795,0.5346462
0.08802795,0.5346462
0.08802795,0.5346462
0.08802795,0.5346462
0.08802795,0.5346462
0.08802795,0.5346462
0.08802795,0.5346462
0.08802795,0.5346462
0.08802795,0.5346462
0.08802795,0.5346462
0.08802795,0.5346462
0.08802795,0.5346462
0.08802795,0.5346462
0.08802795,0.5346462
0.08802795,0.5346462
0.08802795,0.5346462
0.08802795,0.5346462
0.08802795,0.5346462
0.08802795,0.5346462
0.08802795,0.5346462
0.08802795,0.5346462
0.08802795,0.5346462
0.08802795,0.5346462
0.08802795,0.5346462
0.08802795,0.5346462
0.08802795,0.5346462
0.08802795,0.5346462
0.08802795,0.5346462
0.08802795,0.5346462
0.08802795,0.5346462
0.08802795,0.5346462
0.08802795,0.5346462
0.08802795,0.5346462
0.08802795,0.5346462
0.08802795,0.5346462
0.08802795,0.5346462
0.08802795,0.5346462
0.08802795,0.5346462
0.08802795,0.5346462
0.08802795,0.5346462
0.08802795,0.5346462
0.08802795,0.5346462
0.08802795,0.5346462
0.08802795,0.5346462
0.08802795,0.5346462
0.08802795,0.5346462
0.08802795,0.5346462
0.08802795,0.5346462
0.08802795,0.5346462
0.08802795,0.5346462
0.08802795,0.5346462
0.08802795,0.5346462
0.08802795,0.5346462
0.08802795,0.5346462
0.08802795,0.5346462
0.08802795,0.5346462
0.08802795,0.5346462
0.08802795,0.5346462
0.08802795,0.5346462
0.08802795,0.5346462
0.08802795,0.5346462
0.08802795,0.5346462
0.08802795,0.5346462
0.08802795,0.5346462
0.08802795,0.5346462
0.08802795,0.5346462
0.08802795,0.5346462
0.08802795,0.5346462
0.08802795,0.5346462
0.08802795,0.5346462
0.08802795,0.5346462
0.08802795,0.5346462
0.08802795,0.5346462
0.08802795,0.5346462
0.08802795,0.5346462
0.08802795,0.5346462
0.08802795,0.5346462
0.08802795,0.5346462
0.08802795,0.5346462
0.08802795,0.5346462
0.08802795,0.5346462
0.08802795,0.5346462
0.08802795,0.5346462
0.08802795,0.5346462
0.08802795,0.5346462
0.08802795,0.5346462
0.08802795,0.5346462
0.08802795,0.5346462
0.08802795,0.5346462
0.08802795,0.5346462
0.08802795,0.5346462
0.08802795,0.5346462
0.08802795,0.5346462
0.08802795,0.5346462
0.08802795,0.5346462
0.08802795,0.5346462
0.08802795,0.5346462
0.08802795,0.5346462
0.08802795,0.5346462
0.08802795,0.5346462
0.08802795,0.5346462
0.08802795,0.5346462
0.08802795,0.5346462
0.08802795,0.5346462
0.08802795,0.5346462
0.08802795,0.5346462
0.08802795,0.5346462
0.08802795,0.5346462
0.08802795,0.5346462
0.08802795,0.5346462
0.08802795,0.5346462
0.08802795,0.5346462
0.08802795,0.5346462
0.08802795,0.5346462
0.08802795,0.5346462
0.08802795,0.5346462
0.08802795,0.5346462
0.08802795,0.5346462
0.08802795,0.5346462
0.08802795,0.5346462
0.08802795,0.5346462
0.08802795,0.5346462
0.08802795,0.5346462
0.08802795,0.5346462
0.1611606,0.5404757
0.1611606,0.5404757
0.1611606,0.5404757
0.1611606,0.5404757
0.1611606,0.5404757
0.1611606,0.5404757
0.1611606,0.5404757
0.1611606,0.5404757
0.1611606,0.5404757
0.1611606,0.5404757
0.1611606,0.5404757
0.1611606,0.5404757
0.1611606,0.5404757
0.1611606,0.5404757
0.1611606,0.5404757
0.1611606,0.5404757
0.1611606,0.5404757
0.1611606,0.5404757
0.1611606,0.5404757
0.1611606,0.5404757
0.1611606,0.5404757
0.1611606,0.5404757
0.1611606,0.5404757
0.1611606,0.5404757
0.1611606,0.5404757
0.1611606,0.5404757
0.1611606,0.5404757
0.1611606,0.5404757
0.1611606,0.5404757
0.1611605,0.5404756
0.1611606,0.5404757
0.1611606,0.5404757
0.1611606,0.5404757
0.1611606,0.5404757
0.1611605,0.5404757
0.1611606,0.5404757
0.1611605,0.5404756
0.1611605,0.5404757
0.1611606,0.5404757
0.4003906,0.4733019
0.4003906,0.4733019
0.4003906,0.4733019
0.4003906,0.4733019
0.1611606,0.5404757
0.1611606,0.5404757
0.1611606,0.5404757
0.1611606,0.5404757
0.1611606,0.5404757
0.1611606,0.5404757
0.1611606,0.5404757
0.1611606,0.5404757
0.1611136,0.527056
0.1611136,0.527056
0.1611136,0.527056
0.1611136,0.527056
0.1611136,0.527056
0.1611136,0.527056
0.1611136,0.527056
0.1611136,0.527056
0.1611136,0.527056
0.1611136,0.527056
0.1611136,0.527056
0.1611136,0.527056
0.1611136,0.527056
0.1611136,0.527056
0.1611136,0.527056
0.1611136,0.527056
0.1611136,0.527056
0.1611136,0.527056
0.1611136,0.527056
0.1611136,0.527056
0.1611136,0.527056
0.1611136,0.527056
0.1611136,0.527056
0.1611136,0.527056
0.1611136,0.527056
0.1611136,0.527056
0.1611136,0.527056
0.1611136,0.527056
0.1611136,0.527056
0.1611136,0.527056
0.1611136,0.527056
0.1611136,0.527056
0.1611136,0.527056
0.1611136,0.527056
0.1611136,0.527056
0.1611136,0.527056
0.1611136,0.527056
0.1611136,0.527056
0.1611136,0.527056
0.1611136,0.527056
0.1611136,0.527056
0.1611136,0.527056
0.1611136,0.527056
0.1611136,0.527056
0.1611136,0.527056
0.1611136,0.527056
0.1611136,0.527056
0.1611136,0.527056
0.9107977,0.9772275
0.9107977,0.9772274
0.9107977,0.9772275
0.9107977,0.9772275
0.9107977,0.9772275
0.9107977,0.9772275
0.9107977,0.9772275
0.9107977,0.9772275
0.9107977,0.9772275
0.9107977,0.9772275
0.9107977,0.9772275
0.9107977,0.9772275
0.9107977,0.9772275
0.9107977,0.9772275
0.9107977,0.9772275
0.9107977,0.9772275
0.9107977,0.9772275
0.9107977,0.9772275
0.9107977,0.9772275
0.9107977,0.9772275
0.9107977,0.9772275
0.9107977,0.9772275
0.9107977,0.9772275
0.9107977,0.9772275
0.9107977,0.9772275
0.9107977,0.9772275
0.9107977,0.9772275
0.9107977,0.9772276
0.9107977,0.9772275
0.9107977,0.9772275
0.9107977,0.9772275
0.9107977,0.9772275
0.9107977,0.9772275
0.9107977,0.9772275
0.9107977,0.9772275
0.9107977,0.9772275
0.9107977,0.9772275
0.9107977,0.9772275
0.9107977,0.9772275
0.9107977,0.9772275
0.9107977,0.9772275
0.9107977,0.9772275
0.9107977,0.9772275
0.9107977,0.9772275
0.9107977,0.9772275
0.9107977,0.9772275
0.9107977,0.9772275
0.9107977,0.9772275
0.9107977,0.9772275
0.9107977,0.9772275
0.9107977,0.9772275
0.9107977,0.9772275
0.9107977,0.9772275
0.9107977,0.9772275
0.9107977,0.9772275
0.9107977,0.9772275
0.9107977,0.9772275
0.9107977,0.9772275
0.9107977,0.9772275
0.9107977,0.9772275
0.9107977,0.9772275
0.9107977,0.9772275
0.9107977,0.9772275
0.9107977,0.9772275
0.9107977,0.9772275
0.9107977,0.9772275
0.9107977,0.9772275
0.9107977,0.9772275
0.9107977,0.9772275
0.9107977,0.9772275
0.9107977,0.9772275
0.9107977,0.9772275
0.9107977,0.9772275
0.9107977,0.9772275
0.9107977,0.9772275
0.9107977,0.9772275
0.9107977,0.9772275
0.9107977,0.9772275
0.1585226,0.5223944
0.1585226,0.5223944
0.1585226,0.5223944
0.1585226,0.5223944
0.2908904,0.9525409
0.2908904,0.9525409
0.2908904,0.9525409
0.2908904,0.9525409
0.2908904,0.9525409
0.09585112,0.4845777
0.09585106,0.4845777
0.09585112,0.4845777
0.09585118,0.4845777
0.9107977,0.9772275
0.9107977,0.9772275
0.9107977,0.9772275
0.9107977,0.9772275
0.9107977,0.9772275
0.9107977,0.9772275
0.9107977,0.9772275
0.9107977,0.9772275
0.9107977,0.9772275
0.9107977,0.9772275
0.9107977,0.9772275
0.09585106,0.4845777
0.09585106,0.4845777
0.09585112,0.4845777
0.09585106,0.4845777
0.2908904,0.9525409
0.2908904,0.9525409
0.2908904,0.9525409
0.2908904,0.9525409
0.2908904,0.9525409
0.2908904,0.9525409
0.09585112,0.4845777
0.09585118,0.4845778
0.09585118,0.4845777
0.09585112,0.4845777
0.9107977,0.9772275
0.9107977,0.9772275
0.9107977,0.9772275
0.9107977,0.9772275
0.2908904,0.9525409
0.2908904,0.9525409
0.2908904,0.9525409
0.2908904,0.9525409
0.2908904,0.9525409
0.2908904,0.9525409
0.2908904,0.9525409
0.2908904,0.9525409
0.9107977,0.9772275
0.9107977,0.9772275
0.9107977,0.9772275
0.9107977,0.9772275
0.2908904,0.9525409
0.2908904,0.9525409
0.2908904,0.9525409
0.2908904,0.9525409
0.2908904,0.9525409
0.2908904,0.9525409
0.2908904,0.9525409
0.2908904,0.9525409
0.2908904,0.9525409
0.2908904,0.9525409
0.2908904,0.9525409
0.2908904,0.9525409
0.2908904,0.9525409
0.2908904,0.9525409
0.2908904,0.9525409
0.2908904,0.9525409
0.2908904,0.9525409
0.2908904,0.9525409
0.1060455,0.5291048
0.1060455,0.5291048
0.1060455,0.5291048
0.1060455,0.5291048
0.1060455,0.5291048
0.1060455,0.5291048
0.1060455,0.5291048
0.1060455,0.5291048
0.1060455,0.5291048
0.1060455,0.5291048
0.09713911,0.5383052
0.09713911,0.5383052
0.09713911,0.5383052
0.09713911,0.5383052
0.1483923,0.550331
0.1483923,0.550331
0.1483923,0.550331
0.1483923,0.550331
0.1499569,0.5268613
0.1499569,0.5268613
0.1499569,0.5268613
0.1499569,0.5268613
0.9107977,0.9772275
0.9107977,0.9772275
0.9107977,0.9772275
0.9107977,0.9772275
0.1499569,0.5268613
0.1499569,0.5268613
0.1499569,0.5268613
0.1499569,0.5268613
0.1499569,0.5268613
0.1499569,0.5268613
0.1499569,0.5268613
0.1499569,0.5268613
0.1499569,0.5268613
0.1499569,0.5268613
0.1499569,0.5268613
0.1499569,0.5268613
0.09713911,0.5383052
0.09713911,0.5383052
0.09713911,0.5383052
0.09713911,0.5383052
0.09713911,0.5383052
0.09713911,0.5383052
0.09713911,0.5383052
0.09713911,0.5383052
0.09713911,0.5383052
0.09713911,0.5383052
0.09154123,0.5375327
0.09154123,0.5375327
0.09154123,0.5375327
0.09154123,0.5375327
0.09154123,0.5375327
0.09154123,0.5375327
0.09154123,0.5375327
0.09154123,0.5375327
0.09713911,0.5383052
0.09713911,0.5383052
0.09713911,0.5383052
0.09713911,0.5383052
0.095438,0.5437983
0.095438,0.5437983
0.095438,0.5437983
0.095438,0.5437983
0.2908904,0.9525409
0.2908904,0.9525409
0.2908904,0.9525409
0.2908904,0.9525409
0.09585112,0.4845777
0.09585118,0.4845777
0.09585118,0.4845777
0.09585112,0.4845777
0.9107977,0.9772275
0.9107977,0.9772275
0.9107977,0.9772275
0.9107977,0.9772275
0.09713911,0.5383052
0.09713911,0.5383052
0.09713911,0.5383052
0.09713911,0.5383052
0.1691576,0.5294844
0.1691576,0.5294844
0.1691576,0.5294844
0.1691576,0.5294844
0.1691576,0.5294844
0.1691576,0.5294844
0.1691576,0.5294844
0.1691576,0.5294844
0.1691576,0.5294844
0.1691576,0.5294844
0.1691576,0.5294844
0.1691576,0.5294844
0.1691576,0.5294844
0.1691576,0.5294844
0.1691576,0.5294844
0.1691576,0.5294844
0.1691576,0.5294844
0.1691576,0.5294844
0.1691576,0.5294844
0.1691576,0.5294844
0.1691576,0.5294844
0.1691576,0.5294844
0.1691576,0.5294844
0.1691576,0.5294844
0.09729481,0.5384227
0.09729481,0.5384228
0.09729481,0.5384227
0.09729481,0.5384227
0.1499569,0.5268613
0.1499569,0.5268613
0.1499569,0.5268613
0.1499569,0.5268613
0.1499569,0.5268613
0.1499569,0.5268613
0.09554464,0.5331722
0.09554465,0.5331723
0.09554465,0.5331723
0.09554465,0.5331723
0.1499569,0.5268613
0.1499569,0.5268613
0.1499569,0.5268613
0.1499569,0.5268613
0.1499569,0.5268613
0.1499569,0.5268613
0.1499569,0.5268613
0.1499569,0.5268613
0.1499569,0.5268613
0.1499569,0.5268613
0.1499569,0.5268613
0.1499569,0.5268613
0.9107977,0.9772275
0.9107977,0.9772275
0.9107977,0.9772275
0.9107977,0.9772275
0.9107977,0.9772275
0.09713911,0.5383052
0.09713911,0.5383052
0.09713911,0.5383052
0.09713911,0.5383052
0.09713911,0.5383052
0.09713911,0.5383052
0.09713911,0.5383052
0.09713911,0.5383052
0.09713911,0.5383052
0.09713911,0.5383052
0.09713911,0.5383052
0.09713911,0.5383052
0.09713911,0.5383052
0.09713911,0.5383052
0.09713911,0.5383052
0.09713911,0.5383052
0.09713911,0.5383052
0.09713911,0.5383052
0.09713911,0.5383052
0.09713911,0.5383052
0.1099329,0.531908
0.1099329,0.531908
0.1099329,0.531908
0.1099329,0.531908
0.09713911,0.5383052
0.09713911,0.5383052
0.09713911,0.5383052
0.09713911,0.5383052
0.9107977,0.9772275
0.9107977,0.9772275
0.9107977,0.9772275
0.9107977,0.9772275
0.09713911,0.5383052
0.09713911,0.5383052
0.09713911,0.5383052
0.09713911,0.5383052
0.09713911,0.5383052
0.09713911,0.5383052
0.09713911,0.5383052
0.09713911,0.5383052
0.09713911,0.5383052
0.09713911,0.5383052
0.09713911,0.5383052
0.09713911,0.5383052
0.9107977,0.9772275
0.9107977,0.9772275
0.9107977,0.9772275
0.9107977,0.9772275
0.9107977,0.9772275
0.9107977,0.9772275
0.9107977,0.9772275
0.09713911,0.5383052
0.09713911,0.5383052
0.09713911,0.5383052
0.09713911,0.5383052
0.1099329,0.531908
0.1099329,0.531908
0.1099329,0.531908
0.1099329,0.531908
0.1099329,0.531908
0.1099329,0.531908
0.1099329,0.531908
0.1099329,0.531908
0.1099329,0.531908
0.1099329,0.531908
0.1099329,0.531908
0.1099329,0.531908
0.1099329,0.531908
0.1099329,0.531908
0.1099329,0.531908
0.1099329,0.531908
0.1099329,0.531908
0.1099329,0.531908
0.1099329,0.531908
0.1099329,0.531908
0.1099329,0.531908
0.1099329,0.531908
0.1099329,0.531908
0.1099329,0.531908
0.9107977,0.9772275
0.9107977,0.9772275
0.9107977,0.9772275
0.9107977,0.9772275
0.9107977,0.9772275
0.9107977,0.9772275
0.9107977,0.9772275
0.9107977,0.9772275
0.1699583,0.543257
0.1699583,0.543257
0.1699583,0.543257
0.1699583,0.543257
0.1699583,0.543257
0.1699583,0.543257
0.1699583,0.543257
0.1699583,0.543257
0.1699583,0.543257
0.1699583,0.543257
0.1699583,0.543257
0.09713911,0.5383052
0.09713911,0.5383052
0.09713911,0.5383052
0.09713911,0.5383052
0.09713911,0.5383052
0.08802798,0.5330815
0.08802798,0.5330815
0.08802798,0.5330815
0.08802798,0.5330815
0.9045392,0.9772275
0.9045392,0.9772275
0.9045392,0.9772275
0.9045392,0.9772275
0.9045392,0.9772275
0.9045392,0.9772275
0.1562155,0.5487663
0.1562155,0.5487663
0.1562155,0.5487663
0.1562155,0.5487663
0.1562155,0.5487663
0.1562155,0.5487663
0.1562155,0.5487663
0.1562155,0.5487663
0.1562155,0.5487663
0.1562155,0.5487663
0.1562155,0.5487663
0.1562155,0.5487663
0.1562155,0.5487663
0.1562155,0.5487663
0.1562155,0.5487663
0.1562155,0.5487663
0.1562155,0.5487663
0.1562155,0.5487663
0.1562155,0.5487663
0.1562155,0.5487663
0.1562155,0.5487663
0.1562155,0.5487663
0.1562155,0.5487663
0.1562155,0.5487663
0.1562155,0.5487663
0.1562155,0.5487663
0.1562155,0.5487663
0.1562155,0.5487663
0.1562155,0.5487663
0.1562155,0.5487663
0.1562155,0.5487663
0.1562155,0.5487663
0.1562155,0.5487663
0.1562155,0.5487663
0.1562155,0.5487663
0.1562155,0.5487663
0.9107977,0.9772275
0.9107977,0.9772275
0.9107977,0.9772275
0.9107977,0.9772275
0.9107977,0.9772275
0.9107977,0.9772275
0.9107977,0.9772275
0.9107977,0.9772275
0.08802798,0.5330815
0.08802798,0.5330815
0.08802798,0.5330815
0.08802798,0.5330815
0.08802798,0.5330815
0.08802798,0.5330815
0.08802798,0.5330815
0.08802798,0.5330815
0.08802798,0.5330815
0.08802798,0.5330815
0.08802798,0.5330815
0.08802798,0.5330815
0.08802798,0.5330815
0.08802798,0.5330815
0.08802798,0.5330815
0.08802798,0.5330815
0.08802798,0.5330815
0.08802798,0.5330815
0.08802798,0.5330815
0.08802798,0.5330815
0.08802798,0.5330815
0.08802798,0.5330815
0.08802798,0.5330815
0.08802798,0.5330815
0.9107977,0.9772275
0.9107977,0.9772275
0.9107977,0.9772275
0.9107977,0.9772275
0.9107977,0.9772275
0.9107977,0.9772275
0.9107977,0.9772275
0.9107977,0.9772275
0.9107977,0.9772275
0.9107977,0.9772275
0.08802798,0.5330815
0.08802798,0.5330815
0.08802798,0.5330815
0.08802798,0.5330815
0.09595513,0.5314222
0.09595513,0.5314222
0.09595513,0.5314222
0.09595513,0.5314222
0.09154123,0.5375327
0.09154123,0.5375327
0.09154123,0.5375327
0.09154123,0.5375327
0.09154123,0.5375327
0.09154123,0.5375327
0.09154123,0.5375327
0.09154123,0.5375327
0.1483923,0.550331
0.1483923,0.550331
0.1483923,0.550331
0.1483923,0.550331
0.08605753,0.5383911
0.08605753,0.5383911
0.08605753,0.5383911
0.08605753,0.5383911
0.1483923,0.550331
0.1483923,0.550331
0.1483923,0.550331
0.1483923,0.550331
0.1483923,0.550331
0.1483923,0.550331
0.1483923,0.550331
0.1483923,0.550331
0.095438,0.5437983
0.095438,0.5437983
0.09543802,0.5437983
0.095438,0.5437983
0.09154123,0.5375327
0.09154123,0.5375327
0.09154123,0.5375327
0.09154123,0.5375327
0.09154123,0.5375327
0.09154123,0.5375327
0.09154123,0.5375327
0.09154123,0.5375327
0.09154123,0.5375327
0.09154123,0.5375327
0.09154123,0.5375327
0.09154123,0.5375327
0.09154123,0.5375327
0.09154123,0.5375327
0.09154123,0.5375327
0.09154123,0.5375327
0.09154123,0.5375327
0.09154123,0.5375327
0.095438,0.5437983
0.095438,0.5437983
0.095438,0.5437983
0.095438,0.5437983
0.095438,0.5437983
0.095438,0.5437983
0.095438,0.5437983
0.095438,0.5437983
0.095438,0.5437983
0.095438,0.5437983
0.095438,0.5437983
0.095438,0.5437983
0.9107977,0.9772275
0.9107977,0.9772275
0.9107977,0.9772275
0.9107977,0.9772275
0.1585226,0.5223944
0.1585226,0.5223944
0.1585226,0.5223944
0.1585226,0.5223944
0.1585226,0.5223944
0.1585226,0.5223944
0.1585226,0.5223944
0.1585226,0.5223944
0.1585226,0.5223944
0.1585226,0.5223944
0.1585226,0.5223944
0.1585226,0.5223944
0.1585226,0.5223944
0.1585226,0.5223944
0.1585226,0.5223944
0.1585226,0.5223944
0.1585226,0.5223944
0.1585226,0.5223944
0.1585226,0.5223944
0.1585226,0.5223944
0.1585226,0.5223944
0.1585226,0.5223944
0.1499569,0.5268613
0.1499569,0.5268613
0.1499569,0.5268613
0.1499569,0.5268613
0.1585226,0.5223944
0.1585226,0.5223944
0.1585226,0.5223944
0.1585226,0.5223944
0.1585226,0.5223944
0.1585226,0.5223944
0.1585226,0.5223944
0.1585226,0.5223944
0.9107977,0.9772275
0.9107977,0.9772275
0.9107977,0.9772275
0.9107977,0.9772275
0.9107977,0.9772274
0.9107977,0.9772275
0.9107977,0.9772275
0.9107977,0.9772275
0.9107977,0.9772275
0.9107977,0.9772275
0.9107977,0.9772275
0.9107977,0.9772275
0.9107977,0.9772275
0.1301627,0.5188495
0.1301627,0.5188495
0.1301627,0.5188495
0.1301627,0.5188495
0.9107977,0.9772275
0.9107977,0.9772275
0.9107977,0.9772275
0.9107977,0.9772275
0.9107977,0.9772275
0.9107977,0.9772275
0.9107977,0.9772275
0.9107977,0.9772275
0.1301627,0.5188495
0.1301627,0.5188495
0.1301627,0.5188495
0.1301627,0.5188495
0.9107977,0.9772275
0.9107977,0.9772275
0.9107977,0.9772275
0.9107977,0.9772275
0.9107977,0.9772275
0.9107977,0.9772275
0.9107977,0.9772275
0.9107977,0.9772275
0.9107977,0.9772275
0.9107977,0.9772275
0.9107977,0.9772275
0.9107977,0.9772276
0.9107977,0.9772275
0.9107977,0.9772275
0.9107977,0.9772275
0.9107977,0.9772275
0.9107977,0.9772275
0.9107977,0.9772275
0.1301627,0.5188495
0.1301627,0.5188495
0.1301627,0.5188495
0.1301627,0.5188495
0.9107977,0.9772275
0.9107977,0.9772275
0.9107977,0.9772275
0.9107977,0.9772275
0.9107977,0.9772275
0.9107977,0.9772275
0.9107977,0.9772275
0.9107977,0.9772275
0.9107977,0.9772275
0.9107977,0.9772275
0.9107977,0.9772275
0.9107977,0.9772275
0.9107977,0.9772275
0.9107977,0.9772275
0.9107977,0.9772275
0.9107977,0.9772275
0.1585226,0.5223944
0.1585226,0.5223944
0.1585226,0.5223944
0.1585226,0.5223944
0.1585226,0.5223944
0.1585226,0.5223944
0.1585226,0.5223944
0.1585226,0.5223944
0.9107977,0.9772275
0.9107977,0.9772275
0.9107977,0.9772275
0.9107977,0.9772275
0.9107977,0.9772275
0.9107977,0.9772275
0.9107977,0.9772275
0.9107977,0.9772274
0.9107977,0.9772275
0.9107977,0.9772275
0.9107977,0.9772275
0.9107977,0.9772275
0.1530862,0.5299906
0.1530862,0.5299906
0.1530862,0.5299906
0.1530862,0.5299906
0.1530862,0.5299906
0.1530862,0.5299906
0.1530862,0.5299906
0.1530862,0.5299906
0.1530862,0.5299906
0.1530862,0.5299906
0.1530862,0.5299906
0.1530862,0.5299906
0.1530862,0.5299906
0.1530862,0.5299906
0.1530862,0.5299906
0.1530862,0.5299906
0.1530862,0.5299906
0.1530862,0.5299906
0.1530862,0.5299906
0.1530862,0.5299906
0.1530862,0.5299906
0.1530862,0.5299906
0.1530862,0.5299906
0.1530862,0.5299906
0.1530862,0.5299906
0.1530862,0.5299906
0.1530862,0.5299906
0.1530862,0.5299906
0.1530862,0.5299906
0.1530862,0.5299906
0.1530862,0.5299906
0.1530862,0.5299906
0.1530862,0.5299906
0.1530862,0.5299906
0.1530862,0.5299906
0.1530862,0.5299906
0.1640387,0.5425076
0.1640387,0.5425076
0.1640387,0.5425076
0.1640387,0.5425076
0.1640387,0.5425078
0.1640387,0.5425076
0.1640387,0.5425076
0.1640387,0.5425076
0.1640386,0.5425076
0.1640387,0.5425076
0.1640387,0.5425076
0.1640387,0.5425076
0.1640386,0.5425076
0.1640387,0.5425076
0.1640386,0.5425076
0.1640387,0.5425076
0.1640387,0.5425076
0.1640387,0.5425076
0.1640387,0.5425076
0.1640387,0.5425076
0.1640387,0.5425076
0.1640387,0.5425076
0.1640387,0.5425076
0.1640387,0.5425076
0.1640386,0.5425076
0.1640386,0.5425078
0.1640387,0.5425076
0.1640387,0.5425076
0.1640387,0.5425076
0.1640386,0.5425076
0.1640387,0.5425076
0.1640387,0.5425076
0.1640387,0.5425076
0.1640386,0.5425078
0.1640387,0.5425076
0.1640387,0.5425076
0.1640387,0.5425076
0.1640386,0.5425078
0.1640387,0.5425076
0.1640387,0.5425076
0.1640387,0.5425076
0.1640387,0.5425076
0.1640387,0.5425076
0.1640387,0.5425076
0.1640387,0.5425076
0.9107977,0.9772275
0.9107977,0.9772275
0.9107977,0.9772275
0.9107977,0.9772275
0.2908904,0.9525409
0.2908904,0.9525409
0.2908904,0.9525409
0.2908904,0.9525409
0.9107977,0.9772275
0.9107977,0.9772275
0.9107977,0.9772275
0.9107977,0.9772275
0.08802795,0.5346462
0.08802795,0.5346462
0.08802795,0.5346462
0.08802795,0.5346462
0.08802795,0.5346462
0.08802795,0.5346462
0.08802795,0.5346462
0.08802795,0.5346462
0.08802795,0.5346462
0.08802795,0.5346462
0.08802795,0.5346462
0.08802795,0.5346462
0.08802795,0.5346462
0.08802795,0.5346462
0.08802795,0.5346462
0.08802795,0.5346462
0.08802795,0.5346462
0.08802795,0.5346462
0.08802795,0.5346462
0.08802795,0.5346462
0.08802795,0.5346462
0.08802795,0.5346462
0.08802795,0.5346462
0.08802795,0.5346462
0.08802795,0.5346462
0.08802795,0.5346462
0.08802795,0.5346462
0.08802795,0.5346462
0.08802795,0.5346462
0.08802795,0.5346462
0.08802795,0.5346462
0.08802795,0.5346462
0.08802795,0.5346462
0.08802795,0.5346462
0.08802795,0.5346462
0.08802795,0.5346462
0.08802795,0.5346462
0.08802795,0.5346462
0.08802795,0.5346462
0.08802795,0.5346462
0.08802795,0.5346462
0.08802795,0.5346462
0.08802795,0.5346462
0.08802795,0.5346462
0.08802795,0.5346462
0.08802795,0.5346462
0.08802795,0.5346462
0.08802795,0.5346462
0.08802795,0.5346462
0.08802795,0.5346462
0.08802795,0.5346462
0.08802795,0.5346462
0.08802795,0.5346462
0.08802795,0.5346462
0.08802795,0.5346462
0.08802795,0.5346462
0.08802795,0.5346462
0.08802795,0.5346462
0.08802795,0.5346462
0.08802795,0.5346462
0.08802795,0.5346462
0.08802795,0.5346462
0.08802795,0.5346462
0.08802795,0.5346462
0.08802795,0.5346462
0.08802795,0.5346462
0.08802795,0.5346462
0.08802795,0.5346462
0.08802795,0.5346462
0.08802795,0.5346462
0.08802795,0.5346462
0.08802795,0.5346462
0.08802795,0.5346462
0.08802795,0.5346462
0.08802795,0.5346462
0.08802795,0.5346462
0.08802795,0.5346462
0.08802795,0.5346462
0.08802795,0.5346462
0.08802795,0.5346462
0.08802795,0.5346462
0.08802795,0.5346462
0.08802795,0.5346462
0.08802795,0.5346462
0.08802795,0.5346462
0.08802795,0.5346462
0.08802795,0.5346462
0.08802795,0.5346462
0.08802795,0.5346462
0.08802795,0.5346462
0.08802795,0.5346462
0.08802795,0.5346462
0.08802795,0.5346462
0.08802795,0.5346462
0.08802795,0.5346462
0.08802795,0.5346462
0.08802795,0.5346462
0.08802795,0.5346462
0.08802795,0.5346462
0.08802795,0.5346462
0.08802795,0.5346462
0.08802795,0.5346462
0.08802795,0.5346462
0.08802795,0.5346462
0.08802795,0.5346462
0.08802795,0.5346462
0.08802795,0.5346462
0.08802795,0.5346462
0.08802795,0.5346462
0.08802795,0.5346462
0.08802795,0.5346462
0.08802795,0.5346462
0.08802795,0.5346462
0.08802795,0.5346462
0.08802795,0.5346462
0.08802795,0.5346462
0.08802795,0.5346462
0.08802795,0.5346462
0.08802795,0.5346462
0.08802795,0.5346462
0.08802795,0.5346462
0.08802795,0.5346462
0.08802795,0.5346462
0.08802795,0.5346462
0.08802795,0.5346462
0.08802795,0.5346462
0.08802795,0.5346462
0.08802795,0.5346462
0.1611606,0.5404757
0.1611606,0.5404757
0.1611606,0.5404757
0.1611606,0.5404757
0.1611606,0.5404757
0.1611606,0.5404757
0.1611606,0.5404757
0.1611606,0.5404757
0.1611606,0.5404757
0.1611606,0.5404757
0.1611606,0.5404757
0.1611606,0.5404757
0.1611606,0.5404757
0.1611606,0.5404757
0.1611606,0.5404757
0.1611606,0.5404757
0.1611606,0.5404757
0.1611606,0.5404757
0.1611606,0.5404757
0.1611606,0.5404757
0.1611606,0.5404757
0.1611606,0.5404757
0.1611606,0.5404757
0.1611606,0.5404757
0.1611606,0.5404757
0.1611606,0.5404757
0.1611606,0.5404757
0.1611606,0.5404757
0.1611606,0.5404757
0.1611606,0.5404757
0.1611605,0.5404756
0.1611606,0.5404757
0.1611606,0.5404757
0.1611606,0.5404757
0.1611605,0.5404757
0.1611606,0.5404757
0.1611605,0.5404756
0.1611606,0.5404757
0.1611605,0.5404757
0.4003906,0.4733019
0.4003906,0.4733019
0.4003906,0.4733019
0.4003906,0.4733019
0.1611606,0.5404757
0.1611606,0.5404757
0.1611606,0.5404757
0.1611606,0.5404757
0.1611606,0.5404757
0.1611606,0.5404757
0.1611606,0.5404757
0.1611606,0.5404757
0.1611136,0.527056
0.1611136,0.527056
0.1611136,0.527056
0.1611136,0.527056
0.1611136,0.527056
0.1611136,0.527056
0.1611136,0.527056
0.1611136,0.527056
0.1611136,0.527056
0.1611136,0.527056
0.1611136,0.527056
0.1611136,0.527056
0.1611136,0.527056
0.1611136,0.527056
0.1611136,0.527056
0.1611136,0.527056
0.1611136,0.527056
0.1611136,0.527056
0.1611136,0.527056
0.1611136,0.527056
0.1611136,0.527056
0.1611136,0.527056
0.1611136,0.527056
0.1611136,0.527056
0.1611136,0.527056
0.1611136,0.527056
0.1611136,0.527056
0.1611136,0.527056
0.1611136,0.527056
0.1611136,0.527056
0.1611136,0.527056
0.1611136,0.527056
0.1611136,0.527056
0.1611136,0.527056
0.1611136,0.527056
0.1611136,0.527056
0.1611136,0.527056
0.1611136,0.527056
0.1611136,0.527056
0.1611136,0.527056
0.1611136,0.527056
0.1611136,0.527056
0.1611136,0.527056
0.1611136,0.527056
0.1611136,0.527056
0.1611136,0.527056
0.1611136,0.527056
0.1611136,0.527056
0.2111374,0.9689746
0.2111374,0.9689746
0.2111374,0.9689746
0.2111374,0.9689746
0.2111374,0.9689746
0.2111374,0.9689746
0.2111374,0.9689746
0.2111374,0.9689746
0.2111374,0.9689746
0.2111374,0.9689746
0.2111374,0.9689746
0.2111374,0.9689746
0.2111374,0.9689746
0.2111374,0.9689746
0.2111374,0.9689746
0.2111374,0.9689746
0.2111374,0.9689746
0.2111374,0.9689746
0.2111374,0.9689746
0.2111374,0.9689746
0.2111374,0.9689746
0.2111374,0.9689746
0.2111374,0.9689746
0.2111374,0.9689746
0.2111374,0.9689746
0.2111374,0.9689746
0.2111374,0.9689746
0.2111374,0.9689746
0.2111374,0.9689746
0.2111374,0.9689746
0.2111374,0.9689746
0.2111374,0.9689746
0.2111374,0.9689746
0.2111374,0.9689746
0.2111374,0.9689746
0.2111374,0.9689746
0.2111374,0.9689746
0.2111374,0.9689746
0.2111374,0.9689746
0.2111374,0.9689746
0.02998084,0.5315946
0.02998084,0.5315946
0.02998084,0.5315946
0.02998084,0.5315946
0.02998084,0.5315946
0.02998084,0.5315946
0.02998084,0.5315946
0.02998084,0.5315946
0.2111374,0.9689746
0.2111374,0.9689746
0.2111374,0.9689746
0.2111374,0.9689746
0.2111374,0.9689746
0.2111374,0.9689746
0.2111374,0.9689746
0.2111374,0.9689746
0.2111374,0.9689746
0.2111374,0.9689746
0.2111374,0.9689746
0.2111374,0.9689746
0.2111374,0.9689746
0.2111374,0.9689746
0.2111374,0.9689746
0.2111374,0.9689746
0.2111374,0.9689746
0.2111374,0.9689746
0.2111374,0.9689746
0.2111374,0.9689746
0.2111374,0.9689746
0.2111374,0.9689746
0.2111374,0.9689746
0.2111374,0.9689746
0.2111374,0.9689746
0.2111374,0.9689746
0.2111374,0.9689746
0.2111374,0.9689746
0.2111374,0.9689746
0.2111374,0.9689746
0.2111374,0.9689746
0.2111374,0.9689746
0.2111374,0.9689746
0.2111374,0.9689746
0.2111374,0.9689746
0.2111374,0.9689746
0.2111374,0.9689746
0.2111374,0.9689746
0.2111374,0.9689746
0.2111374,0.9689746
0.02998084,0.5315946
0.02998084,0.5315946
0.02998084,0.5315946
0.02998084,0.5315946
0.02998084,0.5315946
0.02998084,0.5315946
0.02998084,0.5315946
0.02998084,0.5315946
0.1593447,0.5378138
0.1593447,0.5378138
0.1593447,0.5378138
0.1593447,0.5378138
0.1593448,0.5378138
0.1593448,0.5378138
0.1593447,0.5378138
0.1593447,0.5378138
0.1593448,0.5378138
0.1593448,0.5378138
0.1593447,0.5378138
0.1593447,0.5378138
0.1593447,0.5378138
0.1593447,0.5378138
0.1593447,0.5378138
0.1593447,0.5378138
0.1593447,0.5378138
0.1593447,0.5378138
0.1593447,0.5378138
0.1593447,0.5378138
0.2111374,0.9689746
0.2111374,0.9689746
0.2111374,0.9689746
0.2111374,0.9689746
0.2111374,0.9689746
0.2111374,0.9689746
0.2111374,0.9689746
0.2111374,0.9689746
0.2111374,0.9689746
0.2111374,0.9689746
0.2111374,0.9689746
0.2111374,0.9689746
0.2111374,0.9689746
0.2111374,0.9689746
0.2111374,0.9689746
0.2111374,0.9689746
0.2111374,0.9689746
0.2111374,0.9689746
0.2111374,0.9689746
0.2111374,0.9689746
0.2111374,0.9689746
0.2111374,0.9689746
0.2111374,0.9689746
0.2111374,0.9689746
0.2111374,0.9689746
0.2111374,0.9689746
0.2111374,0.9689746
0.2111374,0.9689746
0.2111374,0.9689746
0.2111374,0.9689746
0.2111374,0.9689746
0.2111374,0.9689746
0.1611606,0.5404757
0.1611606,0.5404757
0.1611606,0.5404757
0.1611606,0.5404757
0.1611606,0.5404757
0.1611606,0.5404757
0.1611606,0.5404757
0.1611606,0.5404757
0.1611606,0.5404757
0.1611606,0.5404757
0.1611606,0.5404757
0.1611606,0.5404757
0.1611606,0.5404757
0.1611606,0.5404757
0.1611606,0.5404757
0.1611606,0.5404757
0.2773496,0.9727458
0.2773496,0.9727458
0.2773496,0.9727458
0.2773496,0.9727458
0.2773496,0.9727458
0.2773496,0.9727458
0.2773496,0.9727458
0.2773496,0.9727458
0.2773496,0.9727458
0.2773496,0.9727458
0.2773496,0.9727458
0.2773496,0.9727458
0.8406204,0.6407243
0.8406204,0.6407243
0.8406204,0.6407243
0.8406204,0.6407243
0.7795994,0.0370903
0.7795994,0.0370903
0.7795994,0.0370903
0.7795994,0.0370903
0.7795994,0.0370903
0.7795994,0.0370903
0.7795994,0.0370903
0.7795994,0.0370903
0.7795994,0.0370903
0.7795994,0.0370903
0.7795994,0.0370903
0.7795994,0.0370903
0.7795994,0.0370903
0.7795994,0.0370903
0.7795994,0.0370903
0.7795994,0.0370903
0.7795994,0.0370903
0.7795994,0.0370903
0.8359265,0.6551236
0.8359265,0.6551236
0.8359265,0.6551236
0.8359265,0.6551236
0.8359265,0.6551236
0.8359265,0.6551236
0.8359265,0.6551236
0.8359265,0.6551236
0.8359265,0.6551236
0.8359265,0.6551236
0.8359265,0.6551236
0.8359265,0.6551236
0.8359265,0.6551236
0.8359265,0.6551236
0.7795994,0.0370903
0.7795994,0.0370903
0.7795994,0.0370903
0.7795994,0.0370903
0.7795994,0.0370903
0.7795994,0.0370903
0.7795994,0.0370903
0.7795994,0.0370903
0.7795994,0.0370903
0.7795994,0.0370903
0.2773496,0.9727458
0.2773496,0.9727458
0.2773496,0.9727458
0.2773496,0.9727458
0.2773496,0.9727458
0.2773496,0.9727458
0.2773496,0.9727458
0.2773496,0.9727458
0.2773496,0.9727458
0.2773496,0.9727458
0.2773496,0.9727458
0.2773496,0.9727458
0.8406204,0.6407243
0.8406204,0.6407243
0.8406204,0.6407243
0.8406204,0.6407243
0.7795994,0.0370903
0.7795994,0.0370903
0.7795994,0.0370903
0.7795994,0.0370903
0.7795994,0.0370903
0.7795994,0.0370903
0.7795994,0.0370903
0.7795994,0.0370903
0.7795994,0.0370903
0.7795994,0.0370903
0.7795994,0.0370903
0.7795994,0.0370903
0.7795994,0.0370903
0.7795994,0.0370903
0.7795994,0.0370903
0.7795994,0.0370903
0.7795994,0.0370903
0.7795994,0.0370903
0.8359265,0.6551236
0.8359265,0.6551236
0.8359265,0.6551236
0.8359265,0.6551236
0.8359265,0.6551236
0.8359265,0.6551236
0.8359265,0.6551236
0.8359265,0.6551236
0.8359265,0.6551236
0.8359265,0.6551236
0.8359265,0.6551236
0.8359265,0.6551236
0.8359265,0.6551236
0.8359265,0.6551236
0.7795994,0.0370903
0.7795994,0.0370903
0.7795994,0.0370903
0.7795994,0.0370903
0.7795994,0.0370903
0.7795994,0.0370903
0.7795994,0.0370903
0.7795994,0.0370903
0.7795994,0.0370903
0.7795994,0.0370903
2
4998
0
1
2
3
4
5
6
7
8
9
10
11
9
12
13
14
15
16
17
18
19
20
21
22
23
24
25
26
27
28
29
30
31
29
31
32
33
29
32
33
32
34
33
34
35
33
35
36
37
36
35
37
35
38
39
37
38
39
38
40
39
40
41
39
41
42
42
41
43
42
43
44
45
44
43
45
43
46
45
46
47
45
47
48
48
47
49
48
49
50
51
52
53
53
54
51
54
55
51
55
56
51
56
55
57
58
56
57
57
59
58
60
55
54
61
55
60
61
57
55
60
54
62
62
54
63
62
63
64
65
57
61
65
59
57
66
59
65
66
67
59
68
67
66
68
69
67
69
70
67
69
71
70
72
73
74
72
75
73
76
75
72
76
77
75
78
79
73
78
73
80
81
82
83
81
83
84
85
81
84
85
84
86
87
86
84
87
84
88
88
84
83
88
83
89
90
91
92
90
92
93
94
95
92
94
92
96
97
98
99
99
100
97
100
101
97
100
99
102
102
103
100
103
104
100
104
105
100
105
106
100
105
107
106
107
105
108
108
109
107
109
110
107
110
111
107
111
112
107
111
113
112
113
111
114
114
115
113
115
116
113
117
118
119
117
119
120
121
122
123
121
124
122
124
125
122
124
126
125
127
128
129
127
129
130
131
132
133
133
134
131
135
131
134
135
136
131
133
137
134
133
138
137
133
139
138
139
140
138
139
141
140
142
143
144
142
144
145
146
145
144
146
144
147
148
149
150
148
150
151
152
153
154
154
155
152
155
156
152
157
158
159
157
160
158
161
162
163
163
164
161
164
165
161
166
167
168
166
168
169
170
166
169
170
169
171
172
173
174
172
174
175
176
177
178
176
178
179
180
176
179
180
179
181
182
183
184
182
184
185
186
187
188
186
188
189
190
191
192
190
192
193
194
195
196
194
196
197
198
199
200
198
200
201
202
203
204
202
204
205
205
204
206
205
206
207
208
209
210
208
210
211
212
213
214
212
214
215
216
217
218
216
218
219
216
219
220
216
220
221
222
221
220
222
220
223
224
222
223
224
223
225
226
227
228
226
229
227
230
229
226
230
231
229
231
230
232
232
233
231
233
234
231
233
235
234
233
236
235
236
233
237
233
232
238
239
237
233
238
239
233
240
239
238
240
241
239
242
241
240
243
242
240
244
243
240
238
245
240
246
244
240
246
240
245
245
247
246
247
248
246
247
249
248
249
250
248
249
251
250
252
253
254
252
254
255
256
257
258
256
258
259
260
261
262
260
262
263
264
265
266
264
266
267
268
269
270
268
270
271
272
268
271
272
271
273
274
272
273
274
273
275
276
277
278
276
278
279
280
281
282
280
283
281
284
283
280
284
285
283
286
285
284
286
287
285
288
287
286
288
289
287
290
291
292
290
293
291
294
293
290
294
295
293
296
295
294
296
297
295
298
299
300
298
300
301
302
303
304
302
304
305
306
307
308
306
308
309
309
308
310
309
310
311
311
310
312
311
312
313
313
312
314
313
314
315
315
314
316
315
316
317
318
317
316
318
316
319
320
318
319
320
319
321
322
320
321
322
321
323
324
322
323
324
323
325
326
324
325
326
325
327
328
329
330
328
330
331
332
328
331
332
331
333
334
333
331
334
331
335
335
331
330
335
330
336
337
338
339
337
339
340
341
342
343
341
343
344
345
346
347
345
347
348
349
350
351
349
351
352
353
354
355
353
356
354
357
354
356
357
356
358
359
360
361
359
362
360
363
362
359
363
364
362
365
364
363
366
362
364
365
367
364
368
367
365
364
369
366
364
367
369
370
366
369
370
369
371
367
372
369
368
373
367
367
373
372
374
373
368
373
375
372
374
376
373
377
376
374
373
378
375
376
378
373
378
379
375
378
380
379
379
380
381
379
381
382
376
383
378
384
383
376
377
385
376
384
376
385
386
385
377
386
387
385
385
387
388
388
384
385
388
389
384
388
390
389
390
391
389
390
392
391
393
394
395
393
396
394
397
396
393
397
398
396
399
394
396
396
398
400
400
399
396
400
401
399
400
402
401
403
401
402
403
404
401
404
403
405
405
406
404
406
407
404
408
407
406
408
406
409
409
406
405
409
405
410
411
412
413
411
413
414
415
416
417
415
418
416
418
419
416
418
420
419
421
422
423
421
423
424
425
426
427
425
427
428
429
430
431
429
431
432
433
434
435
433
435
436
437
438
439
439
440
437
440
441
437
442
443
444
442
444
445
446
442
445
446
445
447
448
446
447
448
447
449
450
451
452
450
452
453
454
455
456
454
456
457
458
459
460
458
460
461
462
463
464
462
464
465
466
467
468
466
468
469
470
471
472
470
472
473
474
475
476
476
477
474
476
478
477
479
474
477
480
477
478
477
480
479
480
481
479
482
483
484
482
484
485
486
487
488
488
489
486
489
490
486
490
491
486
491
490
492
493
494
495
493
495
496
497
498
499
497
499
500
501
502
503
501
504
502
505
504
501
505
506
504
507
508
509
507
509
510
511
512
513
511
514
512
515
514
511
515
516
514
517
518
519
517
519
520
521
522
523
521
523
524
525
526
527
525
527
528
529
530
531
529
531
532
532
531
533
532
533
534
535
529
532
532
534
536
535
532
537
537
532
536
537
538
535
536
539
537
540
541
542
542
543
540
542
544
543
545
546
547
545
547
548
549
550
551
549
552
550
550
552
553
550
553
554
555
554
553
555
553
556
557
555
556
557
558
555
559
560
561
559
562
560
563
562
559
563
564
562
563
565
564
563
566
565
566
567
565
566
568
567
569
570
571
571
572
569
571
573
572
573
574
572
575
576
577
577
578
575
579
578
577
580
579
577
580
581
579
582
583
584
582
584
585
586
587
588
586
588
589
590
591
592
590
592
593
593
592
594
593
594
595
595
594
596
595
596
597
598
599
600
598
600
601
602
603
604
602
604
605
606
607
608
608
609
606
609
610
606
611
612
613
611
613
614
615
616
617
615
617
618
619
620
621
619
621
622
622
621
623
622
623
624
625
626
627
625
627
628
628
627
629
628
629
630
631
630
629
631
629
632
631
632
633
631
633
634
634
633
635
634
635
636
635
637
636
635
638
637
637
638
639
637
639
640
640
639
641
640
641
642
643
644
645
643
645
646
646
645
647
646
647
648
649
650
651
649
652
650
653
652
649
653
654
652
653
655
654
653
656
655
656
657
655
656
658
657
659
660
661
659
661
662
663
664
665
663
665
666
667
668
669
667
669
670
670
669
671
670
671
672
673
672
671
673
671
674
675
673
674
675
674
676
677
678
679
677
679
680
681
682
683
681
683
684
685
686
687
685
687
688
689
690
691
689
691
692
693
694
695
693
695
696
697
698
699
697
699
700
701
702
703
701
703
704
705
701
704
705
704
706
705
706
707
705
707
708
708
707
709
708
709
710
711
712
713
711
713
714
715
716
717
715
717
718
719
720
721
719
722
720
719
723
722
719
724
723
725
726
727
725
727
728
729
730
731
729
731
732
733
734
735
733
736
734
736
733
737
736
737
738
739
740
741
739
741
742
743
744
745
743
746
744
743
747
746
743
748
747
749
750
751
749
751
752
753
754
755
753
755
756
757
758
759
757
759
760
761
762
763
764
761
763
764
763
765
764
765
766
764
766
767
764
767
768
768
769
764
764
769
770
770
771
764
771
772
764
772
773
764
773
774
764
774
775
764
774
776
775
777
778
779
777
779
780
781
782
783
781
783
784
785
786
787
785
787
788
789
790
791
789
791
792
792
791
793
792
793
794
795
796
797
795
797
798
799
800
801
799
801
802
803
804
805
803
805
806
807
808
809
807
809
810
811
812
813
811
813
814
815
816
817
818
815
817
818
817
819
820
818
819
820
819
821
822
820
821
822
821
823
824
822
823
823
825
824
826
824
825
826
827
824
828
829
830
828
830
831
832
833
834
832
834
835
836
837
838
836
838
839
840
841
842
840
842
843
844
845
846
844
847
845
848
847
844
848
849
847
850
851
852
850
852
853
854
855
856
854
856
857
858
859
860
858
860
861
862
863
864
862
864
865
866
867
868
866
868
869
870
871
872
872
873
870
872
874
873
874
875
873
874
876
875
876
877
875
876
878
877
878
879
877
878
880
879
880
881
879
882
883
884
882
884
885
886
887
888
886
888
889
890
891
892
892
893
890
893
894
890
895
896
897
897
898
895
898
899
895
899
900
895
901
895
900
900
902
901
902
903
901
902
904
903
905
906
907
905
907
908
909
905
908
909
908
910
909
910
911
909
911
912
913
912
911
913
911
914
915
913
914
915
914
916
915
916
917
915
917
918
918
917
919
918
919
920
921
920
919
921
919
922
921
922
923
921
923
924
924
923
925
924
925
926
927
928
929
927
929
930
931
932
933
931
934
932
934
935
932
934
931
936
934
937
935
934
936
938
937
934
938
937
938
939
938
936
940
939
938
941
938
940
941
939
941
942
943
942
941
944
941
940
943
941
944
944
940
945
946
943
944
947
944
945
946
944
947
947
948
946
947
945
949
947
950
948
949
950
947
949
951
950
952
953
954
954
955
952
955
956
952
955
957
956
957
958
956
957
959
958
959
960
958
959
961
960
961
962
960
962
963
960
963
964
960
965
960
964
965
966
960
965
967
966
968
965
964
968
964
969
970
968
969
970
969
971
972
970
971
972
971
973
974
972
973
973
975
974
976
977
978
979
976
978
980
979
978
980
978
981
982
980
981
982
981
983
982
983
984
985
982
984
985
984
986
986
987
985
988
989
990
988
990
991
988
991
992
992
993
988
993
994
988
995
992
991
996
994
993
997
995
991
998
997
991
991
999
998
991
1000
999
1001
999
1000
1000
1002
1001
1002
1003
1001
1003
1004
1001
1004
996
1001
993
1005
996
1005
1001
996
1005
1006
1001
1005
1007
1006
1008
1009
1010
1008
1010
1011
1012
1013
1014
1012
1014
1015
1016
1017
1018
1016
1019
1017
1020
1019
1016
1020
1021
1019
1022
1021
1020
1022
1023
1021
1024
1025
1026
1024
1026
1027
1028
1029
1030
1028
1030
1031
1032
1033
1034
1032
1035
1033
1032
1036
1035
1032
1037
1036
1038
1039
1040
1038
1040
1041
1042
1041
1040
1042
1040
1043
1044
1045
1046
1044
1047
1045
1044
1048
1047
1044
1049
1048
1050
1051
1052
1050
1053
1051
1054
1053
1055
1054
1056
1053
1057
1056
1054
1057
1058
1056
1059
1058
1057
1059
1060
1058
1061
1060
1059
1061
1062
1060
1063
1062
1061
1063
1064
1062
1065
1060
1062
1066
1060
1065
1065
1062
1067
1066
1068
1060
1067
1062
1069
1070
1068
1066
1067
1069
1070
1070
1069
1068
1071
1072
1073
1071
1073
1074
1075
1076
1077
1075
1077
1078
1079
1080
1081
1079
1081
1082
1083
1084
1085
1083
1085
1086
1087
1083
1086
1087
1086
1088
1089
1090
1091
1089
1092
1090
1093
1092
1089
1093
1094
1092
1095
1096
1097
1095
1097
1098
1099
1100
1101
1099
1101
1102
1102
1101
1103
1102
1103
1104
1105
1106
1107
1105
1108
1106
1109
1108
1105
1109
1110
1108
1111
1112
1113
1111
1113
1114
1115
1116
1117
1115
1117
1118
1119
1115
1118
1119
1118
1120
1121
1122
1123
1121
1124
1122
1125
1124
1121
1125
1126
1124
1127
1128
1129
1127
1129
1130
1131
1132
1133
1131
1133
1134
1134
1133
1135
1134
1135
1136
1137
1138
1139
1137
1140
1138
1141
1140
1137
1141
1142
1140
1143
1144
1145
1143
1145
1146
1147
1148
1149
1147
1149
1150
1151
1147
1150
1151
1150
1152
1153
1154
1155
1153
1156
1154
1157
1156
1153
1157
1158
1156
1159
1160
1161
1159
1161
1162
1163
1164
1165
1163
1165
1166
1166
1165
1167
1166
1167
1168
1169
1170
1171
1169
1172
1170
1173
1172
1169
1173
1174
1172
1175
1176
1177
1175
1177
1178
1179
1180
1181
1179
1181
1182
1183
1179
1182
1183
1182
1184
1185
1186
1187
1185
1188
1186
1189
1188
1185
1189
1190
1188
1191
1192
1193
1191
1193
1194
1195
1196
1197
1195
1197
1198
1198
1197
1199
1198
1199
1200
1201
1202
1203
1201
1204
1202
1205
1204
1201
1205
1206
1204
1207
1208
1209
1207
1209
1210
1211
1212
1213
1211
1213
1214
1215
1216
1217
1215
1217
1218
1219
1220
1221
1219
1221
1222
1223
1224
1225
1223
1225
1226
1227
1228
1229
1227
1229
1230
1231
1232
1233
1231
1233
1234
1235
1236
1237
1235
1237
1238
1239
1240
1241
1239
1241
1242
1243
1239
1242
1243
1242
1244
1245
1243
1244
1245
1244
1246
1247
1248
1246
1247
1246
1249
1250
1251
1252
1250
1252
1253
1254
1255
1256
1254
1256
1257
1258
1259
1260
1258
1260
1261
1262
1263
1264
1262
1264
1265
1266
1267
1268
1266
1268
1269
1270
1271
1272
1270
1272
1273
1274
1275
1276
1274
1276
1277
1278
1279
1280
1278
1280
1281
1282
1283
1284
1282
1284
1285
1286
1287
1288
1286
1288
1289
1290
1291
1292
1290
1292
1293
1294
1295
1296
1294
1296
1297
1298
1299
1300
1298
1300
1301
1302
1303
1304
1302
1304
1305
1306
1307
1308
1306
1308
1309
1310
1311
1312
1312
1313
1310
1312
1314
1313
1312
1315
1314
1316
1314
1315
1316
1315
1317
1317
1318
1316
1319
1313
1314
1320
1319
1314
1320
1314
1316
1319
1321
1313
1321
1322
1313
1321
1323
1322
1324
1320
1316
1324
1316
1318
1325
1324
1318
1325
1318
1326
1327
1325
1326
1327
1326
1328
1328
1326
1329
1328
1329
1330
1331
1332
1333
1331
1334
1332
1335
1334
1331
1331
1336
1335
1337
1335
1336
1337
1338
1335
1335
1339
1334
1338
1339
1335
1339
1340
1334
1338
1341
1339
1339
1342
1340
1341
1343
1339
1339
1343
1342
1341
1344
1343
1344
1345
1343
1344
1346
1345
1346
1347
1345
1346
1348
1347
1348
1349
1347
1348
1350
1349
1350
1351
1349
1350
1352
1351
1347
1349
1353
1353
1354
1347
1354
1345
1347
1355
1354
1353
1355
1356
1354
1354
1357
1345
1357
1343
1345
1357
1358
1343
1358
1342
1343
1358
1359
1342
1359
1360
1342
1359
1361
1360
1359
1362
1361
1363
1364
1365
1363
1365
1366
1367
1368
1369
1367
1369
1370
1370
1369
1371
1370
1371
1372
1373
1374
1375
1373
1375
1376
1377
1378
1379
1379
1380
1377
1381
1380
1379
1381
1379
1382
1380
1383
1377
1383
1384
1377
1384
1385
1377
1384
1386
1385
1386
1387
1385
1388
1389
1390
1388
1390
1391
1392
1393
1394
1394
1395
1392
1395
1396
1392
1397
1398
1399
1399
1398
1400
1401
1402
1403
1403
1404
1401
1403
1405
1404
1406
1407
1408
1406
1409
1407
1410
1409
1406
1410
1411
1409
1412
1413
1414
1412
1414
1415
1416
1417
1418
1416
1419
1417
1420
1419
1416
1420
1421
1419
1422
1423
1424
1422
1424
1425
1426
1427
1428
1426
1428
1429
1430
1431
1432
1430
1432
1433
1434
1435
1436
1434
1436
1437
1438
1439
1440
1438
1440
1441
1442
1443
1444
1442
1444
1445
1446
1447
1448
1446
1449
1447
1449
1450
1447
1449
1451
1450
1452
1453
1454
1452
1454
1455
1456
1457
1458
1456
1458
1459
1460
1461
1462
1460
1463
1461
1460
1464
1463
1460
1465
1464
1466
1464
1465
1466
1467
1464
1468
1467
1466
1468
1469
1467
1470
1471
1472
1470
1472
1473
1474
1475
1476
1474
1476
1477
1478
1479
1480
1478
1480
1481
1482
1483
1484
1482
1484
1485
1486
1487
1488
1486
1489
1487
1490
1489
1486
1490
1491
1489
1492
1491
1490
1492
1493
1491
1494
1495
1496
1494
1496
1497
1498
1499
1500
1498
1500
1501
1502
1498
1501
1502
1501
1503
1504
1502
1503
1504
1503
1505
1506
1504
1505
1506
1505
1507
1508
1509
1510
1508
1510
1511
1512
1508
1511
1512
1511
1513
1514
1512
1513
1514
1513
1515
1516
1517
1518
1516
1518
1519
1520
1521
1522
1520
1522
1523
1524
1525
1526
1524
1526
1527
1528
1529
1530
1528
1530
1531
1532
1533
1534
1532
1534
1535
1536
1537
1538
1536
1538
1539
1540
1541
1542
1540
1542
1543
1544
1543
1542
1544
1545
1543
1546
1547
1548
1546
1548
1549
1550
1546
1549
1550
1549
1551
1549
1548
1552
1553
1551
1549
1549
1552
1553
1553
1552
1554
1553
1554
1555
1556
1555
1554
1556
1554
1557
1558
1556
1557
1557
1559
1558
1557
1560
1559
1561
1559
1560
1561
1562
1559
1562
1558
1559
1562
1563
1558
1564
1565
1566
1564
1566
1567
1568
1569
1570
1568
1570
1571
1571
1570
1572
1571
1572
1573
1574
1575
1576
1574
1576
1577
1578
1579
1580
1578
1580
1581
1582
1583
1584
1582
1584
1585
1586
1587
1588
1586
1588
1589
1590
1591
1592
1592
1593
1590
1593
1594
1590
1595
1596
1597
1595
1598
1596
1599
1598
1595
1599
1600
1598
1601
1600
1599
1601
1602
1600
1603
1604
1605
1603
1605
1606
1607
1608
1609
1607
1609
1610
1611
1612
1613
1611
1613
1614
1615
1616
1617
1615
1617
1618
1619
1620
1621
1619
1621
1622
1623
1624
1625
1623
1625
1626
1627
1628
1629
1629
1630
1627
1630
1631
1627
1630
1629
1632
1633
1631
1630
1632
1633
1630
1632
1634
1633
1635
1636
1637
1635
1637
1638
1639
1640
1641
1641
1642
1639
1642
1643
1639
1641
1644
1642
1641
1645
1644
1646
1647
1648
1646
1648
1649
1650
1651
1652
1650
1652
1653
1654
1655
1656
1654
1656
1657
1658
1654
1657
1658
1657
1659
1660
1661
1662
1660
1662
1663
1664
1665
1666
1664
1666
1667
1668
1664
1667
1668
1667
1669
1670
1671
1672
1670
1672
1673
1674
1675
1676
1674
1676
1677
1678
1679
1680
1678
1680
1681
1682
1683
1684
1682
1685
1683
1685
1686
1683
1685
1687
1686
1688
1687
1685
1689
1685
1682
1685
1689
1688
1689
1690
1688
1682
1691
1689
1691
1692
1689
1693
1694
1695
1695
1696
1693
1696
1697
1693
1698
1699
1700
1698
1700
1701
1702
1703
1704
1705
1702
1704
1706
1705
1704
1704
1707
1706
1708
1709
1710
1710
1711
1708
1711
1712
1708
1713
1712
1711
1713
1711
1714
1715
1716
1717
1715
1717
1718
1719
1720
1721
1719
1721
1722
1723
1724
1725
1723
1726
1724
1726
1727
1724
1726
1728
1727
1728
1729
1727
1728
1730
1729
1731
1732
1733
1731
1733
1734
1735
1736
1737
1735
1737
1738
1739
1740
1741
1741
1742
1739
1742
1743
1739
1744
1745
1746
1744
1746
1747
1748
1749
1750
1748
1750
1751
1752
1753
1754
1752
1755
1753
1755
1756
1753
1755
1757
1756
1758
1759
1760
1758
1761
1759
1761
1762
1759
1761
1763
1762
1764
1762
1763
1764
1765
1762
1764
1766
1765
1764
1767
1766
1767
1768
1766
1767
1769
1768
1768
1769
1770
1768
1770
1771
1770
1772
1771
1770
1773
1772
1773
1774
1772
1773
1775
1774
1776
1777
1778
1776
1779
1777
1779
1780
1777
1779
1781
1780
1782
1783
1784
1782
1784
1785
1786
1787
1788
1786
1788
1789
1790
1791
1792
1790
1792
1793
1794
1795
1796
1794
1796
1797
1798
1799
1800
1798
1800
1801
1802
1803
1804
1802
1804
1805
1806
1807
1808
1806
1808
1809
1810
1811
1812
1810
1812
1813
1814
1815
1816
1814
1816
1817
1818
1819
1820
1818
1820
1821
1822
1823
1824
1822
1824
1825
1826
1827
1828
1826
1828
1829
1830
1831
1832
1830
1832
1833
1833
1834
1830
1833
1835
1834
1836
1837
1838
1836
1838
1839
1840
1841
1842
1840
1842
1843
1844
1845
1846
1844
1846
1847
1848
1849
1850
1848
1850
1851
1852
1853
1854
1852
1854
1855
1856
1857
1858
1856
1858
1859
1860
1861
1862
1860
1862
1863
1864
1865
1866
1864
1867
1865
1867
1868
1865
1867
1869
1868
1870
1871
1872
1870
1872
1873
1874
1875
1876
1874
1876
1877
1878
1879
1880
1878
1880
1881
1882
1883
1884
1882
1884
1885
1886
1887
1888
1886
1888
1889
1890
1891
1892
1890
1892
1893
1894
1890
1893
1894
1893
1895
1896
1894
1895
1896
1895
1897
1898
1896
1897
1898
1897
1899
1899
1900
1898
1901
1900
1899
1901
1899
1902
1903
1904
1905
1903
1905
1906
1907
1908
1909
1907
1909
1910
1911
1912
1913
1911
1913
1914
1915
1916
1917
1915
1917
1918
1919
1920
1921
1919
1921
1922
1923
1919
1922
1923
1922
1924
1925
1926
1927
1925
1927
1928
1929
1930
1931
1929
1931
1932
1933
1934
1935
1933
1935
1936
1937
1938
1939
1937
1939
1940
1941
1942
1943
1941
1943
1944
1945
1946
1947
1947
1948
1945
1948
1949
1945
1948
1950
1949
1950
1951
1949
1950
1952
1951
1952
1953
1951
1952
1954
1953
1954
1955
1953
1954
1956
1955
1957
1958
1959
1957
1959
1960
1961
1962
1963
1961
1963
1964
1965
1966
1967
1967
1968
1965
1967
1969
1968
1970
1971
1972
1970
1332
1971
1973
1974
1975
1973
1975
1976
1977
1978
1979
1977
1979
1980
1981
1977
1980
1981
1980
1982
1983
1981
1982
1983
1982
1984
1985
1983
1984
1985
1984
1986
1986
1987
1985
1987
1988
1985
1988
1989
1985
1990
1985
1989
1990
1991
1985
1990
1992
1991
1989
1993
1990
1993
1994
1990
1993
1995
1994
1993
1996
1995
1996
1997
1995
1996
1998
1997
1998
1999
1997
1998
2000
1999
2001
2002
2003
2004
2001
2003
2005
2004
2003
2005
2003
2006
2007
2005
2006
2007
2006
2008
2009
2007
2008
2009
2008
2010
2010
2011
2009
2012
2009
2011
2013
2014
2015
2013
2015
2016
2017
2018
2019
2017
2019
2020
2021
2022
2023
2021
2023
2024
2025
2021
2024
2025
2024
2026
2027
2025
2026
2027
2026
2028
2029
2030
2031
2029
2031
2032
2033
2034
2035
2033
2035
2036
2037
2038
2039
2037
2039
2040
2041
2042
2040
2041
2040
2043
2044
2041
2043
2044
2043
2045
2046
2044
2045
2046
2045
2047
2048
2046
2047
2048
2047
2049
2050
2048
2049
2050
2049
2051
2052
2049
2047
2053
2052
2047
2052
2054
2049
2053
2047
2055
2054
2056
2049
2057
2053
2055
2054
2057
2056
2057
2055
2056
2058
2059
2060
2058
2060
2061
2062
2063
2064
2062
2064
2065
2066
2067
2068
2066
2068
2069
2070
2071
2072
2070
2073
2071
2074
2073
2070
2074
2075
2073
2076
2077
2078
2076
2078
2079
2080
2076
2079
2080
2079
2081
2082
2083
2084
2082
2084
2085
2086
2087
2088
2086
2089
2087
2089
2090
2087
2089
2091
2090
2092
2093
2094
2092
2094
2095
2096
2092
2095
2096
2095
2097
2098
2099
2100
2098
2100
2101
2102
2103
2104
2102
2105
2103
2106
2105
2102
2106
2107
2105
2108
2109
2110
2108
2110
2111
2112
2108
2111
2112
2111
2113
2114
2115
2116
2114
2116
2117
2118
2119
2120
2118
2121
2119
2121
2122
2119
2121
2123
2122
2124
2125
2126
2124
2126
2127
2128
2124
2127
2128
2127
2129
2130
2131
2132
2130
2132
2133
2134
2135
2136
2134
2137
2135
2138
2137
2134
2138
2139
2137
2140
2141
2142
2140
2142
2143
2144
2140
2143
2144
2143
2145
2146
2147
2148
2146
2148
2149
2150
2151
2152
2150
2153
2151
2153
2154
2151
2153
2155
2154
2156
2157
2158
2156
2158
2159
2160
2156
2159
2160
2159
2161
2162
2163
2164
2162
2164
2165
2166
2167
2168
2166
2169
2167
2170
2169
2166
2170
2171
2169
2172
2173
2174
2172
2174
2175
2176
2172
2175
2176
2175
2177
2178
2179
2180
2178
2180
2181
2182
2183
2184
2182
2185
2183
2185
2186
2183
2185
2187
2186
2188
2189
2190
2188
2190
2191
2192
2188
2191
2192
2191
2193
2194
2195
2196
2194
2196
2197
2198
2199
2200
2198
2200
2201
2202
2203
2204
2202
2204
2205
2206
2207
2208
2206
2208
2209
2210
2211
2212
2210
2212
2213
2214
2215
2216
2214
2216
2217
2218
2219
2220
2218
2220
2221
2222
2223
2224
2222
2224
2225
2226
2227
2228
2226
2229
2227
2230
2229
2226
2230
2231
2229
2232
2231
2230
2232
2233
2231
2234
2235
2233
2234
2233
2236
2237
2238
2239
2237
2239
2240
2241
2242
2243
2241
2243
2244
2245
2246
2247
2245
2247
2248
2249
2250
2251
2249
2251
2252
2253
2254
2255
2253
2255
2256
2257
2258
2259
2257
2259
2260
2261
2262
2263
2261
2263
2264
2265
2266
2267
2265
2267
2268
2269
2270
2271
2269
2271
2272
2273
2274
2275
2273
2275
2276
2277
2278
2279
2277
2279
2280
2281
2282
2283
2281
2283
2284
2285
2286
2287
2285
2287
2288
2289
2290
2291
2289
2291
2292
2293
2294
2295
2293
2295
2296
2297
2298
2299
2297
2299
2300
2301
2302
2303
2301
2303
2304
2305
2306
2307
2305
2307
2308
2309
2310
2311
2309
2311
2312
2313
2314
2315
2313
2315
2316
2317
2318
2319
2317
2319
2320
2321
2322
2323
2323
2324
2321
2323
2325
2324
2325
2326
2324
2325
2327
2326
2327
2328
2326
2329
2330
2331
2329
2331
2332
2333
2334
2335
2333
2335
2336
2337
2338
2339
2339
2340
2337
2339
2341
2340
2341
2342
2340
2341
2343
2342
2343
2344
2342
2345
2346
2347
2345
2347
2348
2349
2350
2351
2349
2351
2352
2353
2354
2355
2353
2355
2356
2357
2358
2359
2357
2359
2360
2361
2362
2363
2361
2363
2364
2365
2366
2367
2365
2367
2368
2369
2370
2371
2371
2372
2369
2371
2373
2372
2373
2374
2372
2373
2375
2374
2375
2376
2374
2377
2378
2379
2377
2379
2380
2381
2382
2383
2381
2383
2384
2385
2386
2387
2387
2388
2385
2387
2389
2388
2389
2390
2388
2389
2391
2390
2391
2392
2390
2393
2394
2395
2393
2396
2394
2393
2395
2397
2393
2398
2396
2397
2395
2399
2398
2400
2396
2397
2399
2401
2398
2402
2400
2401
2399
2403
2402
2404
2400
2401
2403
2405
2402
2406
2404
2405
2403
2407
2406
2408
2404
2405
2407
2409
2406
2410
2408
2409
2407
2411
2410
2411
2408
2409
2411
2412
2410
2412
2411
2413
2414
2415
2413
2416
2414
2417
2413
2415
2416
2418
2414
2417
2415
2419
2416
2420
2418
2421
2417
2419
2420
2422
2418
2421
2419
2423
2420
2424
2422
2425
2421
2423
2424
2426
2422
2425
2423
2427
2424
2428
2426
2428
2425
2427
2428
2427
2426
2429
2430
2431
2429
2431
2432
2433
2430
2429
2432
2431
2434
2433
2435
2430
2432
2434
2436
2437
2435
2433
2436
2434
2438
2437
2439
2435
2436
2438
2440
2441
2439
2437
2440
2438
2442
2441
2443
2439
2440
2442
2444
2444
2443
2441
2444
2442
2443
2445
2446
2447
2448
2446
2445
2445
2447
2449
2448
2450
2446
2449
2447
2451
2452
2450
2448
2449
2451
2452
2452
2451
2450
2453
2454
2455
2453
2455
2456
2454
2457
2455
2458
2453
2456
2454
2459
2457
2458
2456
2460
2459
2458
2460
2459
2460
2457
228
2461
2462
2463
2461
2463
2464
2465
2466
2467
2465
2467
2468
2469
2470
2471
2469
2471
2472
2473
2474
2475
2473
2475
2476
2477
2478
2479
2479
2480
2477
2480
2481
2477
2480
2482
2481
2482
2483
2481
2482
2484
2483
2484
2485
2483
2484
2486
2485
2487
2488
2489
2487
2489
2490
2491
2492
2493
2491
2493
2494
2495
2496
2497
2495
2497
2498
2499
2500
2501
2501
2502
2499
2502
2503
2499
2502
2504
2503
2504
2505
2503
2504
2506
2505
2506
2507
2505
2506
2508
2507
2509
2510
2511
2511
2512
2509
2512
2513
2509
2512
2514
2513
2514
2515
2513
2514
2516
2515
2516
2517
2515
2516
2518
2517
2519
2520
2521
2519
2521
2522
2523
2524
2525
2523
2525
2526
2527
2528
2529
2527
2529
2530
2531
2532
2533
2531
2533
2534
2535
2536
2537
2537
2538
2535
2538
2539
2535
2538
2540
2539
2540
2541
2539
2540
2542
2541
2542
2543
2541
2542
2544
2543
2545
2546
2547
2545
2547
2548
2549
2550
2551
2549
2551
2552
2553
2554
2555
2553
2555
2556
2557
2558
2559
2559
2560
2557
2560
2561
2557
2560
2562
2561
2562
2563
2561
2562
2564
2563
2564
2565
2563
2564
2566
2565
2567
2568
2569
2569
2570
2567
2570
2571
2567
2570
2572
2571
2572
2573
2571
2572
2574
2573
2574
2575
2573
2574
2576
2575
