MESH3
Hatchback Car_15
2657
-0.6135457,0.2882374,-0.9298647
-0.6135457,0.3405045,-1.840321
-1.501639E-06,0.3767139,-2.143075
-0.9129757,0.3383184,-1.826677
-0.6135457,0.3383185,-1.801348
-0.9129757,0.3383184,-1.80626
-0.8896432,0.3383185,-1.801348
-0.9024038,0.6583109,1.727968
-0.8758413,0.7283031,1.798144
-0.8777857,0.7703871,1.773914
-0.6361244,1.415659,0.1893884
-0.6017591,1.505949,-0.4794679
-0.8199852,1.117841,-0.4392162
0.9024008,0.6583109,1.727968
0.8777827,0.7703871,1.773914
0.8758383,0.7283031,1.798144
0.8199822,1.117841,-0.4392162
0.6017562,1.505949,-0.4794679
0.6361215,1.415659,0.1893884
-0.9024038,0.7542869,1.647246
-0.870414,0.8303248,1.759886
-0.8411043,0.8738976,1.798302
-0.8516893,0.8954914,1.628696
-0.9024038,0.7991183,1.557498
-0.9024038,0.8384987,1.378322
-0.8718804,0.9411735,1.224385
-0.9024038,0.7898606,1.168728
-0.705943,0.9305873,1.747432
-0.8516893,0.8954914,1.628696
-0.8411043,0.8738976,1.798302
-0.7717264,0.8728161,1.85541
-0.6888503,0.8855622,1.926573
-0.8472507,0.7240163,1.866566
-0.8590602,0.6757202,1.85543
-0.693612,0.6967447,2.083892
-0.7972792,0.7194994,1.942271
-0.6997375,0.7168367,2.067466
-0.6813731,0.7952239,-1.964388
-0.7636325,0.7971828,-1.930112
-0.7638909,0.8339863,-1.930364
-0.681253,0.8347658,-1.964695
-0.9031525,0.986017,0.2436708
-0.8976927,0.9593359,0.8165118
-0.8206289,1.051683,0.780104
-0.827888,1.071221,0.24453
-0.9031525,1.034749,-1.21415
-0.8290482,1.10438,-0.49493
-0.8289869,1.102633,-0.455986
-0.8301668,1.136351,-1.207919
-0.8940408,0.6625573,0.2436709
-0.8945342,0.6625573,0.8104324
-0.8976927,0.9593359,0.8165118
-0.9031525,0.986017,0.2436708
-0.9129757,0.6731634,-1.03862
-0.9129757,0.7927396,-1.167952
-0.9031525,1.034749,-1.21415
-0.8448246,1.031023,-1.83681
-0.8868069,1.034749,-1.532742
-0.783114,1.222098,-1.396703
-0.7466283,1.140465,-1.932298
-0.290676,1.545732,0.09642055
-0.2910108,1.51505,0.2243429
-1.501639E-06,1.51505,0.2465244
-1.501639E-06,1.545732,0.1165603
0.290673,1.545732,0.09642055
0.2910078,1.51505,0.2243429
-0.3565308,0.9522671,1.89362
-0.2869908,0.8402306,2.174793
-1.501639E-06,0.8412439,2.178359
-1.501639E-06,0.9522671,1.914896
0.3565278,0.9522671,1.89362
0.2869878,0.8402306,2.174793
-0.705943,0.9305873,1.747432
-0.6888503,0.8855622,1.926573
-0.6029341,0.8810887,2.0084
-0.638216,0.9417021,1.789713
-0.693612,0.6967447,2.083892
-0.5777082,0.7039809,2.171824
-0.5784895,0.713403,2.16659
-0.6997375,0.7168367,2.067466
-0.818907,1.087152,0.2451098
-0.8124493,1.06976,0.7219011
-0.6361244,1.415659,0.1893884
-0.8199852,1.117841,-0.4392162
-0.4315957,0.7959616,-2.0327
-0.6813731,0.7952239,-1.964388
-0.681253,0.8347658,-1.964695
-0.5986011,0.8356587,-1.990591
-1.501639E-06,0.7959616,-2.048812
-0.2871525,1.170106,-2.044334
-1.501639E-06,1.170446,-2.052424
-0.2871525,0.7959616,-2.040722
-0.4315957,1.168632,-2.036312
-0.4315957,0.7959616,-2.0327
-0.3872002,0.8210509,2.162548
-0.4638743,0.8222604,2.140808
-0.4287513,0.7760807,2.183935
-0.3663522,0.7772207,2.189139
-0.3748184,0.8102927,2.171081
-0.3415132,0.7420278,2.224077
-0.4222513,0.7402596,2.197034
-0.293561,0.7112768,2.25579
-0.4288945,0.7128338,2.200018
-0.4318163,0.7030295,2.20848
-0.5777082,0.7039809,2.171824
-0.4318163,0.7030295,2.20848
-0.4288945,0.7128338,2.200018
-0.5784895,0.713403,2.16659
-0.4311212,1.537388,0.0796399
-0.4311263,1.506706,0.2058611
-0.2910108,1.51505,0.2243429
-0.290676,1.545732,0.09642055
-0.6244705,1.369104,-1.699291
-0.6454836,1.365953,-1.69804
-0.5753226,1.478436,-1.502443
-0.557485,1.473351,-1.520506
-0.5629958,1.531112,0.06032654
-0.5746431,1.479836,0.1965138
-0.4311263,1.506706,0.2058611
-0.4311212,1.537388,0.0796399
-0.5580246,1.476044,0.2173543
-0.7595817,1.07667,0.8323143
-0.6805917,1.082625,0.910018
-0.4319837,1.497314,0.2244384
-0.2898899,1.50535,0.2428257
-0.5862244,1.082602,0.9513839
-0.4899291,1.083467,0.9941361
-1.501639E-06,1.083057,1.050637
-1.501639E-06,1.505404,0.2655112
0.2898869,1.50535,0.2428257
-1.501639E-06,1.083057,1.050637
0.489926,1.083467,0.9941361
0.5862215,1.082602,0.9513839
0.6805887,1.082625,0.910018
0.4319807,1.497314,0.2244384
0.5580217,1.476044,0.2173543
0.7595788,1.07667,0.8323143
-0.638216,0.9417021,1.789713
-0.6029341,0.8810887,2.0084
-0.4638743,0.8222604,2.140808
-0.5087235,0.9417021,1.8561
-0.6727138,1.180051,-1.95751
-0.6951154,1.168765,-1.971221
-0.6722534,1.288193,-1.814764
-0.6516358,1.290877,-1.815196
-0.6454836,1.365953,-1.69804
-0.783114,1.222098,-1.396703
-0.7236153,1.335264,-1.300004
-0.6438304,1.456315,-1.130776
-0.5753226,1.478436,-1.502443
-0.8896432,0.4655163,-0.9685233
-0.9129757,0.4657205,-0.9649003
-0.9129757,0.603868,-1.005532
-0.8896432,0.6026347,-1.009019
-0.8896432,0.5303022,-1.77653
-0.9129757,0.5309676,-1.780343
-0.9129757,0.3383184,-1.80626
-0.8896432,0.3383185,-1.801348
-0.7819291,1.066609,0.8341953
-0.7114972,1.017628,1.314318
-0.5842826,1.027404,1.369142
-0.6878722,1.071429,0.9256072
-0.7114972,1.017628,1.314318
-0.638216,0.9417021,1.789713
-0.5087235,0.9417021,1.8561
-0.5842826,1.027404,1.369142
-0.6878722,1.071429,0.9256072
-0.5842826,1.027404,1.369142
-0.5266203,1.027404,1.386693
-0.5922844,1.072141,0.9683283
-0.5842826,1.027404,1.369142
-0.5087235,0.9417021,1.8561
-0.4430532,0.9417021,1.87229
-0.5266203,1.027404,1.386693
-0.8206289,1.051683,0.780104
-0.773601,0.9954279,1.285905
-0.7114972,1.017628,1.314318
-0.7819291,1.066609,0.8341953
-0.773601,0.9954279,1.285905
-0.705943,0.9305873,1.747432
-0.638216,0.9417021,1.789713
-0.7114972,1.017628,1.314318
-0.8976927,0.9593359,0.8165118
-0.8718804,0.9411735,1.224385
-0.773601,0.9954279,1.285905
-0.8206289,1.051683,0.780104
-0.8718804,0.9411735,1.224385
-0.8516893,0.8954914,1.628696
-0.705943,0.9305873,1.747432
-0.773601,0.9954279,1.285905
-0.8788826,0.4162934,0.9691248
-0.9024038,0.416665,0.9654917
-0.9024038,0.2882375,0.9630188
-0.8788826,0.2882374,0.9669406
-0.8868069,1.034749,-1.532742
-0.9129757,0.7889944,-1.591118
-0.9129757,0.8378747,-1.380394
-0.9031525,1.034749,-1.21415
-0.9129757,0.7927396,-1.167952
-0.8206289,1.051683,0.780104
-0.7819291,1.066609,0.8341953
-0.5746431,1.479836,0.1965138
-0.6280544,1.429502,0.1984646
-0.5538072,1.566163,-0.9755295
-0.5753226,1.478436,-1.502443
-0.6438304,1.456315,-1.130776
-0.6045737,1.516809,-0.9697601
-0.5753226,1.478436,-1.502443
-0.5538072,1.566163,-0.9755295
-0.4310803,1.579571,-0.9725023
-0.431071,1.519618,-1.473243
-0.5538072,1.566163,-0.9755295
-0.4310986,1.585974,-0.4982376
-0.4310803,1.579571,-0.9725023
-0.5466805,1.570394,-0.5134261
-0.4311124,1.572438,-0.1369586
-0.5528065,1.55869,-0.1540981
-0.431071,1.519618,-1.473243
-0.4310803,1.579571,-0.9725023
-0.2879857,1.587914,-0.96939
-0.2873732,1.527961,-1.473243
-0.4310803,1.579571,-0.9725023
-0.4310986,1.585974,-0.4982376
-0.289192,1.594317,-0.4889967
-0.2879857,1.587914,-0.96939
-0.4310986,1.585974,-0.4982376
-0.4311124,1.572438,-0.1369586
-0.2901014,1.580782,-0.1230972
-0.289192,1.594317,-0.4889967
-0.2873732,1.527961,-1.473243
-0.2879857,1.587914,-0.96939
-1.501639E-06,1.587914,-0.9656548
-1.501639E-06,1.527961,-1.473243
0.2873701,1.527961,-1.473243
0.2879827,1.587914,-0.96939
-0.2879857,1.587914,-0.96939
-0.289192,1.594317,-0.4889967
-1.501639E-06,1.594317,-0.4779059
-1.501639E-06,1.587914,-0.9656548
0.2879827,1.587914,-0.96939
0.289189,1.594317,-0.4889967
-0.289192,1.594317,-0.4889967
-0.2901014,1.580782,-0.1230972
-1.501639E-06,1.580782,-0.1064611
-1.501639E-06,1.594317,-0.4779059
0.289189,1.594317,-0.4889967
0.2900984,1.580782,-0.1230972
-0.5929595,1.522499,-0.4995278
-0.5914851,1.513127,-0.1585121
-0.5528065,1.55869,-0.1540981
-0.5935388,1.522766,-0.5383378
-0.5466805,1.570394,-0.5134261
-0.6045737,1.516809,-0.9697601
-0.5538072,1.566163,-0.9755295
-0.8212237,1.152234,-1.205745
-0.8199413,1.121147,-0.5150241
-0.6031297,1.506693,-0.5550113
-0.651281,1.442572,-1.120908
-0.6135343,1.500967,-0.9656426
-0.5987643,1.482746,0.05542107
-0.5629958,1.531112,0.06032654
-0.5528065,1.55869,-0.1540981
-0.5914851,1.513127,-0.1585121
-0.5528065,1.55869,-0.1540981
-0.5629958,1.531112,0.06032654
-0.4311212,1.537388,0.0796399
-0.4311124,1.572438,-0.1369586
-0.290676,1.545732,0.09642055
-0.2901014,1.580782,-0.1230972
-0.2901014,1.580782,-0.1230972
-0.290676,1.545732,0.09642055
-1.501639E-06,1.545732,0.1165603
-1.501639E-06,1.580782,-0.1064611
0.2900984,1.580782,-0.1230972
0.290673,1.545732,0.09642055
-0.6280544,1.429502,0.1984646
-0.5746431,1.479836,0.1965138
-0.5629958,1.531112,0.06032654
-0.5987643,1.482746,0.05542107
-0.8788826,0.8141955,1.377277
-0.9024038,0.817683,1.37712
-0.9024038,0.768947,1.170756
-0.8788826,0.7657009,1.172121
-0.8795894,0.4156383,1.784902
-0.9024038,0.4161313,1.788422
-0.9024038,0.528787,1.774958
-0.8788826,0.5277031,1.771474
-0.8896432,0.660436,-1.062869
-0.9129757,0.7718435,-1.173131
-0.8896432,0.768626,-1.17491
-0.9129757,0.660436,-1.060091
-0.8896432,0.6026347,-1.009019
-0.9129757,0.603868,-1.005532
-0.8896432,0.768626,-1.17491
-0.9129757,0.7718435,-1.173131
-0.9129757,0.8168668,-1.379961
-0.8896432,0.8133535,-1.380144
-0.8887007,0.2882375,0.2436709
-0.883848,0.2882375,0.8002557
-0.8837284,0.4203917,0.8034567
-0.8887007,0.4299702,0.2436709
-0.8945342,0.6625573,0.8104324
-0.9022947,0.2882374,-0.4531426
-0.8940408,0.6625573,0.2436709
-0.9022947,0.4419107,-0.4517035
-0.9129757,0.2882374,-0.9298648
-0.9129757,0.4661323,-0.9438471
-0.9129757,0.2882374,-0.9508789
-0.9129757,0.4657205,-0.9649003
-0.9129757,0.6132441,-0.9856303
-0.9129757,0.603868,-1.005532
-0.9129757,0.6731634,-1.03862
-0.9129757,0.660436,-1.060091
-0.9129757,0.7927396,-1.167952
-0.9129757,0.7718435,-1.173131
-0.9129757,0.8378747,-1.380394
-0.9129757,0.8168668,-1.379961
-0.9129757,0.7889944,-1.591118
-0.9129757,0.7672846,-1.587977
-0.9129757,0.7035875,-1.70491
-0.9129757,0.6914037,-1.687905
-0.9129757,0.6376737,-1.759138
-0.9129757,0.6278464,-1.74041
-0.9129757,0.5347508,-1.800938
-0.9129757,0.5309676,-1.780343
-0.9129757,0.3383184,-1.826677
-0.9129757,0.3383184,-1.80626
-0.8896432,0.2882374,-0.9543066
-0.9129757,0.2882374,-0.9508789
-0.9129757,0.4657205,-0.9649003
-0.8896432,0.4655163,-0.9685233
-0.8788826,0.5263131,0.9896781
-0.9024038,0.5274474,0.9861885
-0.9024038,0.416665,0.9654917
-0.8788826,0.4162934,0.9691248
-0.8788826,0.7297676,1.637162
-0.9024038,0.7323962,1.639697
-0.9024038,0.7799938,1.547089
-0.8788826,0.7766215,1.545736
-0.8788826,0.5277031,1.771474
-0.9024038,0.528787,1.774958
-0.9024038,0.6428143,1.715295
-0.8788826,0.6261544,1.71694
-0.9024038,0.7323962,1.639697
-0.8788826,0.7297676,1.637162
-0.8788826,0.7657009,1.172121
-0.9024038,0.768947,1.170756
-0.9024038,0.6460564,1.052182
-0.8788826,0.6445441,1.054445
-0.883848,0.2882375,0.8002557
-0.9024038,0.2882375,0.9419883
-0.9024038,0.4179128,0.9444715
-0.8837284,0.4203917,0.8034567
-0.8788826,0.6445441,1.054445
-0.9024038,0.6460564,1.052182
-0.9024038,0.5274474,0.9861885
-0.8788826,0.5263131,0.9896781
-0.8976927,0.9593359,0.8165118
-0.8945342,0.6625573,0.8104324
-0.9024038,0.6625574,1.039062
-0.9024038,0.7898606,1.168728
-0.8718804,0.9411735,1.224385
-0.8837284,0.4203917,0.8034567
-0.9024038,0.4179128,0.9444715
-0.9024038,0.5423093,0.9677058
-0.8945342,0.6625573,0.8104324
-0.9024038,0.6625574,1.039062
-0.8788826,0.7766215,1.545736
-0.9024038,0.7799938,1.547089
-0.9024038,0.817683,1.37712
-0.8788826,0.8141955,1.377277
-0.8896432,0.8133535,-1.380144
-0.9129757,0.8168668,-1.379961
-0.9129757,0.7672846,-1.587977
-0.8896432,0.7638984,-1.586925
-0.8896432,0.7638984,-1.586925
-0.9129757,0.7672846,-1.587977
-0.9129757,0.6914037,-1.687905
-0.8896432,0.6874431,-1.686226
-0.8896432,0.6874431,-1.686226
-0.9129757,0.6914037,-1.687905
-0.9129757,0.6278464,-1.74041
-0.8896432,0.6261156,-1.737112
-0.8896432,0.6261156,-1.737112
-0.9129757,0.6278464,-1.74041
-0.9129757,0.5309676,-1.780343
-0.8896432,0.5303022,-1.77653
-0.8448246,0.7806439,-1.847066
-0.9129757,0.7035875,-1.70491
-0.9129757,0.7889944,-1.591118
-0.8448246,1.031023,-1.83681
-0.8868069,1.034749,-1.532742
-0.9024038,0.416665,0.9654917
-0.9024038,0.2882375,0.9419883
-0.9024038,0.2882375,0.9630188
-0.9024038,0.4179128,0.9444715
-0.9024038,0.5274474,0.9861885
-0.9024038,0.5423093,0.9677058
-0.9024038,0.6460564,1.052182
-0.9024038,0.6625574,1.039062
-0.9024038,0.768947,1.170756
-0.9024038,0.7898606,1.168728
-0.9024038,0.817683,1.37712
-0.9024038,0.8384987,1.378322
-0.9024038,0.7799938,1.547089
-0.9024038,0.7991183,1.557498
-0.9024038,0.7323962,1.639697
-0.9024038,0.7542869,1.647246
-0.9024038,0.6428143,1.715295
-0.9024038,0.6583109,1.727968
-0.9024038,0.528787,1.774958
-0.9024038,0.5333047,1.795456
-0.9024038,0.4161313,1.788422
-0.9024038,0.4183784,1.80921
-0.9024038,0.3237734,1.794084
-0.9024038,0.3243978,1.814968
-0.2871525,0.3767139,-2.134985
-1.501639E-06,0.3767139,-2.143075
-0.6135457,0.3405045,-1.840321
-0.4315957,0.3767139,-2.126963
-0.6791045,0.3767139,-2.060095
-0.7591487,0.3767139,-2.027228
-0.8448246,0.3767139,-1.961177
-0.9129757,0.3383184,-1.826677
-0.5744697,0.4387377,2.148344
-0.4413846,0.4387378,2.196932
-0.4424906,0.5805882,2.249152
-0.5744697,0.5805882,2.200968
-0.5744697,0.5805882,2.200968
-0.4318163,0.7030295,2.20848
-0.5777082,0.7039809,2.171824
-0.4424906,0.5805882,2.249152
-0.3930847,0.5805882,2.258762
-0.293561,0.7112768,2.25579
-0.2873732,0.5805882,2.279324
-0.3930847,0.5805882,2.258762
-0.4424906,0.5805882,2.249152
-0.4413846,0.4387378,2.196932
-0.4019156,0.5181572,2.234321
-0.3776798,0.4524112,2.215748
-0.2873732,0.4254511,2.2267
-0.6768187,0.4380689,2.083033
-0.5744697,0.4387377,2.148344
-0.5744697,0.5805882,2.200968
-0.6914073,0.5750277,2.114863
-0.6914073,0.5750277,2.114863
-0.5744697,0.5805882,2.200968
-0.5777082,0.7039809,2.171824
-0.693612,0.6967447,2.083892
-0.2833817,0.4370418,2.218719
-1.501639E-06,0.5695927,2.266827
-0.2838132,0.5695911,2.26353
-1.501639E-06,0.4370876,2.22188
0.2833787,0.4370418,2.218719
0.2838102,0.5695911,2.26353
-0.2873732,0.5805882,2.279324
-1.501639E-06,0.5805882,2.282912
-1.501639E-06,0.7110785,2.275461
-0.293561,0.7112768,2.25579
-0.8577963,0.4164923,1.891365
-0.6768187,0.4380689,2.083033
-0.6914073,0.5750277,2.114863
-0.8671669,0.5435572,1.883699
-0.8671669,0.5435572,1.883699
-0.6914073,0.5750277,2.114863
-0.693612,0.6967447,2.083892
-0.8590602,0.6757202,1.85543
-0.9024038,0.5333047,1.795456
-0.8671669,0.5435572,1.883699
-0.8590602,0.6757202,1.85543
-0.9024038,0.6583109,1.727968
-0.9024038,0.4183784,1.80921
-0.8577963,0.4164923,1.891365
-0.8671669,0.5435572,1.883699
-0.9024038,0.5333047,1.795456
-0.9024038,0.3243978,1.814968
-0.8616101,0.3238738,1.895887
-0.8577963,0.4164923,1.891365
-0.9024038,0.4183784,1.80921
-0.8616101,0.3238738,1.895887
-0.6769333,0.3361294,2.086699
-0.6768187,0.4380689,2.083033
-0.8577963,0.4164923,1.891365
-0.2873732,0.3328175,2.23034
-1.501639E-06,0.4254511,2.230289
-0.2873732,0.4254511,2.2267
-1.501639E-06,0.3328175,2.233928
0.2873701,0.3328175,2.23034
0.2873701,0.4254511,2.2267
-0.6769333,0.3361294,2.086699
-0.5744697,0.3365093,2.151984
-0.5744697,0.4387377,2.148344
-0.6768187,0.4380689,2.083033
-0.4413846,0.3365093,2.200572
-0.2873732,0.3328175,2.23034
-0.2873732,0.4254511,2.2267
-0.4413846,0.4387378,2.196932
-0.5744697,0.3365093,2.151984
-0.4413846,0.3365093,2.200572
-0.4413846,0.4387378,2.196932
-0.5744697,0.4387377,2.148344
-0.8806374,0.3236364,1.790612
-0.9024038,0.4161313,1.788422
-0.8795894,0.4156383,1.784902
-0.9024038,0.3237734,1.794084
-0.8810406,0.2882375,1.792809
-0.9024038,0.2882376,1.796262
-1.501639E-06,0.3767139,-2.143075
-1.501639E-06,0.2882374,-1.061427
-0.6135457,0.2882374,-0.9298647
0.6135427,0.2882374,-0.9298647
0.6135427,0.2882374,-0.9298647
0.6135427,0.3405045,-1.840321
0.6135427,0.3383185,-1.801348
0.9129727,0.3383184,-1.826677
0.9129727,0.3383184,-1.80626
0.8896402,0.3383185,-1.801348
-0.4430532,0.9417021,1.87229
-0.3795678,0.8246495,2.160563
-0.3742431,0.8298556,2.162139
-0.3726875,0.8340905,2.160649
-0.4373082,0.9530413,1.871418
-0.3440594,0.7941019,2.172459
-0.3603424,0.8044677,2.178363
-0.3534704,0.7803143,2.191231
-0.3399485,0.7809546,2.177186
-1.501639E-06,0.821398,2.188204
-0.2873732,0.8273464,2.180165
-0.2876971,0.8203314,2.184601
-1.501639E-06,0.8284054,2.183753
0.2873701,0.8273464,2.180165
0.2876941,0.8203314,2.184601
-0.2930311,0.7428372,2.253357
-0.293561,0.7112768,2.25579
-1.501639E-06,0.7110785,2.275461
-1.501639E-06,0.7428412,2.271007
-0.3603424,0.8044677,2.178363
-0.3748184,0.8102927,2.171081
-0.3663522,0.7772207,2.189139
-0.3534704,0.7803143,2.191231
-0.3298849,0.7463926,2.224393
-0.3415132,0.7420278,2.224077
-0.293561,0.7112768,2.25579
-0.2930311,0.7428372,2.253357
-0.3534704,0.7803143,2.191231
-0.3663522,0.7772207,2.189139
-0.3415132,0.7420278,2.224077
-0.3298849,0.7463926,2.224393
-0.3726875,0.8340905,2.160649
-0.3742431,0.8298556,2.162139
-0.3604812,0.8221179,2.168103
-0.2869908,0.8402306,2.174793
-0.2873732,0.8273464,2.180165
-1.501639E-06,0.8109354,2.180507
-0.2876971,0.8203314,2.184601
-0.2880544,0.8098771,2.176914
-1.501639E-06,0.821398,2.188204
0.2876941,0.8203314,2.184601
0.2880514,0.8098771,2.176914
-0.2830471,0.7472593,2.238686
-0.2930311,0.7428372,2.253357
-1.501639E-06,0.7428412,2.271007
-1.501639E-06,0.7478001,2.253516
0.2830441,0.7472593,2.238686
0.2930281,0.7428372,2.253357
-0.3307351,0.8072821,2.170619
-0.3440594,0.7941019,2.172459
-0.3399485,0.7809546,2.177186
-0.3170892,0.7484306,2.21214
-0.2880544,0.8098771,2.176914
-0.2830471,0.7472593,2.238686
-1.501639E-06,0.8109354,2.180507
-1.501639E-06,0.7478001,2.253516
0.2830441,0.7472593,2.238686
0.2880514,0.8098771,2.176914
0.3170862,0.7484306,2.21214
0.3307321,0.8072821,2.170619
0.3399455,0.7809546,2.177186
0.3440564,0.7941019,2.172459
-0.3170892,0.7484306,2.21214
-0.3298849,0.7463926,2.224393
-0.2930311,0.7428372,2.253357
-0.2830471,0.7472593,2.238686
-0.3399485,0.7809546,2.177186
-0.3534704,0.7803143,2.191231
-0.3298849,0.7463926,2.224393
-0.3170892,0.7484306,2.21214
-0.2876971,0.8203314,2.184601
-0.2873732,0.8273464,2.180165
-0.3604812,0.8221179,2.168103
-0.3464722,0.8163739,2.175305
-0.8590602,0.6757202,1.85543
-0.8472507,0.7240163,1.866566
-0.8758413,0.7283031,1.798144
-0.9024038,0.6583109,1.727968
-0.9024038,0.6583109,1.727968
-0.8777857,0.7703871,1.773914
-0.870414,0.8303248,1.759886
-0.9024038,0.7542869,1.647246
-0.5208492,1.038391,1.385805
-0.4963949,1.082709,1.017547
-0.5848519,1.081926,0.9779952
-0.4256886,1.037969,1.417415
-1.501639E-06,1.037969,1.456378
-1.501639E-06,1.082745,1.074379
0.4963919,1.082709,1.017547
0.4256856,1.037969,1.417415
0.5208462,1.038391,1.385805
0.5848489,1.081926,0.9779952
-0.4373082,0.9530413,1.871418
-0.4256886,1.037969,1.417415
-0.5208492,1.038391,1.385805
-0.3565308,0.9522671,1.89362
-1.501639E-06,0.9522671,1.914896
-1.501639E-06,1.037969,1.456378
0.4256856,1.037969,1.417415
0.3565278,0.9522671,1.89362
0.4373052,0.9530413,1.871418
0.5208462,1.038391,1.385805
-0.3726875,0.8340905,2.160649
-0.2869908,0.8402306,2.174793
-0.3565308,0.9522671,1.89362
-0.4373082,0.9530413,1.871418
-0.2869908,0.8402306,2.174793
-0.2873732,0.8273464,2.180165
-1.501639E-06,0.8284054,2.183753
-1.501639E-06,0.8412439,2.178359
0.2869878,0.8402306,2.174793
0.2873701,0.8273464,2.180165
-1.501639E-06,1.082745,1.074379
-1.501639E-06,1.072866,1.068527
-0.4948463,1.072866,1.011876
-0.4963949,1.082709,1.017547
-0.4430532,0.9417021,1.87229
-0.5087235,0.9417021,1.8561
-0.4638743,0.8222604,2.140808
-0.3795678,0.8246495,2.160563
-0.3872002,0.8210509,2.162548
-0.4963949,1.082709,1.017547
-0.4948463,1.072866,1.011876
-0.5922844,1.072141,0.9683283
-0.5848519,1.081926,0.9779952
-0.5848519,1.081926,0.9779952
-0.5922844,1.072141,0.9683283
-0.5266203,1.027404,1.386693
-0.5208492,1.038391,1.385805
-0.5208492,1.038391,1.385805
-0.5266203,1.027404,1.386693
-0.4430532,0.9417021,1.87229
-0.4373082,0.9530413,1.871418
-0.6078828,0.8729684,2.01136
-0.6029341,0.8810887,2.0084
-0.6888503,0.8855622,1.926573
-0.6917186,0.8770207,1.930793
-0.7739283,0.8639454,1.859298
-0.7717264,0.8728161,1.85541
-0.8411043,0.8738976,1.798302
-0.8417068,0.8650519,1.803662
-0.4374078,0.7711518,2.18328
-0.4287513,0.7760807,2.183935
-0.4638743,0.8222604,2.140808
-0.4710126,0.815339,2.142101
-0.6917186,0.8770207,1.930793
-0.6888503,0.8855622,1.926573
-0.7717264,0.8728161,1.85541
-0.7739283,0.8639454,1.859298
-0.696139,0.7254346,2.064137
-0.6997375,0.7168367,2.067466
-0.5784895,0.713403,2.16659
-0.5761748,0.7219806,2.162089
-0.7936282,0.7284057,1.940001
-0.7972792,0.7194994,1.942271
-0.6997375,0.7168367,2.067466
-0.696139,0.7254346,2.064137
-0.5761748,0.7219806,2.162089
-0.5784895,0.713403,2.16659
-0.4288945,0.7128338,2.200018
-0.4356566,0.7208527,2.194402
-0.4356566,0.7208527,2.194402
-0.4288945,0.7128338,2.200018
-0.4222513,0.7402596,2.197034
-0.4308337,0.7402953,2.193224
-0.4308337,0.7402953,2.193224
-0.4222513,0.7402596,2.197034
-0.4287513,0.7760807,2.183935
-0.4374078,0.7711518,2.18328
-0.8443635,0.7334631,1.865503
-0.8472507,0.7240163,1.866566
-0.7972792,0.7194994,1.942271
-0.7936282,0.7284057,1.940001
-0.871466,0.7375961,1.80288
-0.8758413,0.7283031,1.798144
-0.8472507,0.7240163,1.866566
-0.8443635,0.7334631,1.865503
-0.8732291,0.7734969,1.782273
-0.8758413,0.7283031,1.798144
-0.871466,0.7375961,1.80288
-0.8777857,0.7703871,1.773914
-0.8667146,0.8268281,1.769813
-0.870414,0.8303248,1.759886
-0.8417068,0.8650519,1.803662
-0.8411043,0.8738976,1.798302
-0.870414,0.8303248,1.759886
-0.8667146,0.8268281,1.769813
-0.4710126,0.815339,2.142101
-0.4638743,0.8222604,2.140808
-0.6029341,0.8810887,2.0084
-0.6078828,0.8729684,2.01136
-0.3764862,0.5695757,2.245551
-0.3840869,0.5167028,2.224772
-0.3633817,0.4609318,2.209
-0.2838132,0.5695911,2.26353
-0.2833817,0.4370418,2.218719
-0.2838132,0.5695911,2.26353
-0.2873732,0.5805882,2.279324
-0.3930847,0.5805882,2.258762
-0.3764862,0.5695757,2.245551
-1.501639E-06,0.5695927,2.266827
-0.2873732,0.5805882,2.279324
-0.2838132,0.5695911,2.26353
-1.501639E-06,0.5805882,2.282912
0.2873701,0.5805882,2.279324
0.2838102,0.5695911,2.26353
-0.2833817,0.4370418,2.218719
-0.2873732,0.4254511,2.2267
-1.501639E-06,0.4254511,2.230289
-1.501639E-06,0.4370876,2.22188
0.2833787,0.4370418,2.218719
0.2873701,0.4254511,2.2267
-0.3633817,0.4609318,2.209
-0.3776798,0.4524112,2.215748
-0.2873732,0.4254511,2.2267
-0.2833817,0.4370418,2.218719
-0.3840869,0.5167028,2.224772
-0.4019156,0.5181572,2.234321
-0.3776798,0.4524112,2.215748
-0.3633817,0.4609318,2.209
-0.3764862,0.5695757,2.245551
-0.3930847,0.5805882,2.258762
-0.4019156,0.5181572,2.234321
-0.3840869,0.5167028,2.224772
-0.9024038,0.3237734,1.794084
-0.9125921,0.3247728,1.818467
-0.9024038,0.3243978,1.814968
-0.8758134,0.3246942,1.899748
-0.8616101,0.3238738,1.895887
-0.8630775,0.2882376,1.897627
-0.877281,0.2890581,1.901488
-0.9125454,0.2886387,1.820926
-0.9024038,0.2882376,1.817184
-0.9024038,0.2882376,1.796262
-1.501639E-06,0.2971756,2.235329
-0.6769775,0.2969069,2.088109
-0.5744697,0.2971755,2.153384
-0.1772963,0.2882376,1.888926
-1.501639E-06,0.2882376,1.886676
-0.5982468,0.2882376,1.817582
-0.9024038,0.2882376,1.817184
-0.6004047,0.2882375,1.792809
-0.8810406,0.2882375,1.792809
-0.5982468,0.2882375,0.9419852
-0.4413846,0.2971756,2.201972
-0.5830436,0.2977997,2.170793
-0.6892348,0.2976319,2.092938
-0.6769775,0.2969069,2.088109
-0.877281,0.2890581,1.901488
-0.8630775,0.2882376,1.897627
-0.4465562,0.2978583,2.220674
-0.2873732,0.2971756,2.23174
-0.2893346,0.2979155,2.251042
-1.501639E-06,0.2979378,2.254728
0.2893316,0.2979155,2.251042
0.2873701,0.2971756,2.23174
0.4465532,0.2978583,2.220674
0.4413815,0.2971756,2.201972
0.5830407,0.2977997,2.170793
0.5744668,0.2971755,2.153384
0.6892318,0.2976319,2.092938
0.6769745,0.2969069,2.088109
0.877278,0.2890581,1.901488
0.8630744,0.2882376,1.897627
0.6769745,0.2969069,2.088109
0.8630744,0.2882376,1.897627
0.1772933,0.2882376,1.888926
0.5982438,0.2882376,1.817582
0.9024008,0.2882376,1.817184
0.9024008,0.2882376,1.796262
0.8810376,0.2882375,1.792809
0.6004017,0.2882375,1.792809
0.5982438,0.2882375,0.9419852
0.8886976,0.2882375,0.2436709
-1.501639E-06,0.2882375,0.2412408
0.883845,0.2882375,0.8002557
0.9024008,0.2882375,0.9419883
0.5982438,0.2882374,0.9669406
0.9024008,0.2882375,0.9630188
0.8788797,0.2882374,0.9669406
0.9022917,0.2882374,-0.4531426
-0.8887007,0.2882375,0.2436709
-0.883848,0.2882375,0.8002557
-0.9024038,0.2882375,0.9419883
-0.5982468,0.2882374,0.9669406
-0.9024038,0.2882375,0.9630188
-0.8788826,0.2882374,0.9669406
-0.9022947,0.2882374,-0.4531426
0.6135427,0.2882374,-0.9298647
0.9129727,0.2882374,-0.9298648
0.9129727,0.2882374,-0.9508789
0.8896402,0.2882374,-0.9543066
0.6135427,0.2882374,-0.9543066
-1.501639E-06,0.2882374,-1.061427
-0.6135457,0.2882374,-0.9298647
-0.9129757,0.2882374,-0.9298648
-0.9129757,0.2882374,-0.9508789
-0.6135457,0.2882374,-0.9543066
-0.8896432,0.2882374,-0.9543066
-0.8616101,0.3238738,1.895887
-0.8758134,0.3246942,1.899748
-0.6891921,0.3368545,2.091527
-0.6769333,0.3361294,2.086699
-0.9024038,0.2882376,1.796262
-0.9125454,0.2886387,1.820926
-0.9125921,0.3247728,1.818467
-0.9024038,0.3237734,1.794084
-0.5830436,0.2977997,2.170793
-0.4465562,0.2978583,2.220674
-0.4465856,0.3371914,2.219265
-0.5830783,0.3371329,2.169375
-0.4465562,0.2978583,2.220674
-0.2893346,0.2979155,2.251042
-0.289356,0.3335572,2.249639
-0.4465856,0.3371914,2.219265
-0.6892348,0.2976319,2.092938
-0.5830436,0.2977997,2.170793
-0.5830783,0.3371329,2.169375
-0.6891921,0.3368545,2.091527
-0.2893346,0.2979155,2.251042
-1.501639E-06,0.3335797,2.253327
-0.289356,0.3335572,2.249639
-1.501639E-06,0.2979378,2.254728
0.2893316,0.2979155,2.251042
0.289353,0.3335572,2.249639
-0.877281,0.2890581,1.901488
-0.6892348,0.2976319,2.092938
-0.6891921,0.3368545,2.091527
-0.8758134,0.3246942,1.899748
-0.9125454,0.2886387,1.820926
-0.877281,0.2890581,1.901488
-0.8758134,0.3246942,1.899748
-0.9125921,0.3247728,1.818467
-0.6769333,0.3361294,2.086699
-0.6891921,0.3368545,2.091527
-0.5830783,0.3371329,2.169375
-0.5744697,0.3365093,2.151984
-0.4465856,0.3371914,2.219265
-0.4413846,0.3365093,2.200572
-0.289356,0.3335572,2.249639
-0.2873732,0.3328175,2.23034
-1.501639E-06,0.3335797,2.253327
-1.501639E-06,0.3328175,2.233928
0.2873701,0.3328175,2.23034
0.289353,0.3335572,2.249639
0.4413815,0.3365093,2.200572
0.4465826,0.3371914,2.219265
0.5744668,0.3365093,2.151984
0.5830752,0.3371329,2.169375
0.6769304,0.3361294,2.086699
0.6891891,0.3368545,2.091527
-0.3795678,0.8246495,2.160563
-0.3872002,0.8210509,2.162548
-0.3748184,0.8102927,2.171081
-0.3742431,0.8298556,2.162139
-0.3604812,0.8221179,2.168103
-0.3603424,0.8044677,2.178363
-0.3464722,0.8163739,2.175305
-0.3440594,0.7941019,2.172459
-0.3307351,0.8072821,2.170619
-0.3464722,0.8163739,2.175305
-0.3603424,0.8044677,2.178363
-0.2880544,0.8098771,2.176914
-0.2876971,0.8203314,2.184601
-0.3464722,0.8163739,2.175305
-0.3307351,0.8072821,2.170619
-0.2871525,0.3767139,-2.134985
-0.4315957,0.3767139,-2.126963
-0.4315957,0.6014,-2.124309
-0.2871525,0.6014,-2.13233
-1.501639E-06,0.3767139,-2.143075
-0.4315957,0.759293,-2.122385
-1.501639E-06,0.6014,-2.14042
-0.2871525,0.759293,-2.130407
-1.501639E-06,0.759293,-2.138497
-0.2871525,0.759293,-2.130407
-0.4315957,0.759293,-2.122385
-0.4315957,0.7959616,-2.0327
-0.2871525,0.7959616,-2.040722
-1.501639E-06,0.759293,-2.138497
-1.501639E-06,0.7959616,-2.048812
0.2871495,0.7959616,-2.040722
0.2871495,0.759293,-2.130407
0.4315927,0.7959616,-2.0327
0.4315927,0.759293,-2.122385
-0.4315957,0.3767139,-2.126963
-0.6791045,0.3767139,-2.060095
-0.6802387,0.5949119,-2.056718
-0.4315957,0.6014,-2.124309
-0.6808059,0.7495609,-2.054434
-0.4315957,0.759293,-2.122385
-0.4315957,0.759293,-2.122385
-0.6808059,0.7495609,-2.054434
-0.6813731,0.7952239,-1.964388
-0.4315957,0.7959616,-2.0327
-0.6791045,0.3767139,-2.060095
-0.7591487,0.3767139,-2.027228
-0.7613906,0.5885764,-2.023147
-0.6802387,0.5949119,-2.056718
-0.7670399,0.7509515,-2.014701
-0.6808059,0.7495609,-2.054434
-0.6808059,0.7495609,-2.054434
-0.7670399,0.7509515,-2.014701
-0.7636325,0.7971828,-1.930112
-0.6813731,0.7952239,-1.964388
-0.7591487,0.3767139,-2.027228
-0.8448246,0.3767139,-1.961177
-0.8448246,0.5601026,-1.962608
-0.7613906,0.5885764,-2.023147
-0.7670399,0.7509515,-2.014701
-0.8448246,0.7388986,-1.934455
-0.8448246,0.7806439,-1.847066
-0.7636325,0.7971828,-1.930112
-0.8448246,0.3767139,-1.961177
-0.9129757,0.3383184,-1.826677
-0.9129757,0.5347508,-1.800938
-0.8448246,0.5601026,-1.962608
-0.8448246,0.7388986,-1.934455
-0.9129757,0.6376737,-1.759138
-0.9129757,0.7035875,-1.70491
-0.8448246,0.7806439,-1.847066
-0.7613906,0.5885764,-2.023147
-0.8448246,0.5601026,-1.962608
-0.8448246,0.7388986,-1.934455
-0.7670399,0.7509515,-2.014701
-0.8448246,0.5601026,-1.962608
-0.9129757,0.5347508,-1.800938
-0.9129757,0.6376737,-1.759138
-0.8448246,0.7388986,-1.934455
-0.6110341,1.001444,-1.987452
-0.6272833,1.168402,-1.984291
-0.4315957,1.168632,-2.036312
-0.606026,0.9499872,-1.988426
-0.5986011,0.8356587,-1.990591
-0.4315957,0.7959616,-2.0327
-0.7638909,0.8339863,-1.930364
-0.7636325,0.7971828,-1.930112
-0.8157458,0.8334969,-1.876347
-0.823597,0.8381433,-1.868306
-0.8448246,0.7806439,-1.847066
-0.8267528,0.8495098,-1.865352
-0.8448246,1.031023,-1.83681
-0.8260484,0.9185321,-1.868103
-0.8220425,0.9713584,-1.871946
-0.8133133,1.03405,-1.878499
-0.7466283,1.140465,-1.932298
-0.6930821,1.157392,-1.972376
-0.6951154,1.168765,-1.971221
-0.6272833,1.168402,-1.984291
-0.6373349,1.157106,-1.982104
-0.6110341,1.001444,-1.987452
-0.6220663,1.000325,-1.985023
-0.606026,0.9499872,-1.988426
-0.6169869,0.9488687,-1.985697
-0.5986011,0.8356587,-1.990591
-0.6107693,0.8468905,-1.987648
-0.8053818,1.029223,-1.885655
-0.7466283,1.140465,-1.932298
-0.7410875,1.131165,-1.936744
-0.8133133,1.03405,-1.878499
-0.8136874,0.9697936,-1.879478
-0.8220425,0.9713584,-1.871946
-0.8178248,0.9177382,-1.875899
-0.8260484,0.9185321,-1.868103
-0.8185885,0.8514012,-1.873343
-0.8267528,0.8495098,-1.865352
-0.8172081,0.8467573,-1.874456
-0.823597,0.8381433,-1.868306
-0.814079,0.8448606,-1.87782
-0.8157458,0.8334969,-1.876347
-0.7639415,0.845337,-1.930329
-0.7638909,0.8339863,-1.930364
-0.6813958,0.8461145,-1.96481
-0.681253,0.8347658,-1.964695
-0.7638909,0.8339863,-1.930364
-0.7639415,0.845337,-1.930329
-0.7410875,1.131165,-1.936744
-0.7466283,1.140465,-1.932298
-0.6951154,1.168765,-1.971221
-0.6930821,1.157392,-1.972376
-0.6107693,0.8468905,-1.987648
-0.5986011,0.8356587,-1.990591
-0.681253,0.8347658,-1.964695
-0.6813958,0.8461145,-1.96481
-0.8788826,0.7657009,1.172121
-0.5982468,0.7657009,1.172121
-0.5982468,0.8141955,1.377277
-0.8788826,0.8141955,1.377277
-0.8795894,0.4156383,1.784902
-0.5989535,0.4156383,1.784902
-0.6000015,0.3236364,1.790612
-0.8806374,0.3236364,1.790612
-0.6004047,0.2882375,1.792809
-0.8810406,0.2882375,1.792809
-0.8788826,0.5277031,1.771474
-0.5982468,0.5277031,1.771474
-0.5989535,0.4156383,1.784902
-0.8795894,0.4156383,1.784902
-0.8788826,0.6261544,1.71694
-0.5982468,0.5277031,1.771474
-0.8788826,0.5277031,1.771474
-0.5982468,0.6261544,1.71694
-0.8788826,0.7297676,1.637162
-0.5982468,0.7297676,1.637162
-0.8788826,0.6445441,1.054445
-0.5982468,0.6445441,1.054445
-0.5982468,0.7657009,1.172121
-0.8788826,0.7657009,1.172121
-0.8788826,0.5263131,0.9896781
-0.5982468,0.5263131,0.9896781
-0.5982468,0.6445441,1.054445
-0.8788826,0.6445441,1.054445
-0.8788826,0.4162934,0.9691248
-0.5982468,0.4162934,0.9691248
-0.5982468,0.5263131,0.9896781
-0.8788826,0.5263131,0.9896781
-0.8788826,0.8141955,1.377277
-0.5982468,0.8141955,1.377277
-0.5982468,0.7766215,1.545736
-0.8788826,0.7766215,1.545736
-0.8788826,0.2882374,0.9669406
-0.5982468,0.2882374,0.9669406
-0.5982468,0.4162934,0.9691248
-0.8788826,0.4162934,0.9691248
-0.8788826,0.7766215,1.545736
-0.5982468,0.7766215,1.545736
-0.5982468,0.7297676,1.637162
-0.8788826,0.7297676,1.637162
-0.5982468,0.4162934,0.9691248
-0.5982468,0.2882374,0.9669406
-0.6004047,0.2882375,1.792809
-0.6000015,0.3236364,1.790612
-0.5989535,0.4156383,1.784902
-0.5982468,0.5277031,1.771474
-0.5982468,0.5263131,0.9896781
-0.5982468,0.6445441,1.054445
-0.5982468,0.6261544,1.71694
-0.5982468,0.7297676,1.637162
-0.5982468,0.7657009,1.172121
-0.5982468,0.7766215,1.545736
-0.5982468,0.8141955,1.377277
-0.8896432,0.6026347,-1.009019
-0.6135457,0.6026347,-1.009019
-0.6135457,0.4655163,-0.9685233
-0.8896432,0.4655163,-0.9685233
-0.8896432,0.5303022,-1.77653
-0.6135457,0.5303022,-1.77653
-0.6135457,0.6261156,-1.737112
-0.8896432,0.6261156,-1.737112
-0.8896432,0.660436,-1.062869
-0.6135457,0.660436,-1.062869
-0.6135457,0.6026347,-1.009019
-0.8896432,0.6026347,-1.009019
-0.8896432,0.3383185,-1.801348
-0.6135457,0.3383185,-1.801348
-0.6135457,0.5303022,-1.77653
-0.8896432,0.5303022,-1.77653
-0.8896432,0.7638984,-1.586925
-0.6135457,0.7638984,-1.586925
-0.6135457,0.8133535,-1.380144
-0.8896432,0.8133535,-1.380144
-0.8896432,0.768626,-1.17491
-0.6135457,0.768626,-1.17491
-0.6135457,0.660436,-1.062869
-0.8896432,0.660436,-1.062869
-0.8896432,0.4655163,-0.9685233
-0.6135457,0.4655163,-0.9685233
-0.6135457,0.2882374,-0.9543066
-0.8896432,0.2882374,-0.9543066
-0.8896432,0.6261156,-1.737112
-0.6135457,0.6261156,-1.737112
-0.6135457,0.6874431,-1.686226
-0.8896432,0.6874431,-1.686226
-0.8896432,0.8133535,-1.380144
-0.6135457,0.8133535,-1.380144
-0.6135457,0.768626,-1.17491
-0.8896432,0.768626,-1.17491
-0.8896432,0.6874431,-1.686226
-0.6135457,0.6874431,-1.686226
-0.6135457,0.7638984,-1.586925
-0.8896432,0.7638984,-1.586925
-0.6135457,0.3383185,-1.801348
-0.6135457,0.2882374,-0.9543066
-0.6135457,0.4655163,-0.9685233
-0.6135457,0.5303022,-1.77653
-0.6135457,0.6026347,-1.009019
-0.6135457,0.6261156,-1.737112
-0.6135457,0.660436,-1.062869
-0.6135457,0.6874431,-1.686226
-0.6135457,0.768626,-1.17491
-0.6135457,0.7638984,-1.586925
-0.6135457,0.8133535,-1.380144
-0.7595817,1.07667,0.8323143
-0.7819291,1.066609,0.8341953
-0.6878722,1.071429,0.9256072
-0.6805917,1.082625,0.910018
-0.4319837,1.497314,0.2244384
-0.4311263,1.506706,0.2058611
-0.5746431,1.479836,0.1965138
-0.5580246,1.476044,0.2173543
-0.557485,1.473351,-1.520506
-0.5753226,1.478436,-1.502443
-0.431071,1.519618,-1.473243
-0.4333912,1.512083,-1.492725
-0.620118,1.179551,-1.966304
-0.6272833,1.168402,-1.984291
-0.6951154,1.168765,-1.971221
-0.6727138,1.180051,-1.95751
-0.5580246,1.476044,0.2173543
-0.5746431,1.479836,0.1965138
-0.7819291,1.066609,0.8341953
-0.7595817,1.07667,0.8323143
-0.4323958,1.373264,-1.72785
-0.4333912,1.512083,-1.492725
-0.2857605,1.520311,-1.492615
-0.285614,1.373337,-1.739437
-1.501639E-06,1.520261,-1.492594
-1.501639E-06,1.373814,-1.741342
-0.2854353,1.295407,-1.860572
0.285611,1.373337,-1.739437
0.2857575,1.520311,-1.492615
0.4323928,1.373264,-1.72785
0.4333882,1.512083,-1.492725
0.2854323,1.295407,-1.860572
-1.501639E-06,1.296656,-1.862901
-0.2849084,1.180601,-2.026269
-1.501639E-06,1.180784,-2.034357
-0.4298257,1.179578,-2.018543
0.2849054,1.180601,-2.026269
0.4298227,1.179578,-2.018543
-0.4316584,1.295614,-1.849028
0.4316554,1.295614,-1.849028
-0.620118,1.179551,-1.966304
0.620115,1.179551,-1.966304
-0.6727138,1.180051,-1.95751
0.6727108,1.180051,-1.95751
-0.6516358,1.290877,-1.815196
0.6516328,1.290877,-1.815196
-0.4323958,1.373264,-1.72785
-0.6244705,1.369104,-1.699291
0.4323928,1.373264,-1.72785
0.6244676,1.369104,-1.699291
-0.285614,1.373337,-1.739437
-0.2854353,1.295407,-1.860572
-0.4323958,1.373264,-1.72785
0.285611,1.373337,-1.739437
0.4323928,1.373264,-1.72785
0.2854323,1.295407,-1.860572
-0.4899291,1.083467,0.9941361
-0.4948463,1.072866,1.011876
-1.501639E-06,1.072866,1.068527
-1.501639E-06,1.083057,1.050637
-1.501639E-06,1.505404,0.2655112
-1.501639E-06,1.51505,0.2465244
-0.2910108,1.51505,0.2243429
-0.2898899,1.50535,0.2428257
-0.2857605,1.520311,-1.492615
-0.2873732,1.527961,-1.473243
-1.501639E-06,1.527961,-1.473243
-1.501639E-06,1.520261,-1.492594
0.2857575,1.520311,-1.492615
0.2873701,1.527961,-1.473243
-0.6805917,1.082625,0.910018
-0.6878722,1.071429,0.9256072
-0.5922844,1.072141,0.9683283
-0.5862244,1.082602,0.9513839
-0.2898899,1.50535,0.2428257
-0.2910108,1.51505,0.2243429
-0.4311263,1.506706,0.2058611
-0.4319837,1.497314,0.2244384
-0.4333912,1.512083,-1.492725
-0.431071,1.519618,-1.473243
-0.2873732,1.527961,-1.473243
-0.2857605,1.520311,-1.492615
-0.6244705,1.369104,-1.699291
-0.557485,1.473351,-1.520506
-0.4333912,1.512083,-1.492725
-0.4323958,1.373264,-1.72785
-0.2849084,1.180601,-2.026269
-0.4315957,1.168632,-2.036312
-0.4298257,1.179578,-2.018543
-0.2871525,1.170106,-2.044334
-1.501639E-06,1.180784,-2.034357
-1.501639E-06,1.170446,-2.052424
0.2871495,1.170106,-2.044334
0.2849054,1.180601,-2.026269
0.4315927,1.168632,-2.036312
0.4298227,1.179578,-2.018543
-0.5862244,1.082602,0.9513839
-0.5922844,1.072141,0.9683283
-0.4948463,1.072866,1.011876
-0.4899291,1.083467,0.9941361
-0.4298257,1.179578,-2.018543
-0.4315957,1.168632,-2.036312
-0.6272833,1.168402,-1.984291
-0.620118,1.179551,-1.966304
-0.5929595,1.522499,-0.4995278
-0.5935388,1.522766,-0.5383378
-0.8290482,1.10438,-0.49493
-0.8289869,1.102633,-0.455986
-0.6361244,1.415659,0.1893884
-0.607589,1.467306,0.05048917
-0.6017591,1.505949,-0.4794679
-0.6004797,1.497226,-0.1599878
-0.6951154,1.168765,-1.971221
-0.7466283,1.140465,-1.932298
-0.783114,1.222098,-1.396703
-0.6722534,1.288193,-1.814764
-0.6454836,1.365953,-1.69804
-0.7963561,1.177614,-1.371884
-0.783114,1.222098,-1.396703
-0.8868069,1.034749,-1.532742
-0.9031525,1.034749,-1.21415
-0.8244489,1.15409,-1.298444
-0.8301668,1.136351,-1.207919
-0.8159323,1.16938,-1.292683
-0.8212237,1.152234,-1.205745
-0.651281,1.442572,-1.120908
-0.789342,1.189802,-1.358748
-0.7834198,1.220489,-1.374952
-0.7294025,1.324038,-1.286616
-0.8124493,1.06976,0.7219011
-0.6280544,1.429502,0.1984646
-0.6361244,1.415659,0.1893884
-0.8206289,1.051683,0.780104
-0.818907,1.087152,0.2451098
-0.827888,1.071221,0.24453
-0.8199852,1.117841,-0.4392162
-0.8289869,1.102633,-0.455986
-0.6017591,1.505949,-0.4794679
-0.5929595,1.522499,-0.4995278
-0.6004797,1.497226,-0.1599878
-0.5914851,1.513127,-0.1585121
-0.607589,1.467306,0.05048917
-0.5987643,1.482746,0.05542107
-0.6361244,1.415659,0.1893884
-0.6280544,1.429502,0.1984646
-0.607589,1.467306,0.05048917
-0.8212237,1.152234,-1.205745
-0.8301668,1.136351,-1.207919
-0.8290482,1.10438,-0.49493
-0.8199413,1.121147,-0.5150241
-0.5935388,1.522766,-0.5383378
-0.6031297,1.506693,-0.5550113
-0.6045737,1.516809,-0.9697601
-0.6135343,1.500967,-0.9656426
-0.6438304,1.456315,-1.130776
-0.651281,1.442572,-1.120908
-0.7236153,1.335264,-1.300004
-0.7294025,1.324038,-1.286616
-0.7294025,1.324038,-1.286616
-0.7236153,1.335264,-1.300004
-0.783114,1.222098,-1.396703
-0.7834198,1.220489,-1.374952
-0.8159323,1.16938,-1.292683
-0.8244489,1.15409,-1.298444
-0.8301668,1.136351,-1.207919
-0.8212237,1.152234,-1.205745
-0.7834198,1.220489,-1.374952
-0.783114,1.222098,-1.396703
-0.7963561,1.177614,-1.371884
-0.789342,1.189802,-1.358748
-0.789342,1.189802,-1.358748
-0.7963561,1.177614,-1.371884
-0.8244489,1.15409,-1.298444
-0.8159323,1.16938,-1.292683
-0.6722534,1.288193,-1.814764
-0.6454836,1.365953,-1.69804
-0.6244705,1.369104,-1.699291
-0.6516358,1.290877,-1.815196
0.7871192,1.042345,0.7713444
0.8467734,1.075629,0.7679091
0.8467734,1.075629,0.7892994
0.7871192,1.042345,0.7927346
0.7871192,1.042345,0.7927346
0.7871192,1.059332,0.7927346
0.7871192,1.059332,0.7713444
0.7871192,1.042345,0.7713444
0.8467734,1.075629,0.7892994
0.8460176,1.104862,0.7892994
0.7871192,1.059332,0.7927346
0.7871192,1.042345,0.7927346
0.8474702,1.042527,0.8090933
0.8474702,1.042526,0.7481149
1.007661,1.055805,0.7481149
1.007661,1.055805,0.8090933
0.8453155,1.143838,0.8090933
0.8474702,1.042527,0.8090933
1.007661,1.055805,0.8090933
1.007661,1.132794,0.8090933
1.007661,1.055805,0.7481149
1.007661,1.132794,0.7481149
1.007661,1.132794,0.8090933
1.007661,1.055805,0.8090933
0.8453155,1.143838,0.7481149
0.8453155,1.143838,0.8090933
1.007661,1.132794,0.8090933
1.007661,1.132794,0.7481149
0.9989225,1.124629,0.7481149
0.8542554,1.134471,0.7481149
0.8453155,1.143838,0.7481149
1.007661,1.132794,0.7481149
0.998922,1.06385,0.7481149
1.007661,1.055805,0.7481149
0.8560093,1.052003,0.7481149
0.8474702,1.042526,0.7481149
0.8542554,1.134471,0.7481149
0.8560093,1.052003,0.7481149
0.8453155,1.143838,0.7481149
0.8560093,1.052003,0.7481149
0.8542554,1.134471,0.7481149
0.9989225,1.124629,0.7481149
0.998922,1.06385,0.7481149
0.8460176,1.104862,0.7679091
0.7871192,1.059332,0.7713444
0.7871192,1.059332,0.7927346
0.8460176,1.104862,0.7892994
0.7871192,1.042345,0.7713444
0.7871192,1.059332,0.7713444
0.8460176,1.104862,0.7679091
0.8467734,1.075629,0.7679091
-0.8768788,0.9049411,-0.1416288
-0.8768788,0.9049411,-0.3724332
-0.8768788,0.9522281,-0.3724332
-0.8768788,0.952228,-0.1416288
-0.8768788,0.9049411,-0.3724332
-0.9223514,0.9049411,-0.3724332
-0.9223514,0.9522281,-0.3724332
-0.8768788,0.9522281,-0.3724332
-0.9223514,0.9049411,-0.3724332
-0.9223514,0.9049411,-0.1416288
-0.9223514,0.952228,-0.1416288
-0.9223514,0.9522281,-0.3724332
-0.9223514,0.9049411,-0.1416288
-0.8768788,0.9049411,-0.1416288
-0.8768788,0.952228,-0.1416288
-0.9223514,0.952228,-0.1416288
-0.8768788,0.9049411,-0.3724332
-0.8768788,0.9049411,-0.1416288
-0.9223514,0.9049411,-0.1416288
-0.9223514,0.9049411,-0.3724332
-0.9223514,0.9522281,-0.3724332
-0.9223514,0.952228,-0.1416288
-0.8768788,0.952228,-0.1416288
-0.8768788,0.9522281,-0.3724332
-0.8768788,0.9049411,-0.8769602
-0.8768788,0.9049411,-1.107765
-0.8768788,0.952228,-1.107765
-0.8768788,0.952228,-0.8769602
-0.8768788,0.9049411,-1.107765
-0.9223514,0.9049411,-1.107765
-0.9223514,0.952228,-1.107765
-0.8768788,0.952228,-1.107765
-0.9223514,0.9049411,-1.107765
-0.9223514,0.9049411,-0.8769602
-0.9223514,0.952228,-0.8769602
-0.9223514,0.952228,-1.107765
-0.9223514,0.9049411,-0.8769602
-0.8768788,0.9049411,-0.8769602
-0.8768788,0.952228,-0.8769602
-0.9223514,0.952228,-0.8769602
-0.8768788,0.9049411,-1.107765
-0.8768788,0.9049411,-0.8769602
-0.9223514,0.9049411,-0.8769602
-0.9223514,0.9049411,-1.107765
-0.9223514,0.952228,-1.107765
-0.9223514,0.952228,-0.8769602
-0.8768788,0.952228,-0.8769602
-0.8768788,0.952228,-1.107765
0.9024008,0.7542869,1.647246
0.8411013,0.8738976,1.798302
0.870411,0.8303248,1.759886
0.8516863,0.8954914,1.628696
0.9024008,0.7991183,1.557498
0.9024008,0.8384987,1.378322
0.8718773,0.9411735,1.224385
0.9024008,0.7898606,1.168728
0.8411013,0.8738976,1.798302
0.8516863,0.8954914,1.628696
0.70594,0.9305873,1.747432
0.7717234,0.8728161,1.85541
0.6888474,0.8855622,1.926573
0.6936089,0.6967447,2.083892
0.8590572,0.6757202,1.85543
0.8472477,0.7240163,1.866566
0.7972762,0.7194994,1.942271
0.6997344,0.7168367,2.067466
0.68137,0.7952239,-1.964388
0.68125,0.8347658,-1.964695
0.7638879,0.8339863,-1.930364
0.7636295,0.7971828,-1.930112
0.9031495,0.986017,0.2436708
0.8206259,1.051683,0.780104
0.8976896,0.9593359,0.8165118
0.8278849,1.071221,0.24453
0.9031495,1.034749,-1.21415
0.8290451,1.10438,-0.49493
0.8301638,1.136351,-1.207919
0.828984,1.102633,-0.455986
0.8940378,0.6625573,0.2436709
0.8976896,0.9593359,0.8165118
0.8945313,0.6625573,0.8104324
0.9031495,0.986017,0.2436708
0.9129727,0.6731634,-1.03862
0.9129727,0.7927396,-1.167952
0.9031495,1.034749,-1.21415
0.8448216,1.031023,-1.83681
0.7466254,1.140465,-1.932298
0.783111,1.222098,-1.396703
0.8868039,1.034749,-1.532742
0.70594,0.9305873,1.747432
0.6382129,0.9417021,1.789713
0.602931,0.8810887,2.0084
0.6888474,0.8855622,1.926573
0.6936089,0.6967447,2.083892
0.6997344,0.7168367,2.067466
0.5784866,0.713403,2.16659
0.5777052,0.7039809,2.171824
0.818904,1.087152,0.2451098
0.6361215,1.415659,0.1893884
0.8124463,1.06976,0.7219011
0.8199822,1.117841,-0.4392162
0.4315927,0.7959616,-2.0327
0.5985981,0.8356587,-1.990591
0.68125,0.8347658,-1.964695
0.68137,0.7952239,-1.964388
-1.501639E-06,0.7959616,-2.048812
-1.501639E-06,1.170446,-2.052424
0.2871495,1.170106,-2.044334
0.2871495,0.7959616,-2.040722
0.4315927,1.168632,-2.036312
0.4315927,0.7959616,-2.0327
0.4287483,0.7760807,2.183935
0.4638713,0.8222604,2.140808
0.3871972,0.8210509,2.162548
0.3748153,0.8102927,2.171081
0.3663492,0.7772207,2.189139
0.3415102,0.7420278,2.224077
0.4222483,0.7402596,2.197034
0.4288915,0.7128338,2.200018
0.4318132,0.7030295,2.20848
0.293558,0.7112768,2.25579
0.5777052,0.7039809,2.171824
0.5784866,0.713403,2.16659
0.4288915,0.7128338,2.200018
0.4318132,0.7030295,2.20848
0.4311182,1.537388,0.0796399
0.290673,1.545732,0.09642055
0.2910078,1.51505,0.2243429
0.4311233,1.506706,0.2058611
0.6244676,1.369104,-1.699291
0.5574821,1.473351,-1.520506
0.5753196,1.478436,-1.502443
0.6454806,1.365953,-1.69804
0.5629928,1.531112,0.06032654
0.4311182,1.537388,0.0796399
0.4311233,1.506706,0.2058611
0.5746401,1.479836,0.1965138
0.6382129,0.9417021,1.789713
0.5087205,0.9417021,1.8561
0.4638713,0.8222604,2.140808
0.602931,0.8810887,2.0084
0.6727108,1.180051,-1.95751
0.6516328,1.290877,-1.815196
0.6722503,1.288193,-1.814764
0.6951123,1.168765,-1.971221
0.7236122,1.335264,-1.300004
0.783111,1.222098,-1.396703
0.6454806,1.365953,-1.69804
0.6438274,1.456315,-1.130776
0.5753196,1.478436,-1.502443
0.8896402,0.4655163,-0.9685233
0.8896402,0.6026347,-1.009019
0.9129727,0.603868,-1.005532
0.9129727,0.4657205,-0.9649003
0.8896402,0.5303022,-1.77653
0.8896402,0.3383185,-1.801348
0.9129727,0.3383184,-1.80626
0.9129727,0.5309676,-1.780343
0.781926,1.066609,0.8341953
0.6878693,1.071429,0.9256072
0.5842796,1.027404,1.369142
0.7114942,1.017628,1.314318
0.7114942,1.017628,1.314318
0.5842796,1.027404,1.369142
0.5087205,0.9417021,1.8561
0.6382129,0.9417021,1.789713
0.6878693,1.071429,0.9256072
0.5922814,1.072141,0.9683283
0.5266173,1.027404,1.386693
0.5842796,1.027404,1.369142
0.5842796,1.027404,1.369142
0.5266173,1.027404,1.386693
0.4430502,0.9417021,1.87229
0.5087205,0.9417021,1.8561
0.8206259,1.051683,0.780104
0.781926,1.066609,0.8341953
0.7114942,1.017628,1.314318
0.773598,0.9954279,1.285905
0.773598,0.9954279,1.285905
0.7114942,1.017628,1.314318
0.6382129,0.9417021,1.789713
0.70594,0.9305873,1.747432
0.8976896,0.9593359,0.8165118
0.8206259,1.051683,0.780104
0.773598,0.9954279,1.285905
0.8718773,0.9411735,1.224385
0.8718773,0.9411735,1.224385
0.773598,0.9954279,1.285905
0.70594,0.9305873,1.747432
0.8516863,0.8954914,1.628696
0.8788797,0.4162934,0.9691248
0.8788797,0.2882374,0.9669406
0.9024008,0.2882375,0.9630188
0.9024008,0.416665,0.9654917
0.9031495,1.034749,-1.21415
0.9129727,0.7927396,-1.167952
0.9129727,0.8378747,-1.380394
0.8868039,1.034749,-1.532742
0.9129727,0.7889944,-1.591118
0.8206259,1.051683,0.780104
0.6280515,1.429502,0.1984646
0.5746401,1.479836,0.1965138
0.781926,1.066609,0.8341953
0.5538042,1.566163,-0.9755295
0.6045707,1.516809,-0.9697601
0.6438274,1.456315,-1.130776
0.5753196,1.478436,-1.502443
0.5753196,1.478436,-1.502443
0.431068,1.519618,-1.473243
0.4310773,1.579571,-0.9725023
0.5538042,1.566163,-0.9755295
0.5538042,1.566163,-0.9755295
0.4310773,1.579571,-0.9725023
0.4310956,1.585974,-0.4982376
0.5466775,1.570394,-0.5134261
0.4311094,1.572438,-0.1369586
0.5528035,1.55869,-0.1540981
0.431068,1.519618,-1.473243
0.2873701,1.527961,-1.473243
0.2879827,1.587914,-0.96939
0.4310773,1.579571,-0.9725023
0.4310773,1.579571,-0.9725023
0.2879827,1.587914,-0.96939
0.289189,1.594317,-0.4889967
0.4310956,1.585974,-0.4982376
0.4310956,1.585974,-0.4982376
0.289189,1.594317,-0.4889967
0.2900984,1.580782,-0.1230972
0.4311094,1.572438,-0.1369586
0.5528035,1.55869,-0.1540981
0.5914821,1.513127,-0.1585121
0.5929564,1.522499,-0.4995278
0.5935358,1.522766,-0.5383378
0.5466775,1.570394,-0.5134261
0.6045707,1.516809,-0.9697601
0.5538042,1.566163,-0.9755295
0.6031268,1.506693,-0.5550113
0.8199382,1.121147,-0.5150241
0.8212206,1.152234,-1.205745
0.651278,1.442572,-1.120908
0.6135314,1.500967,-0.9656426
0.5987613,1.482746,0.05542107
0.5914821,1.513127,-0.1585121
0.5528035,1.55869,-0.1540981
0.5629928,1.531112,0.06032654
0.5528035,1.55869,-0.1540981
0.4311182,1.537388,0.0796399
0.5629928,1.531112,0.06032654
0.4311094,1.572438,-0.1369586
0.290673,1.545732,0.09642055
0.2900984,1.580782,-0.1230972
0.6280515,1.429502,0.1984646
0.5987613,1.482746,0.05542107
0.5629928,1.531112,0.06032654
0.5746401,1.479836,0.1965138
0.8788797,0.8141955,1.377277
0.8788797,0.7657009,1.172121
0.9024008,0.768947,1.170756
0.9024008,0.817683,1.37712
0.8795865,0.4156383,1.784902
0.8788797,0.5277031,1.771474
0.9024008,0.528787,1.774958
0.9024008,0.4161313,1.788422
0.8896402,0.660436,-1.062869
0.8896402,0.768626,-1.17491
0.9129727,0.7718435,-1.173131
0.9129727,0.660436,-1.060091
0.8896402,0.6026347,-1.009019
0.9129727,0.603868,-1.005532
0.8896402,0.768626,-1.17491
0.8896402,0.8133535,-1.380144
0.9129727,0.8168668,-1.379961
0.9129727,0.7718435,-1.173131
0.8886976,0.2882375,0.2436709
0.8837255,0.4203917,0.8034567
0.883845,0.2882375,0.8002557
0.8886976,0.4299702,0.2436709
0.8945313,0.6625573,0.8104324
0.9022917,0.2882374,-0.4531426
0.8940378,0.6625573,0.2436709
0.9022917,0.4419107,-0.4517035
0.9129727,0.2882374,-0.9298648
0.9129727,0.4661323,-0.9438471
0.9129727,0.2882374,-0.9508789
0.9129727,0.4657205,-0.9649003
0.9129727,0.6132441,-0.9856303
0.9129727,0.603868,-1.005532
0.9129727,0.6731634,-1.03862
0.9129727,0.660436,-1.060091
0.9129727,0.7927396,-1.167952
0.9129727,0.7718435,-1.173131
0.9129727,0.8378747,-1.380394
0.9129727,0.8168668,-1.379961
0.9129727,0.7889944,-1.591118
0.9129727,0.7672846,-1.587977
0.9129727,0.7035875,-1.70491
0.9129727,0.6914037,-1.687905
0.9129727,0.6376737,-1.759138
0.9129727,0.6278464,-1.74041
0.9129727,0.5347508,-1.800938
0.9129727,0.5309676,-1.780343
0.9129727,0.3383184,-1.826677
0.9129727,0.3383184,-1.80626
0.8896402,0.2882374,-0.9543066
0.8896402,0.4655163,-0.9685233
0.9129727,0.4657205,-0.9649003
0.9129727,0.2882374,-0.9508789
0.8788797,0.5263131,0.9896781
0.8788797,0.4162934,0.9691248
0.9024008,0.416665,0.9654917
0.9024008,0.5274474,0.9861885
0.8788797,0.7297676,1.637162
0.8788797,0.7766215,1.545736
0.9024008,0.7799938,1.547089
0.9024008,0.7323962,1.639697
0.8788797,0.5277031,1.771474
0.9024008,0.6428143,1.715295
0.9024008,0.528787,1.774958
0.8788797,0.6261544,1.71694
0.9024008,0.7323962,1.639697
0.8788797,0.7297676,1.637162
0.8788797,0.7657009,1.172121
0.8788797,0.6445441,1.054445
0.9024008,0.6460564,1.052182
0.9024008,0.768947,1.170756
0.883845,0.2882375,0.8002557
0.8837255,0.4203917,0.8034567
0.9024008,0.4179128,0.9444715
0.9024008,0.2882375,0.9419883
0.8788797,0.6445441,1.054445
0.8788797,0.5263131,0.9896781
0.9024008,0.5274474,0.9861885
0.9024008,0.6460564,1.052182
0.9024008,0.6625574,1.039062
0.8945313,0.6625573,0.8104324
0.8976896,0.9593359,0.8165118
0.9024008,0.7898606,1.168728
0.8718773,0.9411735,1.224385
0.9024008,0.5423093,0.9677058
0.9024008,0.4179128,0.9444715
0.8837255,0.4203917,0.8034567
0.8945313,0.6625573,0.8104324
0.9024008,0.6625574,1.039062
0.8788797,0.7766215,1.545736
0.8788797,0.8141955,1.377277
0.9024008,0.817683,1.37712
0.9024008,0.7799938,1.547089
0.8896402,0.8133535,-1.380144
0.8896402,0.7638984,-1.586925
0.9129727,0.7672846,-1.587977
0.9129727,0.8168668,-1.379961
0.8896402,0.7638984,-1.586925
0.8896402,0.6874431,-1.686226
0.9129727,0.6914037,-1.687905
0.9129727,0.7672846,-1.587977
0.8896402,0.6874431,-1.686226
0.8896402,0.6261156,-1.737112
0.9129727,0.6278464,-1.74041
0.9129727,0.6914037,-1.687905
0.8896402,0.6261156,-1.737112
0.8896402,0.5303022,-1.77653
0.9129727,0.5309676,-1.780343
0.9129727,0.6278464,-1.74041
0.9129727,0.7889944,-1.591118
0.9129727,0.7035875,-1.70491
0.8448216,0.7806439,-1.847066
0.8448216,1.031023,-1.83681
0.8868039,1.034749,-1.532742
0.9024008,0.416665,0.9654917
0.9024008,0.2882375,0.9630188
0.9024008,0.2882375,0.9419883
0.9024008,0.4179128,0.9444715
0.9024008,0.5274474,0.9861885
0.9024008,0.5423093,0.9677058
0.9024008,0.6460564,1.052182
0.9024008,0.6625574,1.039062
0.9024008,0.768947,1.170756
0.9024008,0.7898606,1.168728
0.9024008,0.817683,1.37712
0.9024008,0.8384987,1.378322
0.9024008,0.7799938,1.547089
0.9024008,0.7991183,1.557498
0.9024008,0.7323962,1.639697
0.9024008,0.7542869,1.647246
0.9024008,0.6428143,1.715295
0.9024008,0.6583109,1.727968
0.9024008,0.528787,1.774958
0.9024008,0.5333047,1.795456
0.9024008,0.4161313,1.788422
0.9024008,0.4183784,1.80921
0.9024008,0.3237734,1.794084
0.9024008,0.3243978,1.814968
0.6135427,0.3405045,-1.840321
-1.501639E-06,0.3767139,-2.143075
0.2871495,0.3767139,-2.134985
0.4315927,0.3767139,-2.126963
0.6791015,0.3767139,-2.060095
0.7591456,0.3767139,-2.027228
0.8448216,0.3767139,-1.961177
0.9129727,0.3383184,-1.826677
0.5744668,0.4387377,2.148344
0.5744668,0.5805882,2.200968
0.4424876,0.5805882,2.249152
0.4413815,0.4387378,2.196932
0.5744668,0.5805882,2.200968
0.5777052,0.7039809,2.171824
0.4318132,0.7030295,2.20848
0.4424876,0.5805882,2.249152
0.3930817,0.5805882,2.258762
0.293558,0.7112768,2.25579
0.2873701,0.5805882,2.279324
0.4424876,0.5805882,2.249152
0.3930817,0.5805882,2.258762
0.4019126,0.5181572,2.234321
0.4413815,0.4387378,2.196932
0.3776768,0.4524112,2.215748
0.2873701,0.4254511,2.2267
0.6768157,0.4380689,2.083033
0.6914043,0.5750277,2.114863
0.5744668,0.5805882,2.200968
0.5744668,0.4387377,2.148344
0.6914043,0.5750277,2.114863
0.6936089,0.6967447,2.083892
0.5777052,0.7039809,2.171824
0.5744668,0.5805882,2.200968
0.2873701,0.5805882,2.279324
0.293558,0.7112768,2.25579
-1.501639E-06,0.7110785,2.275461
-1.501639E-06,0.5805882,2.282912
0.8577933,0.4164923,1.891365
0.8671639,0.5435572,1.883699
0.6914043,0.5750277,2.114863
0.6768157,0.4380689,2.083033
0.8671639,0.5435572,1.883699
0.8590572,0.6757202,1.85543
0.6936089,0.6967447,2.083892
0.6914043,0.5750277,2.114863
0.9024008,0.5333047,1.795456
0.9024008,0.6583109,1.727968
0.8590572,0.6757202,1.85543
0.8671639,0.5435572,1.883699
0.9024008,0.4183784,1.80921
0.9024008,0.5333047,1.795456
0.8671639,0.5435572,1.883699
0.8577933,0.4164923,1.891365
0.9024008,0.3243978,1.814968
0.9024008,0.4183784,1.80921
0.8577933,0.4164923,1.891365
0.8616071,0.3238738,1.895887
0.8616071,0.3238738,1.895887
0.8577933,0.4164923,1.891365
0.6768157,0.4380689,2.083033
0.6769304,0.3361294,2.086699
0.6769304,0.3361294,2.086699
0.6768157,0.4380689,2.083033
0.5744668,0.4387377,2.148344
0.5744668,0.3365093,2.151984
0.4413815,0.3365093,2.200572
0.4413815,0.4387378,2.196932
0.2873701,0.4254511,2.2267
0.2873701,0.3328175,2.23034
0.5744668,0.3365093,2.151984
0.5744668,0.4387377,2.148344
0.4413815,0.4387378,2.196932
0.4413815,0.3365093,2.200572
0.8806344,0.3236364,1.790612
0.8795865,0.4156383,1.784902
0.9024008,0.4161313,1.788422
0.9024008,0.3237734,1.794084
0.8810376,0.2882375,1.792809
0.9024008,0.2882376,1.796262
0.3742401,0.8298556,2.162139
0.3795648,0.8246495,2.160563
0.4430502,0.9417021,1.87229
0.3726845,0.8340905,2.160649
0.4373052,0.9530413,1.871418
0.3440564,0.7941019,2.172459
0.3399455,0.7809546,2.177186
0.3534674,0.7803143,2.191231
0.3603394,0.8044677,2.178363
0.2930281,0.7428372,2.253357
-1.501639E-06,0.7428412,2.271007
-1.501639E-06,0.7110785,2.275461
0.293558,0.7112768,2.25579
0.3603394,0.8044677,2.178363
0.3534674,0.7803143,2.191231
0.3663492,0.7772207,2.189139
0.3748153,0.8102927,2.171081
0.3298819,0.7463926,2.224393
0.2930281,0.7428372,2.253357
0.293558,0.7112768,2.25579
0.3415102,0.7420278,2.224077
0.3534674,0.7803143,2.191231
0.3298819,0.7463926,2.224393
0.3415102,0.7420278,2.224077
0.3663492,0.7772207,2.189139
0.3726845,0.8340905,2.160649
0.2869878,0.8402306,2.174793
0.2873701,0.8273464,2.180165
0.3604782,0.8221179,2.168103
0.3742401,0.8298556,2.162139
0.3170862,0.7484306,2.21214
0.2830441,0.7472593,2.238686
0.2930281,0.7428372,2.253357
0.3298819,0.7463926,2.224393
0.3399455,0.7809546,2.177186
0.3170862,0.7484306,2.21214
0.3298819,0.7463926,2.224393
0.3534674,0.7803143,2.191231
0.2876941,0.8203314,2.184601
0.3464692,0.8163739,2.175305
0.3604782,0.8221179,2.168103
0.2873701,0.8273464,2.180165
0.8590572,0.6757202,1.85543
0.9024008,0.6583109,1.727968
0.8758383,0.7283031,1.798144
0.8472477,0.7240163,1.866566
0.9024008,0.6583109,1.727968
0.9024008,0.7542869,1.647246
0.870411,0.8303248,1.759886
0.8777827,0.7703871,1.773914
0.3726845,0.8340905,2.160649
0.4373052,0.9530413,1.871418
0.3565278,0.9522671,1.89362
0.2869878,0.8402306,2.174793
-1.501639E-06,1.082745,1.074379
0.4963919,1.082709,1.017547
0.4948433,1.072866,1.011876
-1.501639E-06,1.072866,1.068527
0.4638713,0.8222604,2.140808
0.5087205,0.9417021,1.8561
0.4430502,0.9417021,1.87229
0.3795648,0.8246495,2.160563
0.3871972,0.8210509,2.162548
0.4963919,1.082709,1.017547
0.5848489,1.081926,0.9779952
0.5922814,1.072141,0.9683283
0.4948433,1.072866,1.011876
0.5848489,1.081926,0.9779952
0.5208462,1.038391,1.385805
0.5266173,1.027404,1.386693
0.5922814,1.072141,0.9683283
0.5208462,1.038391,1.385805
0.4373052,0.9530413,1.871418
0.4430502,0.9417021,1.87229
0.5266173,1.027404,1.386693
0.6078798,0.8729684,2.01136
0.6917156,0.8770207,1.930793
0.6888474,0.8855622,1.926573
0.602931,0.8810887,2.0084
0.7739253,0.8639454,1.859298
0.8417038,0.8650519,1.803662
0.8411013,0.8738976,1.798302
0.7717234,0.8728161,1.85541
0.4374048,0.7711518,2.18328
0.4710096,0.815339,2.142101
0.4638713,0.8222604,2.140808
0.4287483,0.7760807,2.183935
0.6917156,0.8770207,1.930793
0.7739253,0.8639454,1.859298
0.7717234,0.8728161,1.85541
0.6888474,0.8855622,1.926573
0.696136,0.7254346,2.064137
0.5761718,0.7219806,2.162089
0.5784866,0.713403,2.16659
0.6997344,0.7168367,2.067466
0.7936251,0.7284057,1.940001
0.696136,0.7254346,2.064137
0.6997344,0.7168367,2.067466
0.7972762,0.7194994,1.942271
0.5761718,0.7219806,2.162089
0.4356536,0.7208527,2.194402
0.4288915,0.7128338,2.200018
0.5784866,0.713403,2.16659
0.4356536,0.7208527,2.194402
0.4308307,0.7402953,2.193224
0.4222483,0.7402596,2.197034
0.4288915,0.7128338,2.200018
0.4308307,0.7402953,2.193224
0.4374048,0.7711518,2.18328
0.4287483,0.7760807,2.183935
0.4222483,0.7402596,2.197034
0.8443605,0.7334631,1.865503
0.7936251,0.7284057,1.940001
0.7972762,0.7194994,1.942271
0.8472477,0.7240163,1.866566
0.8714631,0.7375961,1.80288
0.8443605,0.7334631,1.865503
0.8472477,0.7240163,1.866566
0.8758383,0.7283031,1.798144
0.8732261,0.7734969,1.782273
0.8714631,0.7375961,1.80288
0.8758383,0.7283031,1.798144
0.8777827,0.7703871,1.773914
0.8667116,0.8268281,1.769813
0.870411,0.8303248,1.759886
0.8417038,0.8650519,1.803662
0.8667116,0.8268281,1.769813
0.870411,0.8303248,1.759886
0.8411013,0.8738976,1.798302
0.4710096,0.815339,2.142101
0.6078798,0.8729684,2.01136
0.602931,0.8810887,2.0084
0.4638713,0.8222604,2.140808
0.2838102,0.5695911,2.26353
0.2833787,0.4370418,2.218719
0.3633787,0.4609318,2.209
0.3764832,0.5695757,2.245551
0.3840839,0.5167028,2.224772
0.2838102,0.5695911,2.26353
0.3764832,0.5695757,2.245551
0.3930817,0.5805882,2.258762
0.2873701,0.5805882,2.279324
0.3633787,0.4609318,2.209
0.2833787,0.4370418,2.218719
0.2873701,0.4254511,2.2267
0.3776768,0.4524112,2.215748
0.3840839,0.5167028,2.224772
0.3633787,0.4609318,2.209
0.3776768,0.4524112,2.215748
0.4019126,0.5181572,2.234321
0.3764832,0.5695757,2.245551
0.3840839,0.5167028,2.224772
0.4019126,0.5181572,2.234321
0.3930817,0.5805882,2.258762
0.9024008,0.3237734,1.794084
0.9024008,0.3243978,1.814968
0.9125891,0.3247728,1.818467
0.8758104,0.3246942,1.899748
0.8616071,0.3238738,1.895887
0.9125423,0.2886387,1.820926
0.877278,0.2890581,1.901488
0.9024008,0.2882376,1.817184
0.8616071,0.3238738,1.895887
0.6769304,0.3361294,2.086699
0.6891891,0.3368545,2.091527
0.8758104,0.3246942,1.899748
0.9024008,0.2882376,1.796262
0.9024008,0.3237734,1.794084
0.9125891,0.3247728,1.818467
0.9125423,0.2886387,1.820926
0.5830407,0.2977997,2.170793
0.5830752,0.3371329,2.169375
0.4465826,0.3371914,2.219265
0.4465532,0.2978583,2.220674
0.4465532,0.2978583,2.220674
0.4465826,0.3371914,2.219265
0.289353,0.3335572,2.249639
0.2893316,0.2979155,2.251042
0.6892318,0.2976319,2.092938
0.6891891,0.3368545,2.091527
0.5830752,0.3371329,2.169375
0.5830407,0.2977997,2.170793
0.877278,0.2890581,1.901488
0.8758104,0.3246942,1.899748
0.6891891,0.3368545,2.091527
0.6892318,0.2976319,2.092938
0.9125423,0.2886387,1.820926
0.9125891,0.3247728,1.818467
0.8758104,0.3246942,1.899748
0.877278,0.2890581,1.901488
0.3748153,0.8102927,2.171081
0.3871972,0.8210509,2.162548
0.3795648,0.8246495,2.160563
0.3742401,0.8298556,2.162139
0.3604782,0.8221179,2.168103
0.3603394,0.8044677,2.178363
0.3464692,0.8163739,2.175305
0.3440564,0.7941019,2.172459
0.3603394,0.8044677,2.178363
0.3464692,0.8163739,2.175305
0.3307321,0.8072821,2.170619
0.2880514,0.8098771,2.176914
0.3307321,0.8072821,2.170619
0.3464692,0.8163739,2.175305
0.2876941,0.8203314,2.184601
0.2871495,0.3767139,-2.134985
0.4315927,0.6014,-2.124309
0.4315927,0.3767139,-2.126963
0.2871495,0.6014,-2.13233
-1.501639E-06,0.3767139,-2.143075
0.4315927,0.759293,-2.122385
-1.501639E-06,0.6014,-2.14042
0.2871495,0.759293,-2.130407
-1.501639E-06,0.759293,-2.138497
0.4315927,0.3767139,-2.126963
0.6802357,0.5949119,-2.056718
0.6791015,0.3767139,-2.060095
0.4315927,0.6014,-2.124309
0.6808029,0.7495609,-2.054434
0.4315927,0.759293,-2.122385
0.4315927,0.759293,-2.122385
0.4315927,0.7959616,-2.0327
0.68137,0.7952239,-1.964388
0.6808029,0.7495609,-2.054434
0.6791015,0.3767139,-2.060095
0.7613876,0.5885764,-2.023147
0.7591456,0.3767139,-2.027228
0.6802357,0.5949119,-2.056718
0.7670369,0.7509515,-2.014701
0.6808029,0.7495609,-2.054434
0.6808029,0.7495609,-2.054434
0.68137,0.7952239,-1.964388
0.7636295,0.7971828,-1.930112
0.7670369,0.7509515,-2.014701
0.7591456,0.3767139,-2.027228
0.7613876,0.5885764,-2.023147
0.8448216,0.5601026,-1.962608
0.8448216,0.3767139,-1.961177
0.7670369,0.7509515,-2.014701
0.7636295,0.7971828,-1.930112
0.8448216,0.7806439,-1.847066
0.8448216,0.7388986,-1.934455
0.8448216,0.3767139,-1.961177
0.8448216,0.5601026,-1.962608
0.9129727,0.5347508,-1.800938
0.9129727,0.3383184,-1.826677
0.8448216,0.7388986,-1.934455
0.8448216,0.7806439,-1.847066
0.9129727,0.7035875,-1.70491
0.9129727,0.6376737,-1.759138
0.7613876,0.5885764,-2.023147
0.7670369,0.7509515,-2.014701
0.8448216,0.7388986,-1.934455
0.8448216,0.5601026,-1.962608
0.8448216,0.5601026,-1.962608
0.8448216,0.7388986,-1.934455
0.9129727,0.6376737,-1.759138
0.9129727,0.5347508,-1.800938
0.5985981,0.8356587,-1.990591
0.4315927,0.7959616,-2.0327
0.4315927,1.168632,-2.036312
0.606023,0.9499872,-1.988426
0.6272804,1.168402,-1.984291
0.6110311,1.001444,-1.987452
0.8133103,1.03405,-1.878499
0.7466254,1.140465,-1.932298
0.8448216,1.031023,-1.83681
0.8220395,0.9713584,-1.871946
0.8260455,0.9185321,-1.868103
0.8267498,0.8495098,-1.865352
0.8448216,0.7806439,-1.847066
0.823594,0.8381433,-1.868306
0.7636295,0.7971828,-1.930112
0.8157428,0.8334969,-1.876347
0.7638879,0.8339863,-1.930364
0.6930791,1.157392,-1.972376
0.6272804,1.168402,-1.984291
0.6951123,1.168765,-1.971221
0.637332,1.157106,-1.982104
0.6110311,1.001444,-1.987452
0.6220633,1.000325,-1.985023
0.606023,0.9499872,-1.988426
0.6169839,0.9488687,-1.985697
0.5985981,0.8356587,-1.990591
0.6107664,0.8468905,-1.987648
0.8053789,1.029223,-1.885655
0.7410845,1.131165,-1.936744
0.7466254,1.140465,-1.932298
0.8133103,1.03405,-1.878499
0.8136844,0.9697936,-1.879478
0.8220395,0.9713584,-1.871946
0.8178218,0.9177382,-1.875899
0.8260455,0.9185321,-1.868103
0.8185855,0.8514012,-1.873343
0.8267498,0.8495098,-1.865352
0.8172051,0.8467573,-1.874456
0.823594,0.8381433,-1.868306
0.8140759,0.8448606,-1.87782
0.8157428,0.8334969,-1.876347
0.7639385,0.845337,-1.930329
0.7638879,0.8339863,-1.930364
0.6813928,0.8461145,-1.96481
0.7639385,0.845337,-1.930329
0.7638879,0.8339863,-1.930364
0.68125,0.8347658,-1.964695
0.7410845,1.131165,-1.936744
0.6930791,1.157392,-1.972376
0.6951123,1.168765,-1.971221
0.7466254,1.140465,-1.932298
0.6107664,0.8468905,-1.987648
0.6813928,0.8461145,-1.96481
0.68125,0.8347658,-1.964695
0.5985981,0.8356587,-1.990591
0.8788797,0.7657009,1.172121
0.8788797,0.8141955,1.377277
0.5982438,0.8141955,1.377277
0.5982438,0.7657009,1.172121
0.8795865,0.4156383,1.784902
0.5999985,0.3236364,1.790612
0.5989506,0.4156383,1.784902
0.8806344,0.3236364,1.790612
0.6004017,0.2882375,1.792809
0.8810376,0.2882375,1.792809
0.8788797,0.5277031,1.771474
0.8795865,0.4156383,1.784902
0.5989506,0.4156383,1.784902
0.5982438,0.5277031,1.771474
0.8788797,0.6261544,1.71694
0.8788797,0.5277031,1.771474
0.5982438,0.5277031,1.771474
0.5982438,0.6261544,1.71694
0.8788797,0.7297676,1.637162
0.5982438,0.7297676,1.637162
0.8788797,0.6445441,1.054445
0.8788797,0.7657009,1.172121
0.5982438,0.7657009,1.172121
0.5982438,0.6445441,1.054445
0.8788797,0.5263131,0.9896781
0.8788797,0.6445441,1.054445
0.5982438,0.6445441,1.054445
0.5982438,0.5263131,0.9896781
0.8788797,0.4162934,0.9691248
0.8788797,0.5263131,0.9896781
0.5982438,0.5263131,0.9896781
0.5982438,0.4162934,0.9691248
0.8788797,0.8141955,1.377277
0.8788797,0.7766215,1.545736
0.5982438,0.7766215,1.545736
0.5982438,0.8141955,1.377277
0.8788797,0.2882374,0.9669406
0.8788797,0.4162934,0.9691248
0.5982438,0.4162934,0.9691248
0.5982438,0.2882374,0.9669406
0.8788797,0.7766215,1.545736
0.8788797,0.7297676,1.637162
0.5982438,0.7297676,1.637162
0.5982438,0.7766215,1.545736
0.6004017,0.2882375,1.792809
0.5982438,0.2882374,0.9669406
0.5982438,0.4162934,0.9691248
0.5999985,0.3236364,1.790612
0.5989506,0.4156383,1.784902
0.5982438,0.5277031,1.771474
0.5982438,0.5263131,0.9896781
0.5982438,0.6445441,1.054445
0.5982438,0.6261544,1.71694
0.5982438,0.7297676,1.637162
0.5982438,0.7657009,1.172121
0.5982438,0.7766215,1.545736
0.5982438,0.8141955,1.377277
0.8896402,0.6026347,-1.009019
0.8896402,0.4655163,-0.9685233
0.6135427,0.4655163,-0.9685233
0.6135427,0.6026347,-1.009019
0.8896402,0.5303022,-1.77653
0.8896402,0.6261156,-1.737112
0.6135427,0.6261156,-1.737112
0.6135427,0.5303022,-1.77653
0.8896402,0.660436,-1.062869
0.8896402,0.6026347,-1.009019
0.6135427,0.6026347,-1.009019
0.6135427,0.660436,-1.062869
0.8896402,0.3383185,-1.801348
0.8896402,0.5303022,-1.77653
0.6135427,0.5303022,-1.77653
0.6135427,0.3383185,-1.801348
0.8896402,0.7638984,-1.586925
0.8896402,0.8133535,-1.380144
0.6135427,0.8133535,-1.380144
0.6135427,0.7638984,-1.586925
0.8896402,0.768626,-1.17491
0.8896402,0.660436,-1.062869
0.6135427,0.660436,-1.062869
0.6135427,0.768626,-1.17491
0.8896402,0.4655163,-0.9685233
0.8896402,0.2882374,-0.9543066
0.6135427,0.2882374,-0.9543066
0.6135427,0.4655163,-0.9685233
0.8896402,0.6261156,-1.737112
0.8896402,0.6874431,-1.686226
0.6135427,0.6874431,-1.686226
0.6135427,0.6261156,-1.737112
0.8896402,0.8133535,-1.380144
0.8896402,0.768626,-1.17491
0.6135427,0.768626,-1.17491
0.6135427,0.8133535,-1.380144
0.8896402,0.6874431,-1.686226
0.8896402,0.7638984,-1.586925
0.6135427,0.7638984,-1.586925
0.6135427,0.6874431,-1.686226
0.6135427,0.4655163,-0.9685233
0.6135427,0.2882374,-0.9543066
0.6135427,0.3383185,-1.801348
0.6135427,0.5303022,-1.77653
0.6135427,0.6026347,-1.009019
0.6135427,0.6261156,-1.737112
0.6135427,0.660436,-1.062869
0.6135427,0.6874431,-1.686226
0.6135427,0.768626,-1.17491
0.6135427,0.7638984,-1.586925
0.6135427,0.8133535,-1.380144
0.7595788,1.07667,0.8323143
0.6805887,1.082625,0.910018
0.6878693,1.071429,0.9256072
0.781926,1.066609,0.8341953
0.4319807,1.497314,0.2244384
0.5580217,1.476044,0.2173543
0.5746401,1.479836,0.1965138
0.4311233,1.506706,0.2058611
0.5574821,1.473351,-1.520506
0.4333882,1.512083,-1.492725
0.431068,1.519618,-1.473243
0.5753196,1.478436,-1.502443
0.620115,1.179551,-1.966304
0.6727108,1.180051,-1.95751
0.6951123,1.168765,-1.971221
0.6272804,1.168402,-1.984291
0.5580217,1.476044,0.2173543
0.7595788,1.07667,0.8323143
0.781926,1.066609,0.8341953
0.5746401,1.479836,0.1965138
0.489926,1.083467,0.9941361
-1.501639E-06,1.083057,1.050637
-1.501639E-06,1.072866,1.068527
0.4948433,1.072866,1.011876
-1.501639E-06,1.505404,0.2655112
0.2898869,1.50535,0.2428257
0.2910078,1.51505,0.2243429
-1.501639E-06,1.51505,0.2465244
0.6805887,1.082625,0.910018
0.5862215,1.082602,0.9513839
0.5922814,1.072141,0.9683283
0.6878693,1.071429,0.9256072
0.2898869,1.50535,0.2428257
0.4319807,1.497314,0.2244384
0.4311233,1.506706,0.2058611
0.2910078,1.51505,0.2243429
0.4333882,1.512083,-1.492725
0.2857575,1.520311,-1.492615
0.2873701,1.527961,-1.473243
0.431068,1.519618,-1.473243
0.6244676,1.369104,-1.699291
0.4323928,1.373264,-1.72785
0.4333882,1.512083,-1.492725
0.5574821,1.473351,-1.520506
0.5862215,1.082602,0.9513839
0.489926,1.083467,0.9941361
0.4948433,1.072866,1.011876
0.5922814,1.072141,0.9683283
0.4298227,1.179578,-2.018543
0.620115,1.179551,-1.966304
0.6272804,1.168402,-1.984291
0.4315927,1.168632,-2.036312
0.5929564,1.522499,-0.4995278
0.828984,1.102633,-0.455986
0.8290451,1.10438,-0.49493
0.5935358,1.522766,-0.5383378
0.6017562,1.505949,-0.4794679
0.607586,1.467306,0.05048917
0.6361215,1.415659,0.1893884
0.6004767,1.497226,-0.1599878
0.783111,1.222098,-1.396703
0.7466254,1.140465,-1.932298
0.6951123,1.168765,-1.971221
0.6722503,1.288193,-1.814764
0.6454806,1.365953,-1.69804
0.8301638,1.136351,-1.207919
0.9031495,1.034749,-1.21415
0.8868039,1.034749,-1.532742
0.8244459,1.15409,-1.298444
0.7963532,1.177614,-1.371884
0.783111,1.222098,-1.396703
0.651278,1.442572,-1.120908
0.8212206,1.152234,-1.205745
0.8159293,1.16938,-1.292683
0.789339,1.189802,-1.358748
0.7834168,1.220489,-1.374952
0.7293995,1.324038,-1.286616
0.8124463,1.06976,0.7219011
0.6361215,1.415659,0.1893884
0.6280515,1.429502,0.1984646
0.8206259,1.051683,0.780104
0.818904,1.087152,0.2451098
0.8278849,1.071221,0.24453
0.8199822,1.117841,-0.4392162
0.828984,1.102633,-0.455986
0.6017562,1.505949,-0.4794679
0.5929564,1.522499,-0.4995278
0.6004767,1.497226,-0.1599878
0.5914821,1.513127,-0.1585121
0.607586,1.467306,0.05048917
0.5987613,1.482746,0.05542107
0.6361215,1.415659,0.1893884
0.607586,1.467306,0.05048917
0.6280515,1.429502,0.1984646
0.8212206,1.152234,-1.205745
0.8290451,1.10438,-0.49493
0.8301638,1.136351,-1.207919
0.8199382,1.121147,-0.5150241
0.5935358,1.522766,-0.5383378
0.6031268,1.506693,-0.5550113
0.6045707,1.516809,-0.9697601
0.6135314,1.500967,-0.9656426
0.6438274,1.456315,-1.130776
0.651278,1.442572,-1.120908
0.7236122,1.335264,-1.300004
0.7293995,1.324038,-1.286616
0.7293995,1.324038,-1.286616
0.7834168,1.220489,-1.374952
0.783111,1.222098,-1.396703
0.7236122,1.335264,-1.300004
0.8159293,1.16938,-1.292683
0.8212206,1.152234,-1.205745
0.8301638,1.136351,-1.207919
0.8244459,1.15409,-1.298444
0.7834168,1.220489,-1.374952
0.789339,1.189802,-1.358748
0.7963532,1.177614,-1.371884
0.783111,1.222098,-1.396703
0.789339,1.189802,-1.358748
0.8159293,1.16938,-1.292683
0.8244459,1.15409,-1.298444
0.7963532,1.177614,-1.371884
0.6722503,1.288193,-1.814764
0.6516328,1.290877,-1.815196
0.6244676,1.369104,-1.699291
0.6454806,1.365953,-1.69804
-0.7871221,1.042345,0.7713444
-0.7871221,1.042345,0.7927346
-0.8467764,1.075629,0.7892994
-0.8467764,1.075629,0.7679091
-0.7871221,1.042345,0.7927346
-0.7871221,1.042345,0.7713444
-0.7871221,1.059332,0.7713444
-0.7871221,1.059332,0.7927346
-0.8467764,1.075629,0.7892994
-0.7871221,1.042345,0.7927346
-0.7871221,1.059332,0.7927346
-0.8460206,1.104862,0.7892994
-0.8474733,1.042527,0.8090933
-1.007664,1.055805,0.8090933
-1.007664,1.055805,0.7481149
-0.8474733,1.042526,0.7481149
-0.8453185,1.143838,0.8090933
-1.007664,1.132794,0.8090933
-1.007664,1.055805,0.8090933
-0.8474733,1.042527,0.8090933
-1.007664,1.055805,0.7481149
-1.007664,1.055805,0.8090933
-1.007664,1.132794,0.8090933
-1.007664,1.132794,0.7481149
-0.8453185,1.143838,0.7481149
-1.007664,1.132794,0.7481149
-1.007664,1.132794,0.8090933
-0.8453185,1.143838,0.8090933
-0.9989254,1.124629,0.7481149
-0.8453185,1.143838,0.7481149
-0.8542584,1.134471,0.7481149
-1.007664,1.132794,0.7481149
-0.9989251,1.06385,0.7481149
-1.007664,1.055805,0.7481149
-0.8560123,1.052003,0.7481149
-0.8474733,1.042526,0.7481149
-0.8542584,1.134471,0.7481149
-0.8453185,1.143838,0.7481149
-0.8560123,1.052003,0.7481149
-0.8560123,1.052003,0.7481149
-0.9989251,1.06385,0.7481149
-0.9989254,1.124629,0.7481149
-0.8542584,1.134471,0.7481149
-0.8460206,1.104862,0.7679091
-0.8460206,1.104862,0.7892994
-0.7871221,1.059332,0.7927346
-0.7871221,1.059332,0.7713444
-0.7871221,1.042345,0.7713444
-0.8467764,1.075629,0.7679091
-0.8460206,1.104862,0.7679091
-0.7871221,1.059332,0.7713444
0.8768758,0.9049411,-0.1416288
0.8768758,0.952228,-0.1416288
0.8768758,0.9522281,-0.3724332
0.8768758,0.9049411,-0.3724332
0.8768758,0.9049411,-0.3724332
0.8768758,0.9522281,-0.3724332
0.9223483,0.9522281,-0.3724332
0.9223483,0.9049411,-0.3724332
0.9223483,0.9049411,-0.3724332
0.9223483,0.9522281,-0.3724332
0.9223483,0.952228,-0.1416288
0.9223483,0.9049411,-0.1416288
0.9223483,0.9049411,-0.1416288
0.9223483,0.952228,-0.1416288
0.8768758,0.952228,-0.1416288
0.8768758,0.9049411,-0.1416288
0.8768758,0.9049411,-0.3724332
0.9223483,0.9049411,-0.3724332
0.9223483,0.9049411,-0.1416288
0.8768758,0.9049411,-0.1416288
0.9223483,0.9522281,-0.3724332
0.8768758,0.9522281,-0.3724332
0.8768758,0.952228,-0.1416288
0.9223483,0.952228,-0.1416288
0.8768758,0.9049411,-0.8769602
0.8768758,0.952228,-0.8769602
0.8768758,0.952228,-1.107765
0.8768758,0.9049411,-1.107765
0.8768758,0.9049411,-1.107765
0.8768758,0.952228,-1.107765
0.9223483,0.952228,-1.107765
0.9223483,0.9049411,-1.107765
0.9223483,0.9049411,-1.107765
0.9223483,0.952228,-1.107765
0.9223483,0.952228,-0.8769602
0.9223483,0.9049411,-0.8769602
0.9223483,0.9049411,-0.8769602
0.9223483,0.952228,-0.8769602
0.8768758,0.952228,-0.8769602
0.8768758,0.9049411,-0.8769602
0.8768758,0.9049411,-1.107765
0.9223483,0.9049411,-1.107765
0.9223483,0.9049411,-0.8769602
0.8768758,0.9049411,-0.8769602
0.9223483,0.952228,-1.107765
0.8768758,0.952228,-1.107765
0.8768758,0.952228,-0.8769602
0.9223483,0.952228,-0.8769602
-0.6788074,0.3779429,-2.123676
-0.6912154,0.4073286,-2.129492
-0.6788074,0.4367142,-2.135308
-0.6488516,0.365771,-2.121267
-0.6488516,0.4488862,-2.137717
-0.6188958,0.3779429,-2.123676
-0.6188958,0.4367142,-2.135308
-0.6064879,0.4073286,-2.129492
-0.6488516,0.460335,-2.139983
-0.6870596,0.4448098,-2.13691
-0.6870596,0.4824381,-1.94679
-0.6488516,0.4979633,-1.949862
-0.6106431,0.4448098,-2.13691
-0.6488516,0.460335,-2.139983
-0.6488516,0.4979633,-1.949862
-0.6106431,0.4824381,-1.94679
-0.5948169,0.4073286,-2.129492
-0.6106431,0.4448098,-2.13691
-0.6106431,0.4824381,-1.94679
-0.5948169,0.4449568,-1.939371
-0.6870596,0.4824381,-1.94679
-0.7028863,0.4449568,-1.939371
-0.6870596,0.4074756,-1.931953
-0.6488516,0.4979633,-1.949862
-0.6488516,0.3919504,-1.928881
-0.6106431,0.4824381,-1.94679
-0.6106431,0.4074756,-1.931953
-0.5948169,0.4449568,-1.939371
-0.6106431,0.3698473,-2.122074
-0.5948169,0.4073286,-2.129492
-0.5948169,0.4449568,-1.939371
-0.6106431,0.4074756,-1.931953
-0.6488516,0.3543221,-2.119001
-0.6106431,0.3698473,-2.122074
-0.6106431,0.4074756,-1.931953
-0.6488516,0.3919504,-1.928881
-0.7028863,0.4073286,-2.129492
-0.6870596,0.3698473,-2.122074
-0.6870596,0.4074756,-1.931953
-0.7028863,0.4449568,-1.939371
-0.6870596,0.3698473,-2.122074
-0.6488516,0.3543221,-2.119001
-0.6488516,0.3919504,-1.928881
-0.6870596,0.4074756,-1.931953
-0.6870596,0.4448098,-2.13691
-0.7028863,0.4073286,-2.129492
-0.7028863,0.4449568,-1.939371
-0.6870596,0.4824381,-1.94679
-0.6788074,0.3779429,-2.123676
-0.7028863,0.4073286,-2.129492
-0.6912154,0.4073286,-2.129492
-0.6870596,0.3698473,-2.122074
-0.6870596,0.4448098,-2.13691
-0.6488516,0.365771,-2.121267
-0.6788074,0.4367142,-2.135308
-0.6488516,0.3543221,-2.119001
-0.6488516,0.460335,-2.139983
-0.6188958,0.3779429,-2.123676
-0.6488516,0.4488862,-2.137717
-0.6106431,0.3698473,-2.122074
-0.6106431,0.4448098,-2.13691
-0.6064879,0.4073286,-2.129492
-0.6188958,0.4367142,-2.135308
-0.5948169,0.4073286,-2.129492
-0.8467764,1.075629,0.7679091
-0.8474733,1.042526,0.7481149
-0.8453185,1.143838,0.7481149
-0.8467764,1.075629,0.7892994
-0.8460206,1.104862,0.7679091
-0.8474733,1.042527,0.8090933
-0.8453185,1.143838,0.8090933
-0.8460206,1.104862,0.7892994
0.8467734,1.075629,0.7679091
0.8460176,1.104862,0.7679091
0.8453155,1.143838,0.7481149
0.8474702,1.042526,0.7481149
0.8453155,1.143838,0.8090933
0.8467734,1.075629,0.7892994
0.8460176,1.104862,0.7892994
0.8474702,1.042527,0.8090933
-0.5761748,0.7219806,2.162089
-0.6078828,0.8729684,2.01136
-0.6917186,0.8770207,1.930793
-0.696139,0.7254346,2.064137
-0.696139,0.7254346,2.064137
-0.6917186,0.8770207,1.930793
-0.7739283,0.8639454,1.859298
-0.7936282,0.7284057,1.940001
-0.4710126,0.815339,2.142101
-0.6078828,0.8729684,2.01136
-0.5761748,0.7219806,2.162089
-0.4356566,0.7208527,2.194402
-0.4374078,0.7711518,2.18328
-0.4308337,0.7402953,2.193224
-0.7936282,0.7284057,1.940001
-0.7739283,0.8639454,1.859298
-0.8417068,0.8650519,1.803662
-0.8443635,0.7334631,1.865503
-0.871466,0.7375961,1.80288
-0.8443635,0.7334631,1.865503
-0.8417068,0.8650519,1.803662
-0.8732291,0.7734969,1.782273
-0.8667146,0.8268281,1.769813
-0.7639415,0.845337,-1.930329
-0.814079,0.8448606,-1.87782
-0.8172081,0.8467573,-1.874456
-0.7578726,0.9408347,-1.931038
-0.8185885,0.8514012,-1.873343
-0.8178248,0.9177382,-1.875899
-0.7549427,0.992851,-1.931367
-0.7410875,1.131165,-1.936744
-0.6930821,1.157392,-1.972376
-0.6881943,1.002009,-1.967963
-0.6813958,0.8461145,-1.96481
-0.6860595,0.9505739,-1.966958
-0.6169869,0.9488687,-1.985697
-0.6107693,0.8468905,-1.987648
-0.7639415,0.845337,-1.930329
-0.7578726,0.9408347,-1.931038
-0.6860595,0.9505739,-1.966958
-0.6813958,0.8461145,-1.96481
-0.6881943,1.002009,-1.967963
-0.6930821,1.157392,-1.972376
-0.6373349,1.157106,-1.982104
-0.6220663,1.000325,-1.985023
-0.7549427,0.992851,-1.931367
-0.7578726,0.9408347,-1.931038
-0.8178248,0.9177382,-1.875899
-0.8136874,0.9697936,-1.879478
-0.6220663,1.000325,-1.985023
-0.6169869,0.9488687,-1.985697
-0.6860595,0.9505739,-1.966958
-0.6881943,1.002009,-1.967963
-0.6881943,1.002009,-1.967963
-0.6860595,0.9505739,-1.966958
-0.7578726,0.9408347,-1.931038
-0.7549427,0.992851,-1.931367
-0.7410875,1.131165,-1.936744
-0.7549427,0.992851,-1.931367
-0.8136874,0.9697936,-1.879478
-0.8053818,1.029223,-1.885655
0.5761718,0.7219806,2.162089
0.696136,0.7254346,2.064137
0.6917156,0.8770207,1.930793
0.6078798,0.8729684,2.01136
0.696136,0.7254346,2.064137
0.7936251,0.7284057,1.940001
0.7739253,0.8639454,1.859298
0.6917156,0.8770207,1.930793
0.4374048,0.7711518,2.18328
0.4308307,0.7402953,2.193224
0.4356536,0.7208527,2.194402
0.5761718,0.7219806,2.162089
0.4710096,0.815339,2.142101
0.6078798,0.8729684,2.01136
0.7936251,0.7284057,1.940001
0.8443605,0.7334631,1.865503
0.8417038,0.8650519,1.803662
0.7739253,0.8639454,1.859298
0.8417038,0.8650519,1.803662
0.8443605,0.7334631,1.865503
0.8714631,0.7375961,1.80288
0.8732261,0.7734969,1.782273
0.8667116,0.8268281,1.769813
0.8172051,0.8467573,-1.874456
0.8140759,0.8448606,-1.87782
0.7639385,0.845337,-1.930329
0.7578696,0.9408347,-1.931038
0.8185855,0.8514012,-1.873343
0.8178218,0.9177382,-1.875899
0.7549397,0.992851,-1.931367
0.6881913,1.002009,-1.967963
0.6930791,1.157392,-1.972376
0.7410845,1.131165,-1.936744
0.6813928,0.8461145,-1.96481
0.6107664,0.8468905,-1.987648
0.6169839,0.9488687,-1.985697
0.6860565,0.9505739,-1.966958
0.7639385,0.845337,-1.930329
0.6813928,0.8461145,-1.96481
0.6860565,0.9505739,-1.966958
0.7578696,0.9408347,-1.931038
0.6881913,1.002009,-1.967963
0.6220633,1.000325,-1.985023
0.637332,1.157106,-1.982104
0.6930791,1.157392,-1.972376
0.7549397,0.992851,-1.931367
0.8136844,0.9697936,-1.879478
0.8178218,0.9177382,-1.875899
0.7578696,0.9408347,-1.931038
0.6220633,1.000325,-1.985023
0.6881913,1.002009,-1.967963
0.6860565,0.9505739,-1.966958
0.6169839,0.9488687,-1.985697
0.6881913,1.002009,-1.967963
0.7549397,0.992851,-1.931367
0.7578696,0.9408347,-1.931038
0.6860565,0.9505739,-1.966958
0.7410845,1.131165,-1.936744
0.8053789,1.029223,-1.885655
0.8136844,0.9697936,-1.879478
0.7549397,0.992851,-1.931367
2657
0.1664032,0.5484724
0.1664032,0.5484724
0.1664032,0.5484724
0.1664032,0.5484724
0.1664032,0.5484724
0.1664032,0.5484724
0.1664032,0.5484724
0.8542588,0.6820349
0.854259,0.6820349
0.854259,0.6820349
0.1270164,0.4601159
0.1270164,0.4601158
0.1270164,0.4601158
0.8542588,0.6820349
0.854259,0.6820349
0.854259,0.6820349
0.1270164,0.4601158
0.1270164,0.4601158
0.1270164,0.4601159
0.854259,0.6820349
0.854259,0.6820349
0.854259,0.6820349
0.854259,0.6820349
0.854259,0.6820349
0.854259,0.6820349
0.854259,0.6820349
0.854259,0.6820349
0.8540058,0.6812754
0.8540058,0.6812754
0.8540058,0.6812754
0.8540058,0.6812754
0.8540058,0.6812754
0.854259,0.6820349
0.8542591,0.6820349
0.854259,0.6820349
0.854259,0.6820349
0.854259,0.6820349
0.854259,0.6820349
0.854259,0.6820349
0.854259,0.6820349
0.854259,0.6820349
0.855525,0.680769
0.855525,0.680769
0.855525,0.680769
0.855525,0.680769
0.855525,0.680769
0.855525,0.680769
0.855525,0.680769
0.855525,0.680769
0.854259,0.6820349
0.854259,0.6820349
0.854259,0.6820349
0.854259,0.6820349
0.854259,0.6820349
0.854259,0.6820349
0.854259,0.6820349
0.855525,0.680769
0.855525,0.680769
0.855525,0.680769
0.855525,0.680769
0.855525,0.680769
0.855525,0.680769
0.855525,0.680769
0.855525,0.680769
0.855525,0.680769
0.855525,0.680769
0.8575504,0.6800094
0.8575504,0.6800094
0.8575504,0.6800094
0.8575504,0.6800094
0.8575504,0.6800094
0.8575504,0.6800094
0.8557782,0.6769711
0.8557782,0.6769711
0.8557782,0.6769711
0.8557782,0.6769711
0.854259,0.6820349
0.854259,0.6820349
0.854259,0.6820349
0.854259,0.6820349
0.1270164,0.4601158
0.1270164,0.4601158
0.1270164,0.4601159
0.1270164,0.4601158
0.854259,0.6820349
0.854259,0.6820349
0.854259,0.6820349
0.854259,0.6820349
0.854259,0.6820349
0.854259,0.6820349
0.854259,0.6820349
0.854259,0.6820349
0.854259,0.6820349
0.854259,0.6820349
0.854259,0.6820349
0.854259,0.6820349
0.854259,0.6820349
0.854259,0.6820349
0.854259,0.6820349
0.854259,0.6820349
0.854259,0.6820349
0.854259,0.6820349
0.854259,0.6820349
0.854259,0.6820349
0.854259,0.6820349
0.854259,0.6820349
0.854259,0.6820349
0.854259,0.6820349
0.855525,0.680769
0.855525,0.680769
0.855525,0.680769
0.855525,0.680769
0.06756,0.9670597
0.06756,0.9670597
0.06756002,0.9670598
0.06756,0.9670596
0.855525,0.680769
0.855525,0.680769
0.855525,0.680769
0.855525,0.680769
0.1614385,0.4569866
0.1614385,0.4569866
0.1614385,0.4569866
0.1614385,0.4569867
0.1614385,0.4569867
0.1614385,0.4569867
0.1614385,0.4569866
0.1614385,0.4569867
0.1614385,0.4569867
0.1614385,0.4569867
0.1614385,0.4569867
0.1614385,0.4569866
0.1614385,0.4569867
0.1614385,0.4569866
0.1614385,0.4569867
0.1614385,0.4569866
0.1614385,0.4569866
0.8557782,0.6769711
0.8557782,0.6769711
0.8557782,0.6769711
0.8557782,0.6769711
0.06756002,0.9670598
0.06756002,0.9670598
0.06756002,0.9670599
0.06756002,0.9670599
0.855525,0.680769
0.855525,0.680769
0.855525,0.680769
0.855525,0.680769
0.855525,0.680769
0.1664032,0.5484724
0.1664032,0.5484724
0.1664032,0.5484724
0.1664032,0.5484724
0.1664032,0.5484724
0.1664032,0.5484724
0.1664032,0.5484724
0.1664032,0.5484724
0.8557782,0.6769711
0.8557782,0.6769711
0.8557782,0.6769711
0.8557782,0.6769711
0.8557782,0.6769711
0.8557782,0.6769711
0.8557782,0.6769711
0.8557782,0.6769711
0.855525,0.680769
0.855525,0.680769
0.855525,0.680769
0.855525,0.680769
0.8557782,0.6769711
0.8557782,0.6769711
0.8557782,0.6769711
0.8557782,0.6769711
0.8557782,0.6769711
0.8557782,0.6769711
0.8557782,0.6769711
0.8557782,0.6769711
0.8557782,0.6769711
0.8557782,0.6769711
0.8557782,0.6769711
0.8557782,0.6769711
0.8540058,0.6812754
0.8540058,0.6812754
0.8540058,0.6812754
0.8540058,0.6812754
0.8540058,0.6812754
0.8540058,0.6812754
0.8540058,0.6812754
0.8540058,0.6812754
0.1664032,0.5484724
0.1664032,0.5484724
0.1664032,0.5484724
0.1664032,0.5484724
0.854259,0.6820349
0.854259,0.6820349
0.854259,0.6820349
0.854259,0.6820349
0.854259,0.6820349
0.855525,0.680769
0.855525,0.680769
0.855525,0.680769
0.855525,0.680769
0.855525,0.680769
0.855525,0.680769
0.855525,0.680769
0.855525,0.680769
0.855525,0.680769
0.855525,0.680769
0.855525,0.680769
0.855525,0.680769
0.855525,0.680769
0.855525,0.680769
0.855525,0.680769
0.855525,0.680769
0.855525,0.680769
0.855525,0.680769
0.855525,0.680769
0.855525,0.680769
0.855525,0.680769
0.855525,0.680769
0.855525,0.680769
0.855525,0.680769
0.855525,0.680769
0.855525,0.680769
0.855525,0.680769
0.855525,0.680769
0.855525,0.680769
0.855525,0.680769
0.855525,0.680769
0.855525,0.680769
0.855525,0.680769
0.855525,0.680769
0.855525,0.680769
0.855525,0.680769
0.855525,0.680769
0.855525,0.680769
0.855525,0.680769
0.855525,0.680769
0.855525,0.680769
0.855525,0.680769
0.855525,0.680769
0.855525,0.680769
0.855525,0.680769
0.855525,0.680769
0.855525,0.680769
0.855525,0.680769
0.855525,0.680769
0.855525,0.680769
0.855525,0.680769
0.855525,0.680769
0.855525,0.680769
0.855525,0.680769
0.855525,0.680769
0.1270164,0.4601159
0.1270164,0.4601158
0.1270164,0.4601158
0.1270164,0.4601158
0.1270164,0.4601158
0.855525,0.680769
0.855525,0.680769
0.855525,0.680769
0.855525,0.680769
0.855525,0.680769
0.855525,0.680769
0.855525,0.680769
0.855525,0.680769
0.855525,0.680769
0.855525,0.680769
0.855525,0.680769
0.855525,0.680769
0.855525,0.680769
0.855525,0.680769
0.855525,0.680769
0.855525,0.680769
0.855525,0.680769
0.855525,0.680769
0.855525,0.680769
0.855525,0.680769
0.1664032,0.5484724
0.1664032,0.5484724
0.1664032,0.5484724
0.1664032,0.5484724
0.1664032,0.5484724
0.1664032,0.5484724
0.1664032,0.5484724
0.1664032,0.5484724
0.1664032,0.5484724
0.1664032,0.5484724
0.1664032,0.5484724
0.1664032,0.5484724
0.1664032,0.5484724
0.1664032,0.5484724
0.1664032,0.5484724
0.1664032,0.5484724
0.1664033,0.5484724
0.1664033,0.5484724
0.1664032,0.5484724
0.1664032,0.5484724
0.1664032,0.5484724
0.1664032,0.5484724
0.1664032,0.5484724
0.1664032,0.5484724
0.1664032,0.5484724
0.1664032,0.5484724
0.1664032,0.5484724
0.1664032,0.5484724
0.1664032,0.5484724
0.1664032,0.5484724
0.1664032,0.5484724
0.1664032,0.5484724
0.1664032,0.5484724
0.1664032,0.5484724
0.1664032,0.5484724
0.1664032,0.5484724
0.1664032,0.5484724
0.1664033,0.5484724
0.1664032,0.5484724
0.1664032,0.5484724
0.1664032,0.5484723
0.1664032,0.5484725
0.1664032,0.5484724
0.1664032,0.5484724
0.1664032,0.5484724
0.1664032,0.5484724
0.1664032,0.5484724
0.1664032,0.5484724
0.1664032,0.5484724
0.1664032,0.5484724
0.1664032,0.5484724
0.1664032,0.5484724
0.1664032,0.5484724
0.1664032,0.5484724
0.1664032,0.5484724
0.1664032,0.5484724
0.1664032,0.5484724
0.1664032,0.5484724
0.1664032,0.5484724
0.1664031,0.5484724
0.1664032,0.5484724
0.1664032,0.5484724
0.1664032,0.5484724
0.1664032,0.5484724
0.1664032,0.5484724
0.1664032,0.5484724
0.1664032,0.5484724
0.1664032,0.5484724
0.1664032,0.5484723
0.1664032,0.5484724
0.1664032,0.5484724
0.1664032,0.5484724
0.1664032,0.5484724
0.1664032,0.5484724
0.1664032,0.5484724
0.1664032,0.5484723
0.1664032,0.5484724
0.1664032,0.5484724
0.854259,0.6820349
0.854259,0.6820349
0.854259,0.6820349
0.854259,0.6820349
0.854259,0.6820349
0.1664032,0.5484724
0.1664032,0.5484724
0.1664032,0.5484724
0.1664032,0.5484724
0.1664032,0.5484724
0.1664031,0.5484724
0.1664032,0.5484724
0.1664032,0.5484724
0.1664032,0.5484724
0.1664033,0.5484724
0.1664033,0.5484724
0.1664032,0.5484724
0.1664032,0.5484724
0.1664032,0.5484724
0.1664032,0.5484724
0.1664032,0.5484725
0.1664032,0.5484723
0.1664032,0.5484723
0.1664032,0.5484725
0.1664032,0.5484724
0.1664032,0.5484724
0.1664032,0.5484724
0.1664032,0.5484724
0.1664032,0.5484724
0.1664032,0.5484724
0.854259,0.6820349
0.854259,0.6820349
0.854259,0.6820349
0.854259,0.6820349
0.854259,0.6820349
0.1664032,0.5484724
0.1664032,0.5484724
0.1664032,0.5484724
0.1664032,0.5484724
0.1664032,0.5484724
0.1664032,0.5484724
0.1664032,0.5484723
0.1664032,0.5484724
0.1664032,0.5484724
0.1664032,0.5484724
0.1664032,0.5484724
0.1664031,0.5484724
0.1664032,0.5484724
0.1664031,0.5484724
0.1664032,0.5484724
0.1664032,0.5484724
0.1664032,0.5484724
0.1664032,0.5484723
0.1664032,0.5484724
0.1664032,0.5484724
0.1664032,0.5484724
0.1664032,0.5484724
0.1664032,0.5484724
0.1664032,0.5484724
0.1664032,0.5484724
0.1664032,0.5484724
0.1664032,0.5484724
0.1664032,0.5484724
0.1664032,0.5484724
0.1664032,0.5484724
0.1664032,0.5484724
0.1664032,0.5484724
0.1664032,0.5484724
0.1664032,0.5484724
0.1664032,0.5484724
0.1664032,0.5484724
0.1664032,0.5484724
0.1664032,0.5484724
0.1664032,0.5484724
0.1664032,0.5484724
0.1664032,0.5484724
0.1664032,0.5484724
0.1664032,0.5484724
0.1664032,0.5484724
0.1664032,0.5484724
0.1664032,0.5484724
0.1664032,0.5484724
0.1664032,0.5484724
0.1664032,0.5484724
0.1664032,0.5484724
0.1664032,0.5484724
0.1664032,0.5484724
0.1664032,0.5484723
0.1664032,0.5484723
0.1664032,0.5484724
0.1664032,0.5484724
0.1664032,0.5484724
0.06130147,0.9795768
0.06130147,0.9795768
0.06130147,0.9795768
0.06130147,0.9795768
0.06130147,0.9795768
0.06130147,0.9795768
0.1664032,0.5484724
0.1664032,0.5484724
0.1664032,0.5484724
0.1664032,0.5484724
0.1664032,0.5484724
0.1664032,0.5484724
0.1664032,0.5484723
0.1664032,0.5484724
0.1664032,0.5484724
0.1664032,0.5484723
0.1664032,0.5484724
0.1664032,0.5484724
0.1664032,0.5484724
0.1664032,0.5484724
0.1664032,0.5484724
0.1664032,0.5484723
0.1664032,0.5484724
0.1664032,0.5484724
0.1664032,0.5484724
0.1664032,0.5484724
0.1664032,0.5484724
0.1664032,0.5484724
0.1664032,0.5484724
0.1664032,0.5484724
0.1664032,0.5484724
0.1664032,0.5484724
0.1664032,0.5484724
0.1664032,0.5484724
0.1664032,0.5484724
0.1664032,0.5484724
0.1664032,0.5484724
0.1664032,0.5484724
0.1664032,0.5484724
0.1664032,0.5484724
0.1664032,0.5484724
0.1664032,0.5484724
0.1664032,0.5484724
0.1664032,0.5484724
0.1664032,0.5484724
0.1664032,0.5484724
0.1664032,0.5484724
0.1664032,0.5484724
0.1664032,0.5484724
0.1664032,0.5484724
0.1664032,0.5484724
0.1664032,0.5484724
0.1664032,0.5484724
0.1664032,0.5484724
0.1664032,0.5484724
0.1664032,0.5484724
0.1664032,0.5484724
0.1664032,0.5484724
0.1664032,0.5484724
0.1664032,0.5484724
0.1664032,0.5484724
0.1664032,0.5484724
0.1664032,0.5484724
0.1664032,0.5484724
0.1664032,0.5484724
0.1664032,0.5484724
0.1664032,0.5484724
0.1664032,0.5484724
0.8575504,0.6800094
0.8575504,0.6800094
0.8575504,0.6800094
0.8575504,0.6800094
0.8575504,0.6800094
0.8519803,0.6784903
0.8519803,0.6784903
0.8519803,0.6784903
0.8519803,0.6784903
0.8519803,0.6784903
0.8519803,0.6784903
0.8519803,0.6784903
0.8519803,0.6784903
0.8519803,0.6784903
0.8519803,0.6784903
0.8519803,0.6784903
0.8519803,0.6784903
0.8519803,0.6784903
0.8519803,0.6784903
0.8519803,0.6784903
0.8519803,0.6784903
0.8519803,0.6784903
0.8519803,0.6784903
0.8519803,0.6784903
0.8519803,0.6784903
0.8519803,0.6784903
0.8519803,0.6784903
0.8519803,0.6784903
0.8519803,0.6784903
0.8519803,0.6784903
0.8519803,0.6784903
0.8519803,0.6784903
0.8519803,0.6784903
0.8519803,0.6784903
0.8519803,0.6784903
0.8519803,0.6784903
0.8519803,0.6784903
0.8519803,0.6784903
0.8519803,0.6784903
0.8519803,0.6784903
0.8519803,0.6784903
0.8519803,0.6784903
0.8519803,0.6784903
0.8519803,0.6784903
0.8519803,0.6784903
0.8519803,0.6784903
0.8519803,0.6784903
0.8519803,0.6784903
0.1207578,0.970189
0.1207578,0.970189
0.1207578,0.970189
0.1207578,0.970189
0.1207578,0.970189
0.1207578,0.970189
0.1207578,0.970189
0.1207578,0.970189
0.1207578,0.970189
0.1207578,0.970189
0.1207578,0.970189
0.1207578,0.970189
0.1207578,0.970189
0.1207578,0.970189
0.8519803,0.6784903
0.8519803,0.6784903
0.8519803,0.6784903
0.8519803,0.6784903
0.8519803,0.6784903
0.8519803,0.6784903
0.8519803,0.6784903
0.8519803,0.6784903
0.8519803,0.6784903
0.8519803,0.6784903
0.8519803,0.6784903
0.8519803,0.6784903
0.8542591,0.6820349
0.854259,0.6820349
0.854259,0.6820349
0.8542588,0.6820349
0.8542588,0.6820349
0.854259,0.6820349
0.854259,0.6820349
0.854259,0.6820349
0.8575504,0.6800094
0.8575504,0.6800094
0.8575504,0.6800094
0.8575504,0.6800094
0.8575504,0.6800094
0.8575504,0.6800094
0.8575504,0.6800094
0.8575504,0.6800094
0.8575504,0.6800094
0.8575504,0.6800094
0.8575504,0.6800094
0.8575504,0.6800094
0.8575504,0.6800094
0.8575504,0.6800094
0.8575504,0.6800094
0.8575504,0.6800094
0.8575504,0.6800094
0.8575504,0.6800094
0.8575504,0.6800094
0.8575504,0.6800094
0.8575504,0.6800094
0.8575504,0.6800094
0.8575504,0.6800094
0.8575504,0.6800094
0.8519803,0.6784903
0.8519803,0.6784903
0.8519803,0.6784903
0.8519803,0.6784903
0.8519803,0.6784903
0.8519803,0.6784903
0.8575504,0.6800094
0.8575504,0.6800094
0.8575504,0.6800094
0.8575504,0.6800094
0.8557782,0.6769711
0.8557782,0.6769711
0.8557782,0.6769711
0.8557782,0.6769711
0.8557782,0.6769711
0.8575504,0.6800094
0.8575504,0.6800094
0.8575504,0.6800094
0.8575504,0.6800094
0.8575504,0.6800094
0.8575504,0.6800094
0.8575504,0.6800094
0.8575504,0.6800094
0.8529931,0.6825413
0.8529931,0.6825413
0.8529931,0.6825413
0.8529931,0.6825413
0.09259433,0.9764476
0.09259433,0.9764476
0.09259433,0.9764476
0.09259433,0.9764476
0.09259433,0.9764476
0.09259433,0.9764476
0.09259433,0.9764476
0.09259433,0.9764476
0.09259433,0.9764476
0.09259433,0.9764476
0.09259433,0.9764476
0.09259433,0.9764476
0.09259433,0.9764476
0.09259433,0.9764476
0.09259433,0.9764476
0.09259433,0.9764476
0.09259433,0.9764476
0.09259433,0.9764476
0.09259433,0.9764476
0.09259433,0.9764476
0.09259433,0.9764476
0.09259433,0.9764476
0.09259433,0.9764476
0.09259433,0.9764476
0.09259433,0.9764476
0.09259433,0.9764476
0.09259433,0.9764476
0.09259433,0.9764476
0.09259433,0.9764476
0.09259433,0.9764476
0.09259433,0.9764476
0.09259433,0.9764476
0.09259433,0.9764476
0.09259433,0.9764476
0.09259433,0.9764476
0.09259433,0.9764476
0.09259433,0.9764476
0.09259433,0.9764476
0.09259433,0.9764476
0.09259433,0.9764476
0.09259433,0.9764476
0.09259433,0.9764476
0.09259433,0.9764476
0.09259433,0.9764476
0.09259433,0.9764476
0.09259433,0.9764476
0.09259433,0.9764476
0.09259433,0.9764476
0.09259433,0.9764476
0.09259433,0.9764476
0.09259433,0.9764476
0.09259433,0.9764476
0.09259433,0.9764476
0.09259433,0.9764476
0.09259433,0.9764476
0.09259433,0.9764476
0.09259433,0.9764476
0.09259433,0.9764476
0.06130147,0.9795768
0.06130147,0.9795768
0.06130147,0.9795768
0.06130147,0.9795768
0.06130147,0.9795768
0.1664032,0.5484724
0.1664032,0.5484724
0.1664032,0.5484724
0.1664032,0.5484724
0.1664032,0.5484724
0.1664032,0.5484724
0.1664032,0.5484724
0.1664032,0.5484724
0.1664032,0.5484724
0.1664032,0.5484724
0.1664032,0.5484724
0.1664032,0.5484724
0.1664032,0.5484724
0.1664032,0.5484724
0.1664032,0.5484724
0.1664032,0.5484724
0.1664032,0.5484724
0.1664032,0.5484724
0.1664032,0.5484724
0.1664032,0.5484724
0.1664032,0.5484724
0.1664032,0.5484724
0.1664032,0.5484724
0.1664032,0.5484724
0.1664032,0.5484724
0.1664032,0.5484724
0.1664032,0.5484724
0.1664032,0.5484724
0.1664032,0.5484724
0.1664032,0.5484724
0.1664032,0.5484724
0.1664032,0.5484724
0.1664032,0.5484724
0.1664032,0.5484724
0.1664032,0.5484724
0.1664032,0.5484724
0.1664032,0.5484724
0.1664032,0.5484724
0.1664032,0.5484724
0.1664032,0.5484724
0.1664032,0.5484724
0.1664032,0.5484724
0.1664032,0.5484724
0.1664032,0.5484724
0.1664032,0.5484724
0.1664032,0.5484724
0.1664032,0.5484724
0.1664032,0.5484724
0.1664032,0.5484724
0.1664032,0.5484724
0.1664032,0.5484724
0.1664032,0.5484724
0.1664032,0.5484724
0.1664032,0.5484724
0.1664032,0.5484724
0.1664032,0.5484724
0.1664032,0.5484724
0.1664032,0.5484724
0.1664032,0.5484724
0.1664032,0.5484724
0.1664032,0.5484724
0.1664032,0.5484724
0.1664032,0.5484724
0.1664032,0.5484724
0.1664032,0.5484724
0.1664032,0.5484724
0.1664032,0.5484724
0.1664032,0.5484724
0.1664032,0.5484724
0.1664032,0.5484724
0.1664032,0.5484724
0.1664032,0.5484724
0.1664032,0.5484724
0.1664032,0.5484724
0.1664032,0.5484724
0.1664032,0.5484724
0.1664032,0.5484724
0.1664032,0.5484724
0.1664032,0.5484724
0.1664032,0.5484724
0.1664032,0.5484724
0.1664032,0.5484724
0.1664032,0.5484724
0.1664032,0.5484724
0.1664032,0.5484724
0.1664032,0.5484724
0.1664032,0.5484724
0.1664032,0.5484724
0.1664032,0.5484724
0.1664032,0.5484724
0.1664032,0.5484724
0.1664032,0.5484724
0.1664032,0.5484724
0.1664032,0.5484724
0.1664032,0.5484724
0.1664032,0.5484724
0.1664032,0.5484724
0.1664032,0.5484724
0.1664032,0.5484724
0.1664032,0.5484724
0.1664032,0.5484724
0.1664032,0.5484724
0.1664032,0.5484724
0.1664032,0.5484724
0.1664032,0.5484724
0.1664032,0.5484724
0.1664032,0.5484724
0.1664032,0.5484724
0.1664032,0.5484724
0.1664032,0.5484724
0.1664032,0.5484724
0.1664032,0.5484724
0.1664032,0.5484724
0.1664032,0.5484724
0.1664032,0.5484724
0.1664032,0.5484724
0.1664032,0.5484724
0.1664032,0.5484724
0.1664032,0.5484724
0.1664032,0.5484724
0.1664032,0.5484724
0.1664032,0.5484724
0.1664032,0.5484724
0.1664032,0.5484724
0.1664032,0.5484724
0.1664032,0.5484724
0.1664032,0.5484724
0.1664032,0.5484724
0.1664032,0.5484724
0.1664032,0.5484724
0.1664032,0.5484724
0.1664032,0.5484724
0.1664032,0.5484724
0.1664032,0.5484724
0.1664032,0.5484724
0.1664032,0.5484724
0.1664032,0.5484724
0.1664032,0.5484724
0.1664032,0.5484724
0.1664032,0.5484724
0.1664032,0.5484724
0.1664032,0.5484724
0.1664032,0.5484724
0.1664032,0.5484724
0.1664032,0.5484724
0.1664032,0.5484724
0.1664032,0.5484724
0.1664032,0.5484724
0.1664032,0.5484724
0.1664032,0.5484724
0.1664032,0.5484724
0.1664032,0.5484724
0.1664032,0.5484724
0.1664032,0.5484724
0.1664032,0.5484724
0.8519803,0.6784903
0.8519803,0.6784903
0.8519803,0.6784903
0.8519803,0.6784903
0.8519803,0.6784903
0.8519803,0.6784903
0.8519803,0.6784903
0.8519803,0.6784903
0.8519803,0.6784903
0.8519803,0.6784903
0.8519803,0.6784903
0.8519803,0.6784903
0.8519803,0.6784903
0.8519803,0.6784903
0.8519803,0.6784903
0.1664032,0.5484724
0.1664032,0.5484724
0.1664032,0.5484724
0.1664032,0.5484724
0.1664032,0.5484724
0.1664032,0.5484724
0.1664032,0.5484724
0.1664032,0.5484724
0.1664032,0.5484724
0.1664032,0.5484724
0.1664032,0.5484724
0.1664032,0.5484724
0.1664032,0.5484724
0.1664032,0.5484724
0.1664032,0.5484724
0.1664032,0.5484724
0.1664032,0.5484724
0.1664032,0.5484724
0.1664032,0.5484724
0.1664032,0.5484724
0.1664032,0.5484724
0.1664032,0.5484724
0.1664032,0.5484724
0.1664032,0.5484724
0.1664032,0.5484724
0.1664032,0.5484724
0.1664032,0.5484724
0.1664032,0.5484724
0.1664032,0.5484724
0.1664032,0.5484724
0.1664032,0.5484724
0.1664032,0.5484724
0.1664032,0.5484724
0.1664032,0.5484724
0.1664032,0.5484724
0.1664032,0.5484724
0.1664032,0.5484724
0.1664032,0.5484724
0.1664032,0.5484724
0.1664032,0.5484724
0.1664032,0.5484724
0.1664032,0.5484724
0.1664032,0.5484724
0.1664032,0.5484724
0.1664032,0.5484724
0.1664032,0.5484724
0.1664032,0.5484724
0.1664032,0.5484724
0.1664032,0.5484724
0.1664032,0.5484724
0.1664032,0.5484724
0.1664032,0.5484724
0.1664032,0.5484724
0.1664032,0.5484723
0.1664032,0.5484724
0.1664032,0.5484724
0.1664032,0.5484724
0.1664032,0.5484724
0.1664032,0.5484724
0.1664032,0.5484724
0.1664032,0.5484724
0.1664032,0.5484724
0.1664032,0.5484724
0.854259,0.6820349
0.854259,0.6820349
0.854259,0.6820349
0.854259,0.6820349
0.854259,0.6820349
0.854259,0.6820349
0.854259,0.6820349
0.854259,0.6820349
0.854259,0.6820349
0.854259,0.6820349
0.854259,0.6820349
0.854259,0.6820349
0.854259,0.6820349
0.854259,0.6820349
0.854259,0.6820349
0.854259,0.6820349
0.854259,0.6820349
0.1051114,0.9639304
0.1051114,0.9639304
0.1051114,0.9639304
0.1051114,0.9639304
0.1051114,0.9639304
0.1051114,0.9639304
0.1051114,0.9639304
0.1051114,0.9639304
0.1051114,0.9639304
0.1051114,0.9639304
0.1051114,0.9639304
0.1051114,0.9639304
0.1051114,0.9639304
0.1051114,0.9639304
0.1051114,0.9639304
0.1051114,0.9639304
0.1051114,0.9639304
0.1051114,0.9639304
0.1051114,0.9639304
0.1051114,0.9639304
0.1051114,0.9639304
0.1051114,0.9639304
0.1051114,0.9639304
0.1051114,0.9639304
0.1051114,0.9639304
0.1051114,0.9639304
0.1051114,0.9639304
0.1051114,0.9639304
0.1051114,0.9639304
0.1051114,0.9639304
0.1051114,0.9639304
0.1051114,0.9639304
0.1051114,0.9639304
0.1051114,0.9639304
0.1051114,0.9639304
0.1051114,0.9639304
0.1051114,0.9639304
0.1051114,0.9639304
0.1664032,0.5484724
0.1664032,0.5484724
0.1664032,0.5484724
0.1664032,0.5484724
0.1664032,0.5484724
0.1664032,0.5484724
0.1664032,0.5484724
0.1664032,0.5484724
0.1664032,0.5484724
0.1664032,0.5484724
0.1664032,0.5484724
0.1664032,0.5484724
0.1664032,0.5484724
0.1664032,0.5484724
0.1664032,0.5484724
0.1664032,0.5484724
0.1664032,0.5484724
0.1664032,0.5484724
0.1664032,0.5484724
0.1664032,0.5484724
0.1664032,0.5484724
0.1664032,0.5484724
0.1664032,0.5484724
0.1664032,0.5484724
0.1664032,0.5484724
0.1664032,0.5484724
0.1664032,0.5484724
0.1664032,0.5484724
0.1664032,0.5484724
0.1664032,0.5484724
0.1664032,0.5484724
0.1664032,0.5484724
0.1664032,0.5484724
0.1664032,0.5484724
0.1664032,0.5484724
0.1664031,0.5484724
0.1664032,0.5484724
0.1664032,0.5484724
0.1664032,0.5484724
0.1664032,0.5484724
0.1664031,0.5484724
0.1664032,0.5484724
0.1664032,0.5484724
0.1664032,0.5484724
0.1664032,0.5484724
0.1664032,0.5484724
0.1664032,0.5484724
0.1664032,0.5484724
0.1664032,0.5484724
0.1664032,0.5484724
0.1664032,0.5484724
0.1664032,0.5484724
0.1664032,0.5484724
0.1664032,0.5484724
0.1664032,0.5484724
0.1664032,0.5484724
0.1664032,0.5484724
0.1664032,0.5484724
0.1664032,0.5484724
0.1664032,0.5484724
0.1664032,0.5484724
0.1664032,0.5484724
0.1664032,0.5484724
0.1664032,0.5484724
0.1664032,0.5484724
0.1664032,0.5484724
0.1664032,0.5484724
0.1664032,0.5484724
0.1664032,0.5484724
0.1664032,0.5484724
0.1664032,0.5484724
0.1664032,0.5484724
0.1664032,0.5484724
0.1664032,0.5484724
0.1664032,0.5484724
0.1664032,0.5484724
0.1664033,0.5484724
0.1664032,0.5484724
0.1664032,0.5484724
0.1664032,0.5484724
0.1664032,0.5484724
0.1664032,0.5484724
0.1664032,0.5484724
0.1664032,0.5484724
0.1664032,0.5484724
0.1664032,0.5484724
0.1664032,0.5484724
0.1664032,0.5484724
0.1664032,0.5484723
0.1664033,0.5484724
0.1664032,0.5484724
0.1664032,0.5484724
0.1664032,0.5484724
0.1664032,0.5484723
0.1664032,0.5484724
0.1664032,0.5484724
0.1664032,0.5484724
0.1664032,0.5484724
0.1664032,0.5484724
0.1664032,0.5484724
0.1664032,0.5484724
0.1664032,0.5484724
0.1664032,0.5484724
0.1664032,0.5484724
0.1664032,0.5484724
0.1664032,0.5484724
0.1664032,0.5484724
0.1664032,0.5484724
0.06756001,0.9670597
0.06756002,0.9670598
0.06756002,0.9670598
0.06756001,0.9670597
0.06756002,0.9670598
0.06756002,0.9670598
0.06756002,0.9670598
0.06756002,0.9670597
0.06756,0.9670596
0.06756002,0.9670598
0.06756002,0.9670598
0.06756002,0.9670597
0.06756002,0.9670597
0.06756002,0.9670598
0.06756002,0.9670598
0.06756002,0.9670598
0.06756002,0.9670597
0.06756002,0.9670598
0.06756002,0.9670598
0.06756001,0.9670597
0.1614385,0.4569867
0.1614385,0.4569866
0.1614385,0.4569867
0.1614385,0.4569868
0.1614385,0.4569867
0.1614385,0.4569867
0.1614385,0.4569867
0.1614385,0.4569868
0.1614385,0.4569867
0.1614385,0.4569867
0.1614385,0.4569866
0.1614385,0.4569867
0.1614385,0.4569867
0.1614385,0.4569867
0.1614385,0.4569867
0.1614385,0.4569867
0.1614385,0.4569867
0.1614385,0.4569867
0.1614385,0.4569867
0.1614385,0.4569867
0.1614385,0.4569866
0.1614385,0.4569866
0.1614385,0.4569867
0.1614385,0.4569867
0.1614385,0.4569867
0.1614385,0.4569867
0.1614385,0.4569867
0.1614385,0.4569868
0.1614385,0.4569867
0.1614385,0.4569868
0.1614385,0.4569868
0.1614385,0.4569867
0.1614385,0.4569867
0.1614385,0.4569868
0.1614385,0.4569867
0.1614385,0.4569867
0.06756002,0.9670597
0.06756002,0.9670598
0.06756002,0.9670598
0.06756002,0.9670598
0.06756002,0.9670598
0.06756002,0.9670598
0.06756002,0.9670598
0.06756002,0.9670598
0.06756002,0.9670599
0.06756002,0.9670598
0.06756002,0.9670598
0.06756002,0.9670598
0.06756002,0.9670599
0.06756002,0.9670598
0.06756001,0.9670597
0.06756002,0.9670598
0.06756002,0.9670598
0.06756002,0.9670599
0.06756002,0.9670598
0.06756002,0.9670598
0.06756002,0.9670598
0.06756002,0.9670598
0.06756002,0.9670597
0.06756002,0.9670598
0.06756002,0.9670598
0.06756002,0.9670599
0.1614385,0.4569868
0.1614385,0.4569867
0.1614385,0.4569866
0.1614385,0.4569867
0.06756002,0.9670599
0.06756002,0.9670598
0.06756002,0.9670598
0.06756002,0.9670598
0.06756002,0.9670598
0.06756002,0.9670598
0.06756002,0.9670598
0.06756002,0.9670599
0.06756002,0.9670598
0.06756002,0.9670598
0.06756002,0.9670599
0.06756002,0.9670598
0.06756002,0.9670598
0.06756002,0.9670597
0.06756002,0.9670598
0.06756002,0.9670598
0.06756002,0.9670598
0.06756002,0.9670597
0.855525,0.680769
0.855525,0.680769
0.855525,0.680769
0.855525,0.680769
0.1270164,0.4601159
0.1270164,0.4601158
0.1270164,0.4601158
0.1270164,0.4601158
0.855525,0.680769
0.855525,0.680769
0.855525,0.680769
0.855525,0.680769
0.855525,0.680769
0.855525,0.680769
0.855525,0.680769
0.855525,0.680769
0.855525,0.680769
0.855525,0.680769
0.855525,0.680769
0.1270165,0.4601158
0.1270164,0.4601159
0.1270164,0.4601158
0.1270164,0.4601158
0.1270164,0.4601157
0.1270164,0.4601158
0.09259432,0.9764475
0.09259433,0.9764476
0.09259433,0.9764476
0.09259433,0.9764476
0.09259433,0.9764476
0.09259433,0.9764476
0.09259433,0.9764476
0.09259433,0.9764476
0.09259432,0.9764475
0.09259433,0.9764476
0.09259433,0.9764476
0.09259433,0.9764476
0.09259433,0.9764476
0.09259433,0.9764476
0.09259433,0.9764476
0.09259433,0.9764476
0.09259433,0.9764476
0.09259433,0.9764476
0.09259433,0.9764476
0.09259433,0.9764476
0.09259433,0.9764476
0.09259433,0.9764476
0.09259433,0.9764476
0.09259433,0.9764476
0.09259432,0.9764476
0.09259433,0.9764476
0.09259433,0.9764476
0.09259433,0.9764476
0.09259433,0.9764476
0.09259433,0.9764476
0.09259433,0.9764476
0.09259433,0.9764476
0.09259431,0.9764474
0.09259434,0.9764476
0.09259433,0.9764476
0.09259433,0.9764476
0.09259433,0.9764476
0.09259431,0.9764474
0.09259433,0.9764476
0.09259433,0.9764476
0.09259433,0.9764476
0.09259433,0.9764476
0.09259433,0.9764476
0.09259433,0.9764476
0.09259434,0.9764476
0.06756002,0.9670599
0.06756,0.9670597
0.06756,0.9670597
0.06756002,0.9670599
0.08984375,0.9628906
0.08984375,0.9628906
0.08984375,0.9628906
0.08984375,0.9628906
0.08984375,0.9628906
0.08984375,0.9628906
0.08984375,0.9628906
0.08984375,0.9628906
0.08984375,0.9628906
0.08984375,0.9628906
0.08984375,0.9628906
0.08984375,0.9628906
0.08984375,0.9628906
0.08984375,0.9628906
0.08984375,0.9628906
0.08984375,0.9628906
0.08984375,0.9628906
0.08984375,0.9628906
0.08984375,0.9628906
0.08984375,0.9628906
0.08984375,0.9628906
0.08984375,0.9628906
0.08984375,0.9628906
0.08984375,0.9628906
0.08984375,0.9628906
0.08984375,0.9628906
0.08984375,0.9628906
0.08984375,0.9628906
0.08984375,0.9628906
0.08984369,0.9628906
0.08984375,0.9628906
0.08984375,0.9628906
0.08984375,0.9628906
0.08984375,0.9628906
0.08984369,0.9628906
0.08984375,0.9628906
0.08984369,0.9628906
0.08984369,0.9628906
0.08984375,0.9628906
0.4003906,0.4733019
0.4003906,0.4733019
0.4003906,0.4733019
0.4003906,0.4733019
0.08984375,0.9628906
0.08984375,0.9628906
0.08984375,0.9628906
0.08984375,0.9628906
0.08984375,0.9628906
0.08984375,0.9628906
0.08984375,0.9628906
0.08984375,0.9628906
0.08979684,0.9494709
0.08979684,0.9494709
0.08979684,0.9494709
0.08979684,0.9494709
0.08979684,0.9494709
0.08979684,0.9494709
0.08979684,0.9494709
0.08979684,0.9494709
0.08979684,0.9494709
0.08979684,0.9494709
0.08979684,0.9494709
0.08979684,0.9494709
0.08979684,0.9494709
0.08979684,0.9494709
0.08979684,0.9494709
0.08979684,0.9494709
0.08979684,0.9494709
0.08979684,0.9494709
0.08979684,0.9494709
0.08979684,0.9494709
0.08979684,0.9494709
0.08979684,0.9494709
0.08979684,0.9494709
0.08979684,0.9494709
0.08979684,0.9494709
0.08979684,0.9494709
0.08979684,0.9494709
0.08979684,0.9494709
0.08979684,0.9494709
0.08979684,0.9494709
0.08979684,0.9494709
0.08979684,0.9494709
0.08979684,0.9494709
0.08979684,0.9494709
0.08979684,0.9494709
0.08979684,0.9494709
0.08979684,0.9494709
0.08979684,0.9494709
0.08979684,0.9494709
0.08979684,0.9494709
0.08979684,0.9494709
0.08979684,0.9494709
0.08979684,0.9494709
0.08979684,0.9494709
0.08979684,0.9494709
0.08979684,0.9494709
0.08979684,0.9494709
0.08979684,0.9494709
0.854259,0.6820349
0.854259,0.6820349
0.854259,0.6820349
0.854259,0.6820349
0.854259,0.6820349
0.854259,0.6820349
0.854259,0.6820349
0.854259,0.6820349
0.8540058,0.6812754
0.8540058,0.6812754
0.8540058,0.6812754
0.8540058,0.6812754
0.8540058,0.6812754
0.854259,0.6820349
0.8542591,0.6820349
0.854259,0.6820349
0.854259,0.6820349
0.854259,0.6820349
0.854259,0.6820349
0.854259,0.6820349
0.854259,0.6820349
0.854259,0.6820349
0.855525,0.680769
0.855525,0.680769
0.855525,0.680769
0.855525,0.680769
0.855525,0.680769
0.855525,0.680769
0.855525,0.680769
0.855525,0.680769
0.854259,0.6820349
0.854259,0.6820349
0.854259,0.6820349
0.854259,0.6820349
0.854259,0.6820349
0.854259,0.6820349
0.854259,0.6820349
0.855525,0.680769
0.855525,0.680769
0.855525,0.680769
0.855525,0.680769
0.8557782,0.6769711
0.8557782,0.6769711
0.8557782,0.6769711
0.8557782,0.6769711
0.854259,0.6820349
0.854259,0.6820349
0.854259,0.6820349
0.854259,0.6820349
0.1270164,0.4601158
0.1270164,0.4601159
0.1270164,0.4601158
0.1270164,0.4601158
0.854259,0.6820349
0.854259,0.6820349
0.854259,0.6820349
0.854259,0.6820349
0.854259,0.6820349
0.854259,0.6820349
0.854259,0.6820349
0.854259,0.6820349
0.854259,0.6820349
0.854259,0.6820349
0.854259,0.6820349
0.854259,0.6820349
0.854259,0.6820349
0.854259,0.6820349
0.854259,0.6820349
0.854259,0.6820349
0.854259,0.6820349
0.854259,0.6820349
0.854259,0.6820349
0.854259,0.6820349
0.854259,0.6820349
0.854259,0.6820349
0.854259,0.6820349
0.854259,0.6820349
0.855525,0.680769
0.855525,0.680769
0.855525,0.680769
0.855525,0.680769
0.06756,0.9670597
0.06756,0.9670596
0.06756002,0.9670598
0.06756,0.9670597
0.855525,0.680769
0.855525,0.680769
0.855525,0.680769
0.855525,0.680769
0.8557782,0.6769711
0.8557782,0.6769711
0.8557782,0.6769711
0.8557782,0.6769711
0.06756002,0.9670598
0.06756002,0.9670599
0.06756002,0.9670599
0.06756002,0.9670598
0.855525,0.680769
0.855525,0.680769
0.855525,0.680769
0.855525,0.680769
0.855525,0.680769
0.1664032,0.5484724
0.1664032,0.5484724
0.1664032,0.5484724
0.1664032,0.5484724
0.1664032,0.5484724
0.1664032,0.5484724
0.1664032,0.5484724
0.1664032,0.5484724
0.8557782,0.6769711
0.8557782,0.6769711
0.8557782,0.6769711
0.8557782,0.6769711
0.8557782,0.6769711
0.8557782,0.6769711
0.8557782,0.6769711
0.8557782,0.6769711
0.855525,0.680769
0.855525,0.680769
0.855525,0.680769
0.855525,0.680769
0.8557782,0.6769711
0.8557782,0.6769711
0.8557782,0.6769711
0.8557782,0.6769711
0.8557782,0.6769711
0.8557782,0.6769711
0.8557782,0.6769711
0.8557782,0.6769711
0.8557782,0.6769711
0.8557782,0.6769711
0.8557782,0.6769711
0.8557782,0.6769711
0.8540058,0.6812754
0.8540058,0.6812754
0.8540058,0.6812754
0.8540058,0.6812754
0.8540058,0.6812754
0.8540058,0.6812754
0.8540058,0.6812754
0.8540058,0.6812754
0.1664032,0.5484724
0.1664032,0.5484724
0.1664032,0.5484724
0.1664032,0.5484724
0.854259,0.6820349
0.854259,0.6820349
0.854259,0.6820349
0.854259,0.6820349
0.854259,0.6820349
0.855525,0.680769
0.855525,0.680769
0.855525,0.680769
0.855525,0.680769
0.855525,0.680769
0.855525,0.680769
0.855525,0.680769
0.855525,0.680769
0.855525,0.680769
0.855525,0.680769
0.855525,0.680769
0.855525,0.680769
0.855525,0.680769
0.855525,0.680769
0.855525,0.680769
0.855525,0.680769
0.855525,0.680769
0.855525,0.680769
0.855525,0.680769
0.855525,0.680769
0.855525,0.680769
0.855525,0.680769
0.855525,0.680769
0.855525,0.680769
0.855525,0.680769
0.855525,0.680769
0.855525,0.680769
0.855525,0.680769
0.855525,0.680769
0.855525,0.680769
0.855525,0.680769
0.855525,0.680769
0.855525,0.680769
0.855525,0.680769
0.855525,0.680769
0.855525,0.680769
0.855525,0.680769
0.1270164,0.4601158
0.1270164,0.4601158
0.1270164,0.4601159
0.1270164,0.4601158
0.1270164,0.4601158
0.855525,0.680769
0.855525,0.680769
0.855525,0.680769
0.855525,0.680769
0.855525,0.680769
0.855525,0.680769
0.855525,0.680769
0.855525,0.680769
0.855525,0.680769
0.855525,0.680769
0.855525,0.680769
0.855525,0.680769
0.855525,0.680769
0.855525,0.680769
0.1664032,0.5484724
0.1664032,0.5484724
0.1664032,0.5484724
0.1664032,0.5484724
0.1664032,0.5484724
0.1664032,0.5484724
0.1664032,0.5484724
0.1664032,0.5484724
0.1664032,0.5484724
0.1664032,0.5484724
0.1664032,0.5484724
0.1664032,0.5484724
0.1664032,0.5484724
0.1664032,0.5484724
0.1664032,0.5484724
0.1664033,0.5484724
0.1664033,0.5484724
0.1664032,0.5484724
0.1664032,0.5484724
0.1664032,0.5484724
0.1664032,0.5484724
0.1664032,0.5484724
0.1664032,0.5484724
0.1664032,0.5484724
0.1664032,0.5484724
0.1664032,0.5484724
0.1664032,0.5484724
0.1664032,0.5484724
0.1664032,0.5484724
0.1664032,0.5484724
0.1664032,0.5484724
0.1664032,0.5484724
0.1664032,0.5484724
0.1664032,0.5484724
0.1664032,0.5484724
0.1664032,0.5484724
0.1664032,0.5484724
0.1664033,0.5484724
0.1664032,0.5484724
0.1664032,0.5484724
0.1664032,0.5484723
0.1664032,0.5484725
0.1664032,0.5484724
0.1664032,0.5484724
0.1664032,0.5484724
0.1664032,0.5484724
0.1664032,0.5484724
0.1664032,0.5484724
0.1664032,0.5484724
0.1664032,0.5484724
0.1664032,0.5484724
0.1664032,0.5484724
0.1664032,0.5484724
0.1664032,0.5484724
0.1664032,0.5484724
0.1664032,0.5484724
0.1664032,0.5484724
0.1664031,0.5484724
0.1664032,0.5484724
0.1664032,0.5484724
0.1664032,0.5484724
0.1664032,0.5484724
0.1664032,0.5484724
0.1664032,0.5484724
0.1664032,0.5484724
0.1664032,0.5484724
0.1664032,0.5484724
0.1664032,0.5484724
0.1664032,0.5484723
0.1664032,0.5484724
0.1664032,0.5484724
0.1664032,0.5484724
0.1664032,0.5484724
0.1664032,0.5484724
0.1664032,0.5484724
0.1664032,0.5484724
0.1664032,0.5484724
0.1664032,0.5484723
0.854259,0.6820349
0.854259,0.6820349
0.854259,0.6820349
0.854259,0.6820349
0.854259,0.6820349
0.1664032,0.5484724
0.1664032,0.5484724
0.1664032,0.5484724
0.1664032,0.5484724
0.1664032,0.5484724
0.1664031,0.5484724
0.1664032,0.5484724
0.1664032,0.5484724
0.1664032,0.5484724
0.1664033,0.5484724
0.1664032,0.5484724
0.1664032,0.5484724
0.1664033,0.5484724
0.1664032,0.5484724
0.1664032,0.5484723
0.1664032,0.5484725
0.1664032,0.5484724
0.1664032,0.5484723
0.1664032,0.5484724
0.1664032,0.5484724
0.1664032,0.5484725
0.1664032,0.5484724
0.1664032,0.5484724
0.1664032,0.5484724
0.1664032,0.5484724
0.854259,0.6820349
0.854259,0.6820349
0.854259,0.6820349
0.854259,0.6820349
0.854259,0.6820349
0.1664032,0.5484724
0.1664032,0.5484724
0.1664032,0.5484724
0.1664032,0.5484724
0.1664032,0.5484724
0.1664032,0.5484724
0.1664032,0.5484723
0.1664032,0.5484724
0.1664032,0.5484724
0.1664032,0.5484724
0.1664032,0.5484724
0.1664031,0.5484724
0.1664032,0.5484724
0.1664031,0.5484724
0.1664032,0.5484724
0.1664032,0.5484724
0.1664032,0.5484724
0.1664032,0.5484723
0.1664032,0.5484724
0.1664032,0.5484724
0.1664032,0.5484724
0.1664032,0.5484724
0.1664032,0.5484724
0.1664032,0.5484724
0.1664032,0.5484724
0.1664032,0.5484724
0.1664032,0.5484724
0.1664032,0.5484724
0.1664032,0.5484724
0.1664032,0.5484724
0.1664032,0.5484724
0.1664032,0.5484724
0.1664032,0.5484724
0.1664032,0.5484724
0.1664032,0.5484724
0.1664032,0.5484724
0.1664032,0.5484724
0.1664032,0.5484724
0.1664032,0.5484724
0.1664032,0.5484724
0.1664032,0.5484724
0.1664032,0.5484724
0.1664032,0.5484724
0.1664032,0.5484724
0.1664032,0.5484724
0.1664032,0.5484724
0.1664032,0.5484724
0.1664032,0.5484724
0.1664032,0.5484724
0.1664032,0.5484724
0.1664032,0.5484723
0.1664032,0.5484724
0.1664032,0.5484724
0.1664032,0.5484723
0.1664032,0.5484724
0.1664032,0.5484724
0.1664032,0.5484724
0.1664032,0.5484724
0.1664032,0.5484724
0.1664032,0.5484724
0.1664032,0.5484724
0.1664032,0.5484724
0.1664032,0.5484724
0.1664032,0.5484723
0.1664032,0.5484724
0.1664032,0.5484724
0.1664032,0.5484724
0.1664032,0.5484724
0.1664032,0.5484723
0.1664032,0.5484724
0.1664032,0.5484723
0.1664032,0.5484724
0.1664032,0.5484724
0.1664032,0.5484724
0.1664032,0.5484724
0.1664032,0.5484724
0.1664032,0.5484724
0.1664032,0.5484724
0.1664032,0.5484724
0.1664032,0.5484724
0.1664032,0.5484724
0.1664032,0.5484724
0.1664032,0.5484724
0.1664032,0.5484724
0.1664032,0.5484724
0.1664032,0.5484724
0.1664032,0.5484724
0.1664032,0.5484724
0.1664032,0.5484724
0.1664032,0.5484724
0.1664032,0.5484724
0.1664032,0.5484724
0.1664032,0.5484724
0.1664032,0.5484724
0.1664032,0.5484724
0.1664032,0.5484724
0.1664032,0.5484724
0.1664032,0.5484724
0.1664032,0.5484724
0.1664032,0.5484724
0.1664032,0.5484724
0.1664032,0.5484724
0.1664032,0.5484724
0.8575504,0.6800094
0.8575504,0.6800094
0.8575504,0.6800094
0.8575504,0.6800094
0.8575504,0.6800094
0.8519803,0.6784903
0.8519803,0.6784903
0.8519803,0.6784903
0.8519803,0.6784903
0.8519803,0.6784903
0.8519803,0.6784903
0.8519803,0.6784903
0.8519803,0.6784903
0.8519803,0.6784903
0.8519803,0.6784903
0.8519803,0.6784903
0.8519803,0.6784903
0.8519803,0.6784903
0.8519803,0.6784903
0.8519803,0.6784903
0.8519803,0.6784903
0.8519803,0.6784903
0.8519803,0.6784903
0.8519803,0.6784903
0.8519803,0.6784903
0.8519803,0.6784903
0.8519803,0.6784903
0.8519803,0.6784903
0.8519803,0.6784903
0.8519803,0.6784903
0.8519803,0.6784903
0.8519803,0.6784903
0.8519803,0.6784903
0.8519803,0.6784903
0.8519803,0.6784903
0.8519803,0.6784903
0.8519803,0.6784903
0.8519803,0.6784903
0.8519803,0.6784903
0.8519803,0.6784903
0.8519803,0.6784903
0.8519803,0.6784903
0.8542591,0.6820349
0.8542588,0.6820349
0.854259,0.6820349
0.854259,0.6820349
0.8542588,0.6820349
0.854259,0.6820349
0.854259,0.6820349
0.854259,0.6820349
0.8575504,0.6800094
0.8575504,0.6800094
0.8575504,0.6800094
0.8575504,0.6800094
0.8575504,0.6800094
0.8575504,0.6800094
0.8575504,0.6800094
0.8575504,0.6800094
0.8557782,0.6769711
0.8557782,0.6769711
0.8557782,0.6769711
0.8557782,0.6769711
0.8557782,0.6769711
0.8575504,0.6800094
0.8575504,0.6800094
0.8575504,0.6800094
0.8575504,0.6800094
0.8575504,0.6800094
0.8575504,0.6800094
0.8575504,0.6800094
0.8575504,0.6800094
0.8529931,0.6825413
0.8529931,0.6825413
0.8529931,0.6825413
0.8529931,0.6825413
0.09259433,0.9764476
0.09259433,0.9764476
0.09259433,0.9764476
0.09259433,0.9764476
0.09259433,0.9764476
0.09259433,0.9764476
0.09259433,0.9764476
0.09259433,0.9764476
0.09259433,0.9764476
0.09259433,0.9764476
0.09259433,0.9764476
0.09259433,0.9764476
0.09259433,0.9764476
0.09259433,0.9764476
0.09259433,0.9764476
0.09259433,0.9764476
0.09259433,0.9764476
0.09259433,0.9764476
0.09259433,0.9764476
0.09259433,0.9764476
0.09259433,0.9764476
0.09259433,0.9764476
0.09259433,0.9764476
0.09259433,0.9764476
0.09259433,0.9764476
0.09259433,0.9764476
0.09259433,0.9764476
0.09259433,0.9764476
0.09259433,0.9764476
0.09259433,0.9764476
0.09259433,0.9764476
0.09259433,0.9764476
0.09259433,0.9764476
0.09259433,0.9764476
0.09259433,0.9764476
0.09259433,0.9764476
0.09259433,0.9764476
0.09259433,0.9764476
0.09259433,0.9764476
0.09259433,0.9764476
0.09259433,0.9764476
0.09259433,0.9764476
0.09259433,0.9764476
0.09259433,0.9764476
0.09259433,0.9764476
0.09259433,0.9764476
0.09259433,0.9764476
0.09259433,0.9764476
0.09259433,0.9764476
0.09259433,0.9764476
0.09259433,0.9764476
0.09259433,0.9764476
0.09259433,0.9764476
0.09259433,0.9764476
0.09259433,0.9764476
0.09259433,0.9764476
0.09259433,0.9764476
0.09259433,0.9764476
0.06130147,0.9795768
0.06130147,0.9795768
0.06130147,0.9795768
0.06130147,0.9795768
0.06130147,0.9795768
0.1664032,0.5484724
0.1664032,0.5484724
0.1664032,0.5484724
0.1664032,0.5484724
0.1664032,0.5484724
0.1664032,0.5484724
0.1664032,0.5484724
0.1664032,0.5484724
0.1664032,0.5484724
0.1664032,0.5484724
0.1664032,0.5484724
0.1664032,0.5484724
0.1664032,0.5484724
0.1664032,0.5484724
0.1664032,0.5484724
0.1664032,0.5484724
0.1664032,0.5484724
0.1664032,0.5484724
0.1664032,0.5484724
0.1664032,0.5484724
0.1664032,0.5484724
0.1664032,0.5484724
0.1664032,0.5484724
0.1664032,0.5484724
0.1664032,0.5484724
0.1664032,0.5484724
0.1664032,0.5484724
0.1664032,0.5484724
0.1664032,0.5484724
0.1664032,0.5484724
0.1664032,0.5484724
0.1664032,0.5484724
0.1664032,0.5484724
0.1664032,0.5484724
0.1664032,0.5484724
0.1664032,0.5484724
0.1664032,0.5484724
0.1664032,0.5484724
0.1664032,0.5484724
0.1664032,0.5484724
0.1664032,0.5484724
0.1664032,0.5484724
0.1664032,0.5484724
0.1664032,0.5484724
0.1664032,0.5484724
0.1664032,0.5484724
0.1664032,0.5484724
0.1664032,0.5484724
0.1664032,0.5484724
0.1664032,0.5484724
0.1664032,0.5484724
0.1664032,0.5484724
0.8519803,0.6784903
0.8519803,0.6784903
0.8519803,0.6784903
0.8519803,0.6784903
0.8519803,0.6784903
0.8519803,0.6784903
0.8519803,0.6784903
0.8519803,0.6784903
0.8519803,0.6784903
0.8519803,0.6784903
0.8519803,0.6784903
0.8519803,0.6784903
0.8519803,0.6784903
0.8519803,0.6784903
0.8519803,0.6784903
0.1664032,0.5484724
0.1664032,0.5484724
0.1664032,0.5484724
0.1664032,0.5484724
0.1664032,0.5484724
0.1664032,0.5484724
0.1664032,0.5484724
0.1664032,0.5484724
0.1664032,0.5484724
0.1664032,0.5484724
0.1664032,0.5484724
0.1664032,0.5484724
0.1664032,0.5484724
0.1664032,0.5484724
0.1664032,0.5484724
0.1664032,0.5484724
0.1664032,0.5484724
0.1664032,0.5484724
0.1664032,0.5484724
0.1664032,0.5484724
0.1664032,0.5484724
0.1664032,0.5484724
0.1664032,0.5484724
0.1664032,0.5484724
0.1664032,0.5484724
0.1664032,0.5484724
0.1664032,0.5484724
0.1664032,0.5484724
0.1664032,0.5484724
0.1664032,0.5484724
0.1664032,0.5484724
0.1664032,0.5484724
0.1664032,0.5484724
0.1664032,0.5484724
0.1664032,0.5484724
0.1664032,0.5484724
0.1664032,0.5484724
0.1664032,0.5484724
0.1664032,0.5484724
0.1664032,0.5484724
0.1664032,0.5484724
0.1664032,0.5484724
0.1664032,0.5484724
0.1664032,0.5484723
0.1664032,0.5484724
0.1664032,0.5484724
0.1664032,0.5484724
0.1664032,0.5484724
0.1664032,0.5484724
0.1664032,0.5484724
0.1664032,0.5484724
0.1664032,0.5484724
0.1664032,0.5484724
0.854259,0.6820349
0.854259,0.6820349
0.854259,0.6820349
0.854259,0.6820349
0.854259,0.6820349
0.854259,0.6820349
0.854259,0.6820349
0.854259,0.6820349
0.854259,0.6820349
0.854259,0.6820349
0.854259,0.6820349
0.854259,0.6820349
0.854259,0.6820349
0.854259,0.6820349
0.854259,0.6820349
0.854259,0.6820349
0.854259,0.6820349
0.1051114,0.9639304
0.1051114,0.9639304
0.1051114,0.9639304
0.1051114,0.9639304
0.1051114,0.9639304
0.1051114,0.9639304
0.1051114,0.9639304
0.1051114,0.9639304
0.1051114,0.9639304
0.1051114,0.9639304
0.1051114,0.9639304
0.1051114,0.9639304
0.1051114,0.9639304
0.1051114,0.9639304
0.1051114,0.9639304
0.1051114,0.9639304
0.1051114,0.9639304
0.1051114,0.9639304
0.1051114,0.9639304
0.1051114,0.9639304
0.1051114,0.9639304
0.1051114,0.9639304
0.1051114,0.9639304
0.1051114,0.9639304
0.1051114,0.9639304
0.1051114,0.9639304
0.1051114,0.9639304
0.1051114,0.9639304
0.1051114,0.9639304
0.1051114,0.9639304
0.1051114,0.9639304
0.1051114,0.9639304
0.1051114,0.9639304
0.1051114,0.9639304
0.1051114,0.9639304
0.1051114,0.9639304
0.1051114,0.9639304
0.1051114,0.9639304
0.1664032,0.5484724
0.1664032,0.5484724
0.1664032,0.5484724
0.1664032,0.5484724
0.1664032,0.5484724
0.1664032,0.5484724
0.1664032,0.5484724
0.1664032,0.5484724
0.1664032,0.5484724
0.1664032,0.5484724
0.1664032,0.5484724
0.1664032,0.5484724
0.1664032,0.5484724
0.1664032,0.5484724
0.1664032,0.5484724
0.1664032,0.5484724
0.1664032,0.5484724
0.1664032,0.5484724
0.1664032,0.5484724
0.1664032,0.5484724
0.1664032,0.5484724
0.1664032,0.5484724
0.1664032,0.5484724
0.1664032,0.5484724
0.1664032,0.5484724
0.1664032,0.5484724
0.1664032,0.5484724
0.1664032,0.5484724
0.1664032,0.5484724
0.1664032,0.5484724
0.1664032,0.5484724
0.1664032,0.5484724
0.1664032,0.5484724
0.1664031,0.5484724
0.1664032,0.5484724
0.1664032,0.5484724
0.1664032,0.5484724
0.1664032,0.5484724
0.1664032,0.5484724
0.1664032,0.5484724
0.1664031,0.5484724
0.1664032,0.5484724
0.1664032,0.5484724
0.1664032,0.5484724
0.1664032,0.5484724
0.1664032,0.5484724
0.1664032,0.5484724
0.1664032,0.5484724
0.1664032,0.5484724
0.1664032,0.5484724
0.1664032,0.5484724
0.1664032,0.5484724
0.1664032,0.5484724
0.1664032,0.5484724
0.1664032,0.5484724
0.1664032,0.5484724
0.1664032,0.5484724
0.1664032,0.5484724
0.1664032,0.5484724
0.1664032,0.5484724
0.1664032,0.5484724
0.1664032,0.5484724
0.1664032,0.5484724
0.1664032,0.5484724
0.1664032,0.5484724
0.1664032,0.5484724
0.1664032,0.5484724
0.1664032,0.5484724
0.1664032,0.5484724
0.1664032,0.5484724
0.1664032,0.5484724
0.1664032,0.5484724
0.1664032,0.5484724
0.1664032,0.5484724
0.1664033,0.5484724
0.1664032,0.5484724
0.1664032,0.5484724
0.1664032,0.5484724
0.1664032,0.5484724
0.1664032,0.5484724
0.1664032,0.5484724
0.1664032,0.5484724
0.1664032,0.5484724
0.1664032,0.5484724
0.1664032,0.5484724
0.1664032,0.5484724
0.1664032,0.5484723
0.1664032,0.5484724
0.1664032,0.5484724
0.1664033,0.5484724
0.1664032,0.5484724
0.1664032,0.5484724
0.1664032,0.5484724
0.1664032,0.5484723
0.1664032,0.5484724
0.1664032,0.5484724
0.1664032,0.5484724
0.1664032,0.5484724
0.1664032,0.5484724
0.1664032,0.5484724
0.1664032,0.5484724
0.1664032,0.5484724
0.1664032,0.5484724
0.1664032,0.5484724
0.1664032,0.5484724
0.1664032,0.5484724
0.1664032,0.5484724
0.1664032,0.5484724
0.06756001,0.9670597
0.06756001,0.9670597
0.06756002,0.9670598
0.06756002,0.9670598
0.06756002,0.9670598
0.06756002,0.9670597
0.06756002,0.9670598
0.06756002,0.9670598
0.06756,0.9670596
0.06756002,0.9670597
0.06756002,0.9670598
0.06756002,0.9670598
0.06756002,0.9670597
0.06756002,0.9670598
0.06756002,0.9670598
0.06756002,0.9670598
0.06756002,0.9670597
0.06756001,0.9670597
0.06756002,0.9670598
0.06756002,0.9670598
0.06756002,0.9670597
0.06756002,0.9670598
0.06756002,0.9670598
0.06756002,0.9670598
0.06756002,0.9670598
0.06756002,0.9670598
0.06756002,0.9670598
0.06756002,0.9670598
0.06756001,0.9670597
0.06756002,0.9670599
0.06756002,0.9670598
0.06756002,0.9670598
0.06756002,0.9670598
0.06756002,0.9670598
0.06756002,0.9670598
0.06756002,0.9670598
0.06756002,0.9670597
0.06756002,0.9670599
0.06756002,0.9670598
0.06756002,0.9670598
0.1614385,0.4569868
0.1614385,0.4569867
0.1614385,0.4569866
0.1614385,0.4569867
0.06756002,0.9670599
0.06756002,0.9670597
0.06756002,0.9670598
0.06756002,0.9670598
0.06756002,0.9670598
0.06756002,0.9670597
0.06756002,0.9670598
0.06756002,0.9670598
0.855525,0.680769
0.855525,0.680769
0.855525,0.680769
0.855525,0.680769
0.1270164,0.4601158
0.1270164,0.4601158
0.1270164,0.4601159
0.1270164,0.4601158
0.855525,0.680769
0.855525,0.680769
0.855525,0.680769
0.855525,0.680769
0.855525,0.680769
0.855525,0.680769
0.855525,0.680769
0.855525,0.680769
0.855525,0.680769
0.855525,0.680769
0.855525,0.680769
0.1270164,0.4601158
0.1270164,0.4601159
0.1270165,0.4601158
0.1270164,0.4601158
0.1270164,0.4601157
0.1270164,0.4601158
0.09259432,0.9764475
0.09259433,0.9764476
0.09259433,0.9764476
0.09259433,0.9764476
0.09259433,0.9764476
0.09259433,0.9764476
0.09259433,0.9764476
0.09259433,0.9764476
0.09259432,0.9764475
0.09259433,0.9764476
0.09259433,0.9764476
0.09259433,0.9764476
0.09259433,0.9764476
0.09259433,0.9764476
0.09259433,0.9764476
0.09259433,0.9764476
0.09259433,0.9764476
0.09259433,0.9764476
0.09259433,0.9764476
0.09259433,0.9764476
0.09259433,0.9764476
0.09259433,0.9764476
0.09259433,0.9764476
0.09259433,0.9764476
0.09259432,0.9764476
0.09259433,0.9764476
0.09259433,0.9764476
0.09259433,0.9764476
0.09259433,0.9764476
0.09259433,0.9764476
0.09259431,0.9764474
0.09259433,0.9764476
0.09259433,0.9764476
0.09259434,0.9764476
0.09259433,0.9764476
0.09259433,0.9764476
0.09259433,0.9764476
0.09259431,0.9764474
0.09259433,0.9764476
0.09259433,0.9764476
0.09259433,0.9764476
0.09259433,0.9764476
0.09259434,0.9764476
0.09259433,0.9764476
0.09259433,0.9764476
0.06756002,0.9670599
0.06756002,0.9670599
0.06756,0.9670597
0.06756,0.9670597
0.08984375,0.9628906
0.08984375,0.9628906
0.08984375,0.9628906
0.08984375,0.9628906
0.08984375,0.9628906
0.08984375,0.9628906
0.08984375,0.9628906
0.08984375,0.9628906
0.08984375,0.9628906
0.08984375,0.9628906
0.08984375,0.9628906
0.08984375,0.9628906
0.08984375,0.9628906
0.08984375,0.9628906
0.08984375,0.9628906
0.08984375,0.9628906
0.08984375,0.9628906
0.08984375,0.9628906
0.08984375,0.9628906
0.08984375,0.9628906
0.08984375,0.9628906
0.08984375,0.9628906
0.08984375,0.9628906
0.08984375,0.9628906
0.08984375,0.9628906
0.08984375,0.9628906
0.08984375,0.9628906
0.08984375,0.9628906
0.08984375,0.9628906
0.08984375,0.9628906
0.08984369,0.9628906
0.08984375,0.9628906
0.08984375,0.9628906
0.08984375,0.9628906
0.08984369,0.9628906
0.08984375,0.9628906
0.08984369,0.9628906
0.08984375,0.9628906
0.08984369,0.9628906
0.4003906,0.4733019
0.4003906,0.4733019
0.4003906,0.4733019
0.4003906,0.4733019
0.08984375,0.9628906
0.08984375,0.9628906
0.08984375,0.9628906
0.08984375,0.9628906
0.08984375,0.9628906
0.08984375,0.9628906
0.08984375,0.9628906
0.08984375,0.9628906
0.08979684,0.9494709
0.08979684,0.9494709
0.08979684,0.9494709
0.08979684,0.9494709
0.08979684,0.9494709
0.08979684,0.9494709
0.08979684,0.9494709
0.08979684,0.9494709
0.08979684,0.9494709
0.08979684,0.9494709
0.08979684,0.9494709
0.08979684,0.9494709
0.08979684,0.9494709
0.08979684,0.9494709
0.08979684,0.9494709
0.08979684,0.9494709
0.08979684,0.9494709
0.08979684,0.9494709
0.08979684,0.9494709
0.08979684,0.9494709
0.08979684,0.9494709
0.08979684,0.9494709
0.08979684,0.9494709
0.08979684,0.9494709
0.08979684,0.9494709
0.08979684,0.9494709
0.08979684,0.9494709
0.08979684,0.9494709
0.08979684,0.9494709
0.08979684,0.9494709
0.08979684,0.9494709
0.08979684,0.9494709
0.08979684,0.9494709
0.08979684,0.9494709
0.08979684,0.9494709
0.08979684,0.9494709
0.08979684,0.9494709
0.08979684,0.9494709
0.08979684,0.9494709
0.08979684,0.9494709
0.08979684,0.9494709
0.08979684,0.9494709
0.08979684,0.9494709
0.08979684,0.9494709
0.08979684,0.9494709
0.08979684,0.9494709
0.08979684,0.9494709
0.08979684,0.9494709
0.02130388,0.5158801
0.02130388,0.5158801
0.02130388,0.5158801
0.02130388,0.5158801
0.02130388,0.5158801
0.02130388,0.5158801
0.02130388,0.5158801
0.02130388,0.5158801
0.223526,0.9766732
0.223526,0.9766732
0.223526,0.9766732
0.223526,0.9766732
0.223526,0.9766732
0.223526,0.9766732
0.223526,0.9766732
0.223526,0.9766732
0.223526,0.9766732
0.223526,0.9766732
0.223526,0.9766732
0.223526,0.9766732
0.223526,0.9766732
0.223526,0.9766732
0.223526,0.9766732
0.223526,0.9766732
0.223526,0.9766732
0.223526,0.9766732
0.223526,0.9766732
0.223526,0.9766732
0.223526,0.9766732
0.223526,0.9766732
0.223526,0.9766732
0.223526,0.9766732
0.223526,0.9766732
0.223526,0.9766732
0.223526,0.9766732
0.223526,0.9766732
0.223526,0.9766732
0.223526,0.9766732
0.223526,0.9766732
0.223526,0.9766732
0.223526,0.9766732
0.223526,0.9766732
0.223526,0.9766732
0.223526,0.9766732
0.223526,0.9766732
0.223526,0.9766732
0.223526,0.9766732
0.223526,0.9766732
0.223526,0.9766732
0.223526,0.9766732
0.223526,0.9766732
0.223526,0.9766732
0.223526,0.9766732
0.223526,0.9766732
0.223526,0.9766732
0.223526,0.9766732
0.223526,0.9766732
0.223526,0.9766732
0.223526,0.9766732
0.223526,0.9766732
0.223526,0.9766732
0.223526,0.9766732
0.223526,0.9766732
0.223526,0.9766732
0.08984375,0.9628906
0.08984375,0.9628906
0.08984375,0.9628906
0.08984375,0.9628906
0.08984375,0.9628906
0.08984375,0.9628906
0.08984375,0.9628906
0.08984375,0.9628906
0.08984375,0.9628906
0.08984375,0.9628906
0.08984375,0.9628906
0.08984375,0.9628906
0.08984375,0.9628906
0.08984375,0.9628906
0.08984375,0.9628906
0.08984375,0.9628906
0.2709634,0.9795768
0.2709634,0.9795768
0.2709634,0.9795768
0.2709634,0.9795768
0.2709634,0.9795768
0.2709634,0.9795768
0.2709634,0.9795768
0.2709634,0.9795768
0.2709634,0.9795768
0.2709634,0.9795768
0.2709634,0.9795768
0.2709634,0.9795768
0.2709634,0.9795768
0.2709634,0.9795768
0.2709634,0.9795768
0.2709634,0.9795768
0.2709634,0.9795768
0.2709634,0.9795768
0.2709634,0.9795768
0.2709634,0.9795768
0.2709634,0.9795768
0.2709634,0.9795768
0.2709634,0.9795768
0.7686366,0.02197425
0.7686366,0.02197425
0.7686366,0.02197425
0.7686366,0.02197425
0.7686366,0.02197425
0.7686366,0.02197425
0.7686366,0.02197425
0.7686366,0.02197425
0.7686366,0.02197425
0.7686366,0.02197425
0.7686366,0.02197425
0.7686366,0.02197425
0.7686366,0.02197425
0.7686366,0.02197425
0.7686366,0.02197425
0.7686366,0.02197425
0.7686366,0.02197425
0.7686366,0.02197425
0.7686366,0.02197425
0.7686366,0.02197425
0.7686366,0.02197425
0.7686366,0.02197425
0.8467515,0.6416143
0.8467515,0.6416143
0.8467515,0.6416143
0.8467515,0.6416143
0.8467515,0.6416143
0.8467515,0.6416143
0.8467515,0.6416143
0.8467515,0.6416143
0.8467515,0.6416143
0.8467515,0.6416143
0.8467515,0.6416143
0.8467515,0.6416143
0.7686366,0.02197425
0.7686366,0.02197425
0.7686366,0.02197425
0.7686366,0.02197425
0.2709634,0.9795768
0.2709634,0.9795768
0.2709634,0.9795768
0.2709634,0.9795768
0.2709634,0.9795768
0.2709634,0.9795768
0.2709634,0.9795768
0.2709634,0.9795768
0.2709634,0.9795768
0.2709634,0.9795768
0.2709634,0.9795768
0.2709634,0.9795768
0.2709634,0.9795768
0.2709634,0.9795768
0.2709634,0.9795768
0.2709634,0.9795768
0.2709634,0.9795768
0.2709634,0.9795768
0.2709634,0.9795768
0.2709634,0.9795768
0.2709634,0.9795768
0.2709634,0.9795768
0.2709634,0.9795768
0.7686366,0.02197425
0.7686366,0.02197425
0.7686366,0.02197425
0.7686366,0.02197425
0.7686366,0.02197425
0.7686366,0.02197425
0.7686366,0.02197425
0.7686366,0.02197425
0.7686366,0.02197425
0.7686366,0.02197425
0.7686366,0.02197425
0.7686366,0.02197425
0.7686366,0.02197425
0.7686366,0.02197425
0.7686366,0.02197425
0.7686366,0.02197425
0.7686366,0.02197425
0.7686366,0.02197425
0.7686366,0.02197425
0.7686366,0.02197425
0.7686366,0.02197425
0.7686366,0.02197425
0.8467515,0.6416143
0.8467515,0.6416143
0.8467515,0.6416143
0.8467515,0.6416143
0.8467515,0.6416143
0.8467515,0.6416143
0.8467515,0.6416143
0.8467515,0.6416143
0.8467515,0.6416143
0.8467515,0.6416143
0.8467515,0.6416143
0.8467515,0.6416143
0.7686366,0.02197425
0.7686366,0.02197425
0.7686366,0.02197425
0.7686366,0.02197425
2
4776
0
1
2
3
1
4
4
5
3
4
6
5
7
8
9
10
11
12
13
14
15
16
17
18
19
20
21
19
21
22
23
19
22
22
24
23
24
22
25
25
26
24
27
28
29
29
30
27
30
31
27
32
33
34
34
35
32
34
36
35
37
38
39
37
39
40
41
42
43
41
43
44
45
41
44
44
46
45
44
47
46
46
48
45
49
50
51
49
51
52
53
49
52
52
54
53
52
55
54
56
57
58
56
58
59
60
61
62
60
62
63
64
63
62
64
62
65
66
67
68
66
68
69
70
69
68
70
68
71
72
73
74
72
74
75
76
77
78
76
78
79
80
81
82
83
80
82
84
85
86
84
86
87
88
89
90
88
91
89
91
92
89
91
93
92
94
95
96
96
97
94
97
98
94
99
97
96
99
96
100
101
99
100
101
100
102
102
103
101
104
105
106
104
106
107
108
109
110
108
110
111
112
113
114
112
114
115
116
117
118
116
118
119
120
121
122
120
122
123
124
123
122
122
125
124
125
126
124
124
126
127
124
127
128
129
128
130
129
130
131
129
131
132
129
132
133
133
134
129
135
134
133
135
133
136
137
138
139
137
139
140
141
142
143
141
143
144
145
146
147
147
148
145
148
149
145
150
151
152
150
152
153
154
155
156
154
156
157
158
159
160
158
160
161
162
163
164
162
164
165
166
167
168
166
168
169
170
171
172
170
172
173
174
175
176
174
176
177
178
179
180
178
180
181
182
183
184
182
184
185
186
187
188
186
188
189
190
191
192
190
192
193
194
195
196
197
194
196
196
198
197
199
200
201
199
201
202
203
204
205
203
205
206
207
208
209
207
209
210
211
212
213
211
214
212
214
215
212
214
216
215
217
218
219
217
219
220
221
222
223
221
223
224
225
226
227
225
227
228
229
230
231
229
231
232
233
232
231
233
231
234
235
236
237
235
237
238
239
238
237
239
237
240
241
242
243
241
243
244
245
244
243
245
243
246
247
248
249
249
250
247
249
251
250
251
252
250
251
253
252
254
255
256
256
257
254
256
258
257
259
260
261
259
261
262
263
264
265
263
265
266
266
265
267
266
267
268
269
270
271
269
271
272
273
272
271
273
271
274
275
276
277
275
277
278
279
280
281
279
281
282
283
284
285
283
285
286
287
288
289
287
290
288
291
290
287
291
292
290
293
294
295
293
295
296
297
298
299
297
299
300
300
299
301
302
297
300
300
301
303
302
300
304
304
300
303
305
302
304
305
304
306
303
306
304
307
305
306
307
306
308
303
309
306
308
306
309
308
309
310
303
311
309
310
309
311
310
311
312
312
311
313
312
313
314
314
313
315
314
315
316
316
315
317
316
317
318
318
317
319
318
319
320
320
319
321
320
321
322
322
321
323
322
323
324
324
323
325
324
325
326
327
328
329
327
329
330
331
332
333
331
333
334
335
336
337
335
337
338
339
340
341
339
341
342
342
341
343
342
343
344
345
346
347
345
347
348
349
350
351
349
351
352
353
354
355
353
355
356
357
358
359
359
360
357
360
361
357
362
363
364
364
365
362
364
366
365
367
368
369
367
369
370
371
372
373
371
373
374
375
376
377
375
377
378
379
380
381
379
381
382
383
384
385
383
385
386
387
388
389
389
390
387
389
391
390
392
393
394
392
395
393
396
395
392
396
397
395
398
397
396
398
399
397
400
399
398
400
401
399
402
401
400
402
403
401
404
403
402
404
405
403
406
405
404
406
407
405
408
407
406
408
409
407
410
409
408
410
411
409
412
411
410
412
413
411
414
413
412
414
415
413
416
417
418
418
419
416
418
420
419
418
421
420
418
422
421
418
423
422
424
425
426
424
426
427
428
429
430
428
431
429
429
431
432
432
433
429
432
434
433
435
436
437
437
438
435
439
438
437
437
440
439
441
442
443
441
443
444
445
446
447
445
447
448
449
450
451
449
452
450
453
450
452
453
454
450
455
456
457
455
457
458
459
460
461
459
461
462
463
464
465
463
465
466
467
468
469
467
469
470
471
472
473
471
473
474
475
476
477
475
477
478
479
480
481
479
481
482
483
484
485
483
486
484
487
484
486
487
488
484
489
490
491
489
491
492
493
494
495
493
495
496
497
498
499
497
499
500
501
502
503
501
504
502
505
504
501
505
506
504
507
508
509
507
510
508
511
507
512
513
512
514
514
515
513
515
516
513
517
518
519
519
520
517
520
521
517
522
523
524
522
524
525
526
527
528
526
529
527
526
530
529
526
531
530
532
533
534
532
534
535
536
537
538
536
538
539
540
541
542
540
542
543
544
545
546
544
546
547
548
549
550
550
551
548
550
552
551
553
554
555
553
556
554
553
557
556
553
558
557
559
560
561
559
561
562
563
562
561
563
561
564
565
566
567
567
568
565
568
569
565
568
570
569
570
571
569
570
572
571
573
571
572
573
574
571
574
573
575
575
576
574
575
577
576
577
578
576
579
580
581
579
581
582
583
584
585
583
585
586
587
588
589
587
589
590
591
592
593
591
593
594
595
596
597
595
597
598
599
600
601
599
602
600
600
602
603
600
603
604
605
604
603
605
603
606
607
605
606
607
608
605
609
610
611
609
612
610
610
612
613
610
613
614
615
614
613
615
613
616
617
615
616
617
618
615
619
620
621
619
621
622
623
624
625
623
625
626
627
626
625
627
625
628
629
630
631
629
631
632
633
634
635
635
636
633
635
637
636
638
639
640
638
640
641
642
643
644
642
644
645
646
647
648
646
648
649
650
651
652
650
652
653
654
655
656
654
656
657
658
659
660
658
660
661
662
663
664
662
664
665
666
667
668
666
668
669
670
671
672
670
672
673
674
675
676
674
676
677
678
679
680
678
680
681
682
683
684
682
684
685
686
687
688
686
688
689
690
691
692
690
692
693
694
695
696
694
697
695
698
697
694
698
699
697
700
701
702
700
702
703
704
705
706
704
706
707
708
709
710
710
711
708
710
712
711
713
714
715
713
715
716
717
718
719
717
720
718
717
721
720
717
722
721
723
724
725
723
725
726
727
726
725
727
725
728
729
730
731
729
731
732
733
734
735
733
735
736
737
738
739
737
739
740
741
742
743
743
742
744
743
744
745
746
747
748
746
748
749
749
748
750
751
752
746
751
753
752
746
754
751
755
751
754
756
754
746
756
746
757
756
757
750
758
756
750
750
759
758
754
756
760
755
754
760
751
761
753
761
762
753
753
762
763
753
763
764
764
763
765
764
765
766
761
767
762
768
767
761
751
768
761
768
769
767
751
769
768
751
770
769
751
771
770
751
772
771
772
773
771
772
774
773
774
772
751
774
775
773
774
776
775
776
774
751
776
777
775
776
778
777
778
779
777
778
780
779
781
776
751
782
781
751
751
783
782
755
783
751
784
782
783
784
785
782
786
785
784
787
786
784
784
788
787
783
789
784
789
783
755
790
789
755
755
791
790
790
792
789
793
789
792
794
789
793
793
795
794
795
796
794
797
790
791
798
791
755
755
760
798
760
799
798
800
799
760
800
760
801
801
802
800
801
803
802
791
798
804
805
797
791
797
805
806
807
806
805
808
807
805
805
809
808
791
810
805
811
810
791
791
804
811
804
812
811
811
812
813
814
811
813
813
815
814
816
817
818
816
818
819
820
821
822
820
822
823
824
825
826
824
826
827
828
829
830
828
830
831
832
833
834
832
834
835
836
837
838
836
839
837
840
837
839
840
841
837
842
843
844
842
844
845
846
847
848
846
848
849
850
851
852
850
852
853
853
852
854
853
854
855
855
854
856
855
856
857
857
856
858
857
858
859
860
859
858
860
858
861
862
860
861
862
861
863
864
862
863
864
863
865
866
864
865
866
865
867
868
869
870
870
871
868
870
872
871
873
872
870
873
874
872
875
876
877
875
877
878
879
880
881
879
881
882
883
884
885
883
885
886
887
883
886
886
885
888
887
886
889
886
888
890
889
886
890
889
890
891
892
893
894
892
894
895
896
892
895
896
895
897
896
897
898
896
898
899
899
898
900
899
900
901
902
903
904
902
904
905
905
904
906
905
906
907
908
909
910
908
910
911
912
913
914
912
914
915
915
914
916
915
916
917
918
919
920
918
920
921
922
923
924
922
924
925
926
927
928
926
928
929
930
931
932
930
932
933
934
935
936
934
936
937
938
939
940
938
940
941
942
943
944
942
944
945
946
947
948
948
949
946
948
950
949
948
951
950
952
953
954
955
954
953
955
953
956
957
955
956
956
958
957
958
959
957
958
960
959
958
961
960
958
962
961
963
964
965
963
965
966
966
965
967
966
967
968
968
967
969
968
969
970
970
969
971
970
971
972
973
974
975
973
976
974
977
976
973
977
978
976
979
978
977
979
980
978
981
980
979
981
982
980
983
982
981
983
984
982
985
984
983
985
986
984
987
986
985
987
988
986
989
990
991
989
991
992
993
994
995
993
995
996
997
998
999
997
999
1000
1001
1002
1003
1001
1003
1004
1005
1006
1007
1005
1007
1008
1008
1007
1009
1008
1009
1010
1011
1012
1013
1011
1013
1014
1015
1016
1017
1015
1018
1016
1019
1018
1015
1019
1020
1018
1021
1022
1023
1021
1023
1024
1025
1026
1027
1025
1027
1028
1029
1030
1031
1029
1031
1032
1033
1034
1035
1033
1035
1036
1037
1038
1039
1037
1039
1040
1041
1042
1043
1041
1043
1044
1045
1046
1047
1047
1048
1045
1048
1049
1045
1049
1050
1045
1050
1051
1045
1050
1052
1051
1050
1053
1052
1053
1054
1052
1054
1055
1052
1054
1056
1055
1056
1057
1055
1058
1059
1060
1058
1060
1061
1062
1063
1064
1062
1064
1065
1066
1067
1068
1066
1068
1069
1070
1071
1072
1070
1072
1073
1074
1075
1076
1074
1076
1077
1078
1079
1080
1078
1080
1081
1082
1083
1084
1082
1084
1085
1086
1087
1088
1086
1088
1089
1090
1091
1092
1090
1092
1093
1094
1095
1096
1094
1096
1097
1098
1099
1100
1100
1101
1098
1100
1102
1101
1102
1103
1101
1102
1104
1103
1104
1105
1103
1104
1106
1105
1106
1107
1105
1106
1108
1107
1109
1110
1111
1109
1111
1112
1113
1114
1115
1113
1115
1116
1117
1118
1119
1117
1119
1120
1121
1122
1123
1121
1123
1124
1125
1126
1127
1125
1127
1128
1129
1130
1131
1129
1131
1132
1132
1131
1133
1132
1133
1134
1134
1135
1132
1136
1134
1133
1136
1133
1137
1138
1136
1137
1138
1137
1139
1134
1136
1140
1134
1141
1135
1134
1140
1141
1142
1135
1141
1142
1141
1143
1144
1135
1142
1145
1143
1141
1145
1141
1140
1146
1145
1140
1144
1147
1135
1146
1140
1148
1147
1144
1149
1150
1146
1148
1149
1151
1147
1148
1152
1150
1151
1153
1147
1148
1154
1152
1155
1147
1153
1155
1153
1156
1157
1154
1148
1157
1158
1154
1159
1160
1147
1159
1147
1161
1162
1163
1148
1162
1148
1164
1165
1166
1167
1165
1167
1168
1169
1170
1171
1169
1171
1172
1173
1174
1175
1173
1175
1176
1177
1176
1175
1177
1175
1178
1179
1180
1181
1179
1181
1182
1183
1184
1185
1183
1185
1186
1187
1188
1189
1187
1189
1190
1191
1192
1193
1191
1193
1194
1195
1196
1197
1195
1198
1196
1199
1198
1195
1199
1200
1198
1199
1201
1200
1199
1202
1201
1202
1203
1201
1202
1204
1203
1205
1206
1207
1205
1207
1208
1209
1210
1211
1209
1211
1212
1213
1214
1215
1213
1215
1216
1217
1218
1219
1218
1220
1219
1221
1222
1223
1223
1224
1221
1223
1225
1224
1226
1227
1228
1228
1229
1226
1229
1230
1226
1229
1231
1230
1232
1233
1234
1234
1235
1232
1234
1236
1235
1234
1237
1236
1238
1239
1240
1238
1241
1239
1242
1241
1238
1242
1243
1241
1244
1243
1242
1244
1245
1243
1246
1245
1244
1246
1247
1245
1248
1247
1246
1248
1249
1247
1250
1249
1248
1250
1251
1249
1252
1253
1251
1252
1251
1254
1255
1256
1257
1255
1257
1258
1258
1257
1259
1258
1259
1260
1260
1259
1261
1260
1261
1262
1262
1261
1263
1262
1263
1264
1264
1263
1265
1264
1265
1266
1267
1268
1269
1267
1269
1270
1271
1272
1273
1271
1273
1274
1275
1276
1277
1275
1277
1278
1279
1280
1281
1279
1281
1282
1283
1284
1285
1283
1285
1286
1287
1288
1289
1287
1289
1290
1291
1292
1293
1291
1293
1294
1295
1296
1297
1295
1297
1298
1299
1300
1301
1299
1301
1302
1303
1304
1305
1303
1305
1306
1307
1308
1309
1307
1309
1310
1311
1312
1313
1311
1313
1314
1315
1316
1317
1315
1317
1318
1319
1315
1318
1319
1318
1320
1321
1319
1320
1321
1320
1322
1323
1324
1322
1323
1322
1325
1326
1327
1328
1326
1328
1329
1330
1331
1332
1330
1332
1333
1334
1335
1336
1334
1336
1337
1338
1339
1340
1338
1340
1341
1342
1343
1344
1342
1344
1345
1346
1347
1348
1346
1348
1349
1350
1351
1352
1350
1352
1353
1354
1355
1356
1354
1356
1357
1358
1359
1360
1358
1360
1361
1362
1363
1364
1362
1364
1365
1366
1367
1368
1366
1368
1369
1370
1371
1372
1370
1372
1373
1374
1375
1376
1374
1376
1377
1378
1379
1380
1378
1380
1381
1382
1383
1384
1382
1384
1385
1386
1387
1388
1386
1389
1387
1389
1386
1390
1390
1391
1389
1392
1389
1391
1391
1393
1392
1394
1395
1396
1396
1397
1394
1396
1398
1397
1399
1400
1401
1401
1402
1399
1402
1403
1399
1404
1405
1406
1404
1406
1407
1408
1409
1410
1408
1411
1409
1411
1408
1412
1412
1413
1411
1412
1414
1413
1413
1415
1411
1416
1417
1418
1416
1419
1417
1419
1416
1420
1420
1421
1419
1421
1422
1419
1423
1424
1425
1423
1425
1426
1427
1428
1429
1427
1429
1430
1431
1432
1433
1431
1433
1434
1435
1436
1437
1436
1435
1438
1439
1440
1441
1439
1441
1442
1443
1444
1445
1443
1445
1446
1446
1445
1447
1446
1447
1448
1449
1450
1451
1449
1451
1452
1452
1453
1449
1454
1449
1453
1454
1455
1449
1456
1455
1454
1457
1456
1454
1454
1458
1457
1459
1460
1461
1459
1461
1462
1463
1464
1465
1463
1465
1466
1467
1468
1469
1467
1469
1470
1471
1472
1473
1471
1473
1474
1475
1476
1477
1475
1477
1478
1479
1480
1481
1479
1481
1482
1483
1484
1485
1485
1486
1483
1485
1487
1486
1488
1489
1490
1488
1490
1491
1492
1493
1494
1492
1494
1495
1496
1497
1498
1496
1498
1499
1500
1501
1502
1500
1502
1503
1504
1505
1506
1504
1506
1507
1508
1509
1510
1508
1510
1511
1512
1513
1514
1512
1514
1515
1516
1517
1518
1516
1518
1519
1520
1521
1522
1520
1522
1523
1524
1525
1526
1524
1526
1527
1528
1529
1530
1528
1530
1531
1532
1533
1534
1535
1532
1534
1534
1536
1535
1537
1538
1539
1537
1539
1540
1541
1542
1543
1541
1543
1544
1545
1546
1547
1545
1547
1548
1549
1550
1551
1549
1551
1552
1552
1551
1553
1552
1553
1554
1555
1556
1557
1555
1557
1558
1559
1560
1561
1559
1561
1562
1563
1564
1565
1563
1565
1566
1567
1568
1569
1569
1570
1567
1570
1571
1567
1571
1570
1572
1571
1572
1573
1574
1575
1576
1576
1577
1574
1577
1578
1574
1579
1580
1581
1579
1581
1582
1583
1584
1585
1583
1586
1584
1586
1587
1584
1586
1588
1587
1589
1590
1591
1589
1591
1592
1593
1594
1595
1593
1595
1596
1597
1598
1599
1597
1599
1600
1601
1602
1603
1601
1603
1604
1605
1601
1604
1605
1604
1606
1607
1608
1609
1607
1609
1610
1611
1612
1613
1611
1614
1612
1614
1615
1612
1616
1614
1611
1614
1617
1615
1616
1618
1614
1617
1614
1618
1619
1618
1616
1619
1620
1618
1618
1620
1617
1621
1620
1619
1621
1622
1620
1620
1623
1617
1622
1623
1620
1622
1624
1623
1623
1625
1617
1624
1625
1623
1624
1626
1625
1626
1627
1625
1626
1628
1627
1628
1629
1627
1628
1630
1629
1630
1631
1629
1630
1632
1631
1632
1633
1631
1632
1634
1633
1634
1635
1633
1634
1636
1635
1636
1637
1635
1636
1638
1637
1638
1639
1637
1638
1640
1639
1641
1642
1643
1641
1643
1644
1645
1646
1647
1645
1647
1648
1649
1650
1651
1649
1651
1652
1653
1654
1655
1653
1656
1654
1656
1657
1654
1656
1658
1657
1659
1660
1661
1659
1661
1662
1663
1664
1665
1663
1665
1666
1667
1668
1669
1667
1669
1670
1671
1672
1673
1673
1674
1671
1673
1675
1674
1676
1677
1678
1678
1679
1676
1679
1680
1676
1681
1682
1683
1681
1683
1684
1685
1686
1687
1685
1687
1688
1689
1690
1691
1689
1691
1692
1693
1694
1695
1693
1695
1696
1697
1698
1699
1697
1699
1700
1701
1702
1703
1703
1704
1701
1704
1705
1701
1706
1707
1708
1706
1708
1709
1710
1706
1709
1710
1709
1711
1712
1710
1711
1712
1711
1713
1714
1712
1713
1714
1713
1715
1716
1714
1715
1716
1715
1717
1718
1716
1717
1718
1717
1719
1720
1718
1719
1720
1719
1721
1722
1720
1721
1722
1721
1723
1724
1722
1723
1724
1723
1725
1726
1724
1725
1726
1725
1727
1728
1726
1727
1728
1727
1729
1730
1731
1732
1732
1733
1730
1733
1734
1730
1734
1735
1730
1735
1736
1730
1736
1737
1730
1738
1739
1740
1738
1740
1741
1742
1743
1744
1742
1744
1745
1746
1745
1744
1746
1744
1747
1747
1748
1746
1749
1750
1751
1751
1752
1749
1752
1751
1753
1753
1754
1752
1755
1756
1757
1755
1757
1758
1759
1760
1761
1759
1761
1762
1763
1764
1765
1763
1765
1766
1767
1768
1769
1767
1769
1770
1771
1772
1773
1771
1773
1774
1775
1776
1777
1775
1777
1778
1779
1780
1781
1779
1781
1782
1783
1784
1785
1783
1785
1786
1787
1788
1789
1787
1789
1790
1791
1792
1793
1791
1793
1794
1795
1796
1797
1795
1797
1798
1799
1800
1801
1799
1801
1802
1803
1804
1805
1803
1805
1806
1807
1803
1806
1807
1806
1808
1809
1810
1811
1811
1812
1809
1811
1813
1812
1814
1815
1816
1814
1816
1817
1818
1819
1820
1818
1820
1821
1822
1823
1824
1822
1824
1825
1826
1827
1828
1826
1828
1829
1830
1831
1832
1830
1832
1833
1834
1835
1836
1836
1837
1834
1837
1838
1834
1839
1840
1841
1839
1841
1842
1843
1844
1845
1843
1845
1846
1847
1848
1849
1847
1849
1850
1851
1852
1853
1851
1853
1854
1855
1856
1857
1855
1857
1858
1859
1860
1861
1859
1861
1862
1863
1864
1865
1863
1865
1866
1867
1868
1869
1869
1870
1867
1870
1871
1867
1872
1873
1874
1872
1874
1875
1876
1877
1878
1876
1878
1879
1880
1881
1882
1880
1882
1883
1884
1885
1886
1884
1886
1887
1888
1889
1890
1888
1890
1891
1892
1893
1894
1892
1894
1895
1896
1897
1898
1896
1898
1899
1900
1901
1902
1900
1902
1903
1904
1905
1906
1904
1906
1907
1908
1909
1910
1908
1910
1911
1912
1913
1914
1912
1914
1915
1916
1917
1918
1916
1918
1919
1920
1921
1922
1920
1922
1923
1924
1925
1926
1924
1926
1927
1928
1929
1930
1928
1930
1931
1932
1928
1931
1932
1931
1933
1934
1935
1936
1934
1936
1937
1938
1939
1940
1938
1940
1941
1942
1943
1944
1944
1945
1942
1944
1946
1945
1947
1948
1949
1947
1949
1950
1951
1952
1953
1951
1953
1954
1955
1956
1957
1955
1957
1958
1959
1960
1961
1959
1961
1962
1963
1964
1965
1964
1966
1965
1964
1967
1966
782
1968
1969
782
1970
1968
1970
786
1968
1971
1972
1973
1971
1973
1974
1975
1976
1977
1975
1977
1978
1979
1980
1981
1979
1981
1982
1983
1984
1985
1983
1985
1986
1987
1988
1989
1987
1989
1990
1991
1992
1993
1991
1993
1994
1995
1996
1997
1995
1997
1998
1999
2000
2001
1999
2001
2002
2002
2003
1999
2004
1999
2003
2004
2003
2005
2006
2007
2008
2006
2008
2009
2010
2011
2012
2010
2012
2013
2014
2015
2016
2014
2017
2015
2018
2017
2014
2017
2019
2015
2018
2020
2017
2017
2021
2019
2020
2021
2017
2020
2022
2021
2023
2024
2025
2023
2026
2024
2026
2027
2024
2026
2028
2027
2029
2030
2031
2029
2031
2032
2033
2034
2035
2033
2036
2034
2036
2037
2034
2036
2038
2037
2039
2040
2041
2039
2041
2042
2043
2044
2045
2043
2045
2046
2047
2048
2049
2047
2049
2050
2051
2052
2053
2051
2053
2054
2055
2056
2057
2055
2057
2058
2059
2060
2061
2059
2061
2062
2063
2064
2065
2063
2065
2066
2067
2068
2069
2069
2070
2067
2069
2071
2070
2071
2072
2070
2073
2074
2075
2076
2073
2075
2077
2076
2075
2078
2077
2075
2078
2075
2079
2080
2078
2079
2079
2081
2080
2081
2082
2080
2083
2082
2081
2084
2085
2086
2084
2087
2085
2087
2088
2085
2087
2089
2088
2089
2090
2088
2089
2091
2090
2091
2092
2090
2091
2093
2092
2094
2095
2096
2094
2096
2097
2098
2094
2097
2098
2097
2099
2100
2098
2099
2100
2099
2101
2102
2100
2101
2102
2101
2103
2104
2102
2103
2104
2103
2105
2106
2104
2105
2106
2105
2107
2108
2106
2107
2108
2107
2109
2110
2111
2112
2110
2112
2113
2114
2115
2116
2114
2116
2117
2118
2119
2120
2118
2120
2121
2122
2123
2124
2122
2124
2125
2126
2127
2128
2126
2129
2127
2129
2130
2127
2129
2131
2130
2132
2133
2134
2132
2134
2135
2136
2137
2138
2136
2138
2139
2140
2136
2139
2140
2139
2141
2142
2143
2144
2142
2144
2145
2146
2147
2148
2146
2148
2149
2150
2151
2152
2150
2152
2153
2154
2155
2156
2154
2156
2157
2158
2159
2160
2158
2160
2161
2162
2163
2164
2162
2164
2165
2166
2167
2168
2168
2169
2166
2168
2170
2169
2168
2171
2170
2168
2172
2171
2172
2173
2171
2173
2174
2171
2173
2175
2174
2173
2176
2175
2176
2177
2175
2176
2178
2177
2179
2180
2181
2179
2181
2182
2183
2184
2185
2183
2185
2186
2187
2188
2189
2187
2189
2190
2191
2192
2193
2191
2193
2194
2195
2196
2197
2195
2197
2198
2199
2200
2201
2199
2201
2202
2203
2204
2205
2203
2205
2206
2207
2208
2209
2207
2209
2210
2211
2212
2213
2211
2213
2214
2215
2216
2217
2215
2217
2218
2219
2220
2221
2221
2222
2219
2222
2223
2219
2222
2224
2223
2224
2225
2223
2224
2226
2225
2226
2227
2225
2226
2228
2227
2228
2229
2227
2230
2231
2232
2230
2232
2233
2234
2235
2236
2234
2236
2237
2238
2239
2240
2238
2240
2241
2242
2243
2244
2242
2244
2245
2246
2247
2248
2246
2248
2249
2250
2251
2252
2250
2252
2253
2254
2255
2256
2254
2256
2257
2258
2259
2260
2258
2260
2261
2262
2263
2264
2262
2264
2265
2266
2267
2268
2266
2268
2269
2270
2271
2272
2270
2272
2273
2274
2275
2276
2274
2276
2277
2278
2279
2280
2278
2280
2281
2282
2283
2284
2282
2284
2285
2286
2287
2288
2286
2289
2287
2290
2291
2292
2292
2293
2290
2293
2294
2290
2295
2296
2297
2297
2298
2295
2297
2299
2298
2297
2300
2299
2301
2302
2303
2303
2304
2301
2304
2305
2301
2305
2306
2301
2307
2308
2309
2307
2309
2310
2311
2307
2310
2311
2310
2312
2313
2311
2312
2313
2312
2314
2315
2313
2314
2315
2314
2316
2317
2315
2316
2317
2316
2318
2319
2317
2318
2319
2318
2320
2321
2322
2320
2321
2320
2323
2324
2325
2326
2324
2327
2325
2327
2328
2325
2327
2329
2328
2329
2330
2328
2329
2331
2330
2331
2332
2330
2331
2333
2332
2333
2334
2332
2333
2335
2334
2336
2337
2338
2336
2338
2339
2340
2341
2342
2340
2342
2343
2344
2345
2346
2344
2346
2347
2348
2349
2350
2348
2350
2351
2352
2353
2354
2352
2354
2355
2356
2357
2358
2356
2358
2359
2360
2361
2362
2360
2362
2363
2364
2365
2366
2364
2366
2367
2368
2369
2370
2368
2370
2371
2372
2373
2374
2372
2374
2375
2376
2377
2378
2376
2378
2379
2380
2381
2382
2380
2382
2383
2384
2385
2386
2384
2387
2385
2388
2387
2384
2388
2389
2387
2390
2389
2388
2390
2391
2389
2392
2393
2391
2392
2391
2394
2395
2396
2397
2395
2397
2398
2399
2400
2401
2399
2401
2402
2403
2404
2405
2403
2405
2406
2407
2408
2409
2407
2409
2410
2411
2412
2413
2411
2413
2414
2415
2416
2417
2415
2417
2418
2419
2420
2421
2419
2421
2422
2423
2424
2425
2423
2425
2426
2427
2428
2429
2427
2429
2430
2431
2432
2433
2431
2433
2434
2435
2436
2437
2435
2437
2438
2439
2440
2441
2439
2441
2442
2443
2444
2445
2443
2445
2446
2447
2448
2449
2447
2449
2450
2451
2452
2453
2451
2453
2454
2455
2456
2457
2457
2458
2455
2457
2459
2458
2459
2460
2458
2459
2461
2460
2461
2462
2460
2463
2464
2465
2463
2465
2466
2467
2468
2469
2467
2469
2470
2471
2472
2473
2471
2473
2474
2475
2476
2477
2477
2478
2475
2477
2479
2478
2479
2480
2478
2479
2481
2480
2481
2482
2480
2483
2484
2485
2483
2485
2486
2487
2488
2489
2487
2489
2490
2491
2492
2493
2491
2493
2494
2495
2496
2497
2495
2497
2498
2499
2500
2501
2499
2501
2502
2503
2504
2505
2503
2506
2504
2505
2504
2507
2508
2506
2503
2505
2507
2509
2508
2510
2506
2509
2507
2511
2512
2510
2508
2509
2511
2513
2512
2514
2510
2513
2511
2515
2516
2514
2512
2513
2515
2517
2516
2518
2514
2517
2515
2518
2517
2518
2516
2519
2520
2521
2522
2520
2519
2519
2521
2523
2522
2524
2520
2523
2521
2525
2526
2524
2522
2523
2525
2526
2526
2525
2524
2527
2528
2529
2527
2529
2530
2528
2531
2529
2532
2527
2530
2528
2533
2531
2532
2530
2534
2533
2532
2534
2533
2534
2531
198
2535
2536
2537
2535
2537
2538
2539
2540
2541
2539
2541
2542
2543
2544
2545
2545
2546
2543
2546
2547
2543
2546
2548
2547
2549
2550
2551
2549
2551
2552
2553
2554
2555
2555
2556
2553
2555
2557
2556
2558
2559
2560
2560
2561
2558
2560
2562
2561
2562
2563
2561
2564
2565
2566
2564
2566
2567
2568
2569
2570
2568
2570
2571
2572
2573
2574
2572
2574
2575
2576
2577
2578
2576
2578
2579
2580
2581
2582
2580
2582
2583
2584
2585
2586
2584
2586
2587
2588
2589
2590
2588
2590
2591
2592
2593
2594
2592
2594
2595
2596
2597
2598
2596
2598
2599
2600
2601
2602
2600
2602
2603
2604
2605
2606
2606
2607
2604
2607
2608
2604
2607
2609
2608
2610
2611
2612
2610
2612
2613
2614
2615
2616
2616
2617
2614
2617
2618
2614
2619
2620
2621
2621
2622
2619
2622
2623
2619
2622
2624
2623
2625
2626
2627
2625
2627
2628
2629
2630
2631
2629
2631
2632
2633
2634
2635
2633
2635
2636
2637
2638
2639
2637
2639
2640
2641
2642
2643
2641
2643
2644
2645
2646
2647
2645
2647
2648
2649
2650
2651
2649
2651
2652
2653
2654
2655
2653
2655
2656
