MESH3
Military Vehicle_3
6095
-0.3614719,1.450028,3.050693
-0.4827305,1.450028,3.042716
-0.4827305,1.373519,3.042716
-0.9973262,0.5886472,2.707972
-1.001219,0.4101115,2.707972
-1.294174,0.5886472,2.707972
-1.001219,0.4101115,2.707972
-0.9826707,0.4101114,1.276451
-0.9812503,0.4101114,1.166833
0.9973186,0.5886472,2.707972
1.294166,0.5886472,2.707972
1.001211,0.4101115,2.707972
1.001211,0.4101115,2.707972
0.9812427,0.4101114,1.166833
0.982663,0.4101114,1.276451
-0.4841817,1.450028,3.064774
-0.4827305,1.450028,3.042716
-0.3614719,1.450028,3.050693
-0.3629231,1.450028,3.072752
-0.2402133,1.450028,3.058671
-0.2416646,1.450028,3.080729
-0.1189548,1.450028,3.066649
-0.1204061,1.450028,3.088707
-3.814697E-06,1.450028,3.074627
-3.814697E-06,1.450028,3.096685
0.1203984,1.450028,3.088707
0.1189472,1.450028,3.066649
0.241657,1.450028,3.080729
0.2402057,1.450028,3.058671
0.3629155,1.450028,3.072752
0.3614643,1.450028,3.050693
0.4841741,1.450028,3.064774
0.4827229,1.450028,3.042716
-0.4152384,1.731609,1.926316
-0.3673325,1.721655,1.956299
-0.397114,1.743175,1.65513
-0.4446758,1.753597,1.599738
-1.294174,1.578872,2.501629
-1.294174,1.498244,2.836836
-0.9878642,1.498244,2.973835
-1.009714,1.578872,2.610876
-1.049226,0.4101111,-2.631711
-1.053413,0.6267443,-2.927997
-0.6109928,0.6267443,-2.927997
-0.5244127,0.4101111,-2.631711
-3.814697E-06,0.4101111,-2.631711
-3.814697E-06,0.6267443,-2.927997
0.6109852,0.6267443,-2.927997
0.5244051,0.4101111,-2.631711
1.049218,0.4101111,-2.631711
1.053406,0.6267443,-2.927997
-1.224462,2.452233,0.9637811
-1.294174,2.437885,0.9720494
-1.294174,1.727425,1.367145
-1.224462,1.787825,1.332337
-0.9803405,1.727425,1.367145
-0.9803405,1.787825,1.332337
-0.5262803,1.727425,1.367145
-0.5262803,1.787825,1.332337
-3.814697E-06,1.727425,1.367145
-3.814697E-06,1.787825,1.332337
0.5262727,1.787825,1.332337
0.5262727,1.727425,1.367145
0.9803329,1.787825,1.332337
0.9803329,1.727425,1.367145
1.224455,1.787825,1.332337
1.294166,1.727425,1.367145
1.224455,2.452233,0.9637811
1.294166,2.437885,0.9720494
-0.9932852,2.54401,-0.05506514
-0.9932852,2.542375,0.8722749
-0.5639631,2.564156,0.8722749
-0.5634733,2.565792,-0.05626784
-3.814697E-06,2.579902,0.8722749
-0.9932852,2.545645,-1.039104
-3.814697E-06,2.581537,-0.05581683
-0.5629836,2.567427,-1.04151
-0.9932852,2.54728,-1.655367
-3.814697E-06,2.583173,-1.040608
-0.5624939,2.569062,-1.655367
-0.9932852,2.548916,-2.927997
-3.814697E-06,2.584807,-1.655367
-0.5620041,2.570697,-2.927997
-3.814697E-06,2.586443,-2.927997
-1.001219,0.4101115,2.707972
-0.531902,0.4607439,2.651123
-0.5322941,0.6776907,3.061609
-1.022774,0.678139,3.169799
-0.5672039,0.678139,3.257572
-0.7271469,1.621046,2.609989
-0.5927737,1.548264,3.012666
-0.5265009,1.548264,3.024819
-0.5302895,1.620687,2.610876
-0.7359723,1.731756,1.924953
-0.5282849,1.731676,1.925686
-0.4152384,1.731609,1.926316
-0.3432844,1.621149,2.610438
-0.1817673,1.576126,2.888959
-3.814697E-06,1.548264,3.059365
-3.814697E-06,1.575497,2.911339
0.1817597,1.576126,2.888959
0.5264933,1.548264,3.024819
0.3432768,1.621149,2.610438
0.5302819,1.620687,2.610876
0.4152308,1.731609,1.926316
0.5282773,1.731676,1.925686
0.7359647,1.731756,1.924953
0.7271393,1.621046,2.609989
0.592766,1.548264,3.012666
-0.7439576,1.766145,1.413157
-0.7359723,1.731756,1.924953
-0.5282849,1.731676,1.925686
-0.5262803,1.766145,1.413157
-0.4446758,1.753597,1.599738
-0.4152384,1.731609,1.926316
-3.814697E-06,1.753597,1.599738
-3.814697E-06,1.766145,1.413157
0.5262727,1.766145,1.413157
0.4446682,1.753597,1.599738
0.5282773,1.731676,1.925686
0.4152308,1.731609,1.926316
0.7439499,1.766145,1.413157
0.7359647,1.731756,1.924953
-1.294174,1.727425,1.367145
-1.294174,1.689862,1.925686
-1.031564,1.689862,1.925686
-0.9803405,1.727425,1.367145
-0.7932987,1.727404,1.367145
-0.7783812,1.691428,1.925319
-1.294174,1.689862,1.925686
-1.294174,1.578872,2.501629
-1.009714,1.578872,2.610876
-1.031564,1.689862,1.925686
-0.7783812,1.691428,1.925319
-0.7630437,1.580578,2.610433
-0.7630437,1.580578,2.610433
-0.9878642,1.498244,2.973835
-0.615225,1.498244,3.04563
-3.814697E-06,1.575497,2.911339
-0.1339529,1.569485,2.844043
-0.1817673,1.576126,2.888959
-3.814697E-06,1.568869,2.864683
0.1339453,1.569485,2.844043
0.1817597,1.576126,2.888959
-0.1817673,1.576126,2.888959
-0.1339529,1.569485,2.844043
-0.2948392,1.613549,2.587193
-0.3432844,1.621149,2.610438
-1.053413,0.6267443,-2.927997
-1.294174,0.6267443,-2.927997
-1.294174,2.444498,-2.927997
-1.219498,2.519174,-2.927997
-0.9932852,2.548916,-2.927997
-1.048157,0.7900072,-2.927997
-0.6109928,0.7900071,-2.927997
-0.5620041,2.570697,-2.927997
-3.814697E-06,2.586443,-2.927997
-3.814697E-06,0.7900071,-2.927997
0.6109852,0.7900071,-2.927997
0.5619965,2.570697,-2.927997
0.9932775,2.548916,-2.927997
1.048149,0.7900072,-2.927997
1.21949,2.519174,-2.927997
1.053406,0.6267443,-2.927997
1.294166,0.6267443,-2.927997
1.294166,2.444498,-2.927997
-1.219498,2.514268,-0.05506514
-1.219498,2.512633,0.8722749
-0.9932852,2.542375,0.8722749
-0.9932852,2.54401,-0.05506514
-1.219498,2.515904,-1.039104
-0.9932852,2.545645,-1.039104
-1.219498,2.517538,-1.655367
-0.9932852,2.54728,-1.655367
-1.219498,2.519174,-2.927997
-0.9932852,2.548916,-2.927997
-1.294174,0.4739588,-1.166599
-1.294174,0.4101112,-1.121902
-1.294174,0.4101113,-0.1611452
-1.294174,0.6567947,1.228797
-1.294174,0.4090536,1.166833
-1.294174,0.7628156,-1.249102
-1.294174,0.9562725,1.362935
-1.294174,1.115232,-1.4351
-1.294174,1.258387,1.578957
-1.294174,1.230563,-1.546828
-1.294174,1.245784,-1.648016
-1.294174,2.442863,-1.655496
-1.294174,1.596851,-1.733058
-1.294174,1.262963,-1.810687
-1.294174,1.269566,-2.341184
-1.294174,1.284534,1.923707
-1.294174,1.596851,-2.676113
-1.294174,1.218641,-2.499835
-1.294174,0.9460282,-2.718721
-1.294174,0.7475154,-2.835606
-1.294174,0.6267443,-2.927997
-1.294174,0.5990943,-2.845736
-1.294174,2.444498,-2.927997
-1.294174,2.394297,-2.676113
-1.294174,2.393611,-2.204586
-1.294174,2.444341,-2.806089
-1.294174,2.339393,-2.584621
-1.294174,2.339157,-2.296078
-1.294174,2.052351,-2.584621
-1.294174,2.052351,-2.296078
-1.294174,1.596851,-2.204586
-1.294174,2.339087,-2.113093
-1.294174,2.052308,-2.113093
-1.294174,2.338851,-1.824551
-1.294174,2.052308,-1.824551
-1.294174,2.392925,-1.733058
-1.294174,1.727425,1.367145
-1.294174,2.441228,-1.039257
-1.294174,2.437885,0.9720494
-1.294174,2.439592,-0.05518922
-1.294174,1.689862,1.925686
-1.294174,1.578872,2.501629
-1.294174,1.269702,2.321107
-1.294174,1.211333,2.485661
-1.294174,1.132891,2.559616
-1.294174,1.280673,2.836836
-1.294174,1.498244,2.836836
-1.294174,1.063102,2.836837
-1.294174,0.8618344,2.7233
-1.294174,0.6776907,2.836837
-1.294174,0.627508,2.798835
-1.294174,2.318161,-1.845257
-1.294174,2.318363,-2.092387
-1.294174,2.073015,-2.092387
-1.294174,2.073015,-1.845257
-1.294174,2.318467,-2.316784
-1.294174,2.318669,-2.563914
-1.294174,2.073058,-2.563914
-1.294174,2.073058,-2.316784
-1.294174,0.8618344,2.7233
-1.357941,0.8618344,2.7233
-1.357941,0.627508,2.798835
-1.294174,0.627508,2.798835
-1.294174,0.7475154,-2.835606
-1.357941,0.7475154,-2.835606
-1.357941,0.9460282,-2.718721
-1.294174,0.9460282,-2.718721
-1.294174,0.8177699,2.63098
-1.415491,0.8177699,2.63098
-1.415491,1.07576,2.475011
-1.294174,1.07576,2.475011
-0.9973262,0.8177699,2.63098
-0.9973262,1.07576,2.475011
-1.294174,0.8892531,-2.636464
-1.415491,0.8892531,-2.636464
-1.415491,0.7184246,-2.738961
-1.294174,0.7184246,-2.738961
-1.049226,0.8892531,-2.636464
-1.049226,0.7184246,-2.738961
-1.294174,0.9460282,-2.718721
-1.357941,0.9460282,-2.718721
-1.357941,1.218641,-2.499835
-1.294174,1.218641,-2.499835
-1.294174,0.5886472,2.707972
-1.415491,0.5886472,2.707972
-1.415491,0.8177699,2.63098
-1.294174,0.8177699,2.63098
-0.9973262,0.5886472,2.707972
-0.9973262,0.8177699,2.63098
-1.294174,1.134996,-2.442639
-1.415491,1.134996,-2.442639
-1.415491,0.8892531,-2.636464
-1.294174,0.8892531,-2.636464
-1.049226,1.134996,-2.442639
-1.049226,0.8892531,-2.636464
-1.294174,1.218641,-2.499835
-1.357941,1.218641,-2.499835
-1.357941,1.269566,-2.341184
-1.294174,1.269566,-2.341184
-1.294174,1.170311,-2.327062
-1.415491,1.170311,-2.327062
-1.415491,1.134996,-2.442639
-1.294174,1.134996,-2.442639
-1.049226,1.170311,-2.327062
-1.049226,1.134996,-2.442639
-1.294174,0.627508,2.798835
-1.357941,0.627508,2.798835
-1.415491,0.5886472,2.707972
-1.294174,0.5886472,2.707972
-1.294174,1.269566,-2.341184
-1.357941,1.269566,-2.341184
-1.357941,1.262963,-1.810687
-1.294174,1.262963,-1.810687
-1.294174,1.163222,-1.816656
-1.415491,1.163222,-1.816656
-1.415491,1.170311,-2.327062
-1.294174,1.170311,-2.327062
-1.049226,1.163222,-1.816656
-1.049226,1.170311,-2.327062
-1.294174,1.262963,-1.810687
-1.357941,1.262963,-1.810687
-1.357941,1.245784,-1.648016
-1.294174,1.245784,-1.648016
-1.357941,1.230563,-1.546828
-1.294174,1.230563,-1.546828
-1.294174,1.284534,1.923707
-1.357941,1.284534,1.923707
-1.357941,1.269702,2.321107
-1.294174,1.269702,2.321107
-1.294174,1.269702,2.321107
-1.357941,1.269702,2.321107
-1.357941,1.211333,2.485661
-1.294174,1.211333,2.485661
-0.9803405,1.805461,1.322174
-1.204108,2.434597,0.9739445
-1.204108,1.805461,1.322174
-0.9932852,2.464339,0.9739445
-0.5262803,1.805461,1.322174
-0.5639631,2.48612,0.9739445
-0.9803405,1.805461,1.322174
-0.9932852,2.481975,0.9637811
-0.9932852,2.542375,0.8722749
-1.219498,2.512633,0.8722749
-1.224462,2.452233,0.9637811
-1.294174,2.437885,0.9720494
-0.5639631,2.503756,0.9637811
-0.9932852,2.542375,0.8722749
-0.9932852,2.481975,0.9637811
-0.5639631,2.564156,0.8722749
-3.814697E-06,2.519502,0.9637811
-3.814697E-06,2.579902,0.8722749
0.5639555,2.564156,0.8722749
0.5639555,2.503756,0.9637811
0.9932775,2.542375,0.8722749
0.9932775,2.481975,0.9637811
-0.9878642,1.063102,2.973836
-1.022774,0.9151139,3.169799
-0.5672039,0.9151139,3.257572
-0.5322941,1.063102,3.061609
-0.5672039,0.9151139,3.257572
-0.5680921,0.9218903,3.295623
-0.5322915,1.092793,3.061568
-0.5322941,1.063102,3.061609
-1.294174,0.6776907,2.836837
-1.329084,0.678139,3.032799
-1.329084,0.9151139,3.032799
-1.294174,1.063102,2.836837
-0.9878642,1.441443,2.973835
-0.9878642,1.498244,2.973835
-1.294174,1.498244,2.836836
-1.242322,1.441443,2.860027
-1.294174,1.280673,2.836836
-1.242322,1.280673,2.860027
-1.294174,1.063102,2.836837
-1.242322,1.119904,2.860027
-0.9878642,1.063102,2.973836
-0.9878642,1.119904,2.973835
-0.9878642,1.119904,2.973835
-0.9878642,1.063102,2.973836
-0.5322941,1.063102,3.061609
-0.5880699,1.119904,3.050862
-0.5322941,1.280673,3.061608
-0.5880699,1.280673,3.050862
-0.5322941,1.498244,3.061608
-0.5880699,1.441443,3.050862
-0.615225,1.498244,3.04563
-0.6317578,1.441443,3.042445
-0.9878642,1.441443,2.973835
-0.9878642,1.498244,2.973835
-0.1204061,1.450028,3.088707
-3.814697E-06,1.450028,3.096685
-3.814697E-06,1.498244,3.096685
-0.2416646,1.450028,3.080729
-0.3629231,1.450028,3.072752
-0.4841817,1.450028,3.064774
-0.5322941,1.498244,3.061608
-0.5322941,1.280673,3.061608
-0.5322941,1.063102,3.061609
-0.4841817,1.111319,3.064774
-0.4841817,1.36535,3.064774
-0.4841817,1.280673,3.064774
-0.4841817,1.195996,3.064774
-0.266149,1.063102,3.079148
-0.3629231,1.111319,3.072752
-0.2416646,1.111319,3.08073
-3.814697E-06,1.063102,3.096686
-0.1204061,1.111319,3.088708
-3.814697E-06,1.111319,3.096686
-3.814697E-06,1.187827,3.074627
-0.4827305,1.187827,3.042716
-0.4827305,1.111319,3.042716
-0.3614719,1.111319,3.050693
-0.3614719,1.111319,3.050693
-0.2402133,1.111319,3.058671
-3.814697E-06,1.187827,3.074627
-0.1189548,1.111319,3.066649
-3.814697E-06,1.111319,3.074627
-0.3629231,1.111319,3.072752
-0.4827305,1.111319,3.042716
-0.4841817,1.111319,3.064774
-0.3614719,1.111319,3.050693
-0.2416646,1.111319,3.08073
-0.2402133,1.111319,3.058671
-0.1204061,1.111319,3.088708
-0.1189548,1.111319,3.066649
-3.814697E-06,1.111319,3.096686
-3.814697E-06,1.111319,3.074627
0.1189472,1.111319,3.066649
0.1203984,1.111319,3.088708
0.2402057,1.111319,3.058671
0.241657,1.111319,3.08073
0.3614643,1.111319,3.050693
0.3629155,1.111319,3.072752
0.4827229,1.111319,3.042716
0.4841741,1.111319,3.064774
-0.4827305,1.373519,3.042716
-3.814697E-06,1.373519,3.074627
-0.3614719,1.450028,3.050693
-0.2402133,1.450028,3.058671
-0.1189548,1.450028,3.066649
-3.814697E-06,1.450028,3.074627
-0.4827305,1.373519,3.042716
-0.4827305,1.450028,3.042716
-0.4841817,1.450028,3.064774
-0.4836365,1.36535,3.056486
-0.4827305,1.357182,3.042716
-0.4841817,1.36535,3.064774
-0.4827305,1.288842,3.042716
-0.4836365,1.280673,3.056486
-0.4827305,1.272505,3.042716
-0.4841817,1.280673,3.064774
-0.4827305,1.204165,3.042716
-0.4836365,1.195996,3.056486
-0.4827305,1.187827,3.042716
-0.4841817,1.195996,3.064774
-0.4827305,1.111319,3.042716
-0.4841817,1.111319,3.064774
-0.266149,1.063102,3.079148
-3.814697E-06,1.092793,3.096645
-3.814697E-06,1.063102,3.096686
-0.2661476,1.092793,3.079106
-0.5322941,1.063102,3.061609
-0.5322915,1.092793,3.061568
-0.5672039,0.678139,3.257572
-0.5680959,0.6557917,3.295678
-0.5680921,0.9218903,3.295623
-0.5672039,0.9151139,3.257572
-1.294174,1.063102,2.836837
-1.329084,0.9151139,3.032799
-1.022774,0.9151139,3.169799
-0.9878642,1.063102,2.973836
-0.2661476,1.092793,3.079106
-3.814697E-06,0.9219812,3.333076
-3.814697E-06,1.092793,3.096645
-0.284048,0.9219358,3.314349
-0.5322915,1.092793,3.061568
-0.5680921,0.9218903,3.295623
-0.2661505,0.647902,3.082509
-0.5680959,0.6557917,3.295678
-0.5322972,0.647902,3.06165
-0.2840498,0.655719,3.316473
-3.814697E-06,0.647902,3.103368
-3.814697E-06,0.6556464,3.337269
0.2840422,0.655719,3.316473
0.2661429,0.647902,3.082509
0.5680882,0.6557917,3.295678
0.5322896,0.647902,3.06165
-0.5322941,0.6776907,3.061609
-0.5322972,0.647902,3.06165
-0.5680959,0.6557917,3.295678
-0.5672039,0.678139,3.257572
-0.266149,0.6776907,3.082468
-0.5322972,0.647902,3.06165
-0.5322941,0.6776907,3.061609
-0.2661505,0.647902,3.082509
-3.814697E-06,0.6776907,3.103328
-3.814697E-06,0.647902,3.103368
-1.219498,2.519174,-2.927997
-1.294174,2.444498,-2.927997
-1.294174,2.444341,-2.806089
-1.294174,2.442863,-1.655496
-1.219498,2.517538,-1.655367
-1.294174,2.441228,-1.039257
-1.219498,2.515904,-1.039104
-1.294174,2.439592,-0.05518922
-1.219498,2.514268,-0.05506514
-1.294174,2.437885,0.9720494
-1.219498,2.512633,0.8722749
-0.887888,0.6267443,-2.927997
-0.887888,0.6267443,-3.083928
-0.887888,0.8699015,-3.083928
-0.887888,0.8699015,-2.927997
-0.9296544,0.8263719,-3.083928
-0.9296544,0.8263719,-3.107886
-0.9766912,0.8458179,-3.107886
-0.9766912,0.8458179,-3.083928
-1.294174,0.6267443,-3.083928
-1.294174,0.8699015,-2.927997
-1.294174,0.8699015,-3.083928
-1.091031,0.6267443,-2.927997
-0.887888,0.6267443,-2.927997
-0.887888,0.8699015,-2.927997
-1.091031,0.8699015,-2.927997
-1.294174,0.6267443,-2.927997
-1.294174,0.8699015,-2.927997
-1.091031,0.6267443,-3.083928
-1.294174,0.6267443,-2.927997
-1.294174,0.6267443,-3.083928
-1.091031,0.6267443,-2.927997
-0.887888,0.6267443,-3.083928
-0.887888,0.6267443,-2.927997
-0.6109928,0.6267443,-3.083928
-0.887888,0.6267443,-2.910869
-0.6109928,0.6267443,-2.910869
-0.6109928,0.6267443,-2.927997
-3.814697E-06,0.6267443,-3.083928
-3.814697E-06,0.6267443,-2.927997
0.6109852,0.6267443,-2.927997
0.6109852,0.6267443,-3.083928
0.8878804,0.6267443,-2.910869
0.6109852,0.6267443,-2.910869
0.8878804,0.6267443,-3.083928
1.091023,0.6267443,-2.927997
0.8878804,0.6267443,-2.927997
1.091023,0.6267443,-3.083928
1.294166,0.6267443,-2.927997
1.294166,0.6267443,-3.083928
-1.294174,0.8699015,-3.083928
-1.294174,0.8699015,-2.927997
-1.091031,0.8699015,-2.927997
-1.091031,0.8699015,-3.083928
-0.887888,0.8699015,-2.927997
-0.887888,0.8699015,-3.083928
-0.887888,0.8699015,-2.910869
-0.6109928,0.8699015,-2.910869
-0.6109928,0.8699015,-3.083928
-1.002228,0.6508281,-3.083928
-1.002228,0.6508281,-3.107886
-0.9517698,0.6575057,-3.107886
-0.9517698,0.6575057,-3.083928
-1.049265,0.670274,-3.083928
-1.049265,0.670274,-3.107886
-1.002228,0.6508281,-3.107886
-1.002228,0.6508281,-3.083928
-1.230292,0.8391401,-3.083928
-1.230292,0.8391401,-3.107886
-1.270651,0.808128,-3.107886
-1.270651,0.808128,-3.083928
-1.095108,0.7355546,-3.083928
-1.095108,0.7355546,-3.107886
-1.101785,0.7860128,-3.107886
-1.101785,0.7860128,-3.083928
-1.179834,0.8458179,-3.083928
-1.179834,0.8458179,-3.107886
-1.230292,0.8391401,-3.107886
-1.230292,0.8391401,-3.083928
-1.132797,0.8263719,-3.083928
-1.132797,0.8263719,-3.107886
-1.179834,0.8458179,-3.107886
-1.179834,0.8458179,-3.083928
-0.9766912,0.8458179,-3.083928
-0.9766912,0.8458179,-3.107886
-1.027149,0.8391401,-3.107886
-1.027149,0.8391401,-3.083928
-1.252408,0.670274,-3.083928
-1.252408,0.670274,-3.107886
-1.205371,0.6508281,-3.107886
-1.205371,0.6508281,-3.083928
-1.114554,0.6885178,-3.083928
-1.114554,0.6885178,-3.107886
-1.095108,0.7355546,-3.107886
-1.095108,0.7355546,-3.083928
-1.154913,0.6575057,-3.083928
-1.154913,0.6575057,-3.107886
-1.114554,0.6885178,-3.107886
-1.114554,0.6885178,-3.083928
-1.270651,0.808128,-3.083928
-1.270651,0.808128,-3.107886
-1.290097,0.7610912,-3.107886
-1.290097,0.7610912,-3.083928
-1.290097,0.7610912,-3.083928
-1.290097,0.7610912,-3.107886
-1.28342,0.7106332,-3.107886
-1.28342,0.7106332,-3.083928
-1.080277,0.7106332,-3.083928
-1.080277,0.7106332,-3.107886
-1.049265,0.670274,-3.107886
-1.049265,0.670274,-3.083928
-0.9517698,0.6575057,-3.083928
-0.9517698,0.6575057,-3.107886
-0.9114106,0.6885178,-3.107886
-0.9114106,0.6885178,-3.083928
-0.9114106,0.6885178,-3.083928
-0.9114106,0.6885178,-3.107886
-0.8919646,0.7355546,-3.107886
-0.8919646,0.7355546,-3.083928
-1.086955,0.7610912,-3.083928
-1.086955,0.7610912,-3.107886
-1.080277,0.7106332,-3.107886
-1.080277,0.7106332,-3.083928
-0.8919646,0.7355546,-3.083928
-0.8919646,0.7355546,-3.107886
-0.8986424,0.7860128,-3.107886
-0.8986424,0.7860128,-3.083928
-1.101785,0.7860128,-3.083928
-1.101785,0.7860128,-3.107886
-1.132797,0.8263719,-3.107886
-1.132797,0.8263719,-3.083928
-1.28342,0.7106332,-3.083928
-1.28342,0.7106332,-3.107886
-1.252408,0.670274,-3.107886
-1.252408,0.670274,-3.083928
-1.027149,0.8391401,-3.083928
-1.027149,0.8391401,-3.107886
-1.067509,0.808128,-3.107886
-1.067509,0.808128,-3.083928
-0.8986424,0.7860128,-3.083928
-0.8986424,0.7860128,-3.107886
-0.9296544,0.8263719,-3.107886
-0.9296544,0.8263719,-3.083928
-1.205371,0.6508281,-3.083928
-1.205371,0.6508281,-3.107886
-1.154913,0.6575057,-3.107886
-1.154913,0.6575057,-3.083928
-1.067509,0.808128,-3.083928
-1.067509,0.808128,-3.107886
-1.086955,0.7610912,-3.107886
-1.086955,0.7610912,-3.083928
-0.6109928,0.6267443,-2.910869
-0.6109928,0.6267443,-3.083928
-0.6109928,0.8699015,-3.083928
-0.6109928,0.8699015,-2.910869
-0.887888,0.6267443,-3.083928
-0.887888,0.6267443,-2.910869
-0.887888,0.8699015,-2.910869
-0.887888,0.8699015,-3.083928
-0.887888,0.6267443,-2.910869
-0.6109928,0.6267443,-2.910869
-0.6109928,0.8699015,-2.910869
-0.887888,0.8699015,-2.910869
-0.6395594,0.7056182,-3.083928
-0.6395594,0.7056182,-3.107886
-0.6329283,0.7662802,-3.107886
-0.6329283,0.7662802,-3.083928
-0.7673976,0.864835,-3.083928
-0.7673976,0.864835,-3.107886
-0.8232479,0.8402468,-3.107886
-0.8232479,0.8402468,-3.083928
-0.8413643,0.6745155,-3.083928
-0.8413643,0.6745155,-3.107886
-0.7921451,0.6384417,-3.107886
-0.7921451,0.6384417,-3.083928
-0.7067357,0.858204,-3.083928
-0.7067357,0.858204,-3.107886
-0.7673976,0.864835,-3.107886
-0.7673976,0.864835,-3.083928
-0.8232479,0.8402468,-3.083928
-0.8232479,0.8402468,-3.107886
-0.8593215,0.7910275,-3.107886
-0.8593215,0.7910275,-3.083928
-0.8659526,0.7303658,-3.083928
-0.8659526,0.7303658,-3.107886
-0.8413643,0.6745155,-3.107886
-0.8413643,0.6745155,-3.083928
-0.6575164,0.8221304,-3.083928
-0.6575164,0.8221304,-3.107886
-0.7067357,0.858204,-3.107886
-0.7067357,0.858204,-3.083928
-0.7921451,0.6384417,-3.083928
-0.7921451,0.6384417,-3.107886
-0.7314833,0.6318108,-3.107886
-0.7314833,0.6318108,-3.083928
-0.7314833,0.6318108,-3.083928
-0.7314833,0.6318108,-3.107886
-0.675633,0.656399,-3.107886
-0.675633,0.656399,-3.083928
-0.8593215,0.7910275,-3.083928
-0.8593215,0.7910275,-3.107886
-0.8659526,0.7303658,-3.107886
-0.8659526,0.7303658,-3.083928
-0.6329283,0.7662802,-3.083928
-0.6329283,0.7662802,-3.107886
-0.6575164,0.8221304,-3.107886
-0.6575164,0.8221304,-3.083928
-0.675633,0.656399,-3.083928
-0.675633,0.656399,-3.107886
-0.6395594,0.7056182,-3.107886
-0.6395594,0.7056182,-3.083928
-1.337898,0.7758882,-1.066167
-1.30441,0.7758882,-1.066167
-1.30441,1.147584,-1.280623
-1.337898,1.147584,-1.280623
-1.250451,0.6998844,-0.3266664
-1.250451,0.8898109,-0.1525223
-1.31349,0.8898109,-0.1525223
-1.31349,0.6998844,-0.3266664
-1.31349,0.6998841,-1.110063
-1.31349,1.12723,-1.356627
-1.250451,1.12723,-1.356627
-1.250451,0.6998841,-1.110063
-1.250451,0.6998844,-0.3266664
-1.250451,0.6998841,-1.110063
-1.250451,1.12723,-1.356627
-1.250451,0.8898109,-0.1525223
-1.250451,2.399354,-0.1525226
-1.250451,2.399354,-1.356628
-1.31349,2.399354,-1.356628
-1.31349,2.399354,-0.1525226
-1.250451,2.399354,-0.1525226
-1.250451,2.399354,-1.356628
-1.250451,1.12723,-1.356627
-1.31349,1.12723,-1.356627
-1.31349,2.399354,-1.356628
-1.250451,2.399354,-1.356628
-1.250451,0.6998841,-1.110063
-1.250451,0.6998844,-0.3266664
-1.31349,0.6998844,-0.3266664
-1.31349,0.6998841,-1.110063
-1.31349,0.8898109,-0.1525223
-1.250451,0.8898109,-0.1525223
-1.250451,2.399354,-0.1525226
-1.31349,2.399354,-0.1525226
-1.30441,1.147584,-1.280623
-1.30441,0.7758882,-1.066167
-1.30441,0.7758884,-0.360095
-1.30441,0.9193809,-0.2285264
-1.30441,2.32335,-0.2285268
-1.30441,2.32335,-1.280624
-1.337898,2.32335,-1.280624
-1.30441,2.32335,-1.280624
-1.30441,2.32335,-0.2285268
-1.337898,2.32335,-0.2285268
-1.337898,1.147584,-1.280623
-1.30441,1.147584,-1.280623
-1.30441,2.32335,-1.280624
-1.337898,2.32335,-1.280624
-1.337898,0.9193809,-0.2285264
-1.30441,0.9193809,-0.2285264
-1.30441,0.7758884,-0.360095
-1.337898,0.7758884,-0.360095
-1.337898,2.32335,-0.2285268
-1.30441,2.32335,-0.2285268
-1.30441,0.9193809,-0.2285264
-1.337898,0.9193809,-0.2285264
-1.337898,0.7758884,-0.360095
-1.30441,0.7758884,-0.360095
-1.30441,0.7758882,-1.066167
-1.337898,0.7758882,-1.066167
-1.337898,0.7758889,0.9383737
-1.30441,0.7758889,0.9383737
-1.30441,0.7758886,0.2323018
-1.337898,0.7758886,0.2323018
-1.250451,0.6998847,0.9718023
-1.250451,0.8898114,1.145946
-1.31349,0.8898114,1.145946
-1.31349,0.6998847,0.9718023
-1.31349,0.6998845,0.1884062
-1.31349,1.127231,-0.05815859
-1.250451,1.127231,-0.05815859
-1.250451,0.6998845,0.1884062
-1.250451,0.6998847,0.9718023
-1.250451,0.6998845,0.1884062
-1.250451,1.127231,-0.05815859
-1.250451,0.8898114,1.145946
-1.250451,1.856782,1.145946
-1.250451,2.399354,-0.05815887
-1.250451,2.399354,0.8735508
-1.31349,2.399354,-0.05815887
-1.31349,2.399354,0.8735508
-1.250451,2.399354,0.8735508
-1.250451,2.399354,-0.05815887
-1.250451,1.127231,-0.05815859
-1.31349,1.127231,-0.05815859
-1.31349,2.399354,-0.05815887
-1.250451,2.399354,-0.05815887
-1.250451,0.6998845,0.1884062
-1.250451,0.6998847,0.9718023
-1.31349,0.6998847,0.9718023
-1.31349,0.6998845,0.1884062
-1.31349,2.399354,0.8735508
-1.31349,1.856782,1.145946
-1.250451,1.856782,1.145946
-1.250451,2.399354,0.8735508
-1.31349,0.8898114,1.145946
-1.250451,0.8898114,1.145946
-1.250451,1.856782,1.145946
-1.31349,1.856782,1.145946
-1.30441,1.147584,0.01784552
-1.30441,0.7758886,0.2323018
-1.30441,0.7758889,0.9383737
-1.30441,0.9193814,1.069942
-1.30441,1.837005,1.069942
-1.30441,2.32335,0.01784526
-1.30441,2.32335,0.8289338
-1.337898,0.7758886,0.2323018
-1.30441,0.7758886,0.2323018
-1.30441,1.147584,0.01784552
-1.337898,1.147584,0.01784552
-1.337898,1.837005,1.069942
-1.30441,1.837005,1.069942
-1.30441,0.9193814,1.069942
-1.337898,0.9193814,1.069942
-1.337898,2.32335,0.8289338
-1.30441,2.32335,0.8289338
-1.30441,1.837005,1.069942
-1.337898,1.837005,1.069942
-1.337898,1.147584,0.01784552
-1.30441,1.147584,0.01784552
-1.30441,2.32335,0.01784526
-1.337898,2.32335,0.01784526
-1.337898,0.9193814,1.069942
-1.30441,0.9193814,1.069942
-1.30441,0.7758889,0.9383737
-1.337898,0.7758889,0.9383737
-1.337898,2.32335,0.01784526
-1.30441,2.32335,0.01784526
-1.30441,2.32335,0.8289338
-1.337898,2.32335,0.8289338
-1.334414,2.286659,0.4854909
-1.334414,2.286659,0.8113969
-1.27743,2.286659,0.8113969
-1.27743,2.286659,0.4854909
-1.334414,2.286659,0.05505751
-1.27743,2.286659,0.05505751
-1.27743,1.595967,0.05505765
-1.334414,1.595967,0.05505765
-1.334414,2.286659,0.05505751
-1.27743,2.286659,0.05505751
-1.27743,1.595967,1.030113
-1.27743,1.595967,0.485491
-1.27743,1.595967,0.05505765
-1.27743,2.286659,0.05505751
-1.27743,1.843321,1.030113
-1.27743,2.286659,0.8113969
-1.27743,2.286659,0.4854909
-1.27743,1.595967,0.485491
-1.27743,1.595967,1.030113
-1.334414,1.595967,1.030113
-1.334414,1.595967,0.485491
-1.27743,1.595967,0.05505765
-1.334414,1.595967,0.05505765
-1.334414,2.286659,0.8113969
-1.334414,1.843321,1.030113
-1.27743,1.843321,1.030113
-1.27743,2.286659,0.8113969
-1.334414,1.595967,1.030113
-1.27743,1.595967,1.030113
-1.27743,1.843321,1.030113
-1.334414,1.843321,1.030113
-1.334414,2.241518,0.5306329
-1.334414,1.641109,0.530633
-1.334414,1.641109,0.9849707
-1.334414,1.831494,0.9849705
-1.334414,2.241518,0.7849986
-1.334414,1.641109,0.1001998
-1.334414,1.641109,0.4403489
-1.334414,2.241518,0.4403487
-1.334414,2.241518,0.1001997
-1.334414,2.286659,-0.7630576
-1.334414,2.286659,-0.2755301
-1.27743,2.286659,-0.27553
-1.27743,2.286659,-0.7630576
-1.334414,2.286659,-1.250585
-1.27743,2.286659,-1.250585
-1.27743,1.595967,-1.250585
-1.334414,1.595967,-1.250585
-1.334414,2.286659,-1.250585
-1.27743,2.286659,-1.250585
-1.27743,1.595967,-0.7630574
-1.27743,1.595967,-1.250585
-1.27743,2.286659,-1.250585
-1.27743,2.286659,-0.7630576
-1.27743,1.595967,-0.2755299
-1.27743,2.286659,-0.27553
-1.27743,1.595967,-0.7630574
-1.27743,1.595967,-0.2755299
-1.334414,1.595967,-0.2755299
-1.334414,1.595967,-0.7630574
-1.27743,1.595967,-1.250585
-1.334414,1.595967,-1.250585
-1.334414,1.595967,-0.2755299
-1.27743,1.595967,-0.2755299
-1.27743,2.286659,-0.27553
-1.334414,2.286659,-0.2755301
-1.334414,1.641109,-0.7179153
-1.334414,1.641109,-0.3206721
-1.334414,2.241518,-0.3206722
-1.334414,2.241518,-0.7179155
-1.334414,1.641109,-1.205443
-1.334414,1.641109,-0.8081996
-1.334414,2.241518,-0.8081997
-1.334414,2.241518,-1.205443
-0.5262803,1.746785,1.367145
-0.9803405,1.727425,1.367145
-0.7932987,1.727404,1.367145
-0.5262803,1.727425,1.367145
-3.814697E-06,1.746785,1.367145
-3.814697E-06,1.727425,1.367145
0.5262727,1.727425,1.367145
0.5262727,1.746785,1.367145
0.9803329,1.727425,1.367145
0.7932911,1.727404,1.367145
-0.7359723,1.731756,1.924953
-0.7783812,1.691428,1.925319
-0.7630437,1.580578,2.610433
-0.7271469,1.621046,2.609989
-0.7439576,1.766145,1.413157
-0.7932987,1.727404,1.367145
-0.7783812,1.691428,1.925319
-0.7359723,1.731756,1.924953
-3.814697E-06,1.766145,1.413157
-0.5262803,1.746785,1.367145
-0.5262803,1.766145,1.413157
-3.814697E-06,1.746785,1.367145
0.5262727,1.746785,1.367145
0.5262727,1.766145,1.413157
-0.5262803,1.766145,1.413157
-0.5262803,1.746785,1.367145
-0.7932987,1.727404,1.367145
-0.7439576,1.766145,1.413157
-0.7271469,1.621046,2.609989
-0.7630437,1.580578,2.610433
-0.615225,1.498244,3.04563
-0.5927737,1.548264,3.012666
-0.600238,1.506979,3.041901
-0.600238,1.506979,3.02251
-0.5856701,1.539523,3.001175
-0.5856701,1.539523,3.020566
-0.2948392,1.613549,2.587193
-0.1339529,1.569485,2.844043
-3.814697E-06,1.568869,2.864683
-3.814697E-06,1.613096,2.587597
-0.3673325,1.721655,1.956299
-3.814697E-06,1.721721,1.955717
0.3673249,1.721655,1.956299
0.2948316,1.613549,2.587193
0.1339453,1.569485,2.844043
-0.397114,1.743175,1.65513
-0.3673325,1.721655,1.956299
-3.814697E-06,1.721721,1.955717
-3.814697E-06,1.743175,1.65513
0.3971064,1.743175,1.65513
0.3673249,1.721655,1.956299
-0.4446758,1.753597,1.599738
-0.397114,1.743175,1.65513
-3.814697E-06,1.743175,1.65513
-3.814697E-06,1.753597,1.599738
0.4446682,1.753597,1.599738
0.3971064,1.743175,1.65513
-0.3432844,1.621149,2.610438
-0.2948392,1.613549,2.587193
-0.3673325,1.721655,1.956299
-0.4152384,1.731609,1.926316
-0.6109928,0.7900071,-2.927997
-1.048157,0.7900072,-3.083928
-1.048157,0.7900072,-2.927997
-0.6126595,0.7900071,-3.083928
-3.814697E-06,0.7900071,-2.927997
-3.814697E-06,0.7900072,-3.083928
0.6126518,0.7900071,-3.083928
0.6109852,0.7900071,-2.927997
1.048149,0.7900072,-3.083928
1.048149,0.7900072,-2.927997
-1.048157,0.7900072,-2.927997
-1.048157,0.7900072,-3.083928
-1.053413,0.6267443,-3.083928
-1.053413,0.6267443,-2.927997
-1.034647,0.4101112,-1.142601
-1.049226,0.4101111,-2.631711
-0.5244127,0.4101111,-2.631711
-0.526185,0.4101112,-1.142945
-3.814697E-06,0.4101112,-1.142601
-3.814697E-06,0.4101113,-0.1622874
-3.814697E-06,0.4101111,-2.631711
0.5244051,0.4101111,-2.631711
0.5261773,0.4101112,-1.142945
1.03464,0.4101112,-1.142601
1.049218,0.4101111,-2.631711
-0.9812503,0.4101113,-0.1616042
-0.5118423,0.4101113,-0.1622922
0.5118346,0.4101113,-0.1622922
0.9812427,0.4101113,-0.1616042
-1.294174,0.4101113,-0.1611452
-1.294174,0.4101112,-1.121902
-1.294174,0.4090536,1.166833
-0.9812503,0.4101114,1.166833
-1.294174,0.4101112,-1.230745
-1.035509,0.4101112,-1.230565
-1.415491,0.4101112,-1.230745
-1.357941,0.4101112,-1.121902
-1.357941,0.4101114,1.160189
-1.294174,0.4101114,1.160189
-1.521484,0.4101112,-1.121902
-1.521484,0.4101114,1.160189
-0.5118423,0.4101114,1.166833
-1.294174,0.4090536,1.276451
-1.357941,0.4090536,1.166833
-1.415491,0.4090536,1.276451
-0.9826707,0.4101114,1.276451
-0.531902,0.4607439,2.651123
-1.001219,0.4101115,2.707972
-3.814697E-06,0.4101114,1.166833
-3.814697E-06,0.4607439,2.659017
0.5318943,0.4607439,2.651123
0.5118346,0.4101114,1.166833
0.9812427,0.4101114,1.166833
1.001211,0.4101115,2.707972
1.294166,0.4090536,1.166833
1.294166,0.4101113,-0.1611452
1.294166,0.4101112,-1.121902
1.294166,0.4090536,1.276451
0.982663,0.4101114,1.276451
1.357933,0.4090536,1.166833
1.415483,0.4090536,1.276451
1.294166,0.4101112,-1.230745
1.035501,0.4101112,-1.230565
1.415483,0.4101112,-1.230745
1.357933,0.4101112,-1.121902
1.357933,0.4101114,1.160189
1.294166,0.4101114,1.160189
1.521476,0.4101112,-1.121902
1.521476,0.4101114,1.160189
-1.294174,0.7184246,-2.738961
-1.415491,0.7184246,-2.738961
-1.415491,0.5953062,-2.745282
-1.294174,0.5953062,-2.745282
-1.049226,0.7184246,-2.738961
-1.049226,0.5953062,-2.745282
-1.294174,1.182189,1.92504
-1.415491,1.182189,1.92504
-1.415491,1.165921,1.630906
-1.294174,1.165921,1.630906
-0.9973262,1.182189,1.92504
-0.9973262,1.165921,1.630906
-1.294174,0.5990943,-2.845736
-1.357941,0.5990943,-2.845736
-1.357941,0.7475154,-2.835606
-1.294174,0.7475154,-2.835606
-1.294174,1.132891,2.559616
-1.357941,1.132891,2.559616
-1.357941,0.8618344,2.7233
-1.294174,0.8618344,2.7233
-1.294174,1.165921,1.630906
-1.415491,1.165921,1.630906
-1.415491,0.9061031,1.452281
-1.294174,0.9061031,1.452281
-0.9973262,1.165921,1.630906
-0.9973262,0.9061031,1.452281
-1.357941,0.4101112,-1.121902
-1.521484,0.4101112,-1.121902
-1.521484,0.4739588,-1.166599
-1.357941,0.4739588,-1.166599
-1.294174,1.258387,1.578957
-1.357941,1.258387,1.578957
-1.357941,1.284534,1.923707
-1.294174,1.284534,1.923707
-1.294174,0.7218748,-1.340278
-1.415491,0.7218748,-1.340278
-1.415491,1.057456,-1.516899
-1.294174,1.057456,-1.516899
-1.049226,0.7218748,-1.340278
-1.049226,1.057456,-1.516899
-1.294174,0.9061031,1.452281
-1.415491,0.9061031,1.452281
-1.415491,0.6229363,1.32549
-1.294174,0.6229363,1.32549
-0.9973262,0.9061031,1.452281
-0.9973262,0.6229363,1.32549
-1.294174,1.115232,-1.4351
-1.357941,1.115232,-1.4351
-1.357941,0.7628156,-1.249102
-1.294174,0.7628156,-1.249102
-1.294174,0.9562725,1.362935
-1.357941,0.9562725,1.362935
-1.357941,1.258387,1.578957
-1.294174,1.258387,1.578957
-1.294174,1.057456,-1.516899
-1.415491,1.057456,-1.516899
-1.415491,1.139458,-1.592594
-1.294174,1.139458,-1.592594
-1.049226,1.057456,-1.516899
-1.049226,1.139458,-1.592594
-1.294174,0.6229363,1.32549
-1.415491,0.6229363,1.32549
-1.415491,0.4090536,1.276451
-1.294174,0.4090536,1.276451
-0.9973262,0.6229363,1.32549
-0.9826707,0.4101114,1.276451
-1.294174,1.230563,-1.546828
-1.357941,1.230563,-1.546828
-1.357941,1.115232,-1.4351
-1.294174,1.115232,-1.4351
-1.294174,0.6567947,1.228797
-1.357941,0.6567947,1.228797
-1.357941,0.9562725,1.362935
-1.294174,0.9562725,1.362935
-1.294174,1.139458,-1.592594
-1.415491,1.139458,-1.592594
-1.415491,1.146454,-1.658551
-1.294174,1.146454,-1.658551
-1.049226,1.139458,-1.592594
-1.049226,1.146454,-1.658551
-1.294174,1.151836,-1.709296
-1.415491,1.163222,-1.816656
-1.049226,1.151836,-1.709296
-1.294174,1.163222,-1.816656
-1.049226,1.163222,-1.816656
-1.294174,1.07576,2.475011
-1.415491,1.07576,2.475011
-1.415491,1.131212,2.422048
-1.294174,1.131212,2.422048
-0.9973262,1.07576,2.475011
-0.9973262,1.131212,2.422048
-1.294174,0.4090536,1.166833
-1.357941,0.4090536,1.166833
-1.357941,0.6567947,1.228797
-1.294174,0.6567947,1.228797
-1.294174,1.131212,2.422048
-1.415491,1.131212,2.422048
-1.415491,1.168715,2.297386
-1.294174,1.168715,2.297386
-0.9973262,1.131212,2.422048
-0.9973262,1.168715,2.297386
-1.294174,1.211333,2.485661
-1.357941,1.211333,2.485661
-1.357941,1.132891,2.559616
-1.294174,1.132891,2.559616
-1.294174,1.168715,2.297386
-1.415491,1.168715,2.297386
-1.415491,1.182189,1.92504
-1.294174,1.182189,1.92504
-0.9973262,1.168715,2.297386
-0.9973262,1.182189,1.92504
-0.2840498,0.655719,3.316473
-3.814697E-06,0.6556464,3.337269
-3.814697E-06,0.9219812,3.333076
-0.284048,0.9219358,3.314349
-0.5680959,0.6557917,3.295678
-0.5680921,0.9218903,3.295623
-1.045215,0.6342287,-2.778031
-1.126981,0.6342287,-2.882085
-1.126981,1.307274,-2.882086
-1.045215,1.307274,-2.778032
-3.814697E-06,0.9326476,-2.966455
-0.2734923,0.9326476,-2.966455
-0.27393,0.9326476,-2.93731
-3.814697E-06,0.9326476,-2.93731
0.2739224,0.9326476,-2.93731
0.2734847,0.9326476,-2.966455
-0.4139461,1.070961,-2.93731
-0.4139473,1.071347,-2.966455
-0.4170445,2.157865,-2.966455
-0.4170445,2.157865,-2.93731
-0.3549201,2.352672,-2.890348
-0.483579,2.224013,-2.890348
-0.483579,1.005163,-2.890347
-0.3439781,0.8664992,-2.890347
-3.814697E-06,2.352672,-2.890348
-3.814697E-06,0.8664992,-2.890347
0.3549124,2.352672,-2.890348
0.3439705,0.8664992,-2.890347
0.4835714,1.005163,-2.890347
0.4835714,2.224013,-2.890348
-0.1557862,1.667822,-2.919575
-0.1552712,1.667822,-2.961572
-3.814697E-06,1.667822,-2.961572
-3.814697E-06,1.667822,-2.919575
0.1557786,1.667822,-2.919575
0.1552636,1.667822,-2.961572
-0.3277896,1.839826,-2.919575
-0.3277896,1.964607,-2.919575
-0.3277896,1.964092,-2.961572
-0.3277896,1.840341,-2.961572
-0.3047456,2.050608,-2.919575
-0.3277896,1.964607,-2.919575
-0.3277896,1.839826,-2.919575
-0.3047456,1.753824,-2.919575
-0.2417879,2.135154,-2.919575
-0.2417879,1.690866,-2.919575
-0.1557862,2.191212,-2.919575
-0.1557862,1.667822,-2.919575
-3.814697E-06,2.191212,-2.919575
-3.814697E-06,1.667822,-2.919575
0.1557786,2.191212,-2.919575
0.1557786,1.667822,-2.919575
0.2417803,2.135154,-2.919575
0.2417803,1.690866,-2.919575
0.304738,2.050608,-2.919575
0.304738,1.753824,-2.919575
0.3277819,1.964607,-2.919575
0.3277819,1.839826,-2.919575
-0.1552713,2.191212,-2.961572
-0.1557862,2.191212,-2.919575
-3.814697E-06,2.191212,-2.919575
-3.814697E-06,2.191212,-2.961572
0.1552637,2.191212,-2.961572
0.1557786,2.191212,-2.919575
-0.284782,1.765568,-2.961572
-0.3056002,1.843262,-2.961572
-0.3056002,1.96117,-2.961572
-0.2847821,2.038865,-2.961572
-0.2300444,2.115191,-2.961572
-0.2300443,1.71083,-2.961572
-0.15235,2.169023,-2.961572
-0.15235,1.690012,-2.961572
-3.814697E-06,2.169023,-2.961572
-3.814697E-06,1.690012,-2.961572
-0.483579,2.224013,-2.890348
-0.3549201,2.352672,-2.890348
-0.3549201,2.352672,-2.966455
-0.483579,2.224013,-2.966455
-0.483579,1.005563,-2.966455
-0.3435404,0.8664992,-2.966455
-0.3439781,0.8664992,-2.890347
-0.483579,1.005163,-2.890347
-0.4139461,1.070961,-2.93731
-0.27393,0.9326476,-2.93731
-0.2734923,0.9326476,-2.966455
-0.4139473,1.071347,-2.966455
-0.2887717,2.286524,-2.93731
-0.4170445,2.157865,-2.93731
-0.4170445,2.157865,-2.966455
-0.2887717,2.286524,-2.966455
-0.483579,1.005563,-2.966455
-0.483579,1.005163,-2.890347
-0.483579,2.224013,-2.890348
-0.483579,2.224013,-2.966455
-0.3277896,1.840341,-2.961572
-0.3046764,1.754082,-2.961572
-0.3047456,1.753824,-2.919575
-0.3277896,1.839826,-2.919575
-0.3046764,1.754082,-2.961572
-0.2415303,1.690935,-2.961572
-0.2417879,1.690866,-2.919575
-0.3047456,1.753824,-2.919575
-0.2415303,1.690935,-2.961572
-0.1552712,1.667822,-2.961572
-0.1557862,1.667822,-2.919575
-0.2417879,1.690866,-2.919575
-0.3277896,1.964607,-2.919575
-0.3047456,2.050608,-2.919575
-0.3046766,2.05035,-2.961572
-0.3277896,1.964092,-2.961572
-0.3047456,2.050608,-2.919575
-0.2417879,2.135154,-2.919575
-0.2415304,2.135085,-2.961572
-0.3046766,2.05035,-2.961572
-0.2417879,2.135154,-2.919575
-0.1557862,2.191212,-2.919575
-0.1552713,2.191212,-2.961572
-0.2415304,2.135085,-2.961572
-0.3924382,1.079983,-2.93731
-0.3954855,2.14899,-2.93731
-0.2798333,2.26499,-2.93731
-0.2650876,0.9541812,-2.93731
-3.814697E-06,2.26499,-2.93731
-3.814697E-06,0.9541812,-2.93731
0.2650799,0.9541812,-2.93731
0.2798256,2.26499,-2.93731
0.3924306,1.079983,-2.93731
0.3954779,2.14899,-2.93731
-0.2887717,2.286524,-2.966455
-3.814697E-06,2.286524,-2.93731
-0.2887717,2.286524,-2.93731
-3.814697E-06,2.286524,-2.966455
0.2887641,2.286524,-2.966455
0.2887641,2.286524,-2.93731
-0.3549201,2.352672,-2.966455
-0.3549201,2.352672,-2.890348
-3.814697E-06,2.352672,-2.890348
-3.814697E-06,2.352672,-2.966455
0.3549124,2.352672,-2.966455
0.3549124,2.352672,-2.890348
-0.3439781,0.8664992,-2.890347
-0.3435404,0.8664992,-2.966455
-3.814697E-06,0.8664992,-2.966455
-3.814697E-06,0.8664992,-2.890347
0.3439705,0.8664992,-2.890347
0.3435328,0.8664992,-2.966455
-1.607641,1.549239,1.190748
-1.62568,1.542239,1.1839
-1.624731,1.86948,1.208262
-1.607744,1.861225,1.213974
-1.519732,1.514962,1.187322
-1.529951,1.503342,1.179768
-1.589666,1.506614,1.181248
-1.577905,1.516822,1.188335
-1.607641,1.546977,1.221128
-1.602922,1.55218,1.206241
-1.603064,1.855958,1.228856
-1.607744,1.858964,1.244354
-1.62568,1.53904,1.226864
-1.607641,1.546977,1.221128
-1.607744,1.858964,1.244354
-1.624731,1.866282,1.251226
-1.63708,1.529327,1.219814
-1.62568,1.53904,1.226864
-1.624731,1.866282,1.251226
-1.636021,1.877125,1.245707
-1.641803,1.526201,1.204307
-1.63708,1.529327,1.219814
-1.636021,1.877125,1.245707
-1.640696,1.882585,1.230839
-1.63708,1.531589,1.189434
-1.641803,1.526201,1.204307
-1.640696,1.882585,1.230839
-1.636021,1.879387,1.215326
-1.62568,1.542239,1.1839
-1.63708,1.531589,1.189434
-1.636021,1.879387,1.215326
-1.624731,1.86948,1.208262
-1.602922,1.55218,1.206241
-1.607641,1.549239,1.190748
-1.607744,1.861225,1.213974
-1.603064,1.855958,1.228856
-1.519732,1.512571,1.219441
-1.51567,1.518823,1.203758
-1.573229,1.520157,1.203857
-1.577905,1.51456,1.218715
-1.529951,1.499961,1.225191
-1.519732,1.512571,1.219441
-1.577905,1.51456,1.218715
-1.589666,1.503416,1.224212
-1.558823,1.488438,1.217644
-1.529951,1.499961,1.225191
-1.589666,1.503416,1.224212
-1.601642,1.49332,1.217134
-1.563044,1.484662,1.201215
-1.558823,1.488438,1.217644
-1.601642,1.49332,1.217134
-1.606501,1.490082,1.201618
-1.558823,1.490829,1.185526
-1.563044,1.484662,1.201215
-1.606501,1.490082,1.201618
-1.601642,1.495582,1.186754
-1.529951,1.503342,1.179768
-1.558823,1.490829,1.185526
-1.601642,1.495582,1.186754
-1.589666,1.506614,1.181248
-1.519673,1.894134,1.21555
-1.548234,1.906929,1.209814
-1.271893,1.904265,1.210852
-1.271893,1.888675,1.216018
-1.515673,1.887808,1.231228
-1.519673,1.894134,1.21555
-1.271893,1.888675,1.216018
-1.271893,1.881281,1.230742
-1.519673,1.891743,1.247669
-1.515673,1.887808,1.231228
-1.271893,1.881281,1.230742
-1.271893,1.886413,1.246398
-1.548234,1.903548,1.255237
-1.519673,1.891743,1.247669
-1.271893,1.886413,1.246398
-1.271893,1.901066,1.253815
-1.558529,1.916245,1.249493
-1.548234,1.903548,1.255237
-1.271893,1.901066,1.253815
-1.271893,1.916656,1.24865
-1.562697,1.922485,1.233809
-1.558529,1.916245,1.249493
-1.271893,1.916656,1.24865
-1.271893,1.92405,1.233926
-1.558529,1.918636,1.217374
-1.562697,1.922485,1.233809
-1.271893,1.92405,1.233926
-1.271893,1.918918,1.218269
-1.548234,1.906929,1.209814
-1.558529,1.918636,1.217374
-1.271893,1.918918,1.218269
-1.271893,1.904265,1.210852
-1.607641,1.549239,1.190748
-1.577905,1.516822,1.188335
-1.589666,1.506614,1.181248
-1.62568,1.542239,1.1839
-1.589666,1.503416,1.224212
-1.62568,1.53904,1.226864
-1.63708,1.529327,1.219814
-1.601642,1.49332,1.217134
-1.577824,1.892919,1.216334
-1.607744,1.861225,1.213974
-1.624731,1.86948,1.208262
-1.589444,1.904265,1.210852
-1.601642,1.49332,1.217134
-1.63708,1.529327,1.219814
-1.641803,1.526201,1.204307
-1.606501,1.490082,1.201618
-1.636021,1.879387,1.215326
-1.601292,1.914562,1.217945
-1.589444,1.904265,1.210852
-1.624731,1.86948,1.208262
-1.577905,1.51456,1.218715
-1.607641,1.546977,1.221128
-1.62568,1.53904,1.226864
-1.589666,1.503416,1.224212
-1.606501,1.490082,1.201618
-1.641803,1.526201,1.204307
-1.63708,1.531589,1.189434
-1.601642,1.495582,1.186754
-1.636021,1.877125,1.245707
-1.601292,1.9123,1.248325
-1.606089,1.91788,1.233466
-1.640696,1.882585,1.230839
-1.601642,1.495582,1.186754
-1.63708,1.531589,1.189434
-1.62568,1.542239,1.1839
-1.589666,1.506614,1.181248
-1.607744,1.861225,1.213974
-1.577824,1.892919,1.216334
-1.573221,1.88724,1.231185
-1.603064,1.855958,1.228856
-1.603064,1.855958,1.228856
-1.573221,1.88724,1.231185
-1.577824,1.890656,1.246714
-1.607744,1.858964,1.244354
-1.577905,1.516822,1.188335
-1.607641,1.549239,1.190748
-1.602922,1.55218,1.206241
-1.573229,1.520157,1.203857
-1.607744,1.858964,1.244354
-1.577824,1.890656,1.246714
-1.589444,1.901067,1.253815
-1.624731,1.866282,1.251226
-1.640696,1.882585,1.230839
-1.606089,1.91788,1.233466
-1.601292,1.914562,1.217945
-1.636021,1.879387,1.215326
-1.573229,1.520157,1.203857
-1.602922,1.55218,1.206241
-1.607641,1.546977,1.221128
-1.577905,1.51456,1.218715
-1.624731,1.866282,1.251226
-1.589444,1.901067,1.253815
-1.601292,1.9123,1.248325
-1.636021,1.877125,1.245707
-1.51567,1.518823,1.203758
-1.519732,1.514962,1.187322
-1.577905,1.516822,1.188335
-1.573229,1.520157,1.203857
-1.589444,1.904265,1.210852
-1.601292,1.914562,1.217945
-1.558529,1.918636,1.217374
-1.548234,1.906929,1.209814
-1.601292,1.914562,1.217945
-1.606089,1.91788,1.233466
-1.562697,1.922485,1.233809
-1.558529,1.918636,1.217374
-1.606089,1.91788,1.233466
-1.601292,1.9123,1.248325
-1.558529,1.916245,1.249493
-1.562697,1.922485,1.233809
-1.601292,1.9123,1.248325
-1.589444,1.901067,1.253815
-1.548234,1.903548,1.255237
-1.558529,1.916245,1.249493
-1.589444,1.901067,1.253815
-1.577824,1.890656,1.246714
-1.519673,1.891743,1.247669
-1.548234,1.903548,1.255237
-1.577824,1.890656,1.246714
-1.573221,1.88724,1.231185
-1.515673,1.887808,1.231228
-1.519673,1.891743,1.247669
-1.573221,1.88724,1.231185
-1.577824,1.892919,1.216334
-1.519673,1.894134,1.21555
-1.515673,1.887808,1.231228
-1.577824,1.892919,1.216334
-1.589444,1.904265,1.210852
-1.548234,1.906929,1.209814
-1.519673,1.894134,1.21555
-1.271893,1.522968,1.204067
-1.271893,1.517856,1.188412
-1.519732,1.514962,1.187322
-1.51567,1.518823,1.203758
-1.271893,1.503251,1.180998
-1.271893,1.487709,1.186167
-1.558823,1.490829,1.185526
-1.529951,1.503342,1.179768
-1.271893,1.487709,1.186167
-1.271893,1.480335,1.200893
-1.563044,1.484662,1.201215
-1.558823,1.490829,1.185526
-1.271893,1.480335,1.200893
-1.271893,1.485448,1.216548
-1.558823,1.488438,1.217644
-1.563044,1.484662,1.201215
-1.271893,1.485448,1.216548
-1.271893,1.500052,1.223961
-1.529951,1.499961,1.225191
-1.558823,1.488438,1.217644
-1.271893,1.500052,1.223961
-1.271893,1.515594,1.218792
-1.519732,1.512571,1.219441
-1.529951,1.499961,1.225191
-1.271893,1.515594,1.218792
-1.271893,1.522968,1.204067
-1.51567,1.518823,1.203758
-1.519732,1.512571,1.219441
-1.271893,1.517856,1.188412
-1.271893,1.503251,1.180998
-1.529951,1.503342,1.179768
-1.519732,1.514962,1.187322
-1.403563,1.857538,1.224637
-1.362194,1.816124,1.221582
-1.368271,1.808342,1.229717
-1.406529,1.846657,1.232471
-1.56705,1.5976,1.222232
-1.56705,1.820362,1.238816
-1.56705,1.821559,1.222728
-1.56705,1.598797,1.206144
-1.493736,1.869972,1.240485
-1.422346,1.869972,1.240485
-1.4305,1.915808,1.242455
-1.485583,1.915808,1.242455
-1.349033,1.598797,1.206144
-1.349033,1.821559,1.222728
-1.349033,1.820362,1.238816
-1.349033,1.5976,1.222232
-1.517933,1.869343,1.242463
-1.56705,1.820362,1.238816
-1.56705,1.5976,1.222232
-1.517933,1.548618,1.218586
-1.39815,1.869343,1.242463
-1.39815,1.548618,1.218586
-1.349033,1.820362,1.238816
-1.349033,1.5976,1.222232
-1.39815,1.548618,1.218586
-1.39815,1.549816,1.202497
-1.349033,1.598797,1.206144
-1.349033,1.5976,1.222232
-1.39815,1.870541,1.226374
-1.39815,1.869343,1.242463
-1.349033,1.820362,1.238816
-1.349033,1.821559,1.222728
-1.517933,1.549816,1.202497
-1.517933,1.548618,1.218586
-1.56705,1.5976,1.222232
-1.56705,1.598797,1.206144
-1.517933,1.869343,1.242463
-1.517933,1.870541,1.226374
-1.56705,1.821559,1.222728
-1.56705,1.820362,1.238816
-1.422346,1.549187,1.204475
-1.422346,1.548289,1.216537
-1.4305,1.502667,1.211698
-1.4305,1.503351,1.202504
-1.422346,1.548289,1.216537
-1.422346,1.549187,1.204475
-1.39815,1.549816,1.202497
-1.39815,1.548618,1.218586
-1.422346,1.870871,1.228423
-1.422346,1.869972,1.240485
-1.39815,1.869343,1.242463
-1.39815,1.870541,1.226374
-1.493736,1.549187,1.204475
-1.493736,1.548289,1.216537
-1.517933,1.548618,1.218586
-1.517933,1.549816,1.202497
-1.493736,1.869972,1.240485
-1.493736,1.870871,1.228423
-1.517933,1.870541,1.226374
-1.517933,1.869343,1.242463
-1.493736,1.548289,1.216537
-1.422346,1.548289,1.216537
-1.39815,1.548618,1.218586
-1.517933,1.548618,1.218586
-1.422346,1.549187,1.204475
-1.493736,1.549187,1.204475
-1.517933,1.549816,1.202497
-1.39815,1.549816,1.202497
-1.493736,1.870871,1.228423
-1.422346,1.870871,1.228423
-1.39815,1.870541,1.226374
-1.517933,1.870541,1.226374
-1.422346,1.869972,1.240485
-1.493736,1.869972,1.240485
-1.517933,1.869343,1.242463
-1.39815,1.869343,1.242463
-1.485583,1.915808,1.242455
-1.4305,1.915808,1.242455
-1.4305,1.916492,1.233261
-1.485583,1.916492,1.233261
-1.4305,1.502667,1.211698
-1.485583,1.502667,1.211698
-1.485583,1.503351,1.202504
-1.4305,1.503351,1.202504
-1.493736,1.549187,1.204475
-1.422346,1.549187,1.204475
-1.4305,1.503351,1.202504
-1.485583,1.503351,1.202504
-1.493736,1.870871,1.228423
-1.493736,1.869972,1.240485
-1.485583,1.915808,1.242455
-1.485583,1.916492,1.233261
-1.422346,1.869972,1.240485
-1.422346,1.870871,1.228423
-1.4305,1.916492,1.233261
-1.4305,1.915808,1.242455
-1.422346,1.870871,1.228423
-1.493736,1.870871,1.228423
-1.485583,1.916492,1.233261
-1.4305,1.916492,1.233261
-1.422346,1.548289,1.216537
-1.493736,1.548289,1.216537
-1.485583,1.502667,1.211698
-1.4305,1.502667,1.211698
-1.493736,1.548289,1.216537
-1.493736,1.549187,1.204475
-1.485583,1.503351,1.202504
-1.485583,1.502667,1.211698
-1.509554,1.572534,1.212064
-1.547811,1.610834,1.215013
-1.547811,1.808342,1.229717
-1.509554,1.846657,1.232471
-1.406529,1.846657,1.232471
-1.406529,1.572534,1.212064
-1.368271,1.610834,1.215013
-1.368271,1.808342,1.229717
-1.553888,1.604343,1.205816
-1.553888,1.816124,1.221582
-1.547811,1.808342,1.229717
-1.547811,1.610834,1.215013
-1.403563,1.562933,1.202704
-1.512519,1.562933,1.202704
-1.509554,1.572534,1.212064
-1.406529,1.572534,1.212064
-1.512519,1.562933,1.202704
-1.553888,1.604343,1.205816
-1.547811,1.610834,1.215013
-1.509554,1.572534,1.212064
-1.362194,1.604343,1.205816
-1.403563,1.562933,1.202704
-1.406529,1.572534,1.212064
-1.368271,1.610834,1.215013
-1.512519,1.857538,1.224637
-1.403563,1.857538,1.224637
-1.406529,1.846657,1.232471
-1.509554,1.846657,1.232471
-1.362194,1.816124,1.221582
-1.362194,1.604343,1.205816
-1.368271,1.610834,1.215013
-1.368271,1.808342,1.229717
-1.553888,1.816124,1.221582
-1.512519,1.857538,1.224637
-1.509554,1.846657,1.232471
-1.547811,1.808342,1.229717
-0.9878642,1.395309,2.973835
-0.9878642,1.441443,2.973835
-1.242322,1.441443,2.860027
-1.220844,1.395309,2.869633
-1.242322,1.280673,2.860027
-1.220844,1.326807,2.869633
-0.9878642,1.280673,2.973835
-0.9878642,1.326807,2.973835
-0.9878642,1.23454,2.973835
-1.220844,1.23454,2.869633
-1.242322,1.119904,2.860027
-1.220844,1.166037,2.869633
-0.9878642,1.119904,2.973835
-0.9878642,1.166037,2.973835
-0.6317578,1.441443,3.042445
-0.9878642,1.441443,2.973835
-0.9878642,1.395309,2.973835
-0.6111739,1.395309,3.046411
-0.5880699,1.441443,3.050862
-0.6111739,1.326807,3.046411
-0.5880699,1.280673,3.050862
-0.9878642,1.326807,2.973835
-0.9878642,1.280673,2.973835
-0.6111736,1.23454,3.046411
-0.9878642,1.23454,2.973835
-0.6111736,1.166037,3.046411
-0.5880699,1.119904,3.050862
-0.9878642,1.166037,2.973835
-0.9878642,1.119904,2.973835
-0.4485556,0.6557917,3.287163
-0.4485592,0.9218903,3.287108
-0.3475485,0.9219358,3.298034
-0.3474112,0.655719,3.300153
-0.4418394,1.313495,3.055589
-0.3489359,1.313495,3.064555
-0.3475485,0.9219358,3.298034
-0.4485592,0.9218903,3.287108
-0.4444221,0.6560537,3.350973
-0.3437498,0.949419,3.356674
-0.4449144,0.9546881,3.343373
-0.3432776,0.6559811,3.363963
-0.3433737,0.5794831,3.364283
-0.4445181,0.5795557,3.351294
-0.4394976,1.363638,3.091741
-0.4449144,0.9546881,3.343373
-0.3437498,0.949419,3.356674
-0.346594,1.363638,3.100707
-0.4486517,0.5792937,3.287483
-0.4198322,0.5783179,3.063075
-0.3186878,0.5782453,3.076065
-0.3475073,0.5792211,3.300473
-0.4445181,0.5795557,3.351294
-0.3433737,0.5794831,3.364283
-0.4485556,0.6557917,3.287163
-0.4449144,0.9546881,3.343373
-0.4485592,0.9218903,3.287108
-0.4444221,0.6560537,3.350973
-0.4445181,0.5795557,3.351294
-0.4486517,0.5792937,3.287483
-0.4485592,0.9218903,3.287108
-0.4449144,0.9546881,3.343373
-0.4394976,1.363638,3.091741
-0.4418394,1.313495,3.055589
-0.3475485,0.9219358,3.298034
-0.3437498,0.949419,3.356674
-0.3432776,0.6559811,3.363963
-0.3474112,0.655719,3.300153
-0.3475073,0.5792211,3.300473
-0.3433737,0.5794831,3.364283
-0.4418394,1.313495,3.055589
-0.4394976,1.363638,3.091741
-0.346594,1.363638,3.100707
-0.3489359,1.313495,3.064555
-0.3489359,1.313495,3.064555
-0.346594,1.363638,3.100707
-0.3437498,0.949419,3.356674
-0.3475485,0.9219358,3.298034
-1.294174,0.627508,2.798835
-1.294174,0.5886472,2.707972
-1.001219,0.4101115,2.707972
-1.022774,0.678139,3.169799
-1.022774,0.678139,3.169799
-1.294174,0.6776907,2.836837
-1.294174,0.627508,2.798835
-1.329084,0.678139,3.032799
-0.3185917,0.6547433,3.075745
-0.3186878,0.5782453,3.076065
-0.4198322,0.5783179,3.063075
-0.4197361,0.654816,3.062755
-0.3475073,0.5792211,3.300473
-0.3186878,0.5782453,3.076065
-0.3185917,0.6547433,3.075745
-0.3474112,0.655719,3.300153
-0.3474112,0.655719,3.300153
-0.3185917,0.6547433,3.075745
-0.4197361,0.654816,3.062755
-0.4485556,0.6557917,3.287163
-0.4485556,0.6557917,3.287163
-0.4197361,0.654816,3.062755
-0.4198322,0.5783179,3.063075
-0.4486517,0.5792937,3.287483
-3.814697E-06,1.690012,-2.961572
-3.814697E-06,1.667822,-2.961572
-0.1552712,1.667822,-2.961572
-0.15235,1.690012,-2.961572
-0.2415303,1.690935,-2.961572
-0.2300443,1.71083,-2.961572
-0.3046764,1.754082,-2.961572
-0.284782,1.765568,-2.961572
-0.3277896,1.840341,-2.961572
-0.3056002,1.843262,-2.961572
-0.3277896,1.964092,-2.961572
-0.3056002,1.96117,-2.961572
-0.3046766,2.05035,-2.961572
-0.2847821,2.038865,-2.961572
-0.2415304,2.135085,-2.961572
-0.2300444,2.115191,-2.961572
-0.1552713,2.191212,-2.961572
-0.15235,2.169023,-2.961572
-3.814697E-06,2.191212,-2.961572
-3.814697E-06,2.169023,-2.961572
-1.415491,1.168715,2.297386
-1.357941,1.269702,2.321107
-1.357941,1.284534,1.923707
-1.415491,1.182189,1.92504
-1.415491,1.131212,2.422048
-1.357941,1.211333,2.485661
-1.357941,1.269702,2.321107
-1.415491,1.168715,2.297386
-1.415491,1.07576,2.475011
-1.357941,1.132891,2.559616
-1.357941,1.211333,2.485661
-1.415491,1.131212,2.422048
-1.415491,0.6229363,1.32549
-1.357941,0.6567947,1.228797
-1.357941,0.4090536,1.166833
-1.415491,0.4090536,1.276451
-1.415491,0.9061031,1.452281
-1.357941,0.9562725,1.362935
-1.357941,0.6567947,1.228797
-1.415491,0.6229363,1.32549
-1.415491,1.165921,1.630906
-1.357941,1.258387,1.578957
-1.357941,0.9562725,1.362935
-1.415491,0.9061031,1.452281
-1.415491,1.182189,1.92504
-1.357941,1.284534,1.923707
-1.357941,1.258387,1.578957
-1.415491,1.165921,1.630906
-1.415491,0.8177699,2.63098
-1.357941,0.8618344,2.7233
-1.357941,1.132891,2.559616
-1.415491,1.07576,2.475011
-1.415491,0.5886472,2.707972
-1.357941,0.627508,2.798835
-1.357941,0.8618344,2.7233
-1.415491,0.8177699,2.63098
-1.294174,0.5953062,-2.745282
-1.415491,0.5953062,-2.745282
-1.357941,0.5990943,-2.845736
-1.294174,0.5990943,-2.845736
-1.415491,1.139458,-1.592594
-1.357941,1.230563,-1.546828
-1.357941,1.245784,-1.648016
-1.415491,1.146454,-1.658551
-1.357941,1.262963,-1.810687
-1.415491,1.163222,-1.816656
-1.357941,1.269566,-2.341184
-1.415491,1.170311,-2.327062
-1.415491,1.057456,-1.516899
-1.357941,1.115232,-1.4351
-1.357941,1.230563,-1.546828
-1.415491,1.139458,-1.592594
-1.415491,0.7218748,-1.340278
-1.357941,0.7628156,-1.249102
-1.357941,1.115232,-1.4351
-1.415491,1.057456,-1.516899
-1.415491,0.5133259,-1.269234
-1.357941,0.4739588,-1.166599
-1.357941,0.7628156,-1.249102
-1.415491,0.7218748,-1.340278
-1.415491,0.7184246,-2.738961
-1.357941,0.7475154,-2.835606
-1.357941,0.5990943,-2.845736
-1.415491,0.5953062,-2.745282
-1.415491,0.8892531,-2.636464
-1.357941,0.9460282,-2.718721
-1.357941,0.7475154,-2.835606
-1.415491,0.7184246,-2.738961
-1.415491,1.134996,-2.442639
-1.357941,1.218641,-2.499835
-1.357941,0.9460282,-2.718721
-1.415491,0.8892531,-2.636464
-1.415491,1.170311,-2.327062
-1.357941,1.269566,-2.341184
-1.357941,1.218641,-2.499835
-1.415491,1.134996,-2.442639
-1.294174,0.5990943,-2.845736
-1.052374,0.573001,-2.854493
-1.049226,0.5953062,-2.745282
-1.294174,0.5953062,-2.745282
-1.294174,0.6267443,-2.927997
-1.053413,0.6267443,-2.927997
-1.052374,0.573001,-2.854493
-1.294174,0.5990943,-2.845736
-0.5322941,0.6776907,3.061609
-0.531902,0.4607439,2.651123
-3.814697E-06,0.4607439,2.659017
-0.266149,0.6776907,3.082468
-3.814697E-06,0.6776907,3.103328
0.2661413,0.6776907,3.082468
0.5322865,0.6776907,3.061609
0.5318943,0.4607439,2.651123
-1.294174,0.7218748,-1.340278
-1.049226,0.7218748,-1.340278
-1.040329,0.5133288,-1.269117
-1.294174,0.5133259,-1.269234
-1.415491,0.7218748,-1.340278
-1.035509,0.4101112,-1.230565
-1.415491,0.5133259,-1.269234
-1.294174,0.4101112,-1.230745
-1.415491,0.4101112,-1.230745
-1.415491,0.4101112,-1.230745
-1.357941,0.4101112,-1.121902
-1.357941,0.4739588,-1.166599
-1.415491,0.5133259,-1.269234
-1.294174,0.7628156,-1.249102
-1.357941,0.7628156,-1.249102
-1.357941,0.4739588,-1.166599
-1.294174,0.4739588,-1.166599
-1.294174,0.4739591,1.183067
-1.357941,0.4101114,1.160189
-1.294174,0.4101114,1.160189
-1.357941,0.4739591,1.183067
-1.521484,0.4101114,1.160189
-1.521484,0.4739591,1.183067
-1.357941,0.4739588,-1.166599
-1.294174,0.4739591,1.183067
-1.294174,0.4739588,-1.166599
-1.357941,0.4739591,1.183067
-1.521484,0.4739591,1.183067
-1.521484,0.4739588,-1.166599
-1.294174,0.4739588,-1.166599
-1.294174,0.4739591,1.183067
-1.294174,0.4101114,1.160189
-1.294174,0.4101112,-1.121902
-1.521484,0.4101112,-1.121902
-1.521484,0.4101114,1.160189
-1.521484,0.4739591,1.183067
-1.521484,0.4739588,-1.166599
-0.9878642,1.384295,2.973835
-0.9878642,1.395309,2.973835
-1.220844,1.395309,2.869633
-1.21079,1.384295,2.87413
-1.220844,1.326807,2.869633
-1.21079,1.337821,2.87413
-0.9878642,1.326807,2.973835
-0.9878642,1.337821,2.973835
-0.6219892,1.384295,3.044327
-0.9878642,1.395309,2.973835
-0.9878642,1.384295,2.973835
-0.6111739,1.395309,3.046411
-0.6219892,1.337821,3.044327
-0.6111739,1.326807,3.046411
-0.9878642,1.337821,2.973835
-0.9878642,1.326807,2.973835
-1.21079,1.177051,2.87413
-0.9878642,1.166037,2.973835
-0.9878642,1.177051,2.973835
-1.220844,1.166037,2.869633
-1.21079,1.223526,2.87413
-1.220844,1.23454,2.869633
-0.9878642,1.223526,2.973835
-0.9878642,1.23454,2.973835
-0.9878642,1.177051,2.973835
-0.9878642,1.166037,2.973835
-0.6111736,1.166037,3.046411
-0.621989,1.177051,3.044327
-0.6111736,1.23454,3.046411
-0.621989,1.223526,3.044327
-0.9878642,1.23454,2.973835
-0.9878642,1.223526,2.973835
-3.814697E-06,1.805461,1.322174
-0.5639631,2.48612,0.9739445
-0.5262803,1.805461,1.322174
-3.814697E-06,2.501866,0.9739445
-3.814697E-06,1.805461,1.322174
0.5639555,2.48612,0.9739445
0.5262727,1.805461,1.322174
-1.204108,2.434597,0.9739445
-1.224462,2.452233,0.9637811
-1.224462,1.787825,1.332337
-1.204108,1.805461,1.322174
-1.204108,1.805461,1.322174
-0.9803405,1.787825,1.332337
-0.9803405,1.805461,1.322174
-0.5262803,1.787825,1.332337
-0.5262803,1.805461,1.322174
-3.814697E-06,1.787825,1.332337
-3.814697E-06,1.805461,1.322174
0.5262727,1.805461,1.322174
0.5262727,1.787825,1.332337
0.9803329,1.805461,1.322174
0.9803329,1.787825,1.332337
1.2041,1.805461,1.322174
1.224455,1.787825,1.332337
1.2041,2.434597,0.9739445
1.2041,1.805461,1.322174
1.224455,2.452233,0.9637811
-0.9932852,2.464339,0.9739445
-0.9932852,2.481975,0.9637811
-1.224462,2.452233,0.9637811
-1.204108,2.434597,0.9739445
-0.5639631,2.48612,0.9739445
-0.9932852,2.481975,0.9637811
-0.9932852,2.464339,0.9739445
-0.5639631,2.503756,0.9637811
-3.814697E-06,2.501866,0.9739445
-3.814697E-06,2.519502,0.9637811
0.5639555,2.503756,0.9637811
0.5639555,2.48612,0.9739445
0.9932775,2.481975,0.9637811
0.9932775,2.464339,0.9739445
-0.01087437,1.539525,3.065157
-0.01087437,1.539525,3.045766
-0.01087548,1.506983,3.070072
-0.01087548,1.506983,3.089463
-0.5272971,1.539504,3.031244
-0.5265009,1.548264,3.024819
-0.5927737,1.548264,3.012666
-0.5856701,1.539523,3.020566
-0.615225,1.498244,3.04563
-0.600238,1.506979,3.041901
-0.5314683,1.507006,3.055188
-0.5322941,1.498244,3.061608
-3.814697E-06,1.498244,3.096685
-0.01087548,1.506983,3.089463
-0.01087437,1.539525,3.065157
-0.5265009,1.548264,3.024819
-0.5272971,1.539504,3.031244
-3.814697E-06,1.548264,3.059365
-0.01087548,1.506983,3.089463
-3.814697E-06,1.498244,3.096685
-0.600238,1.506979,3.041901
-0.615225,1.498244,3.04563
-0.5322941,1.498244,3.061608
-0.5314683,1.507006,3.055188
-0.5272971,1.539504,3.011853
-0.5314683,1.507006,3.035797
-0.01087548,1.506983,3.070072
-0.01087437,1.539525,3.045766
-0.5856701,1.539523,3.001175
-0.600238,1.506979,3.02251
-0.5314683,1.507006,3.035797
-0.5272971,1.539504,3.011853
-0.5856701,1.539523,3.020566
-0.5856701,1.539523,3.001175
-0.5272971,1.539504,3.011853
-0.5272971,1.539504,3.031244
-0.01087437,1.539525,3.045766
-0.01087437,1.539525,3.065157
-0.5314683,1.507006,3.055188
-0.600238,1.506979,3.02251
-0.600238,1.506979,3.041901
-0.5314683,1.507006,3.035797
-0.01087548,1.506983,3.089463
-0.01087548,1.506983,3.070072
-1.049226,1.151836,-1.709296
-1.049226,1.163222,-1.816656
-1.049226,1.170311,-2.327062
-1.049226,1.146454,-1.658551
-1.049226,1.139458,-1.592594
-1.049226,1.134996,-2.442639
-1.049226,1.057456,-1.516899
-1.049226,0.7218748,-1.340278
-1.040329,0.5133288,-1.269117
-1.035509,0.4101112,-1.230565
-1.049226,0.4101111,-2.631711
-1.049226,0.5953062,-2.745282
-1.052374,0.573001,-2.854493
-1.049226,0.7184246,-2.738961
-1.049226,0.8892531,-2.636464
-0.9973262,0.6229363,1.32549
-0.9826707,0.4101114,1.276451
-1.001219,0.4101115,2.707972
-0.9973262,0.5886472,2.707972
-0.9973262,0.8177699,2.63098
-0.9973262,0.9061031,1.452281
-0.9973262,1.07576,2.475011
-0.9973262,1.165921,1.630906
-0.9973262,1.131212,2.422048
-0.9973262,1.168715,2.297386
-0.9973262,1.182189,1.92504
-0.4827305,1.204165,3.042716
-3.814697E-06,1.204165,3.074627
-3.814697E-06,1.272505,3.074627
-0.4827305,1.272505,3.042716
-0.4827305,1.288842,3.042716
-0.4827305,1.272505,3.042716
-3.814697E-06,1.272505,3.074627
-3.814697E-06,1.288842,3.074627
-0.4827305,1.204165,3.042716
-0.4827305,1.187827,3.042716
-3.814697E-06,1.187827,3.074627
-3.814697E-06,1.204165,3.074627
-0.4827305,1.373519,3.042716
-0.4827305,1.357182,3.042716
-3.814697E-06,1.357182,3.074627
-3.814697E-06,1.373519,3.074627
-0.4827305,1.288842,3.042716
-3.814697E-06,1.288842,3.074627
-3.814697E-06,1.357182,3.074627
-0.4827305,1.357182,3.042716
-0.8282216,2.686503,0.6917129
-0.8282216,2.572787,0.6917129
-0.8282216,2.572787,0.7976164
-0.8282216,2.686503,0.7976164
-0.6376946,2.686612,0.7976164
-0.6376946,2.572787,0.7976164
-0.6376946,2.572787,0.6917129
-0.6376946,2.686612,0.6917129
-0.6376946,2.686612,0.6917129
-0.6376946,2.572787,0.6917129
-0.8282216,2.572787,0.6917129
-0.8282216,2.686503,0.6917129
-0.8282216,2.686503,0.7976164
-0.6376946,2.686612,0.7976164
-0.6376946,2.686612,0.6917129
-0.8282216,2.686503,0.6917129
-0.7973946,2.573994,0.7549866
-0.7973946,2.573994,0.7343426
-0.7973713,2.530471,0.7343426
-0.7973713,2.530471,0.7549866
-0.7973946,2.573994,0.7549866
-0.6685215,2.57147,0.7549866
-0.6376946,2.572787,0.7976164
-0.8282216,2.572787,0.7976164
-0.7973946,2.573994,0.7343426
-0.8282216,2.572787,0.6917129
-0.6685215,2.57147,0.7343426
-0.6376946,2.572787,0.6917129
-0.6685215,2.57147,0.7549866
-0.6685215,2.57147,0.7343426
-0.6376946,2.572787,0.6917129
-0.6376946,2.572787,0.7976164
-0.6683941,2.531993,0.7549866
-0.7973713,2.530471,0.7549866
-0.7973713,2.530471,0.7343426
-0.6683941,2.531993,0.7343426
-0.7973946,2.573994,0.7343426
-0.6685215,2.57147,0.7343426
-0.6683941,2.531993,0.7343426
-0.7973713,2.530471,0.7343426
-0.6685215,2.57147,0.7549866
-0.7973946,2.573994,0.7549866
-0.7973713,2.530471,0.7549866
-0.6683941,2.531993,0.7549866
-0.6685215,2.57147,0.7343426
-0.6685215,2.57147,0.7549866
-0.6683941,2.531993,0.7549866
-0.6683941,2.531993,0.7343426
-1.337898,0.724292,-1.095966
-1.31349,0.6998841,-1.110063
-1.31349,0.6998844,-0.3266664
-1.337898,0.7242924,-0.3374017
-1.337898,2.374946,-1.33222
-1.31349,2.399354,-1.356628
-1.31349,1.12723,-1.356627
-1.337898,1.133766,-1.332219
-1.337898,0.8993071,-0.1769304
-1.31349,0.8898109,-0.1525223
-1.31349,2.399354,-0.1525226
-1.337898,2.374946,-0.1769308
-1.337898,0.7242924,-0.3374017
-1.31349,0.6998844,-0.3266664
-1.31349,0.8898109,-0.1525223
-1.337898,0.8993071,-0.1769304
-1.337898,1.133766,-1.332219
-1.31349,1.12723,-1.356627
-1.31349,0.6998841,-1.110063
-1.337898,0.724292,-1.095966
-1.337898,2.374946,-0.1769308
-1.31349,2.399354,-0.1525226
-1.31349,2.399354,-1.356628
-1.337898,2.374946,-1.33222
-1.337898,0.7243086,0.2025122
-1.31349,0.6998845,0.1884062
-1.31349,0.6998847,0.9718023
-1.337898,0.7241956,0.9611097
-1.337898,2.374691,-0.03349518
-1.31349,2.399354,-0.05815887
-1.31349,1.127231,-0.05815859
-1.337898,1.133802,-0.03361992
-1.337898,0.8992226,1.121757
-1.31349,0.8898114,1.145946
-1.31349,1.856782,1.145946
-1.337898,1.850523,1.121895
-1.337898,0.7241956,0.9611097
-1.31349,0.6998847,0.9718023
-1.31349,0.8898114,1.145946
-1.337898,0.8992226,1.121757
-1.337898,1.133802,-0.03361992
-1.31349,1.127231,-0.05815859
-1.31349,0.6998845,0.1884062
-1.337898,0.7243086,0.2025122
-1.337898,2.374545,0.8589869
-1.31349,2.399354,0.8735508
-1.31349,2.399354,-0.05815887
-1.337898,2.374691,-0.03349518
-1.337898,1.850523,1.121895
-1.31349,1.856782,1.145946
-1.31349,2.399354,0.8735508
-1.337898,2.374545,0.8589869
-0.6376693,2.686503,-2.788282
-0.6376693,2.572786,-2.788282
-0.6376693,2.572786,-2.894186
-0.6376693,2.686503,-2.894186
-0.8281963,2.686612,-2.894186
-0.8281963,2.572786,-2.894186
-0.8281963,2.572786,-2.788282
-0.8281963,2.686612,-2.788282
-0.8281963,2.686612,-2.788282
-0.8281963,2.572786,-2.788282
-0.6376693,2.572786,-2.788282
-0.6376693,2.686503,-2.788282
-0.6376693,2.686503,-2.894186
-0.8281963,2.686612,-2.894186
-0.8281963,2.686612,-2.788282
-0.6376693,2.686503,-2.788282
-0.6684963,2.573993,-2.851557
-0.6684963,2.573993,-2.830912
-0.6685197,2.530471,-2.830912
-0.6685197,2.530471,-2.851557
-0.6684963,2.573993,-2.851557
-0.7973694,2.571469,-2.851557
-0.8281963,2.572786,-2.894186
-0.6376693,2.572786,-2.894186
-0.6684963,2.573993,-2.830912
-0.6376693,2.572786,-2.788282
-0.7973694,2.571469,-2.830912
-0.8281963,2.572786,-2.788282
-0.7973694,2.571469,-2.851557
-0.7973694,2.571469,-2.830912
-0.8281963,2.572786,-2.788282
-0.8281963,2.572786,-2.894186
-0.7974969,2.531993,-2.851557
-0.6685197,2.530471,-2.851557
-0.6685197,2.530471,-2.830912
-0.7974969,2.531993,-2.830912
-0.6684963,2.573993,-2.830912
-0.7973694,2.571469,-2.830912
-0.7974969,2.531993,-2.830912
-0.6685197,2.530471,-2.830912
-0.7973694,2.571469,-2.851557
-0.6684963,2.573993,-2.851557
-0.6685197,2.530471,-2.851557
-0.7974969,2.531993,-2.851557
-0.7973694,2.571469,-2.830912
-0.7973694,2.571469,-2.851557
-0.7974969,2.531993,-2.851557
-0.7974969,2.531993,-2.830912
-1.117313,0.7795686,-3.107886
-1.095108,0.7355546,-3.107886
-1.111777,0.7377378,-3.107886
-1.101785,0.7860128,-3.107886
-1.143023,0.8130271,-3.107886
-1.132797,0.8263719,-3.107886
-1.182017,0.8291483,-3.107886
-1.179834,0.8458179,-3.107886
-1.143023,0.8130271,-3.107886
-1.223848,0.8236123,-3.107886
-1.179834,0.8458179,-3.107886
-1.182017,0.8291483,-3.107886
-1.230292,0.8391401,-3.107886
-1.257307,0.7979027,-3.107886
-1.270651,0.808128,-3.107886
-1.273428,0.7589081,-3.107886
-1.290097,0.7610912,-3.107886
-1.267892,0.7170773,-3.107886
-1.28342,0.7106332,-3.107886
-1.020705,0.8236123,-3.107886
-1.027149,0.8391401,-3.107886
-0.9766912,0.8458179,-3.107886
-0.9788744,0.8291483,-3.107886
-0.9296544,0.8263719,-3.107886
-0.9398798,0.8130271,-3.107886
-0.8986424,0.7860128,-3.107886
-0.9141701,0.7795686,-3.107886
-1.203188,0.6674976,-3.107886
-1.205371,0.6508281,-3.107886
-1.252408,0.670274,-3.107886
-1.242182,0.6836187,-3.107886
-1.111777,0.7377378,-3.107886
-1.095108,0.7355546,-3.107886
-1.114554,0.6885178,-3.107886
-1.127898,0.6987432,-3.107886
-1.154913,0.6575057,-3.107886
-1.161357,0.6730335,-3.107886
-1.205371,0.6508281,-3.107886
-1.203188,0.6674976,-3.107886
-0.9141701,0.7795686,-3.107886
-0.8986424,0.7860128,-3.107886
-0.8919646,0.7355546,-3.107886
-0.9086342,0.7377378,-3.107886
-0.9114106,0.6885178,-3.107886
-0.9247552,0.6987432,-3.107886
-0.9517698,0.6575057,-3.107886
-0.9582139,0.6730335,-3.107886
-1.002228,0.6508281,-3.107886
-1.000045,0.6674976,-3.107886
-1.049265,0.670274,-3.107886
-1.039039,0.6836187,-3.107886
-1.080277,0.7106332,-3.107886
-1.064749,0.7170774,-3.107886
-1.086955,0.7610912,-3.107886
-1.070285,0.7589081,-3.107886
-1.067509,0.808128,-3.107886
-1.054164,0.7979027,-3.107886
-1.242182,0.6836187,-3.107886
-1.252408,0.670274,-3.107886
-1.28342,0.7106332,-3.107886
-1.267892,0.7170773,-3.107886
-1.054164,0.7979027,-3.107886
-1.067509,0.808128,-3.107886
-1.027149,0.8391401,-3.107886
-1.020705,0.8236123,-3.107886
-0.649544,0.7637193,-3.107886
-0.6329283,0.7662802,-3.107886
-0.6395594,0.7056182,-3.107886
-0.6552294,0.7117083,-3.107886
-0.675633,0.656399,-3.107886
-0.6861586,0.6695082,-3.107886
-0.7314833,0.6318108,-3.107886
-0.7340441,0.6484265,-3.107886
-0.786055,0.6541119,-3.107886
-0.7921451,0.6384417,-3.107886
-0.8413643,0.6745155,-3.107886
-0.8282551,0.685041,-3.107886
-0.8659526,0.7303658,-3.107886
-0.8493369,0.7329267,-3.107886
-0.8593215,0.7910275,-3.107886
-0.8436515,0.7849375,-3.107886
-0.8232479,0.8402468,-3.107886
-0.8127223,0.8271376,-3.107886
-0.7673976,0.864835,-3.107886
-0.7648367,0.8482193,-3.107886
-0.7067357,0.858204,-3.107886
-0.7128258,0.8425341,-3.107886
-0.6575164,0.8221304,-3.107886
-0.6706256,0.8116047,-3.107886
-0.6329283,0.7662802,-3.107886
-0.649544,0.7637193,-3.107886
-0.7340441,0.6484265,-3.107886
-0.7314833,0.6318108,-3.107886
-0.7921451,0.6384417,-3.107886
-0.786055,0.6541119,-3.107886
-0.7539456,1.416247,-2.911588
-0.7539456,1.93675,-2.911588
-1.185227,1.930383,-2.911588
-1.19111,1.416247,-2.911588
-1.163755,1.90685,-2.971147
-1.163755,1.90685,-2.934582
-1.164581,1.440095,-2.934582
-1.164581,1.440095,-2.971147
-1.19111,1.416247,-2.911588
-1.19111,1.416247,-2.971147
-0.7539456,1.416247,-2.971147
-0.7539456,1.416247,-2.911588
-0.7539456,1.93675,-2.911588
-0.7539456,1.93675,-2.971147
-1.185227,1.930383,-2.971147
-1.185227,1.930383,-2.911588
-1.185227,1.930383,-2.911588
-1.185227,1.930383,-2.971147
-1.19111,1.416247,-2.971147
-1.19111,1.416247,-2.911588
-0.7539456,1.416247,-2.911588
-0.7539456,1.416247,-2.971147
-0.7539456,1.93675,-2.971147
-0.7539456,1.93675,-2.911588
-0.7801803,1.912513,-2.971147
-0.7539456,1.416247,-2.971147
-0.7756546,1.440095,-2.971147
-0.7539456,1.93675,-2.971147
-1.163755,1.90685,-2.971147
-1.185227,1.930383,-2.971147
-1.164581,1.440095,-2.971147
-1.19111,1.416247,-2.971147
-0.7756546,1.440095,-2.971147
-0.7539456,1.416247,-2.971147
-0.7972878,1.461522,-2.934582
-1.143116,1.461522,-2.934582
-1.142365,1.885736,-2.934582
-0.8014,1.89077,-2.934582
-0.7756546,1.440095,-2.971147
-0.7756546,1.440095,-2.934582
-0.7801803,1.912513,-2.934582
-0.7801803,1.912513,-2.971147
-1.164581,1.440095,-2.971147
-1.164581,1.440095,-2.934582
-0.7756546,1.440095,-2.934582
-0.7756546,1.440095,-2.971147
-0.7801803,1.912513,-2.971147
-0.7801803,1.912513,-2.934582
-1.163755,1.90685,-2.934582
-1.163755,1.90685,-2.971147
-0.9273939,1.440095,-2.934582
-0.9273939,1.440095,-2.96678
-0.8952253,1.440095,-2.96678
-0.8952253,1.440095,-2.934582
-1.019838,1.440095,-2.934582
-1.020213,1.907776,-2.934582
-1.051939,1.907776,-2.934582
-1.052007,1.440095,-2.934582
-0.8952253,1.440095,-2.934582
-0.8955996,1.907776,-2.934582
-0.9273255,1.907776,-2.934582
-0.9273939,1.440095,-2.934582
-1.019838,1.440095,-2.96678
-1.052007,1.440095,-2.96678
-1.051939,1.907776,-2.96678
-1.020213,1.907776,-2.96678
-1.020213,1.907776,-2.934582
-1.020213,1.907776,-2.96678
-1.051939,1.907776,-2.96678
-1.051939,1.907776,-2.934582
-0.8952253,1.440095,-2.96678
-0.9273939,1.440095,-2.96678
-0.9273255,1.907776,-2.96678
-0.8955996,1.907776,-2.96678
-1.051939,1.907776,-2.934582
-1.051939,1.907776,-2.96678
-1.052007,1.440095,-2.96678
-1.052007,1.440095,-2.934582
-0.9273255,1.907776,-2.934582
-0.9273255,1.907776,-2.96678
-0.9273939,1.440095,-2.96678
-0.9273939,1.440095,-2.934582
-0.8952253,1.440095,-2.934582
-0.8952253,1.440095,-2.96678
-0.8955996,1.907776,-2.96678
-0.8955996,1.907776,-2.934582
-1.052007,1.440095,-2.934582
-1.052007,1.440095,-2.96678
-1.019838,1.440095,-2.96678
-1.019838,1.440095,-2.934582
-1.019838,1.440095,-2.934582
-1.019838,1.440095,-2.96678
-1.020213,1.907776,-2.96678
-1.020213,1.907776,-2.934582
-0.8955996,1.907776,-2.934582
-0.8955996,1.907776,-2.96678
-0.9273255,1.907776,-2.96678
-0.9273255,1.907776,-2.934582
0.4152308,1.731609,1.926316
0.4446682,1.753597,1.599738
0.3971064,1.743175,1.65513
0.3673249,1.721655,1.956299
1.294166,1.578872,2.501629
1.009706,1.578872,2.610876
0.9878566,1.498244,2.973835
1.294166,1.498244,2.836836
0.9932775,2.54401,-0.05506514
0.5639555,2.564156,0.8722749
0.9932775,2.542375,0.8722749
0.5634657,2.565792,-0.05626784
-3.814697E-06,2.579902,0.8722749
0.9932775,2.545645,-1.039104
-3.814697E-06,2.581537,-0.05581683
0.5629759,2.567427,-1.04151
0.9932775,2.54728,-1.655367
-3.814697E-06,2.583173,-1.040608
0.5624862,2.569062,-1.655367
0.9932775,2.548916,-2.927997
-3.814697E-06,2.584807,-1.655367
0.5619965,2.570697,-2.927997
-3.814697E-06,2.586443,-2.927997
0.5322865,0.6776907,3.061609
0.5318943,0.4607439,2.651123
1.001211,0.4101115,2.707972
1.022766,0.678139,3.169799
0.5671962,0.678139,3.257572
1.294166,1.727425,1.367145
1.031556,1.689862,1.925686
1.294166,1.689862,1.925686
0.9803329,1.727425,1.367145
0.7932911,1.727404,1.367145
0.7783736,1.691428,1.925319
1.294166,1.689862,1.925686
1.009706,1.578872,2.610876
1.294166,1.578872,2.501629
1.031556,1.689862,1.925686
0.7783736,1.691428,1.925319
0.7630361,1.580578,2.610433
0.7630361,1.580578,2.610433
0.9878566,1.498244,2.973835
0.6152173,1.498244,3.04563
0.1817597,1.576126,2.888959
0.3432768,1.621149,2.610438
0.2948316,1.613549,2.587193
0.1339453,1.569485,2.844043
1.21949,2.514268,-0.05506514
0.9932775,2.542375,0.8722749
1.21949,2.512633,0.8722749
0.9932775,2.54401,-0.05506514
1.21949,2.515904,-1.039104
0.9932775,2.545645,-1.039104
1.21949,2.517538,-1.655367
0.9932775,2.54728,-1.655367
1.21949,2.519174,-2.927997
0.9932775,2.548916,-2.927997
1.294166,0.6567947,1.228797
1.294166,0.4090536,1.166833
1.294166,0.4101113,-0.1611452
1.294166,0.4739588,-1.166599
1.294166,0.4101112,-1.121902
1.294166,0.7628156,-1.249102
1.294166,0.9562725,1.362935
1.294166,1.115232,-1.4351
1.294166,1.258387,1.578957
1.294166,1.230563,-1.546828
1.294166,1.245784,-1.648016
1.294166,2.442863,-1.655496
1.294166,1.251166,-1.698761
1.294166,1.596851,-1.733058
1.294166,1.262963,-1.810687
1.294166,1.269566,-2.341184
1.294166,1.284534,1.923707
1.294166,1.596851,-2.676113
1.294166,1.218641,-2.499835
1.294166,0.9460282,-2.718721
1.294166,0.7475154,-2.835606
1.294166,0.6267443,-2.927997
1.294166,0.5990943,-2.845736
1.294166,2.444498,-2.927997
1.294166,2.394297,-2.676113
1.294166,2.393611,-2.204586
1.294166,2.444341,-2.806089
1.294166,2.339393,-2.584621
1.294166,2.339157,-2.296078
1.294166,2.052351,-2.584621
1.294166,2.052351,-2.296078
1.294166,1.596851,-2.204586
1.294166,2.339087,-2.113093
1.294166,2.052308,-2.113093
1.294166,2.338851,-1.824551
1.294166,2.052308,-1.824551
1.294166,2.392925,-1.733058
1.294166,2.441228,-1.039257
1.294166,1.727425,1.367145
1.294166,2.437885,0.9720494
1.294166,2.439592,-0.05518922
1.294166,1.689862,1.925686
1.294166,1.578872,2.501629
1.294166,1.269702,2.321107
1.294166,1.211333,2.485661
1.294166,1.132891,2.559616
1.294166,1.280673,2.836836
1.294166,1.498244,2.836836
1.294166,1.063102,2.836837
1.294166,0.8618344,2.7233
1.294166,0.6776907,2.836837
1.294166,0.627508,2.798835
1.294166,2.318161,-1.845257
1.294166,2.073015,-1.845257
1.294166,2.073015,-2.092387
1.294166,2.318363,-2.092387
1.294166,2.318467,-2.316784
1.294166,2.073058,-2.316784
1.294166,2.073058,-2.563914
1.294166,2.318669,-2.563914
1.294166,0.8618344,2.7233
1.294166,0.627508,2.798835
1.357933,0.627508,2.798835
1.357933,0.8618344,2.7233
1.294166,0.7475154,-2.835606
1.294166,0.9460282,-2.718721
1.357933,0.9460282,-2.718721
1.357933,0.7475154,-2.835606
1.294166,0.8177699,2.63098
1.415483,1.07576,2.475011
1.415483,0.8177699,2.63098
1.294166,1.07576,2.475011
0.9973186,0.8177699,2.63098
0.9973186,1.07576,2.475011
1.294166,0.8892531,-2.636464
1.415483,0.7184246,-2.738961
1.415483,0.8892531,-2.636464
1.294166,0.7184246,-2.738961
1.049218,0.8892531,-2.636464
1.049218,0.7184246,-2.738961
1.294166,0.9460282,-2.718721
1.294166,1.218641,-2.499835
1.357933,1.218641,-2.499835
1.357933,0.9460282,-2.718721
1.294166,0.5886472,2.707972
1.415483,0.8177699,2.63098
1.415483,0.5886472,2.707972
1.294166,0.8177699,2.63098
0.9973186,0.5886472,2.707972
0.9973186,0.8177699,2.63098
1.294166,1.134996,-2.442639
1.415483,0.8892531,-2.636464
1.415483,1.134996,-2.442639
1.294166,0.8892531,-2.636464
1.049218,1.134996,-2.442639
1.049218,0.8892531,-2.636464
1.294166,1.218641,-2.499835
1.294166,1.269566,-2.341184
1.357933,1.269566,-2.341184
1.357933,1.218641,-2.499835
1.294166,1.170311,-2.327062
1.415483,1.134996,-2.442639
1.415483,1.170311,-2.327062
1.294166,1.134996,-2.442639
1.049218,1.170311,-2.327062
1.049218,1.134996,-2.442639
1.294166,0.627508,2.798835
1.294166,0.5886472,2.707972
1.415483,0.5886472,2.707972
1.357933,0.627508,2.798835
1.294166,1.269566,-2.341184
1.294166,1.262963,-1.810687
1.357933,1.262963,-1.810687
1.357933,1.269566,-2.341184
1.294166,1.163222,-1.816656
1.415483,1.170311,-2.327062
1.415483,1.163222,-1.816656
1.294166,1.170311,-2.327062
1.049218,1.163222,-1.816656
1.049218,1.170311,-2.327062
1.294166,1.262963,-1.810687
1.357933,1.251166,-1.698761
1.357933,1.262963,-1.810687
1.294166,1.251166,-1.698761
1.357933,1.245784,-1.648016
1.294166,1.245784,-1.648016
1.357933,1.230563,-1.546828
1.294166,1.230563,-1.546828
1.294166,1.284534,1.923707
1.294166,1.269702,2.321107
1.357933,1.269702,2.321107
1.357933,1.284534,1.923707
1.294166,1.269702,2.321107
1.294166,1.211333,2.485661
1.357933,1.211333,2.485661
1.357933,1.269702,2.321107
0.9803329,1.805461,1.322174
1.2041,1.805461,1.322174
1.2041,2.434597,0.9739445
0.9932775,2.464339,0.9739445
0.5262727,1.805461,1.322174
0.9803329,1.805461,1.322174
0.5639555,2.48612,0.9739445
0.9932775,2.481975,0.9637811
1.21949,2.512633,0.8722749
0.9932775,2.542375,0.8722749
1.224455,2.452233,0.9637811
1.294166,2.437885,0.9720494
0.9878566,1.063102,2.973836
0.5322865,1.063102,3.061609
0.5671962,0.9151139,3.257572
1.022766,0.9151139,3.169799
0.5671962,0.9151139,3.257572
0.5322865,1.063102,3.061609
0.5322838,1.092793,3.061568
0.5680845,0.9218903,3.295623
1.294166,0.6776907,2.836837
1.294166,1.063102,2.836837
1.329076,0.9151139,3.032799
1.329076,0.678139,3.032799
0.9878566,1.441443,2.973835
1.294166,1.498244,2.836836
0.9878566,1.498244,2.973835
1.242315,1.441443,2.860027
1.294166,1.280673,2.836836
1.242315,1.280673,2.860027
1.294166,1.063102,2.836837
1.242315,1.119904,2.860027
0.9878566,1.063102,2.973836
0.9878566,1.119904,2.973835
0.9878566,1.119904,2.973835
0.5322865,1.063102,3.061609
0.9878566,1.063102,2.973836
0.5880622,1.119904,3.050862
0.5322865,1.280673,3.061608
0.5880622,1.280673,3.050862
0.5322865,1.498244,3.061608
0.5880622,1.441443,3.050862
0.6152173,1.498244,3.04563
0.6317502,1.441443,3.042445
0.9878566,1.441443,2.973835
0.9878566,1.498244,2.973835
0.5322865,1.498244,3.061608
-3.814697E-06,1.498244,3.096685
-3.814697E-06,1.450028,3.096685
0.1203984,1.450028,3.088707
0.241657,1.450028,3.080729
0.3629155,1.450028,3.072752
0.4841741,1.450028,3.064774
0.4841741,1.36535,3.064774
0.4841741,1.280673,3.064774
0.4841741,1.195996,3.064774
0.4841741,1.111319,3.064774
0.5322865,1.063102,3.061609
0.5322865,1.280673,3.061608
0.3629155,1.111319,3.072752
0.2661413,1.063102,3.079148
0.241657,1.111319,3.08073
0.1203984,1.111319,3.088708
-3.814697E-06,1.063102,3.096686
-3.814697E-06,1.111319,3.096686
0.4827229,1.187827,3.042716
-3.814697E-06,1.187827,3.074627
-3.814697E-06,1.111319,3.074627
0.1189472,1.111319,3.066649
0.1189472,1.111319,3.066649
0.2402057,1.111319,3.058671
0.4827229,1.187827,3.042716
0.3614643,1.111319,3.050693
0.4827229,1.111319,3.042716
0.1189472,1.450028,3.066649
-3.814697E-06,1.450028,3.074627
-3.814697E-06,1.373519,3.074627
0.4827229,1.373519,3.042716
0.2402057,1.450028,3.058671
0.4827229,1.373519,3.042716
0.3614643,1.450028,3.050693
0.2402057,1.450028,3.058671
0.4827229,1.450028,3.042716
0.4841741,1.450028,3.064774
0.4827229,1.450028,3.042716
0.4827229,1.373519,3.042716
0.4841741,1.36535,3.064774
0.4836288,1.36535,3.056486
0.4827229,1.357182,3.042716
0.4827229,1.288842,3.042716
0.4841741,1.280673,3.064774
0.4836288,1.280673,3.056486
0.4827229,1.272505,3.042716
0.4827229,1.204165,3.042716
0.4841741,1.195996,3.064774
0.4836288,1.195996,3.056486
0.4827229,1.187827,3.042716
0.4841741,1.111319,3.064774
0.4827229,1.111319,3.042716
0.2661413,1.063102,3.079148
-3.814697E-06,1.063102,3.096686
-3.814697E-06,1.092793,3.096645
0.26614,1.092793,3.079106
0.5322865,1.063102,3.061609
0.5322838,1.092793,3.061568
0.5671962,0.678139,3.257572
0.5671962,0.9151139,3.257572
0.5680845,0.9218903,3.295623
0.5680882,0.6557917,3.295678
1.294166,1.063102,2.836837
0.9878566,1.063102,2.973836
1.022766,0.9151139,3.169799
1.329076,0.9151139,3.032799
0.26614,1.092793,3.079106
-3.814697E-06,1.092793,3.096645
-3.814697E-06,0.9219812,3.333076
0.2840403,0.9219358,3.314349
0.5322838,1.092793,3.061568
0.5680845,0.9218903,3.295623
0.5322865,0.6776907,3.061609
0.5671962,0.678139,3.257572
0.5680882,0.6557917,3.295678
0.5322896,0.647902,3.06165
0.2661413,0.6776907,3.082468
0.5322865,0.6776907,3.061609
0.5322896,0.647902,3.06165
0.2661429,0.647902,3.082509
-3.814697E-06,0.6776907,3.103328
-3.814697E-06,0.647902,3.103368
1.21949,2.519174,-2.927997
1.294166,2.444341,-2.806089
1.294166,2.444498,-2.927997
1.294166,2.442863,-1.655496
1.21949,2.517538,-1.655367
1.294166,2.441228,-1.039257
1.21949,2.515904,-1.039104
1.294166,2.439592,-0.05518922
1.21949,2.514268,-0.05506514
1.294166,2.437885,0.9720494
1.21949,2.512633,0.8722749
0.8878804,0.6267443,-2.927997
0.8878804,0.8699015,-2.927997
0.8878804,0.8699015,-3.083928
0.8878804,0.6267443,-3.083928
0.9296468,0.8263719,-3.083928
0.9766836,0.8458179,-3.083928
0.9766836,0.8458179,-3.107886
0.9296468,0.8263719,-3.107886
1.294166,0.6267443,-3.083928
1.294166,0.8699015,-3.083928
1.294166,0.8699015,-2.927997
1.091023,0.6267443,-2.927997
0.8878804,0.8699015,-2.927997
0.8878804,0.6267443,-2.927997
1.091023,0.8699015,-2.927997
1.294166,0.6267443,-2.927997
1.294166,0.8699015,-2.927997
1.294166,0.8699015,-3.083928
1.091023,0.8699015,-2.927997
1.294166,0.8699015,-2.927997
1.091023,0.8699015,-3.083928
0.8878804,0.8699015,-2.927997
0.8878804,0.8699015,-3.083928
0.6109852,0.8699015,-3.083928
0.6109852,0.8699015,-2.910869
0.8878804,0.8699015,-2.910869
1.00222,0.6508281,-3.083928
0.9517621,0.6575057,-3.083928
0.9517621,0.6575057,-3.107886
1.00222,0.6508281,-3.107886
1.049257,0.670274,-3.083928
1.00222,0.6508281,-3.083928
1.00222,0.6508281,-3.107886
1.049257,0.670274,-3.107886
1.230285,0.8391401,-3.083928
1.270644,0.808128,-3.083928
1.270644,0.808128,-3.107886
1.230285,0.8391401,-3.107886
1.0951,0.7355546,-3.083928
1.101778,0.7860128,-3.083928
1.101778,0.7860128,-3.107886
1.0951,0.7355546,-3.107886
1.179827,0.8458179,-3.083928
1.230285,0.8391401,-3.083928
1.230285,0.8391401,-3.107886
1.179827,0.8458179,-3.107886
1.13279,0.8263719,-3.083928
1.179827,0.8458179,-3.083928
1.179827,0.8458179,-3.107886
1.13279,0.8263719,-3.107886
0.9766836,0.8458179,-3.083928
1.027142,0.8391401,-3.083928
1.027142,0.8391401,-3.107886
0.9766836,0.8458179,-3.107886
1.2524,0.670274,-3.083928
1.205363,0.6508281,-3.083928
1.205363,0.6508281,-3.107886
1.2524,0.670274,-3.107886
1.114546,0.6885178,-3.083928
1.0951,0.7355546,-3.083928
1.0951,0.7355546,-3.107886
1.114546,0.6885178,-3.107886
1.154905,0.6575057,-3.083928
1.114546,0.6885178,-3.083928
1.114546,0.6885178,-3.107886
1.154905,0.6575057,-3.107886
1.270644,0.808128,-3.083928
1.29009,0.7610912,-3.083928
1.29009,0.7610912,-3.107886
1.270644,0.808128,-3.107886
1.29009,0.7610912,-3.083928
1.283412,0.7106332,-3.083928
1.283412,0.7106332,-3.107886
1.29009,0.7610912,-3.107886
1.080269,0.7106332,-3.083928
1.049257,0.670274,-3.083928
1.049257,0.670274,-3.107886
1.080269,0.7106332,-3.107886
0.9517621,0.6575057,-3.083928
0.9114029,0.6885178,-3.083928
0.9114029,0.6885178,-3.107886
0.9517621,0.6575057,-3.107886
0.9114029,0.6885178,-3.083928
0.8919569,0.7355546,-3.083928
0.8919569,0.7355546,-3.107886
0.9114029,0.6885178,-3.107886
1.086947,0.7610912,-3.083928
1.080269,0.7106332,-3.083928
1.080269,0.7106332,-3.107886
1.086947,0.7610912,-3.107886
0.8919569,0.7355546,-3.083928
0.8986347,0.7860128,-3.083928
0.8986347,0.7860128,-3.107886
0.8919569,0.7355546,-3.107886
1.101778,0.7860128,-3.083928
1.13279,0.8263719,-3.083928
1.13279,0.8263719,-3.107886
1.101778,0.7860128,-3.107886
1.283412,0.7106332,-3.083928
1.2524,0.670274,-3.083928
1.2524,0.670274,-3.107886
1.283412,0.7106332,-3.107886
1.027142,0.8391401,-3.083928
1.067501,0.808128,-3.083928
1.067501,0.808128,-3.107886
1.027142,0.8391401,-3.107886
0.8986347,0.7860128,-3.083928
0.9296468,0.8263719,-3.083928
0.9296468,0.8263719,-3.107886
0.8986347,0.7860128,-3.107886
1.205363,0.6508281,-3.083928
1.154905,0.6575057,-3.083928
1.154905,0.6575057,-3.107886
1.205363,0.6508281,-3.107886
1.067501,0.808128,-3.083928
1.086947,0.7610912,-3.083928
1.086947,0.7610912,-3.107886
1.067501,0.808128,-3.107886
0.6109852,0.6267443,-2.910869
0.6109852,0.8699015,-2.910869
0.6109852,0.8699015,-3.083928
0.6109852,0.6267443,-3.083928
0.8878804,0.6267443,-3.083928
0.8878804,0.8699015,-3.083928
0.8878804,0.8699015,-2.910869
0.8878804,0.6267443,-2.910869
0.8878804,0.6267443,-2.910869
0.8878804,0.8699015,-2.910869
0.6109852,0.8699015,-2.910869
0.6109852,0.6267443,-2.910869
0.6395518,0.7056182,-3.083928
0.6329207,0.7662802,-3.083928
0.6329207,0.7662802,-3.107886
0.6395518,0.7056182,-3.107886
0.76739,0.864835,-3.083928
0.8232403,0.8402468,-3.083928
0.8232403,0.8402468,-3.107886
0.76739,0.864835,-3.107886
0.8413566,0.6745155,-3.083928
0.7921375,0.6384417,-3.083928
0.7921375,0.6384417,-3.107886
0.8413566,0.6745155,-3.107886
0.7067281,0.858204,-3.083928
0.76739,0.864835,-3.083928
0.76739,0.864835,-3.107886
0.7067281,0.858204,-3.107886
0.8232403,0.8402468,-3.083928
0.8593139,0.7910275,-3.083928
0.8593139,0.7910275,-3.107886
0.8232403,0.8402468,-3.107886
0.865945,0.7303658,-3.083928
0.8413566,0.6745155,-3.083928
0.8413566,0.6745155,-3.107886
0.865945,0.7303658,-3.107886
0.6575088,0.8221304,-3.083928
0.7067281,0.858204,-3.083928
0.7067281,0.858204,-3.107886
0.6575088,0.8221304,-3.107886
0.7921375,0.6384417,-3.083928
0.7314757,0.6318108,-3.083928
0.7314757,0.6318108,-3.107886
0.7921375,0.6384417,-3.107886
0.7314757,0.6318108,-3.083928
0.6756254,0.656399,-3.083928
0.6756254,0.656399,-3.107886
0.7314757,0.6318108,-3.107886
0.8593139,0.7910275,-3.083928
0.865945,0.7303658,-3.083928
0.865945,0.7303658,-3.107886
0.8593139,0.7910275,-3.107886
0.6329207,0.7662802,-3.083928
0.6575088,0.8221304,-3.083928
0.6575088,0.8221304,-3.107886
0.6329207,0.7662802,-3.107886
0.6756254,0.656399,-3.083928
0.6395518,0.7056182,-3.083928
0.6395518,0.7056182,-3.107886
0.6756254,0.656399,-3.107886
1.33789,0.7758882,-1.066167
1.33789,1.147584,-1.280623
1.304403,1.147584,-1.280623
1.304403,0.7758882,-1.066167
1.250443,0.6998844,-0.3266664
1.313482,0.6998844,-0.3266664
1.313482,0.8898109,-0.1525223
1.250443,0.8898109,-0.1525223
1.313482,0.6998841,-1.110063
1.250443,0.6998841,-1.110063
1.250443,1.12723,-1.356627
1.313482,1.12723,-1.356627
1.250443,1.12723,-1.356627
1.250443,0.6998841,-1.110063
1.250443,0.6998844,-0.3266664
1.250443,0.8898109,-0.1525223
1.250443,2.399354,-0.1525226
1.250443,2.399354,-1.356628
1.313482,2.399354,-1.356628
1.250443,2.399354,-1.356628
1.250443,2.399354,-0.1525226
1.313482,2.399354,-0.1525226
1.250443,1.12723,-1.356627
1.250443,2.399354,-1.356628
1.313482,2.399354,-1.356628
1.313482,1.12723,-1.356627
1.250443,0.6998841,-1.110063
1.313482,0.6998841,-1.110063
1.313482,0.6998844,-0.3266664
1.250443,0.6998844,-0.3266664
1.313482,0.8898109,-0.1525223
1.313482,2.399354,-0.1525226
1.250443,2.399354,-0.1525226
1.250443,0.8898109,-0.1525223
1.304403,0.7758884,-0.360095
1.304403,0.7758882,-1.066167
1.304403,1.147584,-1.280623
1.304403,0.9193809,-0.2285264
1.304403,2.32335,-0.2285268
1.304403,2.32335,-1.280624
1.33789,2.32335,-1.280624
1.33789,2.32335,-0.2285268
1.304403,2.32335,-0.2285268
1.304403,2.32335,-1.280624
1.33789,1.147584,-1.280623
1.33789,2.32335,-1.280624
1.304403,2.32335,-1.280624
1.304403,1.147584,-1.280623
1.33789,0.9193809,-0.2285264
1.33789,0.7758884,-0.360095
1.304403,0.7758884,-0.360095
1.304403,0.9193809,-0.2285264
1.33789,2.32335,-0.2285268
1.33789,0.9193809,-0.2285264
1.304403,0.9193809,-0.2285264
1.304403,2.32335,-0.2285268
1.33789,0.7758884,-0.360095
1.33789,0.7758882,-1.066167
1.304403,0.7758882,-1.066167
1.304403,0.7758884,-0.360095
1.33789,0.7758889,0.9383737
1.33789,0.7758886,0.2323018
1.304403,0.7758886,0.2323018
1.304403,0.7758889,0.9383737
1.250443,0.6998847,0.9718023
1.313482,0.6998847,0.9718023
1.313482,0.8898114,1.145946
1.250443,0.8898114,1.145946
1.313482,0.6998845,0.1884062
1.250443,0.6998845,0.1884062
1.250443,1.127231,-0.05815859
1.313482,1.127231,-0.05815859
1.250443,1.127231,-0.05815859
1.250443,0.6998845,0.1884062
1.250443,0.6998847,0.9718023
1.250443,0.8898114,1.145946
1.250443,1.856782,1.145946
1.250443,2.399354,-0.05815887
1.250443,2.399354,0.8735508
1.313482,2.399354,-0.05815887
1.250443,2.399354,-0.05815887
1.250443,2.399354,0.8735508
1.313482,2.399354,0.8735508
1.250443,1.127231,-0.05815859
1.250443,2.399354,-0.05815887
1.313482,2.399354,-0.05815887
1.313482,1.127231,-0.05815859
1.250443,0.6998845,0.1884062
1.313482,0.6998845,0.1884062
1.313482,0.6998847,0.9718023
1.250443,0.6998847,0.9718023
1.313482,2.399354,0.8735508
1.250443,2.399354,0.8735508
1.250443,1.856782,1.145946
1.313482,1.856782,1.145946
1.313482,0.8898114,1.145946
1.313482,1.856782,1.145946
1.250443,1.856782,1.145946
1.250443,0.8898114,1.145946
1.304403,0.7758889,0.9383737
1.304403,0.7758886,0.2323018
1.304403,1.147584,0.01784552
1.304403,0.9193814,1.069942
1.304403,1.837005,1.069942
1.304403,2.32335,0.01784526
1.304403,2.32335,0.8289338
1.33789,0.7758886,0.2323018
1.33789,1.147584,0.01784552
1.304403,1.147584,0.01784552
1.304403,0.7758886,0.2323018
1.33789,1.837005,1.069942
1.33789,0.9193814,1.069942
1.304403,0.9193814,1.069942
1.304403,1.837005,1.069942
1.33789,2.32335,0.8289338
1.33789,1.837005,1.069942
1.304403,1.837005,1.069942
1.304403,2.32335,0.8289338
1.33789,1.147584,0.01784552
1.33789,2.32335,0.01784526
1.304403,2.32335,0.01784526
1.304403,1.147584,0.01784552
1.33789,0.9193814,1.069942
1.33789,0.7758889,0.9383737
1.304403,0.7758889,0.9383737
1.304403,0.9193814,1.069942
1.33789,2.32335,0.01784526
1.33789,2.32335,0.8289338
1.304403,2.32335,0.8289338
1.304403,2.32335,0.01784526
1.334406,2.286659,0.4854909
1.277422,2.286659,0.8113969
1.334406,2.286659,0.8113969
1.277422,2.286659,0.4854909
1.334406,2.286659,0.05505751
1.277422,2.286659,0.05505751
1.277422,1.595967,0.05505765
1.277422,2.286659,0.05505751
1.334406,2.286659,0.05505751
1.334406,1.595967,0.05505765
1.277422,2.286659,0.05505751
1.277422,1.595967,0.05505765
1.277422,1.595967,0.485491
1.277422,1.595967,1.030113
1.277422,1.843321,1.030113
1.277422,2.286659,0.8113969
1.277422,2.286659,0.4854909
1.277422,1.595967,0.485491
1.334406,1.595967,1.030113
1.277422,1.595967,1.030113
1.334406,1.595967,0.485491
1.277422,1.595967,0.05505765
1.334406,1.595967,0.05505765
1.334406,2.286659,0.8113969
1.277422,2.286659,0.8113969
1.277422,1.843321,1.030113
1.334406,1.843321,1.030113
1.334406,1.595967,1.030113
1.334406,1.843321,1.030113
1.277422,1.843321,1.030113
1.277422,1.595967,1.030113
1.334406,1.831494,0.9849705
1.334406,1.641109,0.9849707
1.334406,1.641109,0.530633
1.334406,2.241518,0.5306329
1.334406,2.241518,0.7849986
1.334406,1.641109,0.1001998
1.334406,2.241518,0.1001997
1.334406,2.241518,0.4403487
1.334406,1.641109,0.4403489
1.334406,2.286659,-0.7630576
1.277422,2.286659,-0.27553
1.334406,2.286659,-0.2755301
1.277422,2.286659,-0.7630576
1.334406,2.286659,-1.250585
1.277422,2.286659,-1.250585
1.277422,1.595967,-1.250585
1.277422,2.286659,-1.250585
1.334406,2.286659,-1.250585
1.334406,1.595967,-1.250585
1.277422,1.595967,-0.7630574
1.277422,2.286659,-1.250585
1.277422,1.595967,-1.250585
1.277422,2.286659,-0.7630576
1.277422,1.595967,-0.2755299
1.277422,2.286659,-0.27553
1.277422,1.595967,-0.7630574
1.334406,1.595967,-0.2755299
1.277422,1.595967,-0.2755299
1.334406,1.595967,-0.7630574
1.277422,1.595967,-1.250585
1.334406,1.595967,-1.250585
1.334406,1.595967,-0.2755299
1.334406,2.286659,-0.2755301
1.277422,2.286659,-0.27553
1.277422,1.595967,-0.2755299
1.334406,1.641109,-0.7179153
1.334406,2.241518,-0.7179155
1.334406,2.241518,-0.3206722
1.334406,1.641109,-0.3206721
1.334406,1.641109,-1.205443
1.334406,2.241518,-1.205443
1.334406,2.241518,-0.8081997
1.334406,1.641109,-0.8081996
0.7359647,1.731756,1.924953
0.7271393,1.621046,2.609989
0.7630361,1.580578,2.610433
0.7783736,1.691428,1.925319
0.7439499,1.766145,1.413157
0.7359647,1.731756,1.924953
0.7783736,1.691428,1.925319
0.7932911,1.727404,1.367145
0.5262727,1.766145,1.413157
0.7439499,1.766145,1.413157
0.7932911,1.727404,1.367145
0.5262727,1.746785,1.367145
0.7271393,1.621046,2.609989
0.592766,1.548264,3.012666
0.6152173,1.498244,3.04563
0.7630361,1.580578,2.610433
0.6002303,1.506979,3.041901
0.5856625,1.539523,3.020566
0.5856625,1.539523,3.001175
0.6002303,1.506979,3.02251
0.3432768,1.621149,2.610438
0.4152308,1.731609,1.926316
0.3673249,1.721655,1.956299
0.2948316,1.613549,2.587193
1.048149,0.7900072,-2.927997
1.053406,0.6267443,-2.927997
1.053406,0.6267443,-3.083928
1.048149,0.7900072,-3.083928
1.294166,0.7184246,-2.738961
1.415483,0.5953062,-2.745282
1.415483,0.7184246,-2.738961
1.294166,0.5953062,-2.745282
1.049218,0.7184246,-2.738961
1.049218,0.5953062,-2.745282
1.294166,1.182189,1.92504
1.415483,1.165921,1.630906
1.415483,1.182189,1.92504
1.294166,1.165921,1.630906
0.9973186,1.182189,1.92504
0.9973186,1.165921,1.630906
1.294166,0.5990943,-2.845736
1.294166,0.7475154,-2.835606
1.357933,0.7475154,-2.835606
1.357933,0.5990943,-2.845736
1.294166,1.132891,2.559616
1.294166,0.8618344,2.7233
1.357933,0.8618344,2.7233
1.357933,1.132891,2.559616
1.294166,1.165921,1.630906
1.415483,0.9061031,1.452281
1.415483,1.165921,1.630906
1.294166,0.9061031,1.452281
0.9973186,1.165921,1.630906
0.9973186,0.9061031,1.452281
1.357933,0.4101112,-1.121902
1.357933,0.4739588,-1.166599
1.521476,0.4739588,-1.166599
1.521476,0.4101112,-1.121902
1.294166,1.258387,1.578957
1.294166,1.284534,1.923707
1.357933,1.284534,1.923707
1.357933,1.258387,1.578957
1.294166,0.7218748,-1.340278
1.415483,1.057456,-1.516899
1.415483,0.7218748,-1.340278
1.294166,1.057456,-1.516899
1.049218,0.7218748,-1.340278
1.049218,1.057456,-1.516899
1.294166,0.9061031,1.452281
1.415483,0.6229363,1.32549
1.415483,0.9061031,1.452281
1.294166,0.6229363,1.32549
0.9973186,0.9061031,1.452281
0.9973186,0.6229363,1.32549
1.294166,1.115232,-1.4351
1.294166,0.7628156,-1.249102
1.357933,0.7628156,-1.249102
1.357933,1.115232,-1.4351
1.294166,0.9562725,1.362935
1.294166,1.258387,1.578957
1.357933,1.258387,1.578957
1.357933,0.9562725,1.362935
1.294166,1.057456,-1.516899
1.415483,1.139458,-1.592594
1.415483,1.057456,-1.516899
1.294166,1.139458,-1.592594
1.049218,1.057456,-1.516899
1.049218,1.139458,-1.592594
1.294166,0.6229363,1.32549
1.415483,0.4090536,1.276451
1.415483,0.6229363,1.32549
1.294166,0.4090536,1.276451
0.9973186,0.6229363,1.32549
0.982663,0.4101114,1.276451
1.294166,1.230563,-1.546828
1.294166,1.115232,-1.4351
1.357933,1.115232,-1.4351
1.357933,1.230563,-1.546828
1.294166,0.6567947,1.228797
1.294166,0.9562725,1.362935
1.357933,0.9562725,1.362935
1.357933,0.6567947,1.228797
1.294166,1.139458,-1.592594
1.415483,1.146454,-1.658551
1.415483,1.139458,-1.592594
1.294166,1.146454,-1.658551
1.049218,1.139458,-1.592594
1.415483,1.151836,-1.709296
1.049218,1.146454,-1.658551
1.294166,1.151836,-1.709296
1.415483,1.163222,-1.816656
1.049218,1.151836,-1.709296
1.294166,1.163222,-1.816656
1.049218,1.163222,-1.816656
1.294166,1.07576,2.475011
1.415483,1.131212,2.422048
1.415483,1.07576,2.475011
1.294166,1.131212,2.422048
0.9973186,1.07576,2.475011
0.9973186,1.131212,2.422048
1.294166,0.4090536,1.166833
1.294166,0.6567947,1.228797
1.357933,0.6567947,1.228797
1.357933,0.4090536,1.166833
1.294166,1.131212,2.422048
1.415483,1.168715,2.297386
1.415483,1.131212,2.422048
1.294166,1.168715,2.297386
0.9973186,1.131212,2.422048
0.9973186,1.168715,2.297386
1.294166,1.211333,2.485661
1.294166,1.132891,2.559616
1.357933,1.132891,2.559616
1.357933,1.211333,2.485661
1.294166,1.168715,2.297386
1.415483,1.182189,1.92504
1.415483,1.168715,2.297386
1.294166,1.182189,1.92504
0.9973186,1.168715,2.297386
0.9973186,1.182189,1.92504
0.2840422,0.655719,3.316473
-3.814697E-06,0.9219812,3.333076
-3.814697E-06,0.6556464,3.337269
0.2840403,0.9219358,3.314349
0.5680882,0.6557917,3.295678
0.5680845,0.9218903,3.295623
1.045208,0.6342287,-2.778031
1.045208,1.307274,-2.778032
1.126974,1.307274,-2.882086
1.126974,0.6342287,-2.882085
0.4139385,1.070961,-2.93731
0.4170368,2.157865,-2.93731
0.4170368,2.157865,-2.966455
0.4139396,1.071347,-2.966455
0.3277819,1.839826,-2.919575
0.3277819,1.840341,-2.961572
0.3277819,1.964092,-2.961572
0.3277819,1.964607,-2.919575
0.1523423,1.690012,-2.961572
-3.814697E-06,1.690012,-2.961572
-3.814697E-06,2.169023,-2.961572
0.1523424,2.169023,-2.961572
0.2300367,1.71083,-2.961572
0.2300368,2.115191,-2.961572
0.2847744,1.765568,-2.961572
0.2847745,2.038865,-2.961572
0.3055926,1.843262,-2.961572
0.3055926,1.96117,-2.961572
0.4835714,2.224013,-2.890348
0.4835714,2.224013,-2.966455
0.3549124,2.352672,-2.966455
0.3549124,2.352672,-2.890348
0.4835714,1.005563,-2.966455
0.4835714,1.005163,-2.890347
0.3439705,0.8664992,-2.890347
0.3435328,0.8664992,-2.966455
0.4139385,1.070961,-2.93731
0.4139396,1.071347,-2.966455
0.2734847,0.9326476,-2.966455
0.2739224,0.9326476,-2.93731
0.2887641,2.286524,-2.93731
0.2887641,2.286524,-2.966455
0.4170368,2.157865,-2.966455
0.4170368,2.157865,-2.93731
0.4835714,1.005563,-2.966455
0.4835714,2.224013,-2.966455
0.4835714,2.224013,-2.890348
0.4835714,1.005163,-2.890347
0.3277819,1.840341,-2.961572
0.3277819,1.839826,-2.919575
0.304738,1.753824,-2.919575
0.3046688,1.754082,-2.961572
0.3046688,1.754082,-2.961572
0.304738,1.753824,-2.919575
0.2417803,1.690866,-2.919575
0.2415227,1.690935,-2.961572
0.2415227,1.690935,-2.961572
0.2417803,1.690866,-2.919575
0.1557786,1.667822,-2.919575
0.1552636,1.667822,-2.961572
0.3277819,1.964607,-2.919575
0.3277819,1.964092,-2.961572
0.3046689,2.05035,-2.961572
0.304738,2.050608,-2.919575
0.304738,2.050608,-2.919575
0.3046689,2.05035,-2.961572
0.2415228,2.135085,-2.961572
0.2417803,2.135154,-2.919575
0.2417803,2.135154,-2.919575
0.2415228,2.135085,-2.961572
0.1552637,2.191212,-2.961572
0.1557786,2.191212,-2.919575
1.607633,1.549239,1.190748
1.607736,1.861225,1.213974
1.624724,1.86948,1.208262
1.625673,1.542239,1.1839
1.519725,1.514962,1.187322
1.577897,1.516822,1.188335
1.589658,1.506614,1.181248
1.529944,1.503342,1.179768
1.607633,1.546977,1.221128
1.607736,1.858964,1.244354
1.603057,1.855958,1.228856
1.602914,1.55218,1.206241
1.625673,1.53904,1.226864
1.624724,1.866282,1.251226
1.607736,1.858964,1.244354
1.607633,1.546977,1.221128
1.637072,1.529327,1.219814
1.636013,1.877125,1.245707
1.624724,1.866282,1.251226
1.625673,1.53904,1.226864
1.641795,1.526201,1.204307
1.640688,1.882585,1.230839
1.636013,1.877125,1.245707
1.637072,1.529327,1.219814
1.637072,1.531589,1.189434
1.636013,1.879387,1.215326
1.640688,1.882585,1.230839
1.641795,1.526201,1.204307
1.625673,1.542239,1.1839
1.624724,1.86948,1.208262
1.636013,1.879387,1.215326
1.637072,1.531589,1.189434
1.602914,1.55218,1.206241
1.603057,1.855958,1.228856
1.607736,1.861225,1.213974
1.607633,1.549239,1.190748
1.519725,1.512571,1.219441
1.577897,1.51456,1.218715
1.573221,1.520157,1.203857
1.515662,1.518823,1.203758
1.529944,1.499961,1.225191
1.589658,1.503416,1.224212
1.577897,1.51456,1.218715
1.519725,1.512571,1.219441
1.558815,1.488438,1.217644
1.601635,1.49332,1.217134
1.589658,1.503416,1.224212
1.529944,1.499961,1.225191
1.563036,1.484662,1.201215
1.606493,1.490082,1.201618
1.601635,1.49332,1.217134
1.558815,1.488438,1.217644
1.558815,1.490829,1.185526
1.601635,1.495582,1.186754
1.606493,1.490082,1.201618
1.563036,1.484662,1.201215
1.529944,1.503342,1.179768
1.589658,1.506614,1.181248
1.601635,1.495582,1.186754
1.558815,1.490829,1.185526
1.519665,1.894134,1.21555
1.271886,1.888675,1.216018
1.271886,1.904265,1.210852
1.548227,1.906929,1.209814
1.515665,1.887808,1.231228
1.271886,1.881281,1.230742
1.271886,1.888675,1.216018
1.519665,1.894134,1.21555
1.519665,1.891743,1.247669
1.271886,1.886413,1.246398
1.271886,1.881281,1.230742
1.515665,1.887808,1.231228
1.548227,1.903548,1.255237
1.271886,1.901066,1.253815
1.271886,1.886413,1.246398
1.519665,1.891743,1.247669
1.558522,1.916245,1.249493
1.271886,1.916656,1.24865
1.271886,1.901066,1.253815
1.548227,1.903548,1.255237
1.562689,1.922485,1.233809
1.271886,1.92405,1.233926
1.271886,1.916656,1.24865
1.558522,1.916245,1.249493
1.558522,1.918636,1.217374
1.271886,1.918918,1.218269
1.271886,1.92405,1.233926
1.562689,1.922485,1.233809
1.548227,1.906929,1.209814
1.271886,1.904265,1.210852
1.271886,1.918918,1.218269
1.558522,1.918636,1.217374
1.607633,1.549239,1.190748
1.625673,1.542239,1.1839
1.589658,1.506614,1.181248
1.577897,1.516822,1.188335
1.589658,1.503416,1.224212
1.601635,1.49332,1.217134
1.637072,1.529327,1.219814
1.625673,1.53904,1.226864
1.577817,1.892919,1.216334
1.589437,1.904265,1.210852
1.624724,1.86948,1.208262
1.607736,1.861225,1.213974
1.601635,1.49332,1.217134
1.606493,1.490082,1.201618
1.641795,1.526201,1.204307
1.637072,1.529327,1.219814
1.636013,1.879387,1.215326
1.624724,1.86948,1.208262
1.589437,1.904265,1.210852
1.601285,1.914562,1.217945
1.577897,1.51456,1.218715
1.589658,1.503416,1.224212
1.625673,1.53904,1.226864
1.607633,1.546977,1.221128
1.606493,1.490082,1.201618
1.601635,1.495582,1.186754
1.637072,1.531589,1.189434
1.641795,1.526201,1.204307
1.636013,1.877125,1.245707
1.640688,1.882585,1.230839
1.606081,1.91788,1.233466
1.601285,1.9123,1.248325
1.601635,1.495582,1.186754
1.589658,1.506614,1.181248
1.625673,1.542239,1.1839
1.637072,1.531589,1.189434
1.607736,1.861225,1.213974
1.603057,1.855958,1.228856
1.573213,1.88724,1.231185
1.577817,1.892919,1.216334
1.603057,1.855958,1.228856
1.607736,1.858964,1.244354
1.577817,1.890656,1.246714
1.573213,1.88724,1.231185
1.577897,1.516822,1.188335
1.573221,1.520157,1.203857
1.602914,1.55218,1.206241
1.607633,1.549239,1.190748
1.607736,1.858964,1.244354
1.624724,1.866282,1.251226
1.589437,1.901067,1.253815
1.577817,1.890656,1.246714
1.640688,1.882585,1.230839
1.636013,1.879387,1.215326
1.601285,1.914562,1.217945
1.606081,1.91788,1.233466
1.573221,1.520157,1.203857
1.577897,1.51456,1.218715
1.607633,1.546977,1.221128
1.602914,1.55218,1.206241
1.624724,1.866282,1.251226
1.636013,1.877125,1.245707
1.601285,1.9123,1.248325
1.589437,1.901067,1.253815
1.515662,1.518823,1.203758
1.573221,1.520157,1.203857
1.577897,1.516822,1.188335
1.519725,1.514962,1.187322
1.589437,1.904265,1.210852
1.548227,1.906929,1.209814
1.558522,1.918636,1.217374
1.601285,1.914562,1.217945
1.601285,1.914562,1.217945
1.558522,1.918636,1.217374
1.562689,1.922485,1.233809
1.606081,1.91788,1.233466
1.606081,1.91788,1.233466
1.562689,1.922485,1.233809
1.558522,1.916245,1.249493
1.601285,1.9123,1.248325
1.601285,1.9123,1.248325
1.558522,1.916245,1.249493
1.548227,1.903548,1.255237
1.589437,1.901067,1.253815
1.589437,1.901067,1.253815
1.548227,1.903548,1.255237
1.519665,1.891743,1.247669
1.577817,1.890656,1.246714
1.577817,1.890656,1.246714
1.519665,1.891743,1.247669
1.515665,1.887808,1.231228
1.573213,1.88724,1.231185
1.573213,1.88724,1.231185
1.515665,1.887808,1.231228
1.519665,1.894134,1.21555
1.577817,1.892919,1.216334
1.577817,1.892919,1.216334
1.519665,1.894134,1.21555
1.548227,1.906929,1.209814
1.589437,1.904265,1.210852
1.271886,1.522968,1.204067
1.515662,1.518823,1.203758
1.519725,1.514962,1.187322
1.271886,1.517856,1.188412
1.271886,1.503251,1.180998
1.529944,1.503342,1.179768
1.558815,1.490829,1.185526
1.271886,1.487709,1.186167
1.271886,1.487709,1.186167
1.558815,1.490829,1.185526
1.563036,1.484662,1.201215
1.271886,1.480335,1.200893
1.271886,1.480335,1.200893
1.563036,1.484662,1.201215
1.558815,1.488438,1.217644
1.271886,1.485448,1.216548
1.271886,1.485448,1.216548
1.558815,1.488438,1.217644
1.529944,1.499961,1.225191
1.271886,1.500052,1.223961
1.271886,1.500052,1.223961
1.529944,1.499961,1.225191
1.519725,1.512571,1.219441
1.271886,1.515594,1.218792
1.271886,1.515594,1.218792
1.519725,1.512571,1.219441
1.515662,1.518823,1.203758
1.271886,1.522968,1.204067
1.271886,1.517856,1.188412
1.519725,1.514962,1.187322
1.529944,1.503342,1.179768
1.271886,1.503251,1.180998
1.403556,1.857538,1.224637
1.406521,1.846657,1.232471
1.368263,1.808342,1.229717
1.362187,1.816124,1.221582
1.567042,1.5976,1.222232
1.567042,1.598797,1.206144
1.567042,1.821559,1.222728
1.567042,1.820362,1.238816
1.493728,1.869972,1.240485
1.485575,1.915808,1.242455
1.430492,1.915808,1.242455
1.422339,1.869972,1.240485
1.349025,1.598797,1.206144
1.349025,1.5976,1.222232
1.349025,1.820362,1.238816
1.349025,1.821559,1.222728
1.398142,1.869343,1.242463
1.349025,1.820362,1.238816
1.349025,1.5976,1.222232
1.398142,1.548618,1.218586
1.517925,1.869343,1.242463
1.517925,1.548618,1.218586
1.567042,1.820362,1.238816
1.567042,1.5976,1.222232
1.398142,1.548618,1.218586
1.349025,1.5976,1.222232
1.349025,1.598797,1.206144
1.398142,1.549816,1.202497
1.398142,1.870541,1.226374
1.349025,1.821559,1.222728
1.349025,1.820362,1.238816
1.398142,1.869343,1.242463
1.517925,1.549816,1.202497
1.567042,1.598797,1.206144
1.567042,1.5976,1.222232
1.517925,1.548618,1.218586
1.517925,1.869343,1.242463
1.567042,1.820362,1.238816
1.567042,1.821559,1.222728
1.517925,1.870541,1.226374
1.422339,1.549187,1.204475
1.430492,1.503351,1.202504
1.430492,1.502667,1.211698
1.422339,1.548289,1.216537
1.422339,1.548289,1.216537
1.398142,1.548618,1.218586
1.398142,1.549816,1.202497
1.422339,1.549187,1.204475
1.422339,1.870871,1.228423
1.398142,1.870541,1.226374
1.398142,1.869343,1.242463
1.422339,1.869972,1.240485
1.493728,1.549187,1.204475
1.517925,1.549816,1.202497
1.517925,1.548618,1.218586
1.493728,1.548289,1.216537
1.493728,1.869972,1.240485
1.517925,1.869343,1.242463
1.517925,1.870541,1.226374
1.493728,1.870871,1.228423
1.493728,1.548289,1.216537
1.517925,1.548618,1.218586
1.398142,1.548618,1.218586
1.422339,1.548289,1.216537
1.422339,1.549187,1.204475
1.398142,1.549816,1.202497
1.517925,1.549816,1.202497
1.493728,1.549187,1.204475
1.493728,1.870871,1.228423
1.517925,1.870541,1.226374
1.398142,1.870541,1.226374
1.422339,1.870871,1.228423
1.422339,1.869972,1.240485
1.398142,1.869343,1.242463
1.517925,1.869343,1.242463
1.493728,1.869972,1.240485
1.485575,1.915808,1.242455
1.485575,1.916492,1.233261
1.430492,1.916492,1.233261
1.430492,1.915808,1.242455
1.430492,1.502667,1.211698
1.430492,1.503351,1.202504
1.485575,1.503351,1.202504
1.485575,1.502667,1.211698
1.493728,1.549187,1.204475
1.485575,1.503351,1.202504
1.430492,1.503351,1.202504
1.422339,1.549187,1.204475
1.493728,1.870871,1.228423
1.485575,1.916492,1.233261
1.485575,1.915808,1.242455
1.493728,1.869972,1.240485
1.422339,1.869972,1.240485
1.430492,1.915808,1.242455
1.430492,1.916492,1.233261
1.422339,1.870871,1.228423
1.422339,1.870871,1.228423
1.430492,1.916492,1.233261
1.485575,1.916492,1.233261
1.493728,1.870871,1.228423
1.422339,1.548289,1.216537
1.430492,1.502667,1.211698
1.485575,1.502667,1.211698
1.493728,1.548289,1.216537
1.493728,1.548289,1.216537
1.485575,1.502667,1.211698
1.485575,1.503351,1.202504
1.493728,1.549187,1.204475
1.406521,1.572534,1.212064
1.368263,1.610834,1.215013
1.368263,1.808342,1.229717
1.406521,1.846657,1.232471
1.509546,1.572534,1.212064
1.509546,1.846657,1.232471
1.547804,1.610834,1.215013
1.547804,1.808342,1.229717
1.55388,1.604343,1.205816
1.547804,1.610834,1.215013
1.547804,1.808342,1.229717
1.55388,1.816124,1.221582
1.403556,1.562933,1.202704
1.406521,1.572534,1.212064
1.509546,1.572534,1.212064
1.512511,1.562933,1.202704
1.512511,1.562933,1.202704
1.509546,1.572534,1.212064
1.547804,1.610834,1.215013
1.55388,1.604343,1.205816
1.362187,1.604343,1.205816
1.368263,1.610834,1.215013
1.406521,1.572534,1.212064
1.403556,1.562933,1.202704
1.512512,1.857538,1.224637
1.509546,1.846657,1.232471
1.406521,1.846657,1.232471
1.403556,1.857538,1.224637
1.362187,1.816124,1.221582
1.368263,1.808342,1.229717
1.368263,1.610834,1.215013
1.362187,1.604343,1.205816
1.55388,1.816124,1.221582
1.547804,1.808342,1.229717
1.509546,1.846657,1.232471
1.512512,1.857538,1.224637
0.9878566,1.395309,2.973835
1.242315,1.441443,2.860027
0.9878566,1.441443,2.973835
1.220836,1.395309,2.869633
1.242315,1.280673,2.860027
1.220836,1.326807,2.869633
0.9878566,1.280673,2.973835
0.9878566,1.326807,2.973835
0.9878566,1.23454,2.973835
1.220837,1.23454,2.869633
1.242315,1.119904,2.860027
1.220837,1.166037,2.869633
0.9878566,1.119904,2.973835
0.9878566,1.166037,2.973835
0.9878566,1.395309,2.973835
0.9878566,1.441443,2.973835
0.6317502,1.441443,3.042445
0.6111662,1.395309,3.046411
0.5880622,1.441443,3.050862
0.6111662,1.326807,3.046411
0.5880622,1.280673,3.050862
0.9878566,1.326807,2.973835
0.9878566,1.280673,2.973835
0.611166,1.23454,3.046411
0.9878566,1.23454,2.973835
0.611166,1.166037,3.046411
0.5880622,1.119904,3.050862
0.9878566,1.166037,2.973835
0.9878566,1.119904,2.973835
0.448548,0.6557917,3.287163
0.3474036,0.655719,3.300153
0.3475409,0.9219358,3.298034
0.4485515,0.9218903,3.287108
0.4418318,1.313495,3.055589
0.4485515,0.9218903,3.287108
0.3475409,0.9219358,3.298034
0.3489283,1.313495,3.064555
0.4444144,0.6560537,3.350973
0.4449067,0.9546881,3.343373
0.3437422,0.949419,3.356674
0.34327,0.6559811,3.363963
0.3433661,0.5794831,3.364283
0.4445105,0.5795557,3.351294
0.43949,1.363638,3.091741
0.3465864,1.363638,3.100707
0.3437422,0.949419,3.356674
0.4449067,0.9546881,3.343373
0.4486441,0.5792937,3.287483
0.3186801,0.5782453,3.076065
0.4198246,0.5783179,3.063075
0.3474997,0.5792211,3.300473
0.4445105,0.5795557,3.351294
0.3433661,0.5794831,3.364283
0.448548,0.6557917,3.287163
0.4485515,0.9218903,3.287108
0.4449067,0.9546881,3.343373
0.4444144,0.6560537,3.350973
0.4445105,0.5795557,3.351294
0.4486441,0.5792937,3.287483
0.4485515,0.9218903,3.287108
0.4418318,1.313495,3.055589
0.43949,1.363638,3.091741
0.4449067,0.9546881,3.343373
0.3475409,0.9219358,3.298034
0.34327,0.6559811,3.363963
0.3437422,0.949419,3.356674
0.3474036,0.655719,3.300153
0.3474997,0.5792211,3.300473
0.3433661,0.5794831,3.364283
0.4418318,1.313495,3.055589
0.3489283,1.313495,3.064555
0.3465864,1.363638,3.100707
0.43949,1.363638,3.091741
0.3489283,1.313495,3.064555
0.3475409,0.9219358,3.298034
0.3437422,0.949419,3.356674
0.3465864,1.363638,3.100707
1.022766,0.678139,3.169799
1.001211,0.4101115,2.707972
1.294166,0.5886472,2.707972
1.294166,0.627508,2.798835
1.294166,0.627508,2.798835
1.294166,0.6776907,2.836837
1.022766,0.678139,3.169799
1.329076,0.678139,3.032799
0.3185841,0.6547433,3.075745
0.4197284,0.654816,3.062755
0.4198246,0.5783179,3.063075
0.3186801,0.5782453,3.076065
0.3474997,0.5792211,3.300473
0.3474036,0.655719,3.300153
0.3185841,0.6547433,3.075745
0.3186801,0.5782453,3.076065
0.3474036,0.655719,3.300153
0.448548,0.6557917,3.287163
0.4197284,0.654816,3.062755
0.3185841,0.6547433,3.075745
0.448548,0.6557917,3.287163
0.4486441,0.5792937,3.287483
0.4198246,0.5783179,3.063075
0.4197284,0.654816,3.062755
-3.814697E-06,1.690012,-2.961572
0.1552636,1.667822,-2.961572
-3.814697E-06,1.667822,-2.961572
0.1523423,1.690012,-2.961572
0.2415227,1.690935,-2.961572
0.2300367,1.71083,-2.961572
0.3046688,1.754082,-2.961572
0.2847744,1.765568,-2.961572
0.3277819,1.840341,-2.961572
0.3055926,1.843262,-2.961572
0.3277819,1.964092,-2.961572
0.3055926,1.96117,-2.961572
0.3046689,2.05035,-2.961572
0.2847745,2.038865,-2.961572
0.2415228,2.135085,-2.961572
0.2300368,2.115191,-2.961572
0.1552637,2.191212,-2.961572
0.1523424,2.169023,-2.961572
-3.814697E-06,2.191212,-2.961572
-3.814697E-06,2.169023,-2.961572
1.415483,1.168715,2.297386
1.415483,1.182189,1.92504
1.357933,1.284534,1.923707
1.357933,1.269702,2.321107
1.415483,1.131212,2.422048
1.415483,1.168715,2.297386
1.357933,1.269702,2.321107
1.357933,1.211333,2.485661
1.415483,1.07576,2.475011
1.415483,1.131212,2.422048
1.357933,1.211333,2.485661
1.357933,1.132891,2.559616
1.415483,0.6229363,1.32549
1.415483,0.4090536,1.276451
1.357933,0.4090536,1.166833
1.357933,0.6567947,1.228797
1.415483,0.9061031,1.452281
1.415483,0.6229363,1.32549
1.357933,0.6567947,1.228797
1.357933,0.9562725,1.362935
1.415483,1.165921,1.630906
1.415483,0.9061031,1.452281
1.357933,0.9562725,1.362935
1.357933,1.258387,1.578957
1.415483,1.182189,1.92504
1.415483,1.165921,1.630906
1.357933,1.258387,1.578957
1.357933,1.284534,1.923707
1.415483,0.8177699,2.63098
1.415483,1.07576,2.475011
1.357933,1.132891,2.559616
1.357933,0.8618344,2.7233
1.415483,0.5886472,2.707972
1.415483,0.8177699,2.63098
1.357933,0.8618344,2.7233
1.357933,0.627508,2.798835
1.294166,0.5953062,-2.745282
1.294166,0.5990943,-2.845736
1.357933,0.5990943,-2.845736
1.415483,0.5953062,-2.745282
1.415483,1.139458,-1.592594
1.357933,1.245784,-1.648016
1.357933,1.230563,-1.546828
1.415483,1.146454,-1.658551
1.357933,1.251166,-1.698761
1.415483,1.151836,-1.709296
1.357933,1.262963,-1.810687
1.415483,1.163222,-1.816656
1.357933,1.269566,-2.341184
1.415483,1.170311,-2.327062
1.415483,1.057456,-1.516899
1.415483,1.139458,-1.592594
1.357933,1.230563,-1.546828
1.357933,1.115232,-1.4351
1.415483,0.7218748,-1.340278
1.415483,1.057456,-1.516899
1.357933,1.115232,-1.4351
1.357933,0.7628156,-1.249102
1.415483,0.5133259,-1.269234
1.415483,0.7218748,-1.340278
1.357933,0.7628156,-1.249102
1.357933,0.4739588,-1.166599
1.415483,0.7184246,-2.738961
1.415483,0.5953062,-2.745282
1.357933,0.5990943,-2.845736
1.357933,0.7475154,-2.835606
1.415483,0.8892531,-2.636464
1.415483,0.7184246,-2.738961
1.357933,0.7475154,-2.835606
1.357933,0.9460282,-2.718721
1.415483,1.134996,-2.442639
1.415483,0.8892531,-2.636464
1.357933,0.9460282,-2.718721
1.357933,1.218641,-2.499835
1.415483,1.170311,-2.327062
1.415483,1.134996,-2.442639
1.357933,1.218641,-2.499835
1.357933,1.269566,-2.341184
1.294166,0.5990943,-2.845736
1.294166,0.5953062,-2.745282
1.049218,0.5953062,-2.745282
1.052367,0.573001,-2.854493
1.294166,0.6267443,-2.927997
1.294166,0.5990943,-2.845736
1.052367,0.573001,-2.854493
1.053406,0.6267443,-2.927997
1.294166,0.7218748,-1.340278
1.040321,0.5133288,-1.269117
1.049218,0.7218748,-1.340278
1.294166,0.5133259,-1.269234
1.415483,0.7218748,-1.340278
1.035501,0.4101112,-1.230565
1.415483,0.5133259,-1.269234
1.294166,0.4101112,-1.230745
1.415483,0.4101112,-1.230745
1.415483,0.4101112,-1.230745
1.415483,0.5133259,-1.269234
1.357933,0.4739588,-1.166599
1.357933,0.4101112,-1.121902
1.294166,0.7628156,-1.249102
1.294166,0.4739588,-1.166599
1.357933,0.4739588,-1.166599
1.357933,0.7628156,-1.249102
1.294166,0.4739591,1.183067
1.294166,0.4101114,1.160189
1.357933,0.4101114,1.160189
1.357933,0.4739591,1.183067
1.521476,0.4101114,1.160189
1.521476,0.4739591,1.183067
1.357933,0.4739588,-1.166599
1.294166,0.4739588,-1.166599
1.294166,0.4739591,1.183067
1.357933,0.4739591,1.183067
1.521476,0.4739591,1.183067
1.521476,0.4739588,-1.166599
1.294166,0.4739588,-1.166599
1.294166,0.4101112,-1.121902
1.294166,0.4101114,1.160189
1.294166,0.4739591,1.183067
1.521476,0.4101112,-1.121902
1.521476,0.4739588,-1.166599
1.521476,0.4739591,1.183067
1.521476,0.4101114,1.160189
0.9878566,1.384295,2.973835
1.220836,1.395309,2.869633
0.9878566,1.395309,2.973835
1.210782,1.384295,2.87413
1.220836,1.326807,2.869633
1.210782,1.337821,2.87413
0.9878566,1.326807,2.973835
0.9878566,1.337821,2.973835
0.6219816,1.384295,3.044327
0.9878566,1.384295,2.973835
0.9878566,1.395309,2.973835
0.6111662,1.395309,3.046411
0.6219816,1.337821,3.044327
0.6111662,1.326807,3.046411
0.9878566,1.337821,2.973835
0.9878566,1.326807,2.973835
1.210782,1.177051,2.87413
0.9878566,1.177051,2.973835
0.9878566,1.166037,2.973835
1.220837,1.166037,2.869633
1.210782,1.223526,2.87413
1.220837,1.23454,2.869633
0.9878566,1.223526,2.973835
0.9878566,1.23454,2.973835
0.9878566,1.177051,2.973835
0.611166,1.166037,3.046411
0.9878566,1.166037,2.973835
0.6219813,1.177051,3.044327
0.611166,1.23454,3.046411
0.6219813,1.223526,3.044327
0.9878566,1.23454,2.973835
0.9878566,1.223526,2.973835
0.9932775,2.464339,0.9739445
1.2041,2.434597,0.9739445
1.224455,2.452233,0.9637811
0.9932775,2.481975,0.9637811
0.01086674,1.539525,3.065157
0.01086785,1.506983,3.089463
0.01086785,1.506983,3.070072
0.01086674,1.539525,3.045766
0.5272895,1.539504,3.031244
0.592766,1.548264,3.012666
0.5264933,1.548264,3.024819
0.5856625,1.539523,3.020566
0.6152173,1.498244,3.04563
0.6002303,1.506979,3.041901
0.5314606,1.507006,3.055188
0.01086785,1.506983,3.089463
-3.814697E-06,1.498244,3.096685
0.5322865,1.498244,3.061608
0.01086674,1.539525,3.065157
0.5272895,1.539504,3.031244
0.5264933,1.548264,3.024819
-3.814697E-06,1.548264,3.059365
0.01086785,1.506983,3.089463
-3.814697E-06,1.498244,3.096685
0.6002303,1.506979,3.041901
0.5314606,1.507006,3.055188
0.5322865,1.498244,3.061608
0.6152173,1.498244,3.04563
0.5272895,1.539504,3.011853
0.01086674,1.539525,3.045766
0.01086785,1.506983,3.070072
0.5314606,1.507006,3.035797
0.5856625,1.539523,3.001175
0.5272895,1.539504,3.011853
0.5314606,1.507006,3.035797
0.6002303,1.506979,3.02251
0.5856625,1.539523,3.020566
0.5272895,1.539504,3.011853
0.5856625,1.539523,3.001175
0.5272895,1.539504,3.031244
0.01086674,1.539525,3.045766
0.01086674,1.539525,3.065157
0.5314606,1.507006,3.055188
0.6002303,1.506979,3.041901
0.6002303,1.506979,3.02251
0.5314606,1.507006,3.035797
0.01086785,1.506983,3.089463
0.01086785,1.506983,3.070072
1.049218,1.170311,-2.327062
1.049218,1.163222,-1.816656
1.049218,1.151836,-1.709296
1.049218,1.146454,-1.658551
1.049218,1.139458,-1.592594
1.049218,1.134996,-2.442639
1.049218,1.057456,-1.516899
1.049218,0.7218748,-1.340278
1.040321,0.5133288,-1.269117
1.035501,0.4101112,-1.230565
1.049218,0.4101111,-2.631711
1.049218,0.5953062,-2.745282
1.052367,0.573001,-2.854493
1.049218,0.7184246,-2.738961
1.049218,0.8892531,-2.636464
1.001211,0.4101115,2.707972
0.982663,0.4101114,1.276451
0.9973186,0.6229363,1.32549
0.9973186,0.5886472,2.707972
0.9973186,0.8177699,2.63098
0.9973186,0.9061031,1.452281
0.9973186,1.07576,2.475011
0.9973186,1.165921,1.630906
0.9973186,1.131212,2.422048
0.9973186,1.168715,2.297386
0.9973186,1.182189,1.92504
0.4827229,1.204165,3.042716
0.4827229,1.272505,3.042716
-3.814697E-06,1.272505,3.074627
-3.814697E-06,1.204165,3.074627
0.4827229,1.288842,3.042716
-3.814697E-06,1.288842,3.074627
-3.814697E-06,1.272505,3.074627
0.4827229,1.272505,3.042716
0.4827229,1.204165,3.042716
-3.814697E-06,1.204165,3.074627
-3.814697E-06,1.187827,3.074627
0.4827229,1.187827,3.042716
0.4827229,1.373519,3.042716
-3.814697E-06,1.373519,3.074627
-3.814697E-06,1.357182,3.074627
0.4827229,1.357182,3.042716
0.4827229,1.288842,3.042716
0.4827229,1.357182,3.042716
-3.814697E-06,1.357182,3.074627
-3.814697E-06,1.288842,3.074627
0.828214,2.686503,0.6917129
0.828214,2.686503,0.7976164
0.828214,2.572787,0.7976164
0.828214,2.572787,0.6917129
0.637687,2.686612,0.7976164
0.637687,2.686612,0.6917129
0.637687,2.572787,0.6917129
0.637687,2.572787,0.7976164
0.637687,2.686612,0.6917129
0.828214,2.686503,0.6917129
0.828214,2.572787,0.6917129
0.637687,2.572787,0.6917129
0.828214,2.686503,0.7976164
0.828214,2.686503,0.6917129
0.637687,2.686612,0.6917129
0.637687,2.686612,0.7976164
0.797387,2.573994,0.7549866
0.7973636,2.530471,0.7549866
0.7973636,2.530471,0.7343426
0.797387,2.573994,0.7343426
0.797387,2.573994,0.7549866
0.637687,2.572787,0.7976164
0.6685139,2.57147,0.7549866
0.828214,2.572787,0.7976164
0.797387,2.573994,0.7343426
0.828214,2.572787,0.6917129
0.6685139,2.57147,0.7343426
0.637687,2.572787,0.6917129
0.6685139,2.57147,0.7549866
0.637687,2.572787,0.7976164
0.637687,2.572787,0.6917129
0.6685139,2.57147,0.7343426
0.6683865,2.531993,0.7549866
0.6683865,2.531993,0.7343426
0.7973636,2.530471,0.7343426
0.7973636,2.530471,0.7549866
0.797387,2.573994,0.7343426
0.7973636,2.530471,0.7343426
0.6683865,2.531993,0.7343426
0.6685139,2.57147,0.7343426
0.6685139,2.57147,0.7549866
0.6683865,2.531993,0.7549866
0.7973636,2.530471,0.7549866
0.797387,2.573994,0.7549866
0.6685139,2.57147,0.7343426
0.6683865,2.531993,0.7343426
0.6683865,2.531993,0.7549866
0.6685139,2.57147,0.7549866
1.33789,0.724292,-1.095966
1.33789,0.7242924,-0.3374017
1.313482,0.6998844,-0.3266664
1.313482,0.6998841,-1.110063
1.33789,2.374946,-1.33222
1.33789,1.133766,-1.332219
1.313482,1.12723,-1.356627
1.313482,2.399354,-1.356628
1.33789,0.8993071,-0.1769304
1.33789,2.374946,-0.1769308
1.313482,2.399354,-0.1525226
1.313482,0.8898109,-0.1525223
1.33789,0.7242924,-0.3374017
1.33789,0.8993071,-0.1769304
1.313482,0.8898109,-0.1525223
1.313482,0.6998844,-0.3266664
1.33789,1.133766,-1.332219
1.33789,0.724292,-1.095966
1.313482,0.6998841,-1.110063
1.313482,1.12723,-1.356627
1.33789,2.374946,-0.1769308
1.33789,2.374946,-1.33222
1.313482,2.399354,-1.356628
1.313482,2.399354,-0.1525226
1.33789,0.7243086,0.2025122
1.33789,0.7241956,0.9611097
1.313482,0.6998847,0.9718023
1.313482,0.6998845,0.1884062
1.33789,2.374691,-0.03349518
1.33789,1.133802,-0.03361992
1.313482,1.127231,-0.05815859
1.313482,2.399354,-0.05815887
1.33789,0.8992226,1.121757
1.33789,1.850523,1.121895
1.313482,1.856782,1.145946
1.313482,0.8898114,1.145946
1.33789,0.7241956,0.9611097
1.33789,0.8992226,1.121757
1.313482,0.8898114,1.145946
1.313482,0.6998847,0.9718023
1.33789,1.133802,-0.03361992
1.33789,0.7243086,0.2025122
1.313482,0.6998845,0.1884062
1.313482,1.127231,-0.05815859
1.33789,2.374545,0.8589869
1.33789,2.374691,-0.03349518
1.313482,2.399354,-0.05815887
1.313482,2.399354,0.8735508
1.33789,1.850523,1.121895
1.33789,2.374545,0.8589869
1.313482,2.399354,0.8735508
1.313482,1.856782,1.145946
0.6376617,2.686503,-2.788282
0.6376617,2.686503,-2.894186
0.6376617,2.572786,-2.894186
0.6376617,2.572786,-2.788282
0.8281887,2.686612,-2.894186
0.8281887,2.686612,-2.788282
0.8281887,2.572786,-2.788282
0.8281887,2.572786,-2.894186
0.8281887,2.686612,-2.788282
0.6376617,2.686503,-2.788282
0.6376617,2.572786,-2.788282
0.8281887,2.572786,-2.788282
0.6376617,2.686503,-2.894186
0.6376617,2.686503,-2.788282
0.8281887,2.686612,-2.788282
0.8281887,2.686612,-2.894186
0.6684887,2.573993,-2.851557
0.668512,2.530471,-2.851557
0.668512,2.530471,-2.830912
0.6684887,2.573993,-2.830912
0.6684887,2.573993,-2.851557
0.8281887,2.572786,-2.894186
0.7973618,2.571469,-2.851557
0.6376617,2.572786,-2.894186
0.6684887,2.573993,-2.830912
0.6376617,2.572786,-2.788282
0.7973618,2.571469,-2.830912
0.8281887,2.572786,-2.788282
0.7973618,2.571469,-2.851557
0.8281887,2.572786,-2.894186
0.8281887,2.572786,-2.788282
0.7973618,2.571469,-2.830912
0.7974892,2.531993,-2.851557
0.7974892,2.531993,-2.830912
0.668512,2.530471,-2.830912
0.668512,2.530471,-2.851557
0.6684887,2.573993,-2.830912
0.668512,2.530471,-2.830912
0.7974892,2.531993,-2.830912
0.7973618,2.571469,-2.830912
0.7973618,2.571469,-2.851557
0.7974892,2.531993,-2.851557
0.668512,2.530471,-2.851557
0.6684887,2.573993,-2.851557
0.7973618,2.571469,-2.830912
0.7974892,2.531993,-2.830912
0.7974892,2.531993,-2.851557
0.7973618,2.571469,-2.851557
1.117306,0.7795686,-3.107886
1.11177,0.7377378,-3.107886
1.0951,0.7355546,-3.107886
1.101778,0.7860128,-3.107886
1.143015,0.8130271,-3.107886
1.13279,0.8263719,-3.107886
1.18201,0.8291483,-3.107886
1.143015,0.8130271,-3.107886
1.179827,0.8458179,-3.107886
1.223841,0.8236123,-3.107886
1.18201,0.8291483,-3.107886
1.179827,0.8458179,-3.107886
1.230285,0.8391401,-3.107886
1.257299,0.7979027,-3.107886
1.270644,0.808128,-3.107886
1.27342,0.7589081,-3.107886
1.29009,0.7610912,-3.107886
1.267884,0.7170773,-3.107886
1.283412,0.7106332,-3.107886
1.020698,0.8236123,-3.107886
0.9766836,0.8458179,-3.107886
1.027142,0.8391401,-3.107886
0.9788668,0.8291483,-3.107886
0.9296468,0.8263719,-3.107886
0.9398722,0.8130271,-3.107886
0.8986347,0.7860128,-3.107886
0.9141625,0.7795686,-3.107886
1.20318,0.6674976,-3.107886
1.242175,0.6836187,-3.107886
1.2524,0.670274,-3.107886
1.205363,0.6508281,-3.107886
1.11177,0.7377378,-3.107886
1.114546,0.6885178,-3.107886
1.0951,0.7355546,-3.107886
1.127891,0.6987432,-3.107886
1.154905,0.6575057,-3.107886
1.161349,0.6730335,-3.107886
1.205363,0.6508281,-3.107886
1.20318,0.6674976,-3.107886
0.9141625,0.7795686,-3.107886
0.8919569,0.7355546,-3.107886
0.8986347,0.7860128,-3.107886
0.9086266,0.7377378,-3.107886
0.9114029,0.6885178,-3.107886
0.9247476,0.6987432,-3.107886
0.9517621,0.6575057,-3.107886
0.9582062,0.6730335,-3.107886
1.00222,0.6508281,-3.107886
1.000037,0.6674976,-3.107886
1.049257,0.670274,-3.107886
1.039032,0.6836187,-3.107886
1.080269,0.7106332,-3.107886
1.064741,0.7170774,-3.107886
1.086947,0.7610912,-3.107886
1.070277,0.7589081,-3.107886
1.067501,0.808128,-3.107886
1.054156,0.7979027,-3.107886
1.242175,0.6836187,-3.107886
1.267884,0.7170773,-3.107886
1.283412,0.7106332,-3.107886
1.2524,0.670274,-3.107886
1.054156,0.7979027,-3.107886
1.020698,0.8236123,-3.107886
1.027142,0.8391401,-3.107886
1.067501,0.808128,-3.107886
0.6495364,0.7637193,-3.107886
0.6395518,0.7056182,-3.107886
0.6329207,0.7662802,-3.107886
0.6552218,0.7117083,-3.107886
0.6756254,0.656399,-3.107886
0.686151,0.6695082,-3.107886
0.7314757,0.6318108,-3.107886
0.7340365,0.6484265,-3.107886
0.7860474,0.6541119,-3.107886
0.8413566,0.6745155,-3.107886
0.7921375,0.6384417,-3.107886
0.8282474,0.685041,-3.107886
0.865945,0.7303658,-3.107886
0.8493292,0.7329267,-3.107886
0.8593139,0.7910275,-3.107886
0.8436438,0.7849375,-3.107886
0.8232403,0.8402468,-3.107886
0.8127146,0.8271376,-3.107886
0.76739,0.864835,-3.107886
0.7648291,0.8482193,-3.107886
0.7067281,0.858204,-3.107886
0.7128182,0.8425341,-3.107886
0.6575088,0.8221304,-3.107886
0.670618,0.8116047,-3.107886
0.6329207,0.7662802,-3.107886
0.6495364,0.7637193,-3.107886
0.7340365,0.6484265,-3.107886
0.7860474,0.6541119,-3.107886
0.7921375,0.6384417,-3.107886
0.7314757,0.6318108,-3.107886
0.753938,1.416247,-2.911588
1.191102,1.416247,-2.911588
1.185219,1.930383,-2.911588
0.753938,1.93675,-2.911588
1.163747,1.90685,-2.971147
1.164573,1.440095,-2.971147
1.164573,1.440095,-2.934582
1.163747,1.90685,-2.934582
1.191102,1.416247,-2.911588
0.753938,1.416247,-2.911588
0.753938,1.416247,-2.971147
1.191102,1.416247,-2.971147
0.753938,1.93675,-2.911588
1.185219,1.930383,-2.911588
1.185219,1.930383,-2.971147
0.753938,1.93675,-2.971147
1.185219,1.930383,-2.911588
1.191102,1.416247,-2.911588
1.191102,1.416247,-2.971147
1.185219,1.930383,-2.971147
0.753938,1.416247,-2.911588
0.753938,1.93675,-2.911588
0.753938,1.93675,-2.971147
0.753938,1.416247,-2.971147
0.7801727,1.912513,-2.971147
0.775647,1.440095,-2.971147
0.753938,1.416247,-2.971147
0.753938,1.93675,-2.971147
1.163747,1.90685,-2.971147
1.185219,1.930383,-2.971147
1.164573,1.440095,-2.971147
1.191102,1.416247,-2.971147
0.775647,1.440095,-2.971147
0.753938,1.416247,-2.971147
0.7972801,1.461522,-2.934582
0.8013924,1.89077,-2.934582
1.142358,1.885736,-2.934582
1.143108,1.461522,-2.934582
0.775647,1.440095,-2.971147
0.7801727,1.912513,-2.971147
0.7801727,1.912513,-2.934582
0.775647,1.440095,-2.934582
1.164573,1.440095,-2.971147
0.775647,1.440095,-2.971147
0.775647,1.440095,-2.934582
1.164573,1.440095,-2.934582
0.7801727,1.912513,-2.971147
1.163747,1.90685,-2.971147
1.163747,1.90685,-2.934582
0.7801727,1.912513,-2.934582
0.9273862,1.440095,-2.934582
0.8952177,1.440095,-2.934582
0.8952177,1.440095,-2.96678
0.9273862,1.440095,-2.96678
1.019831,1.440095,-2.934582
1.051999,1.440095,-2.934582
1.051931,1.907776,-2.934582
1.020205,1.907776,-2.934582
0.8952177,1.440095,-2.934582
0.9273862,1.440095,-2.934582
0.9273179,1.907776,-2.934582
0.895592,1.907776,-2.934582
1.019831,1.440095,-2.96678
1.020205,1.907776,-2.96678
1.051931,1.907776,-2.96678
1.051999,1.440095,-2.96678
1.020205,1.907776,-2.934582
1.051931,1.907776,-2.934582
1.051931,1.907776,-2.96678
1.020205,1.907776,-2.96678
0.8952177,1.440095,-2.96678
0.895592,1.907776,-2.96678
0.9273179,1.907776,-2.96678
0.9273862,1.440095,-2.96678
1.051931,1.907776,-2.934582
1.051999,1.440095,-2.934582
1.051999,1.440095,-2.96678
1.051931,1.907776,-2.96678
0.9273179,1.907776,-2.934582
0.9273862,1.440095,-2.934582
0.9273862,1.440095,-2.96678
0.9273179,1.907776,-2.96678
0.8952177,1.440095,-2.934582
0.895592,1.907776,-2.934582
0.895592,1.907776,-2.96678
0.8952177,1.440095,-2.96678
1.051999,1.440095,-2.934582
1.019831,1.440095,-2.934582
1.019831,1.440095,-2.96678
1.051999,1.440095,-2.96678
1.019831,1.440095,-2.934582
1.020205,1.907776,-2.934582
1.020205,1.907776,-2.96678
1.019831,1.440095,-2.96678
0.895592,1.907776,-2.934582
0.9273179,1.907776,-2.934582
0.9273179,1.907776,-2.96678
0.895592,1.907776,-2.96678
0.01234927,2.523059,-0.8748502
-0.3562259,2.523059,-0.6973537
-0.3562259,2.647853,-0.6973537
0.01234927,2.647853,-0.8748502
-0.3562259,2.523059,-0.6973537
-0.4472564,2.523059,-0.2985228
-0.4472564,2.647853,-0.2985228
-0.3562259,2.647853,-0.6973537
-0.4472564,2.523059,-0.2985228
-0.1921945,2.523059,0.02131471
-0.1921945,2.647853,0.0213147
-0.4472564,2.647853,-0.2985228
-0.1921945,2.523059,0.02131471
0.216893,2.523059,0.02131471
0.216893,2.647853,0.0213147
-0.1921945,2.647853,0.0213147
0.216893,2.523059,0.02131471
0.471955,2.523059,-0.2985228
0.471955,2.647853,-0.2985228
0.216893,2.647853,0.0213147
0.3809244,2.647853,-0.6973537
0.01234927,2.647853,-0.8748502
-0.3562259,2.647853,-0.6973537
0.471955,2.647853,-0.2985228
-0.4472564,2.647853,-0.2985228
0.216893,2.647853,0.0213147
-0.1921945,2.647853,0.0213147
0.471955,2.523059,-0.2985228
0.3809244,2.523059,-0.6973537
0.3809244,2.647853,-0.6973537
0.471955,2.647853,-0.2985228
0.3809244,2.523059,-0.6973537
0.01234927,2.523059,-0.8748502
0.01234927,2.647853,-0.8748502
0.3809244,2.647853,-0.6973537
-0.3562259,2.523059,-0.6973537
0.01234927,2.523059,-0.8748502
0.3809244,2.523059,-0.6973537
-0.4472564,2.523059,-0.2985228
0.471955,2.523059,-0.2985228
-0.1921945,2.523059,0.02131471
0.216893,2.523059,0.02131471
0.01234927,2.523059,-2.22762
-0.3562259,2.523059,-2.050123
-0.3562259,2.647852,-2.050123
0.01234927,2.647852,-2.22762
-0.3562259,2.523059,-2.050123
-0.4472564,2.523059,-1.651292
-0.4472564,2.647852,-1.651292
-0.3562259,2.647852,-2.050123
-0.4472564,2.523059,-1.651292
-0.1921945,2.523059,-1.331455
-0.1921945,2.647853,-1.331455
-0.4472564,2.647852,-1.651292
-0.1921945,2.523059,-1.331455
0.216893,2.523059,-1.331455
0.216893,2.647853,-1.331455
-0.1921945,2.647853,-1.331455
0.216893,2.523059,-1.331455
0.471955,2.523059,-1.651292
0.471955,2.647852,-1.651292
0.216893,2.647853,-1.331455
0.3809244,2.647852,-2.050123
0.01234927,2.647852,-2.22762
-0.3562259,2.647852,-2.050123
0.471955,2.647852,-1.651292
-0.4472564,2.647852,-1.651292
0.216893,2.647853,-1.331455
-0.1921945,2.647853,-1.331455
0.471955,2.523059,-1.651292
0.3809244,2.523059,-2.050123
0.3809244,2.647852,-2.050123
0.471955,2.647852,-1.651292
0.3809244,2.523059,-2.050123
0.01234927,2.523059,-2.22762
0.01234927,2.647852,-2.22762
0.3809244,2.647852,-2.050123
-0.3562259,2.523059,-2.050123
0.01234927,2.523059,-2.22762
0.3809244,2.523059,-2.050123
-0.4472564,2.523059,-1.651292
0.471955,2.523059,-1.651292
-0.1921945,2.523059,-1.331455
0.216893,2.523059,-1.331455
-1.294174,1.796779,-2.66719
-1.294174,1.796779,-2.764461
-1.294174,1.826398,-2.764461
-1.294174,1.826398,-2.634205
-1.294174,1.596851,-2.634205
-1.294174,1.727444,-2.66719
-1.294174,1.697825,-2.66719
-1.294174,1.727444,-2.761095
-1.294174,1.697825,-2.761095
-1.294174,1.62647,-2.66719
-1.294174,1.62647,-2.76749
-1.294174,1.596851,-2.76749
-1.294174,1.795096,-2.422371
-1.294174,1.824926,-2.549177
-1.294174,1.829427,-2.5127
-1.294174,1.810579,-2.59146
-1.294174,1.799135,-2.512364
-1.294174,1.793371,-2.55128
-1.294174,1.775238,-2.59146
-1.294174,1.774144,-2.446899
-1.294174,1.708259,-2.38682
-1.294174,1.711288,-2.420814
-1.294174,1.64839,-2.446563
-1.294174,1.632992,-2.416439
-1.294174,1.624114,-2.51371
-1.294174,1.593822,-2.510681
-1.294174,1.614017,-2.593816
-1.294174,1.599502,-2.557297
-1.294174,1.630762,-2.553763
-1.294174,1.650031,-2.593816
-1.294174,1.596851,-2.312099
-1.294174,1.826398,-2.345084
-1.294174,1.826398,-2.312099
-1.294174,1.596851,-2.345084
-1.294174,1.596851,-2.146502
-1.294174,1.826398,-2.179487
-1.294174,1.826398,-2.146502
-1.294174,1.626471,-2.179487
-1.294174,1.62647,-2.283154
-1.294174,1.596851,-2.283154
-1.294174,1.696142,-1.729481
-1.294174,1.696142,-1.763812
-1.294174,1.71478,-1.822461
-1.294174,1.725761,-1.766841
-1.294174,1.735185,-1.79625
-1.294174,1.760429,-1.841225
-1.294174,1.761775,-1.807231
-1.294174,1.785588,-1.798943
-1.294174,1.807045,-1.823513
-1.294174,1.796779,-1.768188
-1.294174,1.796779,-1.729481
-1.294174,1.826398,-1.768188
-1.294174,1.826398,-1.696496
-1.294174,1.596851,-1.696496
-1.294174,1.725761,-1.729481
-1.294174,1.596851,-1.729481
-1.315592,1.796779,-2.66719
-1.315592,1.826398,-2.764461
-1.315592,1.796779,-2.764461
-1.315592,1.826398,-2.634205
-1.315592,1.596851,-2.634205
-1.315592,1.727444,-2.66719
-1.315592,1.697825,-2.66719
-1.315592,1.727444,-2.761095
-1.315592,1.697825,-2.761095
-1.315592,1.62647,-2.66719
-1.315592,1.62647,-2.76749
-1.315592,1.596851,-2.76749
-1.315592,1.795096,-2.422371
-1.315592,1.829427,-2.5127
-1.315592,1.824926,-2.549177
-1.315592,1.810579,-2.59146
-1.315592,1.799135,-2.512364
-1.315592,1.793371,-2.55128
-1.315592,1.775238,-2.59146
-1.315592,1.774144,-2.446899
-1.315592,1.708259,-2.38682
-1.315592,1.711288,-2.420814
-1.315592,1.64839,-2.446563
-1.315592,1.632992,-2.416439
-1.315592,1.624114,-2.51371
-1.315592,1.593822,-2.510681
-1.315592,1.614017,-2.593816
-1.315592,1.599502,-2.557297
-1.315592,1.630762,-2.553763
-1.315592,1.650031,-2.593816
-1.315592,1.596851,-2.312099
-1.315592,1.826398,-2.312099
-1.315592,1.826398,-2.345084
-1.315592,1.596851,-2.345084
-1.315592,1.596851,-2.146502
-1.315592,1.826398,-2.146502
-1.315592,1.826398,-2.179487
-1.315592,1.626471,-2.179487
-1.315592,1.62647,-2.283154
-1.315592,1.596851,-2.283154
-1.315592,1.696142,-1.729481
-1.315592,1.71478,-1.822461
-1.315592,1.696142,-1.763812
-1.315592,1.725761,-1.766841
-1.315592,1.735185,-1.79625
-1.315592,1.760429,-1.841225
-1.315592,1.761775,-1.807231
-1.315592,1.785588,-1.798943
-1.315592,1.807045,-1.823513
-1.315592,1.796779,-1.768188
-1.315592,1.796779,-1.729481
-1.315592,1.826398,-1.768188
-1.315592,1.826398,-1.696496
-1.315592,1.596851,-1.696496
-1.315592,1.725761,-1.729481
-1.315592,1.596851,-1.729481
-1.294174,1.711625,-2.10645
-1.315592,1.711625,-2.10645
-1.315592,1.794507,-2.073086
-1.294174,1.794507,-2.073086
-1.294174,1.785588,-1.798943
-1.315592,1.785588,-1.798943
-1.315592,1.761775,-1.807231
-1.294174,1.761775,-1.807231
-1.294174,1.796779,-2.66719
-1.315592,1.796779,-2.66719
-1.315592,1.796779,-2.764461
-1.294174,1.796779,-2.764461
-1.294174,1.727444,-2.761095
-1.315592,1.727444,-2.761095
-1.315592,1.727444,-2.66719
-1.294174,1.727444,-2.66719
-1.294174,1.829427,-1.982925
-1.315592,1.829427,-1.982925
-1.315592,1.794381,-1.893437
-1.294174,1.794381,-1.893437
-1.294174,1.810579,-2.59146
-1.315592,1.810579,-2.59146
-1.315592,1.824926,-2.549177
-1.294174,1.824926,-2.549177
-1.294174,1.735185,-1.79625
-1.315592,1.735185,-1.79625
-1.315592,1.725761,-1.766841
-1.294174,1.725761,-1.766841
-1.294174,1.799135,-2.512364
-1.315592,1.799135,-2.512364
-1.315592,1.793371,-2.55128
-1.294174,1.793371,-2.55128
-1.294174,1.711625,-1.893732
-1.315592,1.711625,-1.893732
-1.315592,1.774313,-1.919143
-1.294174,1.774313,-1.919143
-1.294174,1.829427,-2.5127
-1.315592,1.829427,-2.5127
-1.315592,1.795096,-2.422371
-1.294174,1.795096,-2.422371
-1.294174,1.826398,-2.312099
-1.315592,1.826398,-2.312099
-1.315592,1.596851,-2.312099
-1.294174,1.596851,-2.312099
-1.294174,1.799135,-1.982925
-1.315592,1.799135,-1.982925
-1.315592,1.774313,-2.047001
-1.294174,1.774313,-2.047001
-1.294174,1.624114,-2.51371
-1.315592,1.624114,-2.51371
-1.315592,1.64839,-2.446563
-1.294174,1.64839,-2.446563
-1.294174,1.708259,-2.38682
-1.315592,1.708259,-2.38682
-1.315592,1.632992,-2.416439
-1.294174,1.632992,-2.416439
-1.294174,1.826398,-2.146502
-1.315592,1.826398,-2.146502
-1.315592,1.596851,-2.146502
-1.294174,1.596851,-2.146502
-1.294174,1.649063,-1.919143
-1.315592,1.649063,-1.919143
-1.315592,1.711625,-1.893732
-1.294174,1.711625,-1.893732
-1.294174,1.593822,-2.510681
-1.315592,1.593822,-2.510681
-1.315592,1.599502,-2.557297
-1.294174,1.599502,-2.557297
-1.294174,1.596851,-2.283154
-1.315592,1.596851,-2.283154
-1.315592,1.62647,-2.283154
-1.294174,1.62647,-2.283154
-1.294174,1.796779,-1.768188
-1.315592,1.796779,-1.768188
-1.315592,1.785588,-1.798943
-1.294174,1.785588,-1.798943
-1.294174,1.629373,-1.892848
-1.315592,1.629373,-1.892848
-1.315592,1.593822,-1.982252
-1.294174,1.593822,-1.982252
-1.294174,1.71478,-1.822461
-1.315592,1.71478,-1.822461
-1.315592,1.760429,-1.841225
-1.294174,1.760429,-1.841225
-1.294174,1.614017,-2.593816
-1.315592,1.614017,-2.593816
-1.315592,1.650031,-2.593816
-1.294174,1.650031,-2.593816
-1.294174,1.6295,-2.073507
-1.315592,1.6295,-2.073507
-1.315592,1.711625,-2.10645
-1.294174,1.711625,-2.10645
-1.294174,1.624114,-1.982925
-1.315592,1.624114,-1.982925
-1.315592,1.649063,-1.919143
-1.294174,1.649063,-1.919143
-1.294174,1.711625,-2.072455
-1.315592,1.711625,-2.072455
-1.315592,1.649063,-2.047001
-1.294174,1.649063,-2.047001
-1.294174,1.725761,-1.729481
-1.315592,1.725761,-1.729481
-1.315592,1.796779,-1.729481
-1.294174,1.796779,-1.729481
-1.294174,1.794507,-2.073086
-1.315592,1.794507,-2.073086
-1.315592,1.829427,-1.982925
-1.294174,1.829427,-1.982925
-1.294174,1.630762,-2.553763
-1.315592,1.630762,-2.553763
-1.315592,1.624114,-2.51371
-1.294174,1.624114,-2.51371
-1.294174,1.794381,-1.893437
-1.315592,1.794381,-1.893437
-1.315592,1.711625,-1.859737
-1.294174,1.711625,-1.859737
-1.294174,1.727444,-2.66719
-1.315592,1.727444,-2.66719
-1.315592,1.796779,-2.66719
-1.294174,1.796779,-2.66719
-1.294174,1.775238,-2.59146
-1.315592,1.775238,-2.59146
-1.315592,1.810579,-2.59146
-1.294174,1.810579,-2.59146
-1.294174,1.796779,-2.764461
-1.315592,1.796779,-2.764461
-1.315592,1.826398,-2.764461
-1.294174,1.826398,-2.764461
-1.294174,1.761775,-1.807231
-1.315592,1.761775,-1.807231
-1.315592,1.735185,-1.79625
-1.294174,1.735185,-1.79625
-1.294174,1.826398,-1.696496
-1.315592,1.826398,-1.696496
-1.315592,1.596851,-1.696496
-1.294174,1.596851,-1.696496
-1.294174,1.774313,-1.919143
-1.315592,1.774313,-1.919143
-1.315592,1.799135,-1.982925
-1.294174,1.799135,-1.982925
-1.294174,1.826398,-2.634205
-1.315592,1.826398,-2.634205
-1.315592,1.596851,-2.634205
-1.294174,1.596851,-2.634205
-1.294174,1.62647,-2.76749
-1.315592,1.62647,-2.76749
-1.315592,1.62647,-2.66719
-1.294174,1.62647,-2.66719
-1.294174,1.774144,-2.446899
-1.315592,1.774144,-2.446899
-1.315592,1.799135,-2.512364
-1.294174,1.799135,-2.512364
-1.294174,1.596851,-2.345084
-1.315592,1.596851,-2.345084
-1.315592,1.826398,-2.345084
-1.294174,1.826398,-2.345084
-1.294174,1.774313,-2.047001
-1.315592,1.774313,-2.047001
-1.315592,1.711625,-2.072455
-1.294174,1.711625,-2.072455
-1.294174,1.596851,-2.76749
-1.315592,1.596851,-2.76749
-1.315592,1.62647,-2.76749
-1.294174,1.62647,-2.76749
-1.294174,1.596851,-1.729481
-1.315592,1.596851,-1.729481
-1.315592,1.696142,-1.729481
-1.294174,1.696142,-1.729481
-1.294174,1.649063,-2.047001
-1.315592,1.649063,-2.047001
-1.315592,1.624114,-1.982925
-1.294174,1.624114,-1.982925
-1.294174,1.62647,-2.66719
-1.315592,1.62647,-2.66719
-1.315592,1.697825,-2.66719
-1.294174,1.697825,-2.66719
-1.294174,1.696142,-1.763812
-1.315592,1.696142,-1.763812
-1.315592,1.71478,-1.822461
-1.294174,1.71478,-1.822461
-1.294174,1.793371,-2.55128
-1.315592,1.793371,-2.55128
-1.315592,1.775238,-2.59146
-1.294174,1.775238,-2.59146
-1.294174,1.626471,-2.179487
-1.315592,1.626471,-2.179487
-1.315592,1.826398,-2.179487
-1.294174,1.826398,-2.179487
-1.294174,1.697825,-2.761095
-1.315592,1.697825,-2.761095
-1.315592,1.727444,-2.761095
-1.294174,1.727444,-2.761095
-1.294174,1.760429,-1.841225
-1.315592,1.760429,-1.841225
-1.315592,1.807045,-1.823513
-1.294174,1.807045,-1.823513
-1.294174,1.826398,-2.345084
-1.315592,1.826398,-2.345084
-1.315592,1.826398,-2.312099
-1.294174,1.826398,-2.312099
-1.294174,1.826398,-1.768188
-1.315592,1.826398,-1.768188
-1.315592,1.826398,-1.696496
-1.294174,1.826398,-1.696496
-1.294174,1.62647,-2.283154
-1.315592,1.62647,-2.283154
-1.315592,1.626471,-2.179487
-1.294174,1.626471,-2.179487
-1.294174,1.596851,-1.696496
-1.315592,1.596851,-1.696496
-1.315592,1.596851,-1.729481
-1.294174,1.596851,-1.729481
-1.294174,1.824926,-2.549177
-1.315592,1.824926,-2.549177
-1.315592,1.829427,-2.5127
-1.294174,1.829427,-2.5127
-1.294174,1.596851,-2.312099
-1.315592,1.596851,-2.312099
-1.315592,1.596851,-2.345084
-1.294174,1.596851,-2.345084
-1.294174,1.599502,-2.557297
-1.315592,1.599502,-2.557297
-1.315592,1.614017,-2.593816
-1.294174,1.614017,-2.593816
-1.294174,1.826398,-2.764461
-1.315592,1.826398,-2.764461
-1.315592,1.826398,-2.634205
-1.294174,1.826398,-2.634205
-1.294174,1.826398,-2.179487
-1.315592,1.826398,-2.179487
-1.315592,1.826398,-2.146502
-1.294174,1.826398,-2.146502
-1.294174,1.596851,-2.634205
-1.315592,1.596851,-2.634205
-1.315592,1.596851,-2.76749
-1.294174,1.596851,-2.76749
-1.294174,1.696142,-1.729481
-1.315592,1.696142,-1.729481
-1.315592,1.696142,-1.763812
-1.294174,1.696142,-1.763812
-1.294174,1.795096,-2.422371
-1.315592,1.795096,-2.422371
-1.315592,1.708259,-2.38682
-1.294174,1.708259,-2.38682
-1.294174,1.632992,-2.416439
-1.315592,1.632992,-2.416439
-1.315592,1.593822,-2.510681
-1.294174,1.593822,-2.510681
-1.294174,1.596851,-2.146502
-1.315592,1.596851,-2.146502
-1.315592,1.596851,-2.283154
-1.294174,1.596851,-2.283154
-1.294174,1.64839,-2.446563
-1.315592,1.64839,-2.446563
-1.315592,1.711288,-2.420814
-1.294174,1.711288,-2.420814
-1.294174,1.725761,-1.766841
-1.315592,1.725761,-1.766841
-1.315592,1.725761,-1.729481
-1.294174,1.725761,-1.729481
-1.294174,1.807045,-1.823513
-1.315592,1.807045,-1.823513
-1.315592,1.826398,-1.768188
-1.294174,1.826398,-1.768188
-1.294174,1.650031,-2.593816
-1.315592,1.650031,-2.593816
-1.315592,1.630762,-2.553763
-1.294174,1.630762,-2.553763
-1.294174,1.697825,-2.66719
-1.315592,1.697825,-2.66719
-1.315592,1.697825,-2.761095
-1.294174,1.697825,-2.761095
-1.294174,1.711288,-2.420814
-1.315592,1.711288,-2.420814
-1.315592,1.774144,-2.446899
-1.294174,1.774144,-2.446899
-1.294174,1.711625,-1.859737
-1.315592,1.711625,-1.859737
-1.315592,1.629373,-1.892848
-1.294174,1.629373,-1.892848
-1.294174,1.796779,-1.729481
-1.315592,1.796779,-1.729481
-1.315592,1.796779,-1.768188
-1.294174,1.796779,-1.768188
-1.294174,1.593822,-1.982252
-1.315592,1.593822,-1.982252
-1.315592,1.6295,-2.073507
-1.294174,1.6295,-2.073507
1.322222,1.796779,-1.770207
1.322222,1.796779,-1.672936
1.322222,1.826398,-1.672936
1.322222,1.826398,-1.803192
1.322222,1.596851,-1.803192
1.322222,1.727444,-1.770207
1.322222,1.697825,-1.770207
1.322222,1.727444,-1.676302
1.322222,1.697825,-1.676302
1.322222,1.626471,-1.770207
1.322222,1.626471,-1.669907
1.322222,1.596851,-1.669907
1.322222,1.795096,-2.015026
1.322222,1.824926,-1.88822
1.322222,1.829427,-1.924697
1.322222,1.810579,-1.845937
1.322222,1.799135,-1.925034
1.322222,1.793371,-1.886117
1.322222,1.775238,-1.845937
1.322222,1.774144,-1.990498
1.322222,1.708259,-2.050577
1.322222,1.711288,-2.016583
1.322222,1.64839,-1.990835
1.322222,1.632992,-2.020958
1.322222,1.624114,-1.923687
1.322222,1.593822,-1.926716
1.322222,1.614017,-1.843581
1.322222,1.599502,-1.8801
1.322222,1.630762,-1.883634
1.322222,1.650031,-1.843581
1.322222,1.596851,-2.125298
1.322222,1.826398,-2.092313
1.322222,1.826398,-2.125298
1.322222,1.596851,-2.092313
1.322222,1.596851,-2.290895
1.322222,1.826398,-2.25791
1.322222,1.826398,-2.290895
1.322222,1.62647,-2.25791
1.322222,1.626471,-2.154244
1.322222,1.596851,-2.154244
1.322222,1.696142,-2.707916
1.322222,1.696142,-2.673585
1.322222,1.71478,-2.614936
1.322222,1.725761,-2.670556
1.322222,1.735185,-2.641147
1.322222,1.760429,-2.596172
1.322222,1.761775,-2.630166
1.322222,1.785588,-2.638454
1.322222,1.807045,-2.613884
1.322222,1.796779,-2.669209
1.322222,1.796779,-2.707916
1.322222,1.826398,-2.669209
1.322222,1.826398,-2.740901
1.322222,1.596851,-2.740901
1.322222,1.725761,-2.707916
1.322222,1.596851,-2.707916
1.343639,1.796779,-1.770207
1.343639,1.826398,-1.672936
1.343639,1.796779,-1.672936
1.343639,1.826398,-1.803192
1.343639,1.596851,-1.803192
1.343639,1.727444,-1.770207
1.343639,1.697825,-1.770207
1.343639,1.727444,-1.676302
1.343639,1.697825,-1.676302
1.343639,1.626471,-1.770207
1.343639,1.626471,-1.669907
1.343639,1.596851,-1.669907
1.343639,1.795096,-2.015026
1.343639,1.829427,-1.924697
1.343639,1.824926,-1.88822
1.343639,1.810579,-1.845937
1.343639,1.799135,-1.925034
1.343639,1.793371,-1.886117
1.343639,1.775238,-1.845937
1.343639,1.774144,-1.990498
1.343639,1.708259,-2.050577
1.343639,1.711288,-2.016583
1.343639,1.64839,-1.990835
1.343639,1.632992,-2.020958
1.343639,1.624114,-1.923687
1.343639,1.593822,-1.926716
1.343639,1.614017,-1.843581
1.343639,1.599502,-1.8801
1.343639,1.630762,-1.883634
1.343639,1.650031,-1.843581
1.343639,1.596851,-2.125298
1.343639,1.826398,-2.125298
1.343639,1.826398,-2.092313
1.343639,1.596851,-2.092313
1.343639,1.596851,-2.290895
1.343639,1.826398,-2.290895
1.343639,1.826398,-2.25791
1.343639,1.62647,-2.25791
1.343639,1.626471,-2.154244
1.343639,1.596851,-2.154244
1.343639,1.696142,-2.707916
1.343639,1.71478,-2.614936
1.343639,1.696142,-2.673585
1.343639,1.725761,-2.670556
1.343639,1.735185,-2.641147
1.343639,1.760429,-2.596172
1.343639,1.761775,-2.630166
1.343639,1.785588,-2.638454
1.343639,1.807045,-2.613884
1.343639,1.796779,-2.669209
1.343639,1.796779,-2.707916
1.343639,1.826398,-2.669209
1.343639,1.826398,-2.740901
1.343639,1.596851,-2.740901
1.343639,1.725761,-2.707916
1.343639,1.596851,-2.707916
1.322222,1.711625,-2.330948
1.343639,1.711625,-2.330948
1.343639,1.794507,-2.364311
1.322222,1.794507,-2.364311
1.322222,1.785588,-2.638454
1.343639,1.785588,-2.638454
1.343639,1.761775,-2.630166
1.322222,1.761775,-2.630166
1.322222,1.796779,-1.770207
1.343639,1.796779,-1.770207
1.343639,1.796779,-1.672936
1.322222,1.796779,-1.672936
1.322222,1.727444,-1.676302
1.343639,1.727444,-1.676302
1.343639,1.727444,-1.770207
1.322222,1.727444,-1.770207
1.322222,1.829427,-2.454472
1.343639,1.829427,-2.454472
1.343639,1.794381,-2.54396
1.322222,1.794381,-2.54396
1.322222,1.810579,-1.845937
1.343639,1.810579,-1.845937
1.343639,1.824926,-1.88822
1.322222,1.824926,-1.88822
1.322222,1.735185,-2.641147
1.343639,1.735185,-2.641147
1.343639,1.725761,-2.670556
1.322222,1.725761,-2.670556
1.322222,1.799135,-1.925034
1.343639,1.799135,-1.925034
1.343639,1.793371,-1.886117
1.322222,1.793371,-1.886117
1.322222,1.711625,-2.543665
1.343639,1.711625,-2.543665
1.343639,1.774313,-2.518254
1.322222,1.774313,-2.518254
1.322222,1.829427,-1.924697
1.343639,1.829427,-1.924697
1.343639,1.795096,-2.015026
1.322222,1.795096,-2.015026
1.322222,1.826398,-2.125298
1.343639,1.826398,-2.125298
1.343639,1.596851,-2.125298
1.322222,1.596851,-2.125298
1.322222,1.799135,-2.454472
1.343639,1.799135,-2.454472
1.343639,1.774313,-2.390396
1.322222,1.774313,-2.390396
1.322222,1.624114,-1.923687
1.343639,1.624114,-1.923687
1.343639,1.64839,-1.990835
1.322222,1.64839,-1.990835
1.322222,1.708259,-2.050577
1.343639,1.708259,-2.050577
1.343639,1.632992,-2.020958
1.322222,1.632992,-2.020958
1.322222,1.826398,-2.290895
1.343639,1.826398,-2.290895
1.343639,1.596851,-2.290895
1.322222,1.596851,-2.290895
1.322222,1.649063,-2.518254
1.343639,1.649063,-2.518254
1.343639,1.711625,-2.543665
1.322222,1.711625,-2.543665
1.322222,1.593822,-1.926716
1.343639,1.593822,-1.926716
1.343639,1.599502,-1.8801
1.322222,1.599502,-1.8801
1.322222,1.596851,-2.154244
1.343639,1.596851,-2.154244
1.343639,1.626471,-2.154244
1.322222,1.626471,-2.154244
1.322222,1.796779,-2.669209
1.343639,1.796779,-2.669209
1.343639,1.785588,-2.638454
1.322222,1.785588,-2.638454
1.322222,1.629373,-2.544549
1.343639,1.629373,-2.544549
1.343639,1.593822,-2.455145
1.322222,1.593822,-2.455145
1.322222,1.71478,-2.614936
1.343639,1.71478,-2.614936
1.343639,1.760429,-2.596172
1.322222,1.760429,-2.596172
1.322222,1.614017,-1.843581
1.343639,1.614017,-1.843581
1.343639,1.650031,-1.843581
1.322222,1.650031,-1.843581
1.322222,1.6295,-2.36389
1.343639,1.6295,-2.36389
1.343639,1.711625,-2.330948
1.322222,1.711625,-2.330948
1.322222,1.624114,-2.454472
1.343639,1.624114,-2.454472
1.343639,1.649063,-2.518254
1.322222,1.649063,-2.518254
1.322222,1.711625,-2.364942
1.343639,1.711625,-2.364942
1.343639,1.649063,-2.390396
1.322222,1.649063,-2.390396
1.322222,1.725761,-2.707916
1.343639,1.725761,-2.707916
1.343639,1.796779,-2.707916
1.322222,1.796779,-2.707916
1.322222,1.794507,-2.364311
1.343639,1.794507,-2.364311
1.343639,1.829427,-2.454472
1.322222,1.829427,-2.454472
1.322222,1.630762,-1.883634
1.343639,1.630762,-1.883634
1.343639,1.624114,-1.923687
1.322222,1.624114,-1.923687
1.322222,1.794381,-2.54396
1.343639,1.794381,-2.54396
1.343639,1.711625,-2.57766
1.322222,1.711625,-2.57766
1.322222,1.727444,-1.770207
1.343639,1.727444,-1.770207
1.343639,1.796779,-1.770207
1.322222,1.796779,-1.770207
1.322222,1.775238,-1.845937
1.343639,1.775238,-1.845937
1.343639,1.810579,-1.845937
1.322222,1.810579,-1.845937
1.322222,1.796779,-1.672936
1.343639,1.796779,-1.672936
1.343639,1.826398,-1.672936
1.322222,1.826398,-1.672936
1.322222,1.761775,-2.630166
1.343639,1.761775,-2.630166
1.343639,1.735185,-2.641147
1.322222,1.735185,-2.641147
1.322222,1.826398,-2.740901
1.343639,1.826398,-2.740901
1.343639,1.596851,-2.740901
1.322222,1.596851,-2.740901
1.322222,1.774313,-2.518254
1.343639,1.774313,-2.518254
1.343639,1.799135,-2.454472
1.322222,1.799135,-2.454472
1.322222,1.826398,-1.803192
1.343639,1.826398,-1.803192
1.343639,1.596851,-1.803192
1.322222,1.596851,-1.803192
1.322222,1.626471,-1.669907
1.343639,1.626471,-1.669907
1.343639,1.626471,-1.770207
1.322222,1.626471,-1.770207
1.322222,1.774144,-1.990498
1.343639,1.774144,-1.990498
1.343639,1.799135,-1.925034
1.322222,1.799135,-1.925034
1.322222,1.596851,-2.092313
1.343639,1.596851,-2.092313
1.343639,1.826398,-2.092313
1.322222,1.826398,-2.092313
1.322222,1.774313,-2.390396
1.343639,1.774313,-2.390396
1.343639,1.711625,-2.364942
1.322222,1.711625,-2.364942
1.322222,1.596851,-1.669907
1.343639,1.596851,-1.669907
1.343639,1.626471,-1.669907
1.322222,1.626471,-1.669907
1.322222,1.596851,-2.707916
1.343639,1.596851,-2.707916
1.343639,1.696142,-2.707916
1.322222,1.696142,-2.707916
1.322222,1.649063,-2.390396
1.343639,1.649063,-2.390396
1.343639,1.624114,-2.454472
1.322222,1.624114,-2.454472
1.322222,1.626471,-1.770207
1.343639,1.626471,-1.770207
1.343639,1.697825,-1.770207
1.322222,1.697825,-1.770207
1.322222,1.696142,-2.673585
1.343639,1.696142,-2.673585
1.343639,1.71478,-2.614936
1.322222,1.71478,-2.614936
1.322222,1.793371,-1.886117
1.343639,1.793371,-1.886117
1.343639,1.775238,-1.845937
1.322222,1.775238,-1.845937
1.322222,1.62647,-2.25791
1.343639,1.62647,-2.25791
1.343639,1.826398,-2.25791
1.322222,1.826398,-2.25791
1.322222,1.697825,-1.676302
1.343639,1.697825,-1.676302
1.343639,1.727444,-1.676302
1.322222,1.727444,-1.676302
1.322222,1.760429,-2.596172
1.343639,1.760429,-2.596172
1.343639,1.807045,-2.613884
1.322222,1.807045,-2.613884
1.322222,1.826398,-2.092313
1.343639,1.826398,-2.092313
1.343639,1.826398,-2.125298
1.322222,1.826398,-2.125298
1.322222,1.826398,-2.669209
1.343639,1.826398,-2.669209
1.343639,1.826398,-2.740901
1.322222,1.826398,-2.740901
1.322222,1.626471,-2.154244
1.343639,1.626471,-2.154244
1.343639,1.62647,-2.25791
1.322222,1.62647,-2.25791
1.322222,1.596851,-2.740901
1.343639,1.596851,-2.740901
1.343639,1.596851,-2.707916
1.322222,1.596851,-2.707916
1.322222,1.824926,-1.88822
1.343639,1.824926,-1.88822
1.343639,1.829427,-1.924697
1.322222,1.829427,-1.924697
1.322222,1.596851,-2.125298
1.343639,1.596851,-2.125298
1.343639,1.596851,-2.092313
1.322222,1.596851,-2.092313
1.322222,1.599502,-1.8801
1.343639,1.599502,-1.8801
1.343639,1.614017,-1.843581
1.322222,1.614017,-1.843581
1.322222,1.826398,-1.672936
1.343639,1.826398,-1.672936
1.343639,1.826398,-1.803192
1.322222,1.826398,-1.803192
1.322222,1.826398,-2.25791
1.343639,1.826398,-2.25791
1.343639,1.826398,-2.290895
1.322222,1.826398,-2.290895
1.322222,1.596851,-1.803192
1.343639,1.596851,-1.803192
1.343639,1.596851,-1.669907
1.322222,1.596851,-1.669907
1.322222,1.696142,-2.707916
1.343639,1.696142,-2.707916
1.343639,1.696142,-2.673585
1.322222,1.696142,-2.673585
1.322222,1.795096,-2.015026
1.343639,1.795096,-2.015026
1.343639,1.708259,-2.050577
1.322222,1.708259,-2.050577
1.322222,1.632992,-2.020958
1.343639,1.632992,-2.020958
1.343639,1.593822,-1.926716
1.322222,1.593822,-1.926716
1.322222,1.596851,-2.290895
1.343639,1.596851,-2.290895
1.343639,1.596851,-2.154244
1.322222,1.596851,-2.154244
1.322222,1.64839,-1.990835
1.343639,1.64839,-1.990835
1.343639,1.711288,-2.016583
1.322222,1.711288,-2.016583
1.322222,1.725761,-2.670556
1.343639,1.725761,-2.670556
1.343639,1.725761,-2.707916
1.322222,1.725761,-2.707916
1.322222,1.807045,-2.613884
1.343639,1.807045,-2.613884
1.343639,1.826398,-2.669209
1.322222,1.826398,-2.669209
1.322222,1.650031,-1.843581
1.343639,1.650031,-1.843581
1.343639,1.630762,-1.883634
1.322222,1.630762,-1.883634
1.322222,1.697825,-1.770207
1.343639,1.697825,-1.770207
1.343639,1.697825,-1.676302
1.322222,1.697825,-1.676302
1.322222,1.711288,-2.016583
1.343639,1.711288,-2.016583
1.343639,1.774144,-1.990498
1.322222,1.774144,-1.990498
1.322222,1.711625,-2.57766
1.343639,1.711625,-2.57766
1.343639,1.629373,-2.544549
1.322222,1.629373,-2.544549
1.322222,1.796779,-2.707916
1.343639,1.796779,-2.707916
1.343639,1.796779,-2.669209
1.322222,1.796779,-2.669209
1.322222,1.593822,-2.455145
1.343639,1.593822,-2.455145
1.343639,1.6295,-2.36389
1.322222,1.6295,-2.36389
-1.29413,1.169466,0.628015
-1.29413,1.045664,0.6668445
-1.29413,1.12085,0.5611006
-1.29413,1.169466,0.4941863
-1.29413,1.045664,0.4553567
-1.29413,1.246801,0.7321978
-1.29413,1.2468,0.3900034
-1.29413,1.248128,0.5197452
-1.29413,1.248128,0.602456
-1.29413,1.37111,0.5611006
-1.316899,1.169466,0.4941863
-1.316899,1.045664,0.4553567
-1.316899,1.12085,0.5611006
-1.316899,1.169466,0.628015
-1.316899,1.045664,0.6668445
-1.316899,1.2468,0.3900034
-1.316899,1.246801,0.7321978
-1.316899,1.248128,0.5197452
-1.316899,1.248128,0.602456
-1.316899,1.37111,0.5611006
-1.29413,1.045664,0.4553567
-1.316899,1.045664,0.4553567
-1.316899,1.169466,0.4941863
-1.29413,1.169466,0.4941863
-1.29413,1.169466,0.628015
-1.316899,1.169466,0.628015
-1.316899,1.045664,0.6668445
-1.29413,1.045664,0.6668445
-1.29413,1.37111,0.5611006
-1.316899,1.37111,0.5611006
-1.316899,1.248128,0.602456
-1.29413,1.248128,0.602456
-1.29413,1.169466,0.4941863
-1.316899,1.169466,0.4941863
-1.316899,1.2468,0.3900034
-1.29413,1.2468,0.3900034
-1.29413,1.045664,0.6668445
-1.316899,1.045664,0.6668445
-1.316899,1.12085,0.5611006
-1.29413,1.12085,0.5611006
-1.29413,1.248128,0.602456
-1.316899,1.248128,0.602456
-1.316899,1.246801,0.7321978
-1.29413,1.246801,0.7321978
-1.29413,1.2468,0.3900034
-1.316899,1.2468,0.3900034
-1.316899,1.248128,0.5197452
-1.29413,1.248128,0.5197452
-1.29413,1.12085,0.5611006
-1.316899,1.12085,0.5611006
-1.316899,1.045664,0.4553567
-1.29413,1.045664,0.4553567
-1.29413,1.246801,0.7321978
-1.316899,1.246801,0.7321978
-1.316899,1.169466,0.628015
-1.29413,1.169466,0.628015
-1.29413,1.248128,0.5197452
-1.316899,1.248128,0.5197452
-1.316899,1.37111,0.5611006
-1.29413,1.37111,0.5611006
1.294122,1.169466,0.4941863
1.294122,1.045664,0.4553568
1.294122,1.12085,0.5611007
1.294122,1.169466,0.628015
1.294122,1.045664,0.6668445
1.294122,1.246801,0.3900034
1.294122,1.246801,0.7321979
1.294122,1.248129,0.5197453
1.294122,1.248129,0.602456
1.294122,1.37111,0.5611007
1.316892,1.169466,0.628015
1.316892,1.045664,0.6668445
1.316892,1.12085,0.5611007
1.316892,1.169466,0.4941863
1.316892,1.045664,0.4553568
1.316892,1.246801,0.7321979
1.316892,1.246801,0.3900034
1.316892,1.248129,0.5197453
1.316892,1.248129,0.602456
1.316892,1.37111,0.5611007
1.294122,1.045664,0.4553568
1.294122,1.169466,0.4941863
1.316892,1.169466,0.4941863
1.316892,1.045664,0.4553568
1.294122,1.169466,0.628015
1.294122,1.045664,0.6668445
1.316892,1.045664,0.6668445
1.316892,1.169466,0.628015
1.294122,1.37111,0.5611007
1.294122,1.248129,0.602456
1.316892,1.248129,0.602456
1.316892,1.37111,0.5611007
1.294122,1.169466,0.4941863
1.294122,1.246801,0.3900034
1.316892,1.246801,0.3900034
1.316892,1.169466,0.4941863
1.294122,1.045664,0.6668445
1.294122,1.12085,0.5611007
1.316892,1.12085,0.5611007
1.316892,1.045664,0.6668445
1.294122,1.248129,0.602456
1.294122,1.246801,0.7321979
1.316892,1.246801,0.7321979
1.316892,1.248129,0.602456
1.294122,1.246801,0.3900034
1.294122,1.248129,0.5197453
1.316892,1.248129,0.5197453
1.316892,1.246801,0.3900034
1.294122,1.12085,0.5611007
1.294122,1.045664,0.4553568
1.316892,1.045664,0.4553568
1.316892,1.12085,0.5611007
1.294122,1.246801,0.7321979
1.294122,1.169466,0.628015
1.316892,1.169466,0.628015
1.316892,1.246801,0.7321979
1.294122,1.248129,0.5197453
1.294122,1.37111,0.5611007
1.316892,1.37111,0.5611007
1.316892,1.248129,0.5197453
-3.814697E-06,0.6267443,-3.083928
-3.814697E-06,0.7900072,-3.083928
0.6126518,0.7900071,-3.083928
-0.6126595,0.7900071,-3.083928
0.6109852,0.6267443,-3.083928
-0.6109928,0.6267443,-3.083928
0.7314757,0.6318108,-3.083928
0.8878804,0.6267443,-3.083928
0.7921375,0.6384417,-3.083928
0.6756254,0.656399,-3.083928
0.6395518,0.7056182,-3.083928
0.8413566,0.6745155,-3.083928
0.6109852,0.8699015,-3.083928
0.6329207,0.7662802,-3.083928
0.6575088,0.8221304,-3.083928
0.7067281,0.858204,-3.083928
0.76739,0.864835,-3.083928
0.8878804,0.8699015,-3.083928
0.8232403,0.8402468,-3.083928
0.8593139,0.7910275,-3.083928
0.865945,0.7303658,-3.083928
0.8919569,0.7355546,-3.083928
0.9114029,0.6885178,-3.083928
0.9517621,0.6575057,-3.083928
1.091023,0.6267443,-3.083928
1.00222,0.6508281,-3.083928
1.049257,0.670274,-3.083928
0.8986347,0.7860128,-3.083928
0.9296468,0.8263719,-3.083928
0.9766836,0.8458179,-3.083928
1.091023,0.8699015,-3.083928
1.027142,0.8391401,-3.083928
1.067501,0.808128,-3.083928
1.080269,0.7106332,-3.083928
1.086947,0.7610912,-3.083928
1.0951,0.7355546,-3.083928
1.114546,0.6885178,-3.083928
1.154905,0.6575057,-3.083928
1.101778,0.7860128,-3.083928
1.13279,0.8263719,-3.083928
1.179827,0.8458179,-3.083928
1.294166,0.6267443,-3.083928
1.294166,0.8699015,-3.083928
1.205363,0.6508281,-3.083928
1.230285,0.8391401,-3.083928
1.270644,0.808128,-3.083928
1.29009,0.7610912,-3.083928
1.2524,0.670274,-3.083928
1.283412,0.7106332,-3.083928
-0.2798333,2.26499,-2.93731
-3.814697E-06,2.286524,-2.93731
-3.814697E-06,2.26499,-2.93731
0.2798256,2.26499,-2.93731
-0.2887717,2.286524,-2.93731
0.2887641,2.286524,-2.93731
-0.3954855,2.14899,-2.93731
0.3954779,2.14899,-2.93731
-0.4170445,2.157865,-2.93731
0.4170368,2.157865,-2.93731
-0.3924382,1.079983,-2.93731
0.3924306,1.079983,-2.93731
-0.4139461,1.070961,-2.93731
0.4139385,1.070961,-2.93731
-0.2650876,0.9541812,-2.93731
0.2650799,0.9541812,-2.93731
-0.27393,0.9326476,-2.93731
0.2739224,0.9326476,-2.93731
-3.814697E-06,0.9541812,-2.93731
-3.814697E-06,0.9326476,-2.93731
-0.2734923,0.9326476,-2.966455
-3.814697E-06,0.9326476,-2.966455
-3.814697E-06,0.8664992,-2.966455
0.2734847,0.9326476,-2.966455
-0.3435404,0.8664992,-2.966455
0.3435328,0.8664992,-2.966455
0.4139396,1.071347,-2.966455
0.4835714,1.005563,-2.966455
-0.4139473,1.071347,-2.966455
-0.483579,1.005563,-2.966455
-0.483579,2.224013,-2.966455
-0.4170445,2.157865,-2.966455
-0.3549201,2.352672,-2.966455
-0.2887717,2.286524,-2.966455
0.4170368,2.157865,-2.966455
0.4835714,2.224013,-2.966455
0.3549124,2.352672,-2.966455
0.2887641,2.286524,-2.966455
-3.814697E-06,2.352672,-2.966455
-3.814697E-06,2.286524,-2.966455
-1.002228,0.6508281,-3.083928
-0.9517698,0.6575057,-3.083928
-0.887888,0.6267443,-3.083928
-0.9114106,0.6885178,-3.083928
-0.8919646,0.7355546,-3.083928
-1.091031,0.6267443,-3.083928
-1.049265,0.670274,-3.083928
-1.080277,0.7106332,-3.083928
-1.086955,0.7610912,-3.083928
-1.091031,0.8699015,-3.083928
-1.067509,0.808128,-3.083928
-1.027149,0.8391401,-3.083928
-0.887888,0.8699015,-3.083928
-0.8986424,0.7860128,-3.083928
-0.9766912,0.8458179,-3.083928
-0.9296544,0.8263719,-3.083928
-1.095108,0.7355546,-3.083928
-1.101785,0.7860128,-3.083928
-1.114554,0.6885178,-3.083928
-1.154913,0.6575057,-3.083928
-1.205371,0.6508281,-3.083928
-1.132797,0.8263719,-3.083928
-1.179834,0.8458179,-3.083928
-1.230292,0.8391401,-3.083928
-1.294174,0.6267443,-3.083928
-1.294174,0.8699015,-3.083928
-1.270651,0.808128,-3.083928
-1.290097,0.7610912,-3.083928
-1.252408,0.670274,-3.083928
-1.28342,0.7106332,-3.083928
1.343639,1.629373,-2.544549
1.343639,1.711625,-2.543665
1.343639,1.649063,-2.518254
1.343639,1.624114,-2.454472
1.343639,1.711625,-2.57766
1.343639,1.593822,-2.455145
1.343639,1.774313,-2.518254
1.343639,1.6295,-2.36389
1.343639,1.794381,-2.54396
1.343639,1.649063,-2.390396
1.343639,1.799135,-2.454472
1.343639,1.829427,-2.454472
1.343639,1.794507,-2.364311
1.343639,1.774313,-2.390396
1.343639,1.711625,-2.330948
1.343639,1.711625,-2.364942
1.322222,1.629373,-2.544549
1.322222,1.649063,-2.518254
1.322222,1.711625,-2.543665
1.322222,1.624114,-2.454472
1.322222,1.711625,-2.57766
1.322222,1.593822,-2.455145
1.322222,1.774313,-2.518254
1.322222,1.6295,-2.36389
1.322222,1.794381,-2.54396
1.322222,1.649063,-2.390396
1.322222,1.799135,-2.454472
1.322222,1.829427,-2.454472
1.322222,1.794507,-2.364311
1.322222,1.774313,-2.390396
1.322222,1.711625,-2.330948
1.322222,1.711625,-2.364942
-1.315592,1.629373,-1.892848
-1.315592,1.711625,-1.893732
-1.315592,1.649063,-1.919143
-1.315592,1.624114,-1.982925
-1.315592,1.711625,-1.859737
-1.315592,1.593822,-1.982252
-1.315592,1.774313,-1.919143
-1.315592,1.6295,-2.073507
-1.315592,1.794381,-1.893437
-1.315592,1.649063,-2.047001
-1.315592,1.799135,-1.982925
-1.315592,1.829427,-1.982925
-1.315592,1.794507,-2.073086
-1.315592,1.774313,-2.047001
-1.315592,1.711625,-2.10645
-1.315592,1.711625,-2.072455
-1.294174,1.629373,-1.892848
-1.294174,1.649063,-1.919143
-1.294174,1.711625,-1.893732
-1.294174,1.624114,-1.982925
-1.294174,1.711625,-1.859737
-1.294174,1.593822,-1.982252
-1.294174,1.774313,-1.919143
-1.294174,1.6295,-2.073507
-1.294174,1.794381,-1.893437
-1.294174,1.649063,-2.047001
-1.294174,1.799135,-1.982925
-1.294174,1.829427,-1.982925
-1.294174,1.794507,-2.073086
-1.294174,1.774313,-2.047001
-1.294174,1.711625,-2.10645
-1.294174,1.711625,-2.072455
-0.8232479,0.8402468,-3.083928
-0.8593215,0.7910275,-3.083928
-0.7673976,0.864835,-3.083928
-0.8659526,0.7303658,-3.083928
-0.6109928,0.8699015,-3.083928
-0.7067357,0.858204,-3.083928
-0.6575164,0.8221304,-3.083928
-0.6329283,0.7662802,-3.083928
-0.8413643,0.6745155,-3.083928
-0.7921451,0.6384417,-3.083928
-0.7314833,0.6318108,-3.083928
-0.6395594,0.7056182,-3.083928
-0.675633,0.656399,-3.083928
1.143108,1.461522,-2.934582
1.163747,1.90685,-2.934582
1.164573,1.440095,-2.934582
1.142358,1.885736,-2.934582
0.7972801,1.461522,-2.934582
0.7801727,1.912513,-2.934582
0.775647,1.440095,-2.934582
0.8013924,1.89077,-2.934582
0.8163408,2.584638,-2.894186
0.8281887,2.572786,-2.894186
0.6376617,2.572786,-2.894186
0.6494961,2.584638,-2.894186
0.816354,2.674716,-2.894186
0.6376617,2.686503,-2.894186
0.8281887,2.686612,-2.894186
0.64951,2.674716,-2.894186
0.6495349,2.584638,0.7976164
0.637687,2.572787,0.7976164
0.828214,2.572787,0.7976164
0.8163797,2.584638,0.7976164
0.6495216,2.674716,0.7976164
0.828214,2.686503,0.7976164
0.637687,2.686612,0.7976164
0.8163657,2.674716,0.7976164
1.294166,2.073058,-2.316784
1.294166,2.339157,-2.296078
1.294166,2.052351,-2.296078
1.294166,2.318467,-2.316784
1.294166,2.073058,-2.563914
1.294166,2.339393,-2.584621
1.294166,2.052351,-2.584621
1.294166,2.318669,-2.563914
1.294166,2.318363,-2.092387
1.294166,2.052308,-2.113093
1.294166,2.339087,-2.113093
1.294166,2.073015,-2.092387
1.294166,2.318161,-1.845257
1.294166,2.052308,-1.824551
1.294166,2.338851,-1.824551
1.294166,2.073015,-1.845257
1.078379,0.8541923,3.144925
1.078379,0.7390608,3.144925
1.091734,0.7536902,3.138952
1.091734,0.8395627,3.138952
1.260109,0.7536902,3.063646
1.273463,0.8541923,3.057673
1.273463,0.7390608,3.057673
1.260109,0.8395627,3.063646
0.6270179,0.8541923,3.246046
0.6270179,0.7390608,3.246046
0.6413832,0.7536902,3.243279
0.6413832,0.8395627,3.243279
0.9485794,0.7536902,3.184092
0.9629447,0.8541923,3.181324
0.9629447,0.7390608,3.181324
0.9485794,0.8395627,3.184092
1.022766,0.9151139,3.169799
1.022766,0.678139,3.169799
1.078379,0.7390608,3.144925
1.078379,0.8541923,3.144925
1.273463,0.7390608,3.057673
1.329076,0.9151139,3.032799
1.329076,0.678139,3.032799
1.273463,0.8541923,3.057673
0.5671962,0.9151139,3.257572
0.5671962,0.678139,3.257572
0.6270179,0.7390608,3.246046
0.6270179,0.8541923,3.246046
0.9629447,0.7390608,3.181324
1.022766,0.9151139,3.169799
1.022766,0.678139,3.169799
0.9629447,0.8541923,3.181324
1.334406,1.641109,-0.8081996
1.334406,2.261465,-0.7882521
1.334406,1.621161,-0.788252
1.334406,2.241518,-0.8081997
1.334406,1.641109,-1.205443
1.334406,2.261465,-1.225391
1.334406,1.621161,-1.22539
1.334406,2.241518,-1.205443
1.334406,2.241518,-0.7179155
1.334406,1.621162,-0.7378629
1.334406,2.261465,-0.7378631
1.334406,1.641109,-0.7179153
1.334406,2.241518,-0.3206722
1.334406,1.621162,-0.3007245
1.334406,2.261465,-0.3007246
1.334406,1.641109,-0.3206721
1.334406,2.241518,0.1001997
1.334406,1.621162,0.08025219
1.334406,2.261465,0.08025204
1.334406,1.641109,0.1001998
1.334406,2.241518,0.4403487
1.334406,1.621162,0.4602965
1.334406,2.261465,0.4602963
1.334406,1.641109,0.4403489
1.334406,1.641109,0.9849707
1.334406,1.83672,1.004918
1.334406,1.621162,1.004918
1.334406,1.831494,0.9849705
1.334406,1.641109,0.530633
1.334406,2.261465,0.7966636
1.334406,1.621162,0.5106855
1.334406,2.241518,0.7849986
1.334406,2.241518,0.5306329
1.334406,2.261465,0.5106854
1.512512,1.857538,1.224637
1.517925,1.870541,1.226374
1.567042,1.821559,1.222728
1.55388,1.816124,1.221582
1.403556,1.857538,1.224637
1.567042,1.598797,1.206144
1.398142,1.870541,1.226374
1.55388,1.604343,1.205816
1.362187,1.816124,1.221582
1.517925,1.549816,1.202497
1.349025,1.821559,1.222728
1.512511,1.562933,1.202704
1.362187,1.604343,1.205816
1.398142,1.549816,1.202497
1.349025,1.598797,1.206144
1.403556,1.562933,1.202704
1.334406,1.595967,-1.250585
1.334406,2.286659,-1.250585
1.334406,2.261465,-1.225391
1.334406,1.621161,-1.22539
1.334406,2.261465,-0.7882521
1.334406,1.595967,-0.7630574
1.334406,2.286659,-0.7630576
1.334406,1.621161,-0.788252
1.334406,2.261465,-0.7378631
1.334406,1.621162,-0.7378629
1.334406,2.261465,-0.3007246
1.334406,1.595967,-0.2755299
1.334406,2.286659,-0.2755301
1.334406,1.621162,-0.3007245
1.334406,1.595967,0.05505765
1.334406,2.286659,0.05505751
1.334406,2.261465,0.08025204
1.334406,1.621162,0.08025219
1.334406,2.261465,0.4602963
1.334406,1.595967,0.485491
1.334406,2.286659,0.4854909
1.334406,1.621162,0.4602965
1.334406,2.261465,0.5106854
1.334406,1.621162,0.5106855
1.334406,2.261465,0.7966636
1.334406,1.595967,1.030113
1.334406,2.286659,0.8113969
1.334406,1.621162,1.004918
1.334406,1.83672,1.004918
1.334406,1.843321,1.030113
1.33789,1.147584,-1.280623
1.33789,0.7758882,-1.066167
1.33789,0.724292,-1.095966
1.33789,1.133766,-1.332219
1.33789,0.7242924,-0.3374017
1.33789,2.32335,-1.280624
1.33789,0.7758884,-0.360095
1.33789,2.374946,-1.33222
1.33789,0.8993071,-0.1769304
1.33789,2.32335,-0.2285268
1.33789,0.9193809,-0.2285264
1.33789,2.374946,-0.1769308
-1.143116,1.461522,-2.934582
-1.164581,1.440095,-2.934582
-1.163755,1.90685,-2.934582
-1.142365,1.885736,-2.934582
-0.7972878,1.461522,-2.934582
-0.7801803,1.912513,-2.934582
-0.7756546,1.440095,-2.934582
-0.8014,1.89077,-2.934582
-0.8163484,2.584638,-2.894186
-0.6376693,2.572786,-2.894186
-0.8281963,2.572786,-2.894186
-0.6495037,2.584638,-2.894186
-0.8163617,2.674716,-2.894186
-0.6376693,2.686503,-2.894186
-0.8281963,2.686612,-2.894186
-0.6495176,2.674716,-2.894186
-0.6495425,2.584638,0.7976164
-0.8282216,2.572787,0.7976164
-0.6376946,2.572787,0.7976164
-0.8163873,2.584638,0.7976164
-0.6495293,2.674716,0.7976164
-0.8282216,2.686503,0.7976164
-0.6376946,2.686612,0.7976164
-0.8163733,2.674716,0.7976164
-1.294174,2.073058,-2.316784
-1.294174,2.339157,-2.296078
-1.294174,2.318467,-2.316784
-1.294174,2.052351,-2.296078
-1.294174,2.339393,-2.584621
-1.294174,2.073058,-2.563914
-1.294174,2.318669,-2.563914
-1.294174,2.052351,-2.584621
-1.294174,2.318363,-2.092387
-1.294174,2.339087,-2.113093
-1.294174,2.052308,-2.113093
-1.294174,2.073015,-2.092387
-1.294174,2.318161,-1.845257
-1.294174,2.052308,-1.824551
-1.294174,2.338851,-1.824551
-1.294174,2.073015,-1.845257
-1.078387,0.8541923,3.144925
-1.091742,0.7536902,3.138952
-1.078387,0.7390608,3.144925
-1.091742,0.8395627,3.138952
-1.260116,0.7536902,3.063646
-1.273471,0.8541923,3.057673
-1.273471,0.7390608,3.057673
-1.260116,0.8395627,3.063646
-0.6270255,0.8541923,3.246046
-0.6413908,0.7536902,3.243279
-0.6270255,0.7390608,3.246046
-0.6413908,0.8395627,3.243279
-0.9485871,0.7536902,3.184092
-0.9629524,0.8541923,3.181324
-0.9629524,0.7390608,3.181324
-0.9485871,0.8395627,3.184092
-1.022774,0.9151139,3.169799
-1.078387,0.7390608,3.144925
-1.022774,0.678139,3.169799
-1.078387,0.8541923,3.144925
-1.273471,0.7390608,3.057673
-1.329084,0.9151139,3.032799
-1.329084,0.678139,3.032799
-1.273471,0.8541923,3.057673
-0.5672039,0.9151139,3.257572
-0.6270255,0.7390608,3.246046
-0.5672039,0.678139,3.257572
-0.6270255,0.8541923,3.246046
-0.9629524,0.7390608,3.181324
-1.022774,0.9151139,3.169799
-1.022774,0.678139,3.169799
-0.9629524,0.8541923,3.181324
-1.334414,1.641109,-0.8081996
-1.334414,1.621161,-0.788252
-1.334414,2.261465,-0.7882521
-1.334414,2.241518,-0.8081997
-1.334414,1.641109,-1.205443
-1.334414,2.261465,-1.225391
-1.334414,1.621161,-1.22539
-1.334414,2.241518,-1.205443
-1.334414,2.241518,-0.7179155
-1.334414,2.261465,-0.7378631
-1.334414,1.621162,-0.7378629
-1.334414,1.641109,-0.7179153
-1.334414,2.241518,-0.3206722
-1.334414,1.621162,-0.3007245
-1.334414,2.261465,-0.3007246
-1.334414,1.641109,-0.3206721
-1.334414,2.241518,0.1001997
-1.334414,1.621162,0.08025219
-1.334414,1.641109,0.1001998
-1.334414,2.261465,0.08025204
-1.334414,1.621162,0.4602965
-1.334414,2.241518,0.4403487
-1.334414,1.641109,0.4403489
-1.334414,2.261465,0.4602963
-1.334414,1.641109,0.9849707
-1.334414,1.621162,1.004918
-1.334414,1.83672,1.004918
-1.334414,1.831494,0.9849705
-1.334414,1.641109,0.530633
-1.334414,2.261465,0.7966636
-1.334414,1.621162,0.5106855
-1.334414,2.241518,0.7849986
-1.334414,2.241518,0.5306329
-1.334414,2.261465,0.5106854
-1.512519,1.857538,1.224637
-1.56705,1.821559,1.222728
-1.517933,1.870541,1.226374
-1.553888,1.816124,1.221582
-1.403563,1.857538,1.224637
-1.56705,1.598797,1.206144
-1.39815,1.870541,1.226374
-1.553888,1.604343,1.205816
-1.362194,1.816124,1.221582
-1.517933,1.549816,1.202497
-1.349033,1.821559,1.222728
-1.512519,1.562933,1.202704
-1.362194,1.604343,1.205816
-1.39815,1.549816,1.202497
-1.349033,1.598797,1.206144
-1.403563,1.562933,1.202704
-1.334414,1.595967,-1.250585
-1.334414,2.261465,-1.225391
-1.334414,2.286659,-1.250585
-1.334414,1.621161,-1.22539
-1.334414,2.261465,-0.7882521
-1.334414,1.595967,-0.7630574
-1.334414,2.286659,-0.7630576
-1.334414,1.621161,-0.788252
-1.334414,2.261465,-0.7378631
-1.334414,1.621162,-0.7378629
-1.334414,2.261465,-0.3007246
-1.334414,1.595967,-0.2755299
-1.334414,2.286659,-0.2755301
-1.334414,1.621162,-0.3007245
-1.334414,1.595967,0.05505765
-1.334414,2.261465,0.08025204
-1.334414,2.286659,0.05505751
-1.334414,1.621162,0.08025219
-1.334414,2.261465,0.4602963
-1.334414,1.595967,0.485491
-1.334414,2.286659,0.4854909
-1.334414,1.621162,0.4602965
-1.334414,2.261465,0.5106854
-1.334414,1.621162,0.5106855
-1.334414,2.261465,0.7966636
-1.334414,1.595967,1.030113
-1.334414,2.286659,0.8113969
-1.334414,1.621162,1.004918
-1.334414,1.83672,1.004918
-1.334414,1.843321,1.030113
-1.337898,1.147584,-1.280623
-1.337898,0.724292,-1.095966
-1.337898,0.7758882,-1.066167
-1.337898,1.133766,-1.332219
-1.337898,0.7242924,-0.3374017
-1.337898,2.32335,-1.280624
-1.337898,0.7758884,-0.360095
-1.337898,2.374946,-1.33222
-1.337898,0.8993071,-0.1769304
-1.337898,2.32335,-0.2285268
-1.337898,0.9193809,-0.2285264
-1.337898,2.374946,-0.1769308
1.33789,2.32335,0.8289338
1.33789,2.374691,-0.03349518
1.33789,2.374545,0.8589869
1.33789,2.32335,0.01784526
1.33789,1.837005,1.069942
1.33789,1.133802,-0.03361992
1.33789,1.850523,1.121895
1.33789,1.147584,0.01784552
1.33789,0.9193814,1.069942
1.33789,0.7243086,0.2025122
1.33789,0.8992226,1.121757
1.33789,0.7758886,0.2323018
1.33789,0.7758889,0.9383737
1.33789,0.7241956,0.9611097
-1.337898,2.32335,0.8289338
-1.337898,2.374545,0.8589869
-1.337898,2.374691,-0.03349518
-1.337898,2.32335,0.01784526
-1.337898,1.837005,1.069942
-1.337898,1.133802,-0.03361992
-1.337898,1.850523,1.121895
-1.337898,1.147584,0.01784552
-1.337898,0.9193814,1.069942
-1.337898,0.7243086,0.2025122
-1.337898,0.8992226,1.121757
-1.337898,0.7758886,0.2323018
-1.337898,0.7758889,0.9383737
-1.337898,0.7241956,0.9611097
-1.21079,1.337821,2.87413
-0.9878642,1.337821,2.973835
-0.9878642,1.384295,2.973835
-1.21079,1.384295,2.87413
-0.9485871,0.7536902,3.184092
-0.6413908,0.7536902,3.243279
-0.6413908,0.8395627,3.243279
-0.9485871,0.8395627,3.184092
-1.260116,0.7536902,3.063646
-1.091742,0.7536902,3.138952
-1.091742,0.8395627,3.138952
-1.260116,0.8395627,3.063646
-1.064749,0.7170774,-3.107886
-1.070285,0.7589081,-3.107886
-1.054164,0.7979027,-3.107886
-1.039039,0.6836187,-3.107886
-1.020705,0.8236123,-3.107886
-1.000045,0.6674976,-3.107886
-0.9788744,0.8291483,-3.107886
-0.9582139,0.6730335,-3.107886
-0.9398798,0.8130271,-3.107886
-0.9247552,0.6987432,-3.107886
-0.9141701,0.7795686,-3.107886
-0.9086342,0.7377378,-3.107886
-1.267892,0.7170773,-3.107886
-1.273428,0.7589081,-3.107886
-1.257307,0.7979027,-3.107886
-1.242182,0.6836187,-3.107886
-1.223848,0.8236123,-3.107886
-1.203188,0.6674976,-3.107886
-1.182017,0.8291483,-3.107886
-1.161357,0.6730335,-3.107886
-1.143023,0.8130271,-3.107886
-1.127898,0.6987432,-3.107886
-1.117313,0.7795686,-3.107886
-1.111777,0.7377378,-3.107886
-0.8282551,0.685041,-3.107886
-0.8493369,0.7329267,-3.107886
-0.8436515,0.7849375,-3.107886
-0.8127223,0.8271376,-3.107886
-0.786055,0.6541119,-3.107886
-0.7648367,0.8482193,-3.107886
-0.7340441,0.6484265,-3.107886
-0.7128258,0.8425341,-3.107886
-0.6861586,0.6695082,-3.107886
-0.6706256,0.8116047,-3.107886
-0.6552294,0.7117083,-3.107886
-0.649544,0.7637193,-3.107886
-0.621989,1.223526,3.044327
-0.9878642,1.223526,2.973835
-0.9878642,1.177051,2.973835
-0.621989,1.177051,3.044327
-0.6219892,1.384295,3.044327
-0.9878642,1.384295,2.973835
-0.9878642,1.337821,2.973835
-0.6219892,1.337821,3.044327
-1.21079,1.177051,2.87413
-0.9878642,1.177051,2.973835
-0.9878642,1.223526,2.973835
-1.21079,1.223526,2.87413
-0.8163733,2.674716,0.7976164
-0.8163873,2.584638,0.7976164
-0.6495425,2.584638,0.7976164
-0.6495293,2.674716,0.7976164
-0.6495176,2.674716,-2.894186
-0.6495037,2.584638,-2.894186
-0.8163484,2.584638,-2.894186
-0.8163617,2.674716,-2.894186
1.210782,1.337821,2.87413
1.210782,1.384295,2.87413
0.9878566,1.384295,2.973835
0.9878566,1.337821,2.973835
0.9485794,0.7536902,3.184092
0.9485794,0.8395627,3.184092
0.6413832,0.8395627,3.243279
0.6413832,0.7536902,3.243279
1.260109,0.7536902,3.063646
1.260109,0.8395627,3.063646
1.091734,0.8395627,3.138952
1.091734,0.7536902,3.138952
0.9247476,0.6987432,-3.107886
0.9086266,0.7377378,-3.107886
0.9141625,0.7795686,-3.107886
0.9398722,0.8130271,-3.107886
0.9582062,0.6730335,-3.107886
0.9788668,0.8291483,-3.107886
1.000037,0.6674976,-3.107886
1.020698,0.8236123,-3.107886
1.039032,0.6836187,-3.107886
1.054156,0.7979027,-3.107886
1.064741,0.7170774,-3.107886
1.070277,0.7589081,-3.107886
1.127891,0.6987432,-3.107886
1.11177,0.7377378,-3.107886
1.117306,0.7795686,-3.107886
1.143015,0.8130271,-3.107886
1.161349,0.6730335,-3.107886
1.18201,0.8291483,-3.107886
1.20318,0.6674976,-3.107886
1.223841,0.8236123,-3.107886
1.242175,0.6836187,-3.107886
1.257299,0.7979027,-3.107886
1.267884,0.7170773,-3.107886
1.27342,0.7589081,-3.107886
0.6552218,0.7117083,-3.107886
0.6495364,0.7637193,-3.107886
0.670618,0.8116047,-3.107886
0.686151,0.6695082,-3.107886
0.7128182,0.8425341,-3.107886
0.7340365,0.6484265,-3.107886
0.7648291,0.8482193,-3.107886
0.7860474,0.6541119,-3.107886
0.8127146,0.8271376,-3.107886
0.8282474,0.685041,-3.107886
0.8436438,0.7849375,-3.107886
0.8493292,0.7329267,-3.107886
0.6219813,1.223526,3.044327
0.6219813,1.177051,3.044327
0.9878566,1.177051,2.973835
0.9878566,1.223526,2.973835
0.6219816,1.384295,3.044327
0.6219816,1.337821,3.044327
0.9878566,1.337821,2.973835
0.9878566,1.384295,2.973835
1.210782,1.177051,2.87413
1.210782,1.223526,2.87413
0.9878566,1.223526,2.973835
0.9878566,1.177051,2.973835
0.8163657,2.674716,0.7976164
0.6495216,2.674716,0.7976164
0.6495349,2.584638,0.7976164
0.8163797,2.584638,0.7976164
0.64951,2.674716,-2.894186
0.816354,2.674716,-2.894186
0.8163408,2.584638,-2.894186
0.6494961,2.584638,-2.894186
6095
0.04793408,0.9522561
0.04793408,0.9522558
0.04793408,0.9522558
0.09290485,0.9683614
0.09290485,0.9683614
0.09290485,0.9683614
0.09290485,0.9683614
0.09290485,0.9683614
0.09259719,0.9681534
0.09290485,0.9683614
0.09290485,0.9683614
0.09290485,0.9683614
0.09290485,0.9683614
0.09259719,0.9681534
0.09290485,0.9683614
0.09259719,0.9681534
0.09259719,0.9681534
0.09259719,0.9681534
0.09259719,0.9681534
0.09259719,0.9681534
0.09259719,0.9681534
0.09259719,0.9681534
0.09259719,0.9681534
0.09259719,0.9681534
0.09259719,0.9681534
0.09259719,0.9681534
0.09259719,0.9681534
0.09259719,0.9681534
0.09259719,0.9681534
0.09259719,0.9681534
0.09259719,0.9681534
0.09259719,0.9681534
0.09259719,0.9681534
0.09259719,0.9681534
0.09259719,0.9681534
0.09259719,0.9681534
0.09259719,0.9681534
0.09259719,0.9681534
0.09259719,0.9681534
0.09259719,0.9681534
0.09259719,0.9681534
0.09259719,0.9681534
0.09259719,0.9681534
0.09259719,0.9681534
0.09259719,0.9681534
0.09259719,0.9681534
0.09259719,0.9681534
0.09259719,0.9681534
0.09259719,0.9681534
0.09259719,0.9681534
0.09259719,0.9681534
0.09259719,0.9681534
0.09259719,0.9681534
0.09259719,0.9681534
0.09259719,0.9681534
0.09259718,0.9681534
0.09259719,0.9681534
0.09259719,0.9681534
0.09259719,0.9681534
0.09259719,0.9681534
0.09259719,0.9681534
0.09259719,0.9681534
0.09259719,0.9681534
0.09259719,0.9681534
0.09259718,0.9681534
0.09259719,0.9681534
0.09259719,0.9681534
0.09259719,0.9681534
0.09259719,0.9681534
0.09259719,0.9681534
0.09259719,0.9681534
0.09259719,0.9681534
0.09259719,0.9681534
0.09259719,0.9681534
0.09259719,0.9681534
0.09259719,0.9681534
0.09259719,0.9681534
0.09259719,0.9681534
0.09259719,0.9681534
0.09259719,0.9681534
0.09259719,0.9681534
0.09259719,0.9681534
0.09259719,0.9681534
0.09259719,0.9681534
0.09259719,0.9681534
0.09262814,0.9681938
0.09295809,0.9686249
0.0921587,0.9681515
0.09295809,0.9686249
0.09259719,0.9681534
0.09259719,0.9681534
0.09259719,0.9681534
0.09259719,0.9681534
0.09259719,0.9681534
0.09259719,0.9681534
0.09259719,0.9681534
0.09259719,0.9681534
0.09259719,0.9681534
0.09259719,0.9681534
0.09259719,0.9681534
0.09259719,0.9681534
0.09259719,0.9681534
0.09259719,0.9681534
0.09259719,0.9681534
0.09259719,0.9681534
0.09259719,0.9681534
0.09259719,0.9681534
0.09259719,0.9681534
0.09259719,0.9681534
0.09259719,0.9681534
0.09259719,0.9681534
0.09259719,0.9681534
0.09259719,0.9681534
0.09259719,0.9681534
0.09259719,0.9681534
0.09259719,0.9681534
0.09259719,0.9681534
0.09259719,0.9681534
0.09259719,0.9681534
0.09259719,0.9681534
0.09259719,0.9681534
0.09259719,0.9681534
0.09259719,0.9681534
0.09259719,0.9681534
0.09259719,0.9681534
0.09259719,0.9681534
0.09259718,0.9681534
0.09259719,0.9681534
0.09259719,0.9681534
0.09259719,0.9681534
0.09259719,0.9681534
0.09259719,0.9681534
0.09259719,0.9681534
0.09259719,0.9681534
0.09259719,0.9681534
0.09259719,0.9681534
0.09259719,0.9681534
0.09259719,0.9681533
0.09259719,0.9681534
0.09259719,0.9681534
0.09259719,0.9681534
0.09259719,0.9681534
0.09259719,0.9681534
0.09259719,0.9681534
0.09259719,0.9681534
0.09259719,0.9681534
0.09259719,0.9681534
0.09259719,0.9681534
0.09259719,0.9681534
0.09259719,0.9681534
0.09259719,0.9681534
0.09259719,0.9681534
0.09259719,0.9681534
0.09259719,0.9681534
0.09259719,0.9681534
0.09259719,0.9681534
0.09259719,0.9681534
0.09259719,0.9681534
0.09259719,0.9681534
0.09259719,0.9681534
0.09259719,0.9681534
0.09259719,0.9681534
0.09259719,0.9681534
0.09259719,0.9681534
0.09259719,0.9681534
0.09259719,0.9681534
0.09259719,0.9681534
0.09259719,0.9681534
0.09259719,0.9681534
0.09259719,0.9681534
0.09259719,0.9681534
0.09259719,0.9681534
0.09259719,0.9681534
0.09259719,0.9681534
0.09259719,0.9681534
0.09259719,0.9681534
0.09259719,0.9681534
0.09259719,0.9681534
0.09259719,0.9681534
0.09259719,0.9681534
0.09259719,0.9681534
0.09259719,0.9681534
0.09259719,0.9681534
0.09259719,0.9681534
0.09259719,0.9681534
0.09259719,0.9681534
0.09274467,0.9683844
0.09259719,0.9681534
0.09259719,0.9681534
0.09259719,0.9681534
0.09259719,0.9681534
0.09259719,0.9681534
0.09259719,0.9681534
0.09259719,0.9681534
0.09259719,0.9681534
0.09259719,0.9681534
0.09259719,0.9681534
0.09259719,0.9681534
0.09259719,0.9681534
0.09259719,0.9681534
0.09259719,0.9681534
0.09259719,0.9681534
0.09259719,0.9681534
0.09259719,0.9681534
0.09259719,0.9681534
0.09259719,0.9681534
0.09259719,0.9681534
0.09259719,0.9681534
0.09259719,0.9681534
0.09259719,0.9681534
0.09259719,0.9681534
0.09259719,0.9681534
0.09259719,0.9681534
0.09259719,0.9681534
0.09259719,0.9681534
0.09259719,0.9681534
0.09259719,0.9681534
0.09259719,0.9681534
0.09259719,0.9681534
0.09259719,0.9681534
0.09259719,0.9681534
0.09259719,0.9681534
0.09259719,0.9681534
0.09259719,0.9681534
0.09259719,0.9681534
0.09259719,0.9681534
0.09259719,0.9681534
0.1080132,0.4151797
0.1071744,0.4151742
0.1071744,0.4211029
0.1080132,0.4211031
0.1064794,0.4138304
0.1056407,0.413825
0.1056407,0.4197606
0.1064794,0.4197606
0.09290485,0.9683614
0.09290485,0.9683614
0.09290485,0.9683614
0.09290485,0.9683614
0.09291141,0.9686458
0.09291141,0.9686458
0.09291141,0.9686458
0.09291141,0.9686458
0.09290485,0.9683614
0.09290485,0.9683614
0.09290485,0.9683614
0.09290485,0.9683614
0.09290485,0.9683614
0.09290485,0.9683614
0.09291141,0.9686458
0.09291141,0.9686458
0.09291141,0.9686458
0.09291141,0.9686458
0.09291141,0.9686458
0.09291141,0.9686458
0.09291141,0.9686458
0.09291141,0.9686458
0.09291141,0.9686458
0.09291141,0.9686458
0.09290485,0.9683614
0.09290485,0.9683614
0.09290485,0.9683614
0.09290485,0.9683614
0.09290485,0.9683614
0.09290485,0.9683614
0.09291141,0.9686458
0.09291141,0.9686458
0.09291141,0.9686458
0.09291141,0.9686458
0.09291141,0.9686458
0.09291141,0.9686458
0.09291141,0.9686458
0.09291141,0.9686458
0.09291141,0.9686458
0.09291141,0.9686458
0.09291141,0.9686458
0.09291141,0.9686458
0.09291141,0.9686458
0.09291141,0.9686458
0.09291141,0.9686458
0.09291141,0.9686458
0.09290485,0.9683614
0.09290485,0.9683614
0.09290485,0.9683614
0.09290485,0.9683614
0.09291141,0.9686458
0.09291141,0.9686458
0.09291141,0.9686458
0.09291141,0.9686458
0.09291141,0.9686458
0.09291141,0.9686458
0.09291141,0.9686458
0.09291141,0.9686458
0.09291141,0.9686458
0.09291141,0.9686458
0.09291141,0.9686458
0.09291141,0.9686458
0.09291141,0.9686458
0.09274467,0.9683844
0.09291141,0.9686458
0.09291141,0.9686458
0.09290485,0.9683614
0.09290485,0.9683614
0.09290485,0.9683614
0.09290485,0.9683614
0.09290485,0.9683614
0.09290485,0.9683614
0.09290485,0.9683614
0.09290485,0.9683614
0.0975972,0.4081534
0.09759718,0.4081534
0.09759718,0.4081534
0.09759721,0.4081534
0.0975972,0.4081534
0.09759718,0.4081534
0.0975972,0.4081534
0.09259719,0.9681534
0.09259719,0.9681534
0.09259719,0.9681534
0.09259719,0.9681534
0.09259719,0.9681534
0.09259719,0.9681534
0.09259719,0.9681534
0.09259719,0.9681534
0.09259719,0.9681534
0.09259719,0.9681534
0.09259719,0.9681534
0.09259719,0.9681534
0.09259719,0.9681534
0.09259719,0.9681534
0.09259719,0.9681534
0.09295809,0.9686249
0.09295809,0.9686249
0.09295809,0.9686249
0.09295809,0.9686249
0.09295809,0.9686249
0.09295809,0.9686249
0.09295809,0.9686249
0.09295809,0.9686249
0.09295809,0.9686249
0.09295809,0.9686249
0.09295809,0.9686249
0.09295809,0.9686249
0.09259719,0.9681534
0.09259719,0.9681534
0.09259719,0.9681534
0.09259719,0.9681534
0.09259719,0.9681534
0.09259719,0.9681534
0.09259719,0.9681534
0.09259719,0.9681534
0.09259719,0.9681534
0.09259719,0.9681534
0.09259719,0.9681534
0.09259719,0.9681534
0.09259719,0.9681534
0.09259719,0.9681534
0.09259719,0.9681534
0.09259719,0.9681534
0.09259719,0.9681534
0.09259719,0.9681534
0.09259719,0.9681533
0.09259719,0.9681534
0.09259719,0.9681534
0.09259719,0.9681534
0.09259719,0.9681534
0.09259719,0.9681534
0.09259719,0.9681534
0.09259719,0.9681534
0.09259719,0.9681534
0.09259719,0.9681534
0.09259719,0.9681534
0.09259719,0.9681534
0.09259719,0.9681534
0.09259719,0.9681534
0.09259719,0.9681534
0.09259719,0.9681534
0.09259719,0.9681534
0.09259719,0.9681534
0.09259719,0.9681534
0.09259719,0.9681534
0.09259719,0.9681534
0.09259719,0.9681534
0.09259719,0.9681534
0.04793407,0.952256
0.04793409,0.9522558
0.04793409,0.952256
0.04793406,0.9522561
0.04793406,0.9522561
0.04793408,0.952256
0.04793407,0.952256
0.04793409,0.9522558
0.04793407,0.952256
0.09259719,0.9681534
0.09259719,0.9681534
0.09259719,0.9681534
0.09259719,0.9681534
0.09259719,0.9681534
0.09259719,0.9681534
0.09259719,0.9681534
0.09259719,0.9681534
0.09259719,0.9681534
0.09259719,0.9681534
0.09259719,0.9681534
0.09259719,0.9681534
0.09259719,0.9681534
0.09259719,0.9681534
0.09259719,0.9681534
0.09259719,0.9681534
0.09259719,0.9681534
0.09259719,0.9681534
0.04793408,0.9522558
0.04793407,0.9522558
0.04793408,0.9522561
0.04793408,0.9522563
0.04793407,0.952256
0.04793407,0.9522558
0.09259719,0.9681534
0.09259719,0.9681534
0.09259719,0.9681534
0.09259719,0.9681534
0.09259719,0.9681534
0.09259719,0.9681534
0.09259719,0.9681534
0.09259719,0.9681534
0.09259719,0.9681534
0.09259719,0.9681534
0.09259719,0.9681534
0.09259719,0.9681534
0.09259719,0.9681534
0.09259719,0.9681534
0.09259719,0.9681534
0.09259719,0.9681534
0.09259719,0.9681534
0.09259719,0.9681534
0.09259719,0.9681534
0.09259719,0.9681534
0.09259719,0.9681534
0.09259719,0.9681534
0.09295809,0.9686249
0.09295809,0.9686249
0.09295809,0.9686249
0.09295809,0.9686249
0.09295809,0.9686249
0.09295809,0.9686249
0.09295809,0.9686249
0.09295809,0.9686249
0.09295809,0.9686249
0.09295809,0.9686249
0.09295809,0.9686249
0.09295809,0.9686249
0.09295809,0.9686249
0.09295809,0.9686249
0.09295809,0.9686249
0.09295809,0.9686249
0.09295809,0.9686249
0.09295809,0.9686249
0.09295809,0.9686249
0.09295809,0.9686249
0.09295809,0.9686249
0.09295809,0.9686249
0.09295809,0.9686249
0.09295809,0.9686249
0.09295809,0.9686249
0.09295809,0.9686249
0.09295809,0.9686249
0.09295809,0.9686249
0.09259719,0.9681534
0.09259719,0.9681534
0.09259719,0.9681534
0.09259719,0.9681534
0.09259719,0.9681534
0.09259719,0.9681534
0.09259719,0.9681534
0.09259719,0.9681534
0.09259719,0.9681534
0.09259719,0.9681534
0.09259719,0.9681534
0.09259719,0.9681534
0.09259719,0.9681534
0.09259719,0.9681534
0.09259719,0.9681534
0.09259719,0.9681534
0.09259719,0.9681534
0.09300224,0.9682088
0.09300224,0.9682088
0.09300224,0.9682088
0.09300224,0.9682088
0.092051,0.9682088
0.092051,0.9682088
0.092051,0.9682088
0.092051,0.9682088
0.09300224,0.9682088
0.09300224,0.9682088
0.09300224,0.9682088
0.09300224,0.9682088
0.09300224,0.9682088
0.09300224,0.9682088
0.09300224,0.9682088
0.09300224,0.9682088
0.09300224,0.9682088
0.09300224,0.9682088
0.09300224,0.9682088
0.09300224,0.9682088
0.09300224,0.9682088
0.09300224,0.9682088
0.09300224,0.9682088
0.09300224,0.9682088
0.09300224,0.9682088
0.09300224,0.9682088
0.09303814,0.9679754
0.09303814,0.9679754
0.09303814,0.9679754
0.09303814,0.9679754
0.09300224,0.9682088
0.09300224,0.9682088
0.09300224,0.9682088
0.09300224,0.9682088
0.09300224,0.9682088
0.09300224,0.9682088
0.09300224,0.9682088
0.09300224,0.9682088
0.09300224,0.9682088
0.09300224,0.9682088
0.09300224,0.9682088
0.09300224,0.9682088
0.09300224,0.9682088
0.09300224,0.9682088
0.09300224,0.9682088
0.09300224,0.9682088
0.09300224,0.9682088
0.09300224,0.9682088
0.092051,0.9682088
0.092051,0.9682088
0.092051,0.9682088
0.092051,0.9682088
0.092051,0.9682088
0.092051,0.9682088
0.092051,0.9682088
0.092051,0.9682088
0.092051,0.9682088
0.092051,0.9682088
0.092051,0.9682088
0.092051,0.9682088
0.092051,0.9682088
0.092051,0.9682088
0.092051,0.9682088
0.092051,0.9682088
0.092051,0.9682088
0.092051,0.9682088
0.092051,0.9682088
0.092051,0.9682088
0.092051,0.9682088
0.092051,0.9682088
0.092051,0.9682088
0.092051,0.9682088
0.092051,0.9682088
0.092051,0.9682088
0.092051,0.9682088
0.092051,0.9682088
0.092051,0.9682088
0.092051,0.9682088
0.092051,0.9682088
0.092051,0.9682088
0.092051,0.9682088
0.092051,0.9682088
0.092051,0.9682088
0.092051,0.9682088
0.092051,0.9682088
0.092051,0.9682088
0.092051,0.9682088
0.092051,0.9682088
0.092051,0.9682088
0.092051,0.9682088
0.092051,0.9682088
0.092051,0.9682088
0.092051,0.9682088
0.092051,0.9682088
0.092051,0.9682088
0.092051,0.9682088
0.092051,0.9682088
0.092051,0.9682088
0.092051,0.9682088
0.092051,0.9682088
0.092051,0.9682088
0.092051,0.9682088
0.092051,0.9682088
0.092051,0.9682088
0.092051,0.9682088
0.092051,0.9682088
0.092051,0.9682088
0.092051,0.9682088
0.092051,0.9682088
0.092051,0.9682088
0.092051,0.9682088
0.092051,0.9682088
0.092051,0.9682088
0.092051,0.9682088
0.092051,0.9682088
0.092051,0.9682088
0.092051,0.9682088
0.092051,0.9682088
0.092051,0.9682088
0.092051,0.9682088
0.092051,0.9682088
0.092051,0.9682088
0.092051,0.9682088
0.092051,0.9682088
0.092051,0.9682088
0.092051,0.9682088
0.092051,0.9682088
0.092051,0.9682088
0.092051,0.9682088
0.092051,0.9682088
0.092051,0.9682088
0.092051,0.9682088
0.092051,0.9682088
0.092051,0.9682088
0.092051,0.9682088
0.092051,0.9682088
0.092051,0.9682088
0.092051,0.9682088
0.092051,0.9682088
0.092051,0.9682088
0.09300224,0.9682088
0.09300224,0.9682088
0.09300224,0.9682088
0.09300224,0.9682088
0.09300224,0.9682088
0.09300224,0.9682088
0.09300224,0.9682088
0.09300224,0.9682088
0.09300224,0.9682088
0.09300224,0.9682088
0.09300224,0.9682088
0.09300224,0.9682088
0.09221253,0.9682088
0.09221253,0.9682088
0.09221253,0.9682088
0.09221253,0.9682088
0.09221253,0.9682088
0.09221253,0.9682088
0.09221253,0.9682088
0.09221253,0.9682088
0.09221253,0.9682088
0.09221253,0.9682088
0.09221253,0.9682088
0.09221253,0.9682088
0.09221253,0.9682088
0.09221253,0.9682088
0.09221253,0.9682088
0.09221253,0.9682088
0.09221253,0.9682088
0.09221253,0.9682088
0.09221253,0.9682088
0.09221253,0.9682088
0.09221253,0.9682088
0.09221253,0.9682088
0.09221253,0.9682088
0.09221253,0.9682088
0.09221253,0.9682088
0.09221253,0.9682088
0.09221253,0.9682088
0.09221253,0.9682088
0.09221253,0.9682088
0.09221253,0.9682088
0.09221253,0.9682088
0.09221253,0.9682088
0.09221253,0.9682088
0.09221253,0.9682088
0.09221253,0.9682088
0.09221253,0.9682088
0.09221253,0.9682088
0.09221253,0.9682088
0.09221253,0.9682088
0.09221253,0.9682088
0.09221253,0.9682088
0.09221253,0.9682088
0.09221253,0.9682088
0.09221253,0.9682088
0.09221253,0.9682088
0.09221253,0.9682088
0.09221253,0.9682088
0.09221253,0.9682088
0.09259719,0.9681534
0.09259719,0.9681534
0.09259719,0.9681534
0.09259719,0.9681534
0.09259719,0.9681534
0.09259719,0.9681534
0.09259719,0.9681534
0.09259719,0.9681534
0.09259719,0.9681534
0.09259719,0.9681534
0.09259719,0.9681534
0.09259719,0.9681534
0.09259719,0.9681534
0.09259719,0.9681534
0.09259719,0.9681534
0.09259719,0.9681534
0.09259719,0.9681534
0.09259719,0.9681534
0.09259719,0.9681534
0.09259719,0.9681534
0.09259719,0.9681534
0.09259719,0.9681534
0.09259719,0.9681534
0.09259719,0.9681534
0.09259719,0.9681534
0.09259719,0.9681534
0.09259719,0.9681534
0.09259719,0.9681534
0.09259719,0.9681534
0.09259719,0.9681534
0.09259719,0.9681534
0.09259719,0.9681534
0.09259719,0.9681534
0.09259719,0.9681534
0.09259719,0.9681534
0.09259719,0.9681534
0.09259719,0.9681534
0.09259719,0.9681534
0.09259719,0.9681534
0.09259719,0.9681534
0.09259719,0.9681534
0.09259719,0.9681534
0.09259719,0.9681534
0.09259719,0.9681534
0.09259719,0.9681534
0.09259719,0.9681534
0.09259719,0.9681534
0.09259719,0.9681534
0.09259719,0.9681534
0.09259719,0.9681534
0.09259719,0.9681534
0.09259719,0.9681534
0.09259719,0.9681534
0.09259719,0.9681534
0.09259719,0.9681534
0.09259719,0.9681534
0.09259719,0.9681534
0.09259719,0.9681534
0.09259719,0.9681534
0.09259719,0.9681534
0.09259719,0.9681534
0.09259719,0.9681534
0.09259719,0.9681534
0.09259719,0.9681534
0.09259719,0.9681534
0.09259719,0.9681534
0.09259719,0.9681534
0.09259719,0.9681534
0.09259719,0.9681534
0.09259719,0.9681534
0.09259719,0.9681534
0.09259719,0.9681534
0.09259719,0.9681534
0.09259719,0.9681534
0.09259719,0.9681534
0.09259719,0.9681534
0.09259719,0.9681534
0.09259719,0.9681534
0.09259719,0.9681534
0.09259719,0.9681534
0.09259719,0.9681534
0.09259719,0.9681534
0.09259719,0.9681534
0.09259719,0.9681534
0.09259719,0.9681534
0.09259719,0.9681534
0.09259719,0.9681534
0.09259719,0.9681534
0.09259719,0.9681534
0.09259719,0.9681534
0.09259719,0.9681534
0.09259719,0.9681534
0.09259719,0.9681534
0.09259719,0.9681534
0.09259719,0.9681534
0.09259719,0.9681534
0.09259719,0.9681534
0.09259719,0.9681534
0.09259719,0.9681534
0.09259719,0.9681534
0.09259719,0.9681534
0.09259719,0.9681534
0.09259719,0.9681534
0.09259719,0.9681534
0.09259719,0.9681534
0.09259719,0.9681534
0.09259719,0.9681534
0.09259719,0.9681534
0.09259719,0.9681534
0.09259719,0.9681534
0.09259719,0.9681534
0.09259719,0.9681534
0.09259719,0.9681534
0.09259719,0.9681534
0.09259719,0.9681534
0.09259719,0.9681534
0.09259719,0.9681534
0.09259719,0.9681534
0.09259719,0.9681534
0.09259719,0.9681534
0.09259719,0.9681534
0.09259719,0.9681534
0.09259719,0.9681534
0.09259719,0.9681534
0.09259719,0.9681534
0.09259719,0.9681534
0.09259719,0.9681534
0.09259719,0.9681534
0.09259719,0.9681534
0.09259719,0.9681534
0.09259719,0.9681534
0.09259719,0.9681534
0.09259719,0.9681534
0.09259719,0.9681534
0.09259719,0.9681534
0.09259719,0.9681534
0.09259719,0.9681534
0.09259719,0.9681534
0.09259719,0.9681534
0.09259719,0.9681534
0.09259719,0.9681534
0.09259719,0.9681534
0.09259719,0.9681534
0.09259719,0.9681534
0.09259719,0.9681534
0.09259719,0.9681534
0.09259719,0.9681534
0.09259719,0.9681534
0.09259719,0.9681534
0.09259719,0.9681534
0.09259719,0.9681534
0.09259719,0.9681534
0.09259719,0.9681534
0.09259719,0.9681534
0.09259719,0.9681534
0.09259719,0.9681534
0.09259719,0.9681534
0.09259719,0.9681534
0.09259719,0.9681534
0.09259719,0.9681534
0.09259719,0.9681534
0.1044396,0.4075849
0.1044396,0.4081287
0.1045441,0.4081288
0.1045441,0.4079391
0.1044981,0.4075849
0.1045533,0.4081288
0.1046314,0.4081288
0.1046314,0.4075849
0.1045533,0.4075849
0.09259719,0.9681534
0.09259719,0.9681534
0.09259719,0.9681534
0.09259719,0.9681534
0.09259719,0.9681534
0.09259719,0.9681534
0.09259719,0.9681534
0.09259719,0.9681534
0.09259719,0.9681534
0.09259719,0.9681534
0.09259719,0.9681534
0.09259719,0.9681534
0.09259719,0.9681534
0.09259719,0.9681534
0.09259719,0.9681534
0.09259719,0.9681534
0.09259719,0.9681534
0.09259719,0.9681534
0.09259719,0.9681534
0.09259719,0.9681534
0.09259719,0.9681534
0.09259719,0.9681534
0.09259719,0.9681534
0.09259719,0.9681534
0.09259719,0.9681534
0.09259719,0.9681534
0.1033702,0.4169528
0.1042901,0.4169528
0.1042901,0.4114748
0.1033702,0.4114749
0.1023581,0.4169528
0.1032779,0.4169527
0.1032779,0.4114748
0.1023581,0.4114749
0.09259719,0.9681534
0.09259718,0.9681534
0.09259719,0.9681534
0.09259719,0.9681534
0.09259719,0.9681534
0.09259719,0.9681534
0.09259719,0.9681534
0.09259719,0.9681534
0.09259718,0.9681534
0.09259719,0.9681534
0.09259719,0.9681534
0.09259719,0.9681534
0.09259719,0.9681534
0.09259719,0.9681534
0.09259719,0.9681534
0.09259719,0.9681534
0.09259719,0.9681534
0.09259719,0.9681534
0.09259719,0.9681534
0.09259719,0.9681534
0.09259719,0.9681534
0.09259719,0.9681534
0.09259719,0.9681534
0.09259719,0.9681534
0.09259719,0.9681534
0.09259719,0.9681534
0.09259719,0.9681534
0.09259719,0.9681534
0.09259719,0.9681534
0.09259719,0.9681534
0.09259719,0.9681533
0.09259719,0.9681534
0.09259718,0.9681533
0.09259718,0.9681533
0.09259717,0.9681532
0.09259717,0.9681532
0.09259719,0.9681534
0.09259719,0.9681534
0.09259719,0.9681534
0.09259719,0.9681534
0.09259719,0.9681534
0.09259719,0.9681534
0.09259719,0.9681534
0.09259719,0.9681534
0.09259719,0.9681534
0.09259719,0.9681534
0.09259719,0.9681534
0.09259719,0.9681534
0.09259719,0.9681534
0.09259719,0.9681534
0.09259719,0.9681534
0.09259719,0.9681534
0.09259719,0.9681534
0.09259719,0.9681534
0.09259719,0.9681534
0.09259719,0.9681534
0.09259719,0.9681534
0.09259719,0.9681534
0.09259719,0.9681534
0.09259719,0.9681534
0.09259719,0.9681534
0.09259719,0.9681534
0.09259719,0.9681534
0.09259719,0.9681534
0.09259719,0.9681534
0.09303814,0.9679754
0.09303814,0.9679754
0.09259719,0.9681534
0.09259719,0.9681534
0.09259719,0.9681534
0.09259719,0.9681534
0.09259719,0.9681534
0.09259719,0.9681534
0.09259719,0.9681534
0.09259719,0.9681534
0.09259719,0.9681534
0.09259719,0.9681534
0.09259719,0.9681534
0.09259719,0.9681534
0.09259719,0.9681534
0.09259719,0.9681534
0.09259719,0.9681534
0.09259719,0.9681534
0.09259719,0.9681534
0.09259719,0.9681534
0.09259719,0.9681534
0.09259719,0.9681534
0.09259719,0.9681534
0.09259719,0.9681534
0.09259719,0.9681534
0.09259719,0.9681534
0.09291141,0.9686458
0.09290485,0.9683614
0.09259719,0.9681534
0.09291141,0.9686458
0.09291141,0.9686458
0.09291141,0.9686458
0.09291141,0.9686458
0.09291141,0.9686458
0.09291141,0.9686458
0.09291141,0.9686458
0.09291141,0.9686458
0.09259719,0.9681534
0.09290485,0.9683614
0.09290485,0.9683614
0.09290485,0.9683614
0.09290485,0.9683614
0.09262814,0.9681938
0.09259719,0.9681534
0.09259719,0.9681534
0.09259719,0.9681534
0.09262814,0.9681938
0.09259719,0.9681534
0.09259719,0.9681534
0.09259719,0.9681534
0.09290485,0.9683614
0.09259719,0.9681534
0.09291141,0.9686458
0.09290485,0.9683614
0.09290485,0.9683614
0.09290485,0.9683614
0.09290485,0.9683614
0.09291141,0.9686458
0.09291141,0.9686458
0.09291141,0.9686458
0.09291141,0.9686458
0.09291141,0.9686458
0.09291141,0.9686458
0.09291141,0.9686458
0.09291141,0.9686458
0.09291141,0.9686458
0.09291141,0.9686458
0.09291141,0.9686458
0.09291141,0.9686458
0.09291141,0.9686458
0.09291141,0.9686458
0.09290485,0.9683614
0.09290485,0.9683614
0.09290485,0.9683614
0.09290485,0.9683614
0.09290485,0.9683614
0.09290485,0.9683614
0.09291141,0.9686458
0.09291141,0.9686458
0.09291141,0.9686458
0.09291141,0.9686458
0.09290485,0.9683614
0.09290485,0.9683614
0.09290485,0.9683614
0.09290485,0.9683614
0.09290485,0.9683614
0.09290485,0.9683614
0.09290485,0.9683614
0.09290485,0.9683614
0.09290485,0.9683614
0.09290485,0.9683614
0.09291141,0.9686458
0.09291141,0.9686458
0.09291141,0.9686458
0.09291141,0.9686458
0.09290485,0.9683614
0.09290485,0.9683614
0.09290485,0.9683614
0.09290485,0.9683614
0.09291141,0.9686458
0.09291141,0.9686458
0.09291141,0.9686458
0.09291141,0.9686458
0.09291141,0.9686458
0.09291141,0.9686458
0.09290485,0.9683614
0.09290485,0.9683614
0.09290485,0.9683614
0.09290485,0.9683614
0.09290485,0.9683614
0.09290485,0.9683614
0.09291141,0.9686458
0.09291141,0.9686458
0.09291141,0.9686458
0.09291141,0.9686458
0.09291798,0.9685037
0.09291798,0.9685037
0.09291798,0.9685037
0.09291798,0.9685037
0.09291141,0.9686458
0.09291141,0.9686458
0.09291141,0.9686458
0.09291141,0.9686458
0.09291141,0.9686458
0.09291141,0.9686458
0.09290485,0.9683614
0.09290485,0.9683614
0.09290485,0.9683614
0.09290485,0.9683614
0.09290485,0.9683614
0.09290485,0.9683614
0.09291141,0.9686458
0.09291141,0.9686458
0.09291141,0.9686458
0.09291141,0.9686458
0.09290485,0.9683614
0.09290485,0.9683614
0.09290485,0.9683614
0.09290485,0.9683614
0.09291141,0.9686458
0.09291141,0.9686458
0.09291141,0.9686457
0.09291141,0.9686458
0.09291141,0.9686458
0.09291141,0.9686458
0.09291141,0.9686458
0.09291141,0.9686458
0.09291141,0.9686458
0.09291141,0.9686458
0.09291141,0.9686458
0.09290485,0.9683614
0.09290485,0.9683614
0.09290485,0.9683614
0.09290485,0.9683614
0.09290485,0.9683614
0.09290485,0.9683614
0.09290485,0.9683614
0.09290485,0.9683614
0.09290485,0.9683614
0.09290485,0.9683614
0.09290485,0.9683614
0.09290485,0.9683614
0.09290485,0.9683614
0.09290485,0.9683614
0.09290485,0.9683614
0.09290485,0.9683614
0.09290485,0.9683614
0.09290485,0.9683614
0.09290485,0.9683614
0.09290485,0.9683614
0.09290485,0.9683614
0.09290485,0.9683614
0.09290485,0.9683614
0.09290485,0.9683614
0.09290485,0.9683614
0.09290485,0.9683614
0.09214552,0.9679515
0.09214552,0.9679515
0.09214552,0.9679515
0.09214552,0.9679515
0.09214552,0.9679515
0.09214552,0.9679515
0.09191856,0.9524836
0.09191856,0.9524836
0.09191856,0.9524836
0.09191856,0.9524836
0.09259719,0.9681534
0.09259719,0.9681534
0.09259719,0.9681534
0.09259719,0.9681534
0.09259719,0.9681534
0.09259719,0.9681534
0.09259719,0.9681534
0.09259719,0.9681534
0.09259719,0.9681534
0.09259719,0.9681534
0.09259719,0.9681534
0.09259719,0.9681534
0.09259719,0.9681534
0.09259719,0.9681534
0.09259719,0.9681534
0.09259719,0.9681534
0.09259719,0.9681534
0.09259719,0.9681534
0.09259719,0.9681534
0.09259719,0.9681534
0.09259719,0.9681534
0.09259719,0.9681534
0.09259719,0.9681534
0.09259719,0.9681534
0.09259719,0.9681534
0.09259719,0.9681534
0.09259719,0.9681534
0.09259719,0.9681534
0.09259719,0.9681534
0.09259719,0.9681534
0.09259719,0.9681534
0.09259719,0.9681534
0.09259719,0.9681534
0.09259719,0.9681534
0.09259719,0.9681534
0.09259719,0.9681534
0.09259719,0.9681534
0.09259719,0.9681534
0.09259719,0.9681534
0.09259719,0.9681534
0.09259719,0.9681534
0.09259719,0.9681534
0.09259719,0.9681534
0.09259719,0.9681534
0.09259719,0.9681534
0.09259719,0.9681534
0.09259719,0.9681534
0.09259719,0.9681534
0.09259719,0.9681534
0.09259719,0.9681534
0.09259719,0.9681534
0.09259719,0.9681534
0.09259719,0.9681534
0.09259719,0.9681534
0.09450322,0.3971705
0.09472329,0.3936103
0.09472329,0.3882075
0.09450322,0.3846474
0.09392456,0.3821391
0.09392456,0.3996788
0.09310321,0.3811852
0.09310321,0.4006327
0.0910005,0.3811852
0.0910005,0.4006326
0.09259719,0.9681534
0.09259719,0.9681534
0.09259719,0.9681534
0.09259719,0.9681534
0.09259719,0.9681534
0.09259719,0.9681534
0.09259719,0.9681534
0.09259719,0.9681534
0.09259719,0.9681534
0.09259719,0.9681534
0.09259719,0.9681534
0.09259719,0.9681534
0.09259719,0.9681534
0.09259719,0.9681534
0.09259719,0.9681534
0.09259719,0.9681534
0.09259719,0.9681534
0.09259719,0.9681534
0.09259719,0.9681534
0.09259719,0.9681534
0.09259719,0.9681534
0.09259719,0.9681534
0.09259719,0.9681534
0.09259719,0.9681534
0.09259719,0.9681534
0.09259719,0.9681534
0.09259719,0.9681534
0.09259719,0.9681534
0.09259719,0.9681534
0.09259719,0.9681534
0.09259719,0.9681534
0.09259719,0.9681534
0.09259719,0.9681534
0.09259719,0.9681534
0.09259719,0.9681534
0.09259719,0.9681534
0.09259719,0.9681534
0.09259719,0.9681534
0.09259719,0.9681534
0.09259719,0.9681534
0.09259719,0.9681534
0.09259719,0.9681534
0.09259719,0.9681534
0.09259719,0.9681534
0.09259719,0.9681534
0.09259719,0.9681534
0.09259719,0.9681535
0.09259719,0.9681534
0.09259719,0.9681534
0.09259719,0.9681534
0.09259719,0.9681534
0.09259719,0.9681535
0.09259719,0.9681534
0.09259719,0.9681534
0.09259719,0.9681534
0.09259719,0.9681534
0.09259719,0.9681534
0.09259719,0.9681534
0.09259719,0.9681534
0.09259719,0.9681534
0.09259719,0.9681534
0.09259719,0.9681534
0.09259719,0.9681534
0.09259719,0.9681534
0.09259719,0.9681534
0.09259719,0.9681534
0.09259719,0.9681534
0.09259719,0.9681534
0.09259719,0.9681534
0.09259719,0.9681534
0.09259719,0.9681534
0.09259719,0.9681534
0.09259719,0.9681534
0.09259719,0.9681534
0.09259719,0.9681534
0.09259719,0.9681534
0.09259719,0.9681534
0.09259719,0.9681534
0.09259719,0.9681534
0.09259719,0.9681534
0.09259719,0.9681534
0.09259719,0.9681534
0.09259719,0.9681534
0.09259719,0.9681534
0.09259719,0.9681534
0.09259719,0.9681534
0.09259719,0.9681534
0.09259719,0.9681534
0.09259719,0.9681534
0.09259719,0.9681534
0.09259719,0.9681534
0.09259719,0.9681534
0.09259719,0.9681534
0.09259719,0.9681534
0.09259719,0.9681534
0.09259719,0.9681534
0.09259719,0.9681534
0.09259719,0.9681534
0.09259719,0.9681534
0.09259719,0.9681534
0.09259719,0.9681534
0.09259719,0.9681534
0.09259719,0.9681534
0.09259719,0.9681534
0.09259719,0.9681534
0.09259719,0.9681534
0.09259719,0.9681534
0.09259719,0.9681534
0.09259719,0.9681534
0.09259719,0.9681534
0.09259719,0.9681534
0.09259719,0.9681534
0.09259719,0.9681534
0.09259719,0.9681534
0.09259719,0.9681534
0.09259719,0.9681534
0.09259719,0.9681534
0.09259719,0.9681534
0.09259719,0.9681534
0.09259719,0.9681534
0.09259719,0.9681534
0.09259719,0.9681534
0.09259719,0.9681534
0.09259719,0.9681534
0.09259719,0.9681534
0.09259719,0.9681534
0.09259719,0.9681534
0.09259719,0.9681534
0.09259719,0.9681534
0.09259719,0.9681534
0.09259719,0.9681534
0.09259719,0.9681534
0.09259719,0.9681534
0.09259719,0.9681534
0.09259719,0.9681534
0.09259719,0.9681534
0.09259719,0.9681534
0.09259719,0.9681534
0.09259719,0.9681534
0.09259719,0.9681534
0.09259719,0.9681534
0.09259719,0.9681534
0.09259719,0.9681534
0.09259719,0.9681534
0.09259719,0.9681534
0.09259719,0.9681534
0.09259719,0.9681534
0.09259719,0.9681534
0.09259719,0.9681534
0.09259719,0.9681534
0.09259719,0.9681534
0.09259719,0.9681534
0.09259719,0.9681534
0.09259719,0.9681534
0.09259719,0.9681534
0.09259719,0.9681534
0.09259719,0.9681534
0.09259719,0.9681534
0.09259719,0.9681534
0.09259719,0.9681534
0.09259719,0.9681534
0.09259719,0.9681534
0.09259719,0.9681534
0.09259719,0.9681534
0.09259719,0.9681534
0.09259719,0.9681534
0.09259719,0.9681534
0.09259719,0.9681534
0.09259719,0.9681534
0.09259719,0.9681534
0.09259719,0.9681534
0.09259719,0.9681534
0.09259719,0.9681534
0.09259719,0.9681534
0.09259719,0.9681534
0.09259719,0.9681534
0.09259719,0.9681534
0.09259719,0.9681534
0.09259719,0.9681534
0.09259719,0.9681534
0.09259719,0.9681534
0.09259719,0.9681534
0.09259719,0.9681534
0.09259719,0.9681534
0.09259719,0.9681534
0.09259719,0.9681534
0.09259719,0.9681534
0.09259719,0.9681534
0.09259719,0.9681534
0.09259719,0.9681534
0.09259719,0.9681534
0.09259719,0.9681534
0.09259719,0.9681534
0.09259719,0.9681534
0.09259719,0.9681534
0.09259719,0.9681534
0.09259719,0.9681534
0.09259719,0.9681534
0.09259719,0.9681534
0.09259719,0.9681534
0.09259719,0.9681534
0.09259719,0.9681534
0.09259719,0.9681534
0.09259719,0.9681534
0.09259719,0.9681534
0.09259719,0.9681534
0.09259719,0.9681534
0.09259719,0.9681534
0.09259719,0.9681534
0.09259719,0.9681534
0.09259719,0.9681534
0.09259719,0.9681534
0.09259719,0.9681534
0.09259719,0.9681534
0.09259719,0.9681534
0.09259719,0.9681534
0.09259719,0.9681534
0.09259719,0.9681534
0.09259719,0.9681534
0.09259719,0.9681534
0.09259719,0.9681534
0.09259719,0.9681534
0.09259719,0.9681534
0.09259719,0.9681534
0.09259719,0.9681534
0.09259719,0.9681534
0.09259719,0.9681534
0.09259719,0.9681534
0.09259719,0.9681534
0.09259719,0.9681534
0.09259719,0.9681534
0.09259719,0.9681534
0.09259719,0.9681534
0.09259719,0.9681534
0.09259719,0.9681534
0.09259719,0.9681534
0.09259719,0.9681534
0.09259719,0.9681534
0.09259719,0.9681534
0.09259719,0.9681534
0.09259719,0.9681534
0.09259719,0.9681534
0.09259719,0.9681534
0.09259719,0.9681534
0.09259719,0.9681534
0.09259719,0.9681534
0.09259719,0.9681534
0.09259719,0.9681534
0.09259719,0.9681534
0.09259719,0.9681534
0.09259719,0.9681534
0.09259719,0.9681534
0.09259719,0.9681534
0.09259719,0.9681534
0.09259719,0.9681534
0.09259719,0.9681534
0.09259719,0.9681534
0.09259719,0.9681534
0.09259719,0.9681534
0.09259719,0.9681534
0.09259719,0.9681534
0.09259719,0.9681534
0.09259719,0.9681534
0.09259719,0.9681534
0.09259719,0.9681534
0.09259719,0.9681534
0.09259719,0.9681534
0.09259719,0.9681534
0.09259719,0.9681534
0.09259719,0.9681534
0.09259719,0.9681534
0.09259719,0.9681534
0.09259719,0.9681534
0.09259719,0.9681534
0.09259719,0.9681534
0.09259719,0.9681534
0.09259719,0.9681534
0.09259719,0.9681534
0.09259719,0.9681534
0.09259719,0.9681534
0.09259719,0.9681534
0.09259719,0.9681534
0.09259719,0.9681534
0.09259719,0.9681534
0.09259719,0.9681534
0.09259719,0.9681534
0.09259719,0.9681534
0.09259719,0.9681534
0.09259719,0.9681534
0.09259719,0.9681534
0.09259719,0.9681534
0.09259719,0.9681534
0.09259719,0.9681534
0.09259719,0.9681534
0.09259719,0.9681534
0.09259719,0.9681534
0.09259719,0.9681534
0.09259719,0.9681534
0.09259719,0.9681534
0.09259719,0.9681534
0.09259719,0.9681534
0.09259719,0.9681534
0.09259719,0.9681534
0.09259719,0.9681534
0.09259719,0.9681534
0.09259719,0.9681534
0.09259719,0.9681534
0.09259719,0.9681534
0.09259719,0.9681534
0.09259719,0.9681534
0.09259719,0.9681534
0.09259719,0.9681534
0.09259719,0.9681534
0.09259719,0.9681534
0.09259719,0.9681534
0.09259719,0.9681534
0.09259719,0.9681534
0.09259719,0.9681534
0.09259719,0.9681534
0.09259719,0.9681534
0.09259719,0.9681534
0.09259719,0.9681534
0.09259719,0.9681534
0.09259719,0.9681534
0.09259719,0.9681534
0.09259719,0.9681534
0.09259719,0.9681534
0.09259719,0.9681534
0.09259719,0.9681534
0.09259719,0.9681534
0.09259719,0.9681534
0.09259719,0.9681534
0.09259719,0.9681534
0.09259719,0.9681534
0.09259719,0.9681534
0.09259719,0.9681534
0.09259719,0.9681534
0.09259719,0.9681534
0.09259719,0.9681534
0.09259719,0.9681534
0.09259719,0.9681534
0.09259719,0.9681534
0.09259719,0.9681534
0.09259719,0.9681534
0.09259719,0.9681534
0.09259719,0.9681534
0.09259719,0.9681534
0.09259719,0.9681534
0.09259719,0.9681534
0.09259719,0.9681534
0.09259719,0.9681534
0.09259719,0.9681534
0.09259719,0.9681534
0.09259719,0.9681534
0.09259719,0.9681534
0.09259719,0.9681534
0.09259719,0.9681534
0.09259719,0.9681534
0.09259719,0.9681534
0.09259719,0.9681534
0.09259719,0.9681534
0.09259719,0.9681534
0.09259719,0.9681534
0.09259719,0.9681534
0.09259719,0.9681534
0.09259719,0.9681534
0.09259719,0.9681534
0.09259719,0.9681534
0.09259719,0.9681534
0.09259719,0.9681534
0.09259719,0.9681534
0.09259719,0.9681534
0.09259719,0.9681534
0.09259719,0.9681534
0.09259719,0.9681534
0.09259719,0.9681534
0.09259719,0.9681534
0.09259719,0.9681534
0.09259719,0.9681534
0.09259719,0.9681534
0.09259719,0.9681534
0.09259719,0.9681534
0.09259719,0.9681534
0.09259719,0.9681534
0.09259719,0.9681534
0.09259719,0.9681534
0.09259719,0.9681534
0.09259719,0.9681534
0.09259719,0.9681534
0.09259719,0.9681534
0.09259719,0.9681534
0.09259719,0.9681534
0.09259719,0.9681534
0.09259719,0.9681534
0.09259719,0.9681534
0.09259719,0.9681534
0.09259719,0.9681534
0.09259719,0.9681534
0.09259719,0.9681534
0.09259719,0.9681534
0.09259719,0.9681534
0.09259719,0.9681534
0.09259719,0.9681534
0.09259719,0.9681534
0.09292965,0.96863
0.09292965,0.96863
0.09292965,0.96863
0.09292965,0.96863
0.09292965,0.96863
0.09292965,0.96863
0.09292965,0.96863
0.09292965,0.96863
0.09259719,0.9681534
0.09259719,0.9681534
0.09259719,0.9681534
0.09259719,0.9681534
0.09259719,0.9681534
0.09259719,0.9681534
0.09259719,0.9681534
0.09259719,0.9681534
0.09259719,0.9681534
0.09259719,0.9681534
0.09259719,0.9681534
0.09259719,0.9681534
0.09259719,0.9681534
0.09259719,0.9681534
0.09259719,0.9681534
0.09259719,0.9681534
0.09259719,0.9681534
0.09259719,0.9681534
0.09259719,0.9681534
0.09259719,0.9681534
0.09259719,0.9681534
0.09259719,0.9681534
0.09259719,0.9681534
0.09259719,0.9681534
0.09259719,0.9681534
0.09259719,0.9681534
0.09259719,0.9681534
0.09259719,0.9681534
0.09009719,0.9606534
0.09009719,0.9606534
0.09009719,0.9606534
0.09009719,0.9606534
0.09009719,0.9606534
0.09009719,0.9606534
0.09009719,0.9606534
0.09009719,0.9606534
0.09009719,0.9606534
0.09009719,0.9606534
0.09009719,0.9606534
0.09009719,0.9606534
0.09009719,0.9606534
0.09009719,0.9606534
0.09009719,0.9606534
0.09009719,0.9606534
0.09009719,0.9606534
0.09009719,0.9606534
0.09009719,0.9606534
0.09009719,0.9606534
0.09009719,0.9606534
0.09009719,0.9606534
0.09009719,0.9606534
0.09009719,0.9606534
0.09009719,0.9606534
0.09009719,0.9606534
0.09009719,0.9606534
0.09009719,0.9606534
0.09009719,0.9606534
0.09214552,0.9679515
0.09214552,0.9679515
0.09214552,0.9679515
0.09214552,0.9679515
0.09295809,0.9686249
0.09295809,0.9686249
0.09295809,0.9686249
0.09295809,0.9686249
0.09214552,0.9679515
0.09214552,0.9679515
0.09214552,0.9679515
0.09214552,0.9679515
0.09214552,0.9679515
0.09214552,0.9679515
0.09295809,0.9686249
0.09295809,0.9686249
0.09295809,0.9686249
0.09295809,0.9686249
0.09214552,0.9679515
0.09214552,0.9679515
0.09214552,0.9679515
0.09214552,0.9679515
0.09214552,0.9679515
0.09214552,0.9679515
0.09214552,0.9679515
0.09214552,0.9679515
0.09214552,0.9679515
0.09214552,0.9679515
0.09214552,0.9679515
0.09214552,0.9679515
0.09295809,0.9686249
0.09295809,0.9686249
0.09295809,0.9686249
0.09295809,0.9686249
0.09214552,0.9679515
0.09214552,0.9679515
0.09214552,0.9679515
0.09214552,0.9679515
0.09214552,0.9679515
0.09214552,0.9679515
0.09295809,0.9686249
0.09295809,0.9686249
0.09295809,0.9686249
0.09295809,0.9686249
0.09295809,0.9686249
0.09295809,0.9686249
0.09295809,0.9686249
0.09295809,0.9686249
0.09259719,0.9681534
0.09259719,0.9681534
0.09259719,0.9681534
0.0921587,0.9681515
0.0921587,0.9681515
0.09295809,0.9686249
0.09259719,0.9681534
0.09295809,0.9686249
0.09214552,0.9679515
0.09214552,0.9679515
0.09214552,0.9679515
0.09214552,0.9679515
0.09214552,0.9679515
0.09214552,0.9679515
0.09214552,0.9679515
0.09214552,0.9679515
0.09214552,0.9679515
0.09214552,0.9679515
0.09214552,0.9679515
0.09214552,0.9679515
0.09214552,0.9679515
0.09214552,0.9679515
0.09214552,0.9679515
0.09214552,0.9679515
0.094969,0.972097
0.094969,0.9731138
0.09710258,0.9731138
0.09707171,0.972097
0.09801447,0.9720547
0.09789306,0.9711431
0.09868203,0.9691612
0.09847172,0.9686349
0.09892637,0.9652086
0.09869179,0.9650747
0.09892637,0.959538
0.09869179,0.9596719
0.09868203,0.9555854
0.09847172,0.9561117
0.09801447,0.9526919
0.09789306,0.9536034
0.09710258,0.9516327
0.09707171,0.9526495
0.094969,0.9516327
0.094969,0.9526495
0.09291798,0.9685037
0.09291798,0.9685037
0.09291798,0.9685037
0.09291798,0.9685037
0.09291798,0.9685037
0.09291798,0.9685037
0.09291798,0.9685037
0.09291798,0.9685037
0.09291798,0.9685037
0.09291798,0.9685037
0.09291798,0.9685037
0.09291798,0.9685037
0.09291798,0.9685037
0.09291798,0.9685037
0.09291798,0.9685037
0.09291798,0.9685037
0.09291798,0.9685037
0.09291798,0.9685037
0.09291798,0.9685037
0.09291798,0.9685037
0.09291798,0.9685037
0.09291798,0.9685037
0.09291798,0.9685037
0.09291798,0.9685037
0.09291798,0.9685037
0.09291798,0.9685037
0.09291798,0.9685037
0.09291798,0.9685037
0.09291798,0.9685037
0.09291798,0.9685037
0.09291798,0.9685037
0.09291798,0.9685037
0.09291798,0.9685037
0.09291798,0.9685037
0.09291798,0.9685037
0.09291798,0.9685037
0.09291141,0.9686458
0.09291141,0.9686458
0.09291141,0.9686458
0.09291141,0.9686458
0.09291141,0.9686458
0.09291141,0.9686458
0.09291141,0.9686458
0.09291141,0.9686458
0.09291141,0.9686458
0.09291141,0.9686458
0.09291141,0.9686458
0.09291141,0.9686458
0.09291141,0.9686458
0.09291141,0.9686458
0.09291141,0.9686458
0.09291141,0.9686458
0.09291141,0.9686458
0.09291141,0.9686458
0.09291141,0.9686458
0.09291141,0.9686458
0.09291141,0.9686458
0.09291141,0.9686458
0.09291141,0.9686458
0.09291141,0.9686458
0.09291141,0.9686458
0.09291141,0.9686458
0.09291141,0.9686458
0.09291141,0.9686458
0.09291141,0.9686458
0.09291141,0.9686458
0.09291141,0.9686458
0.09291141,0.9686458
0.09291141,0.9686458
0.09291141,0.9686458
0.09291141,0.9686458
0.09291141,0.9686458
0.09291141,0.9686458
0.09291141,0.9686458
0.09291141,0.9686458
0.09291141,0.9686458
0.09291141,0.9686458
0.09291141,0.9686458
0.09291141,0.9686458
0.09291141,0.9686458
0.09259719,0.9681534
0.09259719,0.9681534
0.09259719,0.9681534
0.09259719,0.9681534
0.09259719,0.9681534
0.09262814,0.9681938
0.09259719,0.9681534
0.09259719,0.9681534
0.09259719,0.9681534
0.09259719,0.9681534
0.09259719,0.9681534
0.09262814,0.9681938
0.09291141,0.9686458
0.09291141,0.9686458
0.09291141,0.9686458
0.09291141,0.9686458
0.09291141,0.9686458
0.09291141,0.9686458
0.09291141,0.9686458
0.09291141,0.9686458
0.09291141,0.9686458
0.09291141,0.9686458
0.09291141,0.9686458
0.09291141,0.9686458
0.09291141,0.9686458
0.09291141,0.9686458
0.09291141,0.9686458
0.09291141,0.9686458
0.09291141,0.9686458
0.09291141,0.9686458
0.09291141,0.9686458
0.09291141,0.9686458
0.09291141,0.9686458
0.09291141,0.9686458
0.09291141,0.9686458
0.09291141,0.9686458
0.09291141,0.9686458
0.09291141,0.9686458
0.09291141,0.9686458
0.09291141,0.9686458
0.09291141,0.9686458
0.09259719,0.9681534
0.09259719,0.9681534
0.09259719,0.9681534
0.09259719,0.9681534
0.09291141,0.9686458
0.09291141,0.9686458
0.09291141,0.9686458
0.09291141,0.9686458
0.1450972,0.5331533
0.1450972,0.5331533
0.1450972,0.5331533
0.1450972,0.5331533
0.1450972,0.5331533
0.1450972,0.5331533
0.1450972,0.5331533
0.1450972,0.5331533
0.1450972,0.5331533
0.1450972,0.5331533
0.1450972,0.5331533
0.1450972,0.5331533
0.1450972,0.5331533
0.1450972,0.5331533
0.1450972,0.5331533
0.1450972,0.5331533
0.1450972,0.5331534
0.1450972,0.5331533
0.1450972,0.5331533
0.1450972,0.5331533
0.1450972,0.5331533
0.1450972,0.5331533
0.1450972,0.5331533
0.1450972,0.5331533
0.1450972,0.5331533
0.1450972,0.5331533
0.1450972,0.5331533
0.1450972,0.5331534
0.1450972,0.5331533
0.1450972,0.5331534
0.1450972,0.5331533
0.1450972,0.5331533
0.0975972,0.4081534
0.09759718,0.4081534
0.0975972,0.4081534
0.0975972,0.4081534
0.0975972,0.4081534
0.09759718,0.4081534
0.0975972,0.4081534
0.1525972,0.5431533
0.1525972,0.5431533
0.1525972,0.5431533
0.1525972,0.5431533
0.1525972,0.5431533
0.1525972,0.5431533
0.1525972,0.5431534
0.1525972,0.5431533
0.1525972,0.5431534
0.1525972,0.5431533
0.1525972,0.5431533
0.1525972,0.5431534
0.1525972,0.5431533
0.1525972,0.5431534
0.1525972,0.5431533
0.1525972,0.5431533
0.1525972,0.5431533
0.1525972,0.5431533
0.1525972,0.5431533
0.1525972,0.5431533
0.1525972,0.5431533
0.1525972,0.5431533
0.1525972,0.5431533
0.1525972,0.5431533
0.1525972,0.5431533
0.1525972,0.5431533
0.1525972,0.5431533
0.1525972,0.5431533
0.1525972,0.5431533
0.1525972,0.5431533
0.1525972,0.5431533
0.1525972,0.5431533
0.1525972,0.5431533
0.1525972,0.5431533
0.09259718,0.9681534
0.09259718,0.9681534
0.09259718,0.9681533
0.09259718,0.9681533
0.09259719,0.9681534
0.09259719,0.9681534
0.09259719,0.9681534
0.09259717,0.9681532
0.09259719,0.9681533
0.09259718,0.9681533
0.09259719,0.9681534
0.09259719,0.9681534
0.09259719,0.9681534
0.09259718,0.9681533
0.09259718,0.9681534
0.09259719,0.9681534
0.09259719,0.9681534
0.09259719,0.9681534
0.09259718,0.9681533
0.09259719,0.9681534
0.09259718,0.9681533
0.09259719,0.9681533
0.09259719,0.9681534
0.09259719,0.9681534
0.0390224,0.9622006
0.0390224,0.9622006
0.0390224,0.9622005
0.0390224,0.9622006
0.03902239,0.9622005
0.0390224,0.9622005
0.0390224,0.9622006
0.0390224,0.9622006
0.09259717,0.9681532
0.09259717,0.9681532
0.09259719,0.9681534
0.09259719,0.9681534
0.09259718,0.9681534
0.09259718,0.9681534
0.09259719,0.9681534
0.09259718,0.9681533
0.09259718,0.9681533
0.09259719,0.9681534
0.09259718,0.9681533
0.09259718,0.9681533
0.09291141,0.9686458
0.09291141,0.9686458
0.09291141,0.9686458
0.09291141,0.9686458
0.09291141,0.9686458
0.09291141,0.9686458
0.09291141,0.9686458
0.09291141,0.9686458
0.09291141,0.9686458
0.09291141,0.9686458
0.09291141,0.9686458
0.09291141,0.9686458
0.09291141,0.9686458
0.09291141,0.9686458
0.09291141,0.9686458
0.09290485,0.9683614
0.09290485,0.9683614
0.09290485,0.9683614
0.09290485,0.9683614
0.09290485,0.9683614
0.09290485,0.9683614
0.09290485,0.9683614
0.09290485,0.9683614
0.09290485,0.9683614
0.09290485,0.9683614
0.09290485,0.9683614
0.04793409,0.9522558
0.04793407,0.9522559
0.04793407,0.9522559
0.04793409,0.9522558
0.09754036,0.9720983
0.09754036,0.9720984
0.09754035,0.9720984
0.09754035,0.9720984
0.09754036,0.9720984
0.09754036,0.9720984
0.09754035,0.9720985
0.09754035,0.9720984
0.09754036,0.9720983
0.09754036,0.9720983
0.09754035,0.9720984
0.09754035,0.9720984
0.04793409,0.9522558
0.04793407,0.9522559
0.04793407,0.9522558
0.04793409,0.9522558
0.08329958,0.9563752
0.08329958,0.9563752
0.08329958,0.9563752
0.08329958,0.9563752
0.08329958,0.9563752
0.08329958,0.9563752
0.08329958,0.9563752
0.08329958,0.9563752
0.08329958,0.9563752
0.08329958,0.9563752
0.08329958,0.9563752
0.08329958,0.9563752
0.08329958,0.9563752
0.08329958,0.9563752
0.08329958,0.9563752
0.08329958,0.9563752
0.08329958,0.9563752
0.08329958,0.9563752
0.08329958,0.9563752
0.08329958,0.9563752
0.08329958,0.9563752
0.08329958,0.9563752
0.08329958,0.9563752
0.08329958,0.9563752
0.08329958,0.9563752
0.08329958,0.9563752
0.08329958,0.9563752
0.08329958,0.9563752
0.08329958,0.9563752
0.08329958,0.9563752
0.08329958,0.9563752
0.08329958,0.9563752
0.08329958,0.9563752
0.08329958,0.9563752
0.08329958,0.9563752
0.08329958,0.9563752
0.08329958,0.9563752
0.08329958,0.9563752
0.08329958,0.9563752
0.08329958,0.9563752
0.08329958,0.9563752
0.08329958,0.9563752
0.08329958,0.9563752
0.08329958,0.9563752
0.08329958,0.9563752
0.08329958,0.9563752
0.08329958,0.9563752
0.08329958,0.9563752
0.09259719,0.9681534
0.09259719,0.9681534
0.09259719,0.9681534
0.09259719,0.9681534
0.09259719,0.9681534
0.09259719,0.9681534
0.09259719,0.9681534
0.09259719,0.9681534
0.09259719,0.9681534
0.09259719,0.9681534
0.09259719,0.9681534
0.09259719,0.9681534
0.09259719,0.9681534
0.09259719,0.9681534
0.09259719,0.9681534
0.09259719,0.9681534
0.09259719,0.9681534
0.09259719,0.9681534
0.09259719,0.9681534
0.09259719,0.9681534
0.09259719,0.9681534
0.09259719,0.9681534
0.09259719,0.9681534
0.09259719,0.9681534
0.09259719,0.9681534
0.09259719,0.9681534
0.09259719,0.9681534
0.09259719,0.9681534
0.09259719,0.9681534
0.09259719,0.9681534
0.09259719,0.9681534
0.09259719,0.9681534
0.09259719,0.9681534
0.09259719,0.9681534
0.09259719,0.9681534
0.09259719,0.9681534
0.09259719,0.9681534
0.09259719,0.9681534
0.09259719,0.9681534
0.09259719,0.9681534
0.09259719,0.9681534
0.09259719,0.9681534
0.09259719,0.9681534
0.09259719,0.9681534
0.09259719,0.9681533
0.09259719,0.9681534
0.09259719,0.9681534
0.09259719,0.9681534
0.09259719,0.9681534
0.09259719,0.9681534
0.09259719,0.9681534
0.09259719,0.9681533
0.08329958,0.9563752
0.08329958,0.9563752
0.08329958,0.9563752
0.08329958,0.9563752
0.08329958,0.9563752
0.08329958,0.9563752
0.08329958,0.9563752
0.08329958,0.9563752
0.08329958,0.9563752
0.08329958,0.9563752
0.08329958,0.9563752
0.08329958,0.9563752
0.08329958,0.9563752
0.08329958,0.9563752
0.08329958,0.9563752
0.08329958,0.9563752
0.08329958,0.9563752
0.08329958,0.9563752
0.08329958,0.9563752
0.08329958,0.9563752
0.08329958,0.9563752
0.08329958,0.9563752
0.08329958,0.9563752
0.08329958,0.9563752
0.08329958,0.9563752
0.08329958,0.9563752
0.08329958,0.9563752
0.08329958,0.9563752
0.08329958,0.9563752
0.08329958,0.9563752
0.08329958,0.9563752
0.08329958,0.9563752
0.08329958,0.9563752
0.08329958,0.9563752
0.08329958,0.9563752
0.08329958,0.9563752
0.08329958,0.9563752
0.08329958,0.9563752
0.08329958,0.9563752
0.08329958,0.9563752
0.08329958,0.9563752
0.08329958,0.9563752
0.08329958,0.9563752
0.08329958,0.9563752
0.08329958,0.9563752
0.08329958,0.9563752
0.08329958,0.9563752
0.08329958,0.9563752
0.09872773,0.9713982
0.09872775,0.9713984
0.09872776,0.9713984
0.09872773,0.9713983
0.09872775,0.9713984
0.09872775,0.9713984
0.09872774,0.9713984
0.09872775,0.9713984
0.09872775,0.9713984
0.09872775,0.9713985
0.09872775,0.9713984
0.09872774,0.9713984
0.09872775,0.9713985
0.09872775,0.9713984
0.09872775,0.9713984
0.09872773,0.9713982
0.09872775,0.9713984
0.09872774,0.9713984
0.09872775,0.9713984
0.09872773,0.9713984
0.09872775,0.9713985
0.09872775,0.9713984
0.09872775,0.9713984
0.09872775,0.9713984
0.09872775,0.9713984
0.09872774,0.9713984
0.09872774,0.9713985
0.09872775,0.9713985
0.09872775,0.9713984
0.09872776,0.9713985
0.09872776,0.9713983
0.09872776,0.9713984
0.09872775,0.9713984
0.09872775,0.9713984
0.09872774,0.9713984
0.09872775,0.9713984
0.09872774,0.9713984
0.09872775,0.9713984
0.09872775,0.9713985
0.09872774,0.9713985
0.09872774,0.9713984
0.09872775,0.9713985
0.09872776,0.9713985
0.09872775,0.9713984
0.09872775,0.9713984
0.09872775,0.9713984
0.09872776,0.9713985
0.09872775,0.9713984
0.09872773,0.9713982
0.09872774,0.9713984
0.09872774,0.9713983
0.09872775,0.9713984
0.09872774,0.9713984
0.09872775,0.9713985
0.09872775,0.9713984
0.09872776,0.9713985
0.09872775,0.9713982
0.09872776,0.9713983
0.09872776,0.9713985
0.09872775,0.9713984
0.09872774,0.9713984
0.09872775,0.9713982
0.09872776,0.9713985
0.09872775,0.9713985
0.09872773,0.9713984
0.0938099,0.9810453
0.09380991,0.9810452
0.09380992,0.9810454
0.09380993,0.9810455
0.09380993,0.9810454
0.09380993,0.9810453
0.09380992,0.9810453
0.09380991,0.9810452
0.09380992,0.9810452
0.09380993,0.9810454
0.09380992,0.9810453
0.09380992,0.9810452
0.09380992,0.9810452
0.09380992,0.9810452
0.09380992,0.9810452
0.09380991,0.9810453
0.09380991,0.9810452
0.09380991,0.9810452
0.09380992,0.9810452
0.09380993,0.9810453
0.09380992,0.9810452
0.09380993,0.9810454
0.09380992,0.9810454
0.0938099,0.9810454
0.09380991,0.9810452
0.0938099,0.9810453
0.09380991,0.9810452
0.09380992,0.9810453
0.09380993,0.9810454
0.09380992,0.9810452
0.09259719,0.9681534
0.09259719,0.9681534
0.09259719,0.9681534
0.09259719,0.9681534
0.09259719,0.9681534
0.09259719,0.9681534
0.09259719,0.9681534
0.09259719,0.9681534
0.09259719,0.9681534
0.09259719,0.9681534
0.09259719,0.9681534
0.09259719,0.9681534
0.09259719,0.9681534
0.09259719,0.9681534
0.09259719,0.9681534
0.09259719,0.9681534
0.09259719,0.9681534
0.09259719,0.9681534
0.09259719,0.9681534
0.09259719,0.9681534
0.09259719,0.9681534
0.09259719,0.9681534
0.09259719,0.9681534
0.09259719,0.9681534
0.09259719,0.9681534
0.09259719,0.9681534
0.09259719,0.9681533
0.09259719,0.9681534
0.09259719,0.9681534
0.09259719,0.9681534
0.09259719,0.9681534
0.09259719,0.9681534
0.09259719,0.9681533
0.09259719,0.9681534
0.09259721,0.9681534
0.09259719,0.9681534
0.09259719,0.9681534
0.09259719,0.9681534
0.09259719,0.9681533
0.09259719,0.9681533
0.09259719,0.9681534
0.09259719,0.9681534
0.09259719,0.9681534
0.09259719,0.9681534
0.09259719,0.9681533
0.09259719,0.9681533
0.09259719,0.9681534
0.09259719,0.9681534
0.09259719,0.9681534
0.09259719,0.9681534
0.1719672,0.5554291
0.1719672,0.5554291
0.1719672,0.555429
0.1719672,0.555429
0.1719672,0.555429
0.1719672,0.5554292
0.1719672,0.5554291
0.1719672,0.5554291
0.1719672,0.555429
0.1719672,0.5554292
0.1719672,0.5554291
0.1719672,0.5554291
0.1719672,0.555429
0.1719672,0.5554291
0.1719672,0.5554291
0.1719672,0.5554292
0.1719672,0.5554292
0.1719672,0.5554292
0.1719672,0.5554291
0.1719672,0.5554291
0.1719672,0.555429
0.1719672,0.5554291
0.1719672,0.5554291
0.1719672,0.5554292
0.1719672,0.5554291
0.1719672,0.5554291
0.1719672,0.5554291
0.1719672,0.5554291
0.1719672,0.5554291
0.1719672,0.5554291
0.1719672,0.5554291
0.1719672,0.5554291
0.1719672,0.555429
0.1719672,0.555429
0.1719672,0.5554292
0.1719672,0.5554292
0.1719672,0.5554291
0.1719672,0.5554291
0.1719672,0.555429
0.1719672,0.555429
0.1719672,0.555429
0.1719672,0.555429
0.1719672,0.5554292
0.1719672,0.5554292
0.1719672,0.5554292
0.1719672,0.5554292
0.1719672,0.5554291
0.1719672,0.5554291
0.09259719,0.9681534
0.09259719,0.9681534
0.09259719,0.9681534
0.09259719,0.9681534
0.09259719,0.9681534
0.09259719,0.9681534
0.09259719,0.9681534
0.09259719,0.9681534
0.09259719,0.9681534
0.09259719,0.9681534
0.09259719,0.9681534
0.09259719,0.9681534
0.09259719,0.9681534
0.09259719,0.9681534
0.09259719,0.9681534
0.09259719,0.9681534
0.09259719,0.9681534
0.09259719,0.9681534
0.09259719,0.9681534
0.09259719,0.9681534
0.09259719,0.9681534
0.09259719,0.9681534
0.09259719,0.9681534
0.09295809,0.9686249
0.09262814,0.9681938
0.09259719,0.9681534
0.0921587,0.9681515
0.09295809,0.9686249
0.09259719,0.9681534
0.09259719,0.9681534
0.09259719,0.9681534
0.09259718,0.9681534
0.09259719,0.9681534
0.09259719,0.9681534
0.09259719,0.9681534
0.09259719,0.9681534
0.09259719,0.9681534
0.09259719,0.9681534
0.09259719,0.9681534
0.09259719,0.9681534
0.09259719,0.9681534
0.09259719,0.9681534
0.09259719,0.9681533
0.09259719,0.9681534
0.09259719,0.9681534
0.09259719,0.9681534
0.09259719,0.9681534
0.09259719,0.9681534
0.09259719,0.9681534
0.09259719,0.9681534
0.09259719,0.9681534
0.09259719,0.9681534
0.09259719,0.9681534
0.09259719,0.9681534
0.09259719,0.9681534
0.09259719,0.9681534
0.09259719,0.9681534
0.09259719,0.9681534
0.09259719,0.9681534
0.09259719,0.9681534
0.09259719,0.9681534
0.09259719,0.9681534
0.09259719,0.9681534
0.09259719,0.9681534
0.09259719,0.9681534
0.09259719,0.9681534
0.09259719,0.9681534
0.09259719,0.9681534
0.09259719,0.9681534
0.09259719,0.9681534
0.09259719,0.9681534
0.09259719,0.9681534
0.09259719,0.9681534
0.09259719,0.9681534
0.09259719,0.9681534
0.09259719,0.9681534
0.09259719,0.9681534
0.09259719,0.9681534
0.09259719,0.9681534
0.09259719,0.9681534
0.09259719,0.9681534
0.09259719,0.9681534
0.09259719,0.9681534
0.09259719,0.9681534
0.09259719,0.9681534
0.09259719,0.9681534
0.09259719,0.9681534
0.09259719,0.9681534
0.09259719,0.9681534
0.09259719,0.9681534
0.09259719,0.9681534
0.09259719,0.9681534
0.09259719,0.9681534
0.09259719,0.9681534
0.09259719,0.9681534
0.09259719,0.9681534
0.09259719,0.9681534
0.09259719,0.9681534
0.09259719,0.9681534
0.09259719,0.9681534
0.09259719,0.9681534
0.09259719,0.9681534
0.09259719,0.9681534
0.09259719,0.9681534
0.09259719,0.9681534
0.09259719,0.9681534
0.09259719,0.9681534
0.09259719,0.9681534
0.09259719,0.9681534
0.1080132,0.4151797
0.1080132,0.4211031
0.1071744,0.4211029
0.1071744,0.4151742
0.1064794,0.4138304
0.1064794,0.4197606
0.1056407,0.4197606
0.1056407,0.413825
0.09290485,0.9683614
0.09290485,0.9683614
0.09290485,0.9683614
0.09290485,0.9683614
0.09291141,0.9686458
0.09291141,0.9686458
0.09291141,0.9686458
0.09291141,0.9686458
0.09290485,0.9683614
0.09290485,0.9683614
0.09290485,0.9683614
0.09290485,0.9683614
0.09290485,0.9683614
0.09290485,0.9683614
0.09291141,0.9686458
0.09291141,0.9686458
0.09291141,0.9686458
0.09291141,0.9686458
0.09291141,0.9686458
0.09291141,0.9686458
0.09291141,0.9686458
0.09291141,0.9686458
0.09291141,0.9686458
0.09291141,0.9686458
0.09290485,0.9683614
0.09290485,0.9683614
0.09290485,0.9683614
0.09290485,0.9683614
0.09290485,0.9683614
0.09290485,0.9683614
0.09291141,0.9686458
0.09291141,0.9686458
0.09291141,0.9686458
0.09291141,0.9686458
0.09291141,0.9686458
0.09291141,0.9686458
0.09291141,0.9686458
0.09291141,0.9686458
0.09291141,0.9686458
0.09291141,0.9686458
0.09291141,0.9686458
0.09291141,0.9686458
0.09291141,0.9686458
0.09291141,0.9686458
0.09291141,0.9686458
0.09291141,0.9686458
0.09290485,0.9683614
0.09290485,0.9683614
0.09290485,0.9683614
0.09290485,0.9683614
0.09291141,0.9686458
0.09291141,0.9686458
0.09291141,0.9686458
0.09291141,0.9686458
0.09291141,0.9686458
0.09291141,0.9686458
0.09291141,0.9686458
0.09291141,0.9686458
0.09291141,0.9686458
0.09291141,0.9686458
0.09291141,0.9686458
0.09291141,0.9686458
0.09291141,0.9686458
0.09291141,0.9686458
0.09291141,0.9686458
0.09291141,0.9686458
0.09291141,0.9686458
0.09291141,0.9686458
0.09290485,0.9683614
0.09290485,0.9683614
0.09290485,0.9683614
0.09290485,0.9683614
0.09290485,0.9683614
0.09290485,0.9683614
0.09290485,0.9683614
0.09290485,0.9683614
0.0975972,0.4081534
0.09759718,0.4081534
0.09759718,0.4081534
0.09759721,0.4081534
0.0975972,0.4081534
0.0975972,0.4081534
0.09759718,0.4081534
0.09259719,0.9681534
0.09259719,0.9681534
0.09259719,0.9681534
0.09259719,0.9681534
0.09259719,0.9681534
0.09295809,0.9686249
0.09295809,0.9686249
0.09295809,0.9686249
0.09295809,0.9686249
0.09295809,0.9686249
0.09295809,0.9686249
0.09295809,0.9686249
0.09295809,0.9686249
0.09295809,0.9686249
0.09295809,0.9686249
0.09295809,0.9686249
0.09295809,0.9686249
0.09259719,0.9681534
0.09259719,0.9681534
0.09259719,0.9681534
0.09259719,0.9681534
0.09259719,0.9681534
0.09259719,0.9681534
0.09259719,0.9681534
0.09259719,0.9681534
0.09259719,0.9681534
0.09259719,0.9681534
0.09259719,0.9681534
0.09259719,0.9681534
0.09259719,0.9681534
0.09259719,0.9681534
0.09259719,0.9681534
0.09259719,0.9681534
0.09259719,0.9681534
0.09259719,0.9681534
0.09259719,0.9681533
0.09259719,0.9681534
0.09259719,0.9681534
0.09259719,0.9681534
0.09259719,0.9681534
0.09259719,0.9681534
0.09259719,0.9681534
0.09259719,0.9681534
0.09259719,0.9681534
0.09259719,0.9681534
0.09259719,0.9681534
0.09259719,0.9681534
0.09259719,0.9681534
0.09259719,0.9681534
0.09259719,0.9681534
0.09259719,0.9681534
0.09259719,0.9681534
0.09259719,0.9681534
0.09259719,0.9681534
0.09259719,0.9681534
0.09259719,0.9681534
0.09259719,0.9681534
0.09259719,0.9681534
0.04793409,0.9522558
0.04793407,0.952256
0.04793407,0.952256
0.04793409,0.9522558
0.04793409,0.9522558
0.04793408,0.952256
0.04793409,0.9522558
0.04793406,0.9522561
0.04793409,0.952256
0.04793407,0.952256
0.04793407,0.9522558
0.04793407,0.9522558
0.04793408,0.9522558
0.04793408,0.9522563
0.04793408,0.9522558
0.04793408,0.9522561
0.04793408,0.9522563
0.04793408,0.9522558
0.09259719,0.9681534
0.09259719,0.9681534
0.09259719,0.9681534
0.09259719,0.9681534
0.09259719,0.9681534
0.09259719,0.9681534
0.09259719,0.9681534
0.09259719,0.9681534
0.09259719,0.9681534
0.09259719,0.9681534
0.09259719,0.9681534
0.09259719,0.9681534
0.09259719,0.9681534
0.09259719,0.9681534
0.09259719,0.9681534
0.09259719,0.9681534
0.09259719,0.9681534
0.09259719,0.9681534
0.09259719,0.9681534
0.09259719,0.9681534
0.09259719,0.9681534
0.09259719,0.9681534
0.09295809,0.9686249
0.09295809,0.9686249
0.09295809,0.9686249
0.09295809,0.9686249
0.09295809,0.9686249
0.09295809,0.9686249
0.09295809,0.9686249
0.09295809,0.9686249
0.09295809,0.9686249
0.09295809,0.9686249
0.09295809,0.9686249
0.09295809,0.9686249
0.09295809,0.9686249
0.09295809,0.9686249
0.09295809,0.9686249
0.09295809,0.9686249
0.09295809,0.9686249
0.09295809,0.9686249
0.09259719,0.9681534
0.09259719,0.9681534
0.09259719,0.9681534
0.09259719,0.9681534
0.09259719,0.9681534
0.09259719,0.9681534
0.09259719,0.9681534
0.09259719,0.9681534
0.09259719,0.9681534
0.09259719,0.9681534
0.09259719,0.9681534
0.09259719,0.9681534
0.09259719,0.9681534
0.09259719,0.9681534
0.09259719,0.9681534
0.09259719,0.9681534
0.09259719,0.9681534
0.09300224,0.9682088
0.09300224,0.9682088
0.09300224,0.9682088
0.09300224,0.9682088
0.092051,0.9682088
0.092051,0.9682088
0.092051,0.9682088
0.092051,0.9682088
0.09300224,0.9682088
0.09300224,0.9682088
0.09300224,0.9682088
0.09300224,0.9682088
0.09300224,0.9682088
0.09300224,0.9682088
0.09300224,0.9682088
0.09300224,0.9682088
0.09300224,0.9682088
0.09300224,0.9682088
0.09300224,0.9682088
0.09300224,0.9682088
0.09300224,0.9682088
0.09300224,0.9682088
0.09300224,0.9682088
0.09300224,0.9682088
0.09300224,0.9682088
0.09300224,0.9682088
0.092051,0.9682088
0.092051,0.9682088
0.092051,0.9682088
0.092051,0.9682088
0.092051,0.9682088
0.092051,0.9682088
0.092051,0.9682088
0.092051,0.9682088
0.092051,0.9682088
0.092051,0.9682088
0.092051,0.9682088
0.092051,0.9682088
0.092051,0.9682088
0.092051,0.9682088
0.092051,0.9682088
0.092051,0.9682088
0.092051,0.9682088
0.092051,0.9682088
0.092051,0.9682088
0.092051,0.9682088
0.092051,0.9682088
0.092051,0.9682088
0.092051,0.9682088
0.092051,0.9682088
0.092051,0.9682088
0.092051,0.9682088
0.092051,0.9682088
0.092051,0.9682088
0.092051,0.9682088
0.092051,0.9682088
0.092051,0.9682088
0.092051,0.9682088
0.092051,0.9682088
0.092051,0.9682088
0.092051,0.9682088
0.092051,0.9682088
0.092051,0.9682088
0.092051,0.9682088
0.092051,0.9682088
0.092051,0.9682088
0.092051,0.9682088
0.092051,0.9682088
0.092051,0.9682088
0.092051,0.9682088
0.092051,0.9682088
0.092051,0.9682088
0.092051,0.9682088
0.092051,0.9682088
0.092051,0.9682088
0.092051,0.9682088
0.092051,0.9682088
0.092051,0.9682088
0.092051,0.9682088
0.092051,0.9682088
0.092051,0.9682088
0.092051,0.9682088
0.092051,0.9682088
0.092051,0.9682088
0.092051,0.9682088
0.092051,0.9682088
0.092051,0.9682088
0.092051,0.9682088
0.092051,0.9682088
0.092051,0.9682088
0.092051,0.9682088
0.092051,0.9682088
0.092051,0.9682088
0.092051,0.9682088
0.092051,0.9682088
0.092051,0.9682088
0.092051,0.9682088
0.092051,0.9682088
0.092051,0.9682088
0.092051,0.9682088
0.092051,0.9682088
0.092051,0.9682088
0.092051,0.9682088
0.092051,0.9682088
0.092051,0.9682088
0.092051,0.9682088
0.092051,0.9682088
0.092051,0.9682088
0.092051,0.9682088
0.092051,0.9682088
0.092051,0.9682088
0.092051,0.9682088
0.092051,0.9682088
0.092051,0.9682088
0.092051,0.9682088
0.092051,0.9682088
0.092051,0.9682088
0.092051,0.9682088
0.09300224,0.9682088
0.09300224,0.9682088
0.09300224,0.9682088
0.09300224,0.9682088
0.09300224,0.9682088
0.09300224,0.9682088
0.09300224,0.9682088
0.09300224,0.9682088
0.09300224,0.9682088
0.09300224,0.9682088
0.09300224,0.9682088
0.09300224,0.9682088
0.09221253,0.9682088
0.09221253,0.9682088
0.09221253,0.9682088
0.09221253,0.9682088
0.09221253,0.9682088
0.09221253,0.9682088
0.09221253,0.9682088
0.09221253,0.9682088
0.09221253,0.9682088
0.09221253,0.9682088
0.09221253,0.9682088
0.09221253,0.9682088
0.09221253,0.9682088
0.09221253,0.9682088
0.09221253,0.9682088
0.09221253,0.9682088
0.09221253,0.9682088
0.09221253,0.9682088
0.09221253,0.9682088
0.09221253,0.9682088
0.09221253,0.9682088
0.09221253,0.9682088
0.09221253,0.9682088
0.09221253,0.9682088
0.09221253,0.9682088
0.09221253,0.9682088
0.09221253,0.9682088
0.09221253,0.9682088
0.09221253,0.9682088
0.09221253,0.9682088
0.09221253,0.9682088
0.09221253,0.9682088
0.09221253,0.9682088
0.09221253,0.9682088
0.09221253,0.9682088
0.09221253,0.9682088
0.09221253,0.9682088
0.09221253,0.9682088
0.09221253,0.9682088
0.09221253,0.9682088
0.09221253,0.9682088
0.09221253,0.9682088
0.09221253,0.9682088
0.09221253,0.9682088
0.09221253,0.9682088
0.09221253,0.9682088
0.09221253,0.9682088
0.09221253,0.9682088
0.09259719,0.9681534
0.09259719,0.9681534
0.09259719,0.9681534
0.09259719,0.9681534
0.09259719,0.9681534
0.09259719,0.9681534
0.09259719,0.9681534
0.09259719,0.9681534
0.09259719,0.9681534
0.09259719,0.9681534
0.09259719,0.9681534
0.09259719,0.9681534
0.09259719,0.9681534
0.09259719,0.9681534
0.09259719,0.9681534
0.09259719,0.9681534
0.09259719,0.9681534
0.09259719,0.9681534
0.09259719,0.9681534
0.09259719,0.9681534
0.09259719,0.9681534
0.09259719,0.9681534
0.09259719,0.9681534
0.09259719,0.9681534
0.09259719,0.9681534
0.09259719,0.9681534
0.09259719,0.9681534
0.09259719,0.9681534
0.09259719,0.9681534
0.09259719,0.9681534
0.09259719,0.9681534
0.09259719,0.9681534
0.09259719,0.9681534
0.09259719,0.9681534
0.09259719,0.9681534
0.09259719,0.9681534
0.09259719,0.9681534
0.09259719,0.9681534
0.09259719,0.9681534
0.09259719,0.9681534
0.09259719,0.9681534
0.09259719,0.9681534
0.09259719,0.9681534
0.09259719,0.9681534
0.09259719,0.9681534
0.09259719,0.9681534
0.09259719,0.9681534
0.09259719,0.9681534
0.09259719,0.9681534
0.09259719,0.9681534
0.09259719,0.9681534
0.09259719,0.9681534
0.09259719,0.9681534
0.09259719,0.9681534
0.09259719,0.9681534
0.09259719,0.9681534
0.09259719,0.9681534
0.09259719,0.9681534
0.09259719,0.9681534
0.09259719,0.9681534
0.09259719,0.9681534
0.09259719,0.9681534
0.09259719,0.9681534
0.09259719,0.9681534
0.09259719,0.9681534
0.09259719,0.9681534
0.09259719,0.9681534
0.09259719,0.9681534
0.09259719,0.9681534
0.09259719,0.9681534
0.09259719,0.9681534
0.09259719,0.9681534
0.09259719,0.9681534
0.09259719,0.9681534
0.09259719,0.9681534
0.09259719,0.9681534
0.09259719,0.9681534
0.09259719,0.9681534
0.09259719,0.9681534
0.09259719,0.9681534
0.09259719,0.9681534
0.09259719,0.9681534
0.09259719,0.9681534
0.09259719,0.9681534
0.09259719,0.9681534
0.09259719,0.9681534
0.09259719,0.9681534
0.09259719,0.9681534
0.09259719,0.9681534
0.09259719,0.9681534
0.09259719,0.9681534
0.09259719,0.9681534
0.09259719,0.9681534
0.09259719,0.9681534
0.09259719,0.9681534
0.09259719,0.9681534
0.09259719,0.9681534
0.09259719,0.9681534
0.09259719,0.9681534
0.09259719,0.9681534
0.09259719,0.9681534
0.09259719,0.9681534
0.09259719,0.9681534
0.09259719,0.9681534
0.09259719,0.9681534
0.09259719,0.9681534
0.09259719,0.9681534
0.09259719,0.9681534
0.09259719,0.9681534
0.09259719,0.9681534
0.09259719,0.9681534
0.09259719,0.9681534
0.09259719,0.9681534
0.09259719,0.9681534
0.09259719,0.9681534
0.09259719,0.9681534
0.09259719,0.9681534
0.09259719,0.9681534
0.09259719,0.9681534
0.09259719,0.9681534
0.09259719,0.9681534
0.09259719,0.9681534
0.09259719,0.9681534
0.09259719,0.9681534
0.09259719,0.9681534
0.09259719,0.9681534
0.09259719,0.9681534
0.09259719,0.9681534
0.09259719,0.9681534
0.09259719,0.9681534
0.09259719,0.9681534
0.09259719,0.9681534
0.09259719,0.9681534
0.09259719,0.9681534
0.09259719,0.9681534
0.09259719,0.9681534
0.09259719,0.9681534
0.09259719,0.9681534
0.09259719,0.9681534
0.09259719,0.9681534
0.09259719,0.9681534
0.09259719,0.9681534
0.09259719,0.9681534
0.09259719,0.9681534
0.09259719,0.9681534
0.09259719,0.9681534
0.09259719,0.9681534
0.09259719,0.9681534
0.09259719,0.9681534
0.09259719,0.9681534
0.09259719,0.9681534
0.09259719,0.9681534
0.09259719,0.9681534
0.09259719,0.9681534
0.09259719,0.9681534
0.09259719,0.9681534
0.09259719,0.9681534
0.09259719,0.9681534
0.09259719,0.9681534
0.09259719,0.9681534
0.09259719,0.9681534
0.1045441,0.4079391
0.1045441,0.4081288
0.1044396,0.4081287
0.1044396,0.4075849
0.1044981,0.4075849
0.1045533,0.4081288
0.1045533,0.4075849
0.1046314,0.4075849
0.1046314,0.4081288
0.09259719,0.9681534
0.09259719,0.9681534
0.09259719,0.9681534
0.09259719,0.9681534
0.09259719,0.9681534
0.09259719,0.9681534
0.09259719,0.9681534
0.09259719,0.9681534
0.09259719,0.9681534
0.09259719,0.9681534
0.09259719,0.9681534
0.09259719,0.9681534
0.09259719,0.9681534
0.09259719,0.9681534
0.09259719,0.9681534
0.09259719,0.9681534
0.09259719,0.9681534
0.09259719,0.9681534
0.09259719,0.9681534
0.09259719,0.9681534
0.09259719,0.9681534
0.09259719,0.9681534
0.09259719,0.9681534
0.09259719,0.9681534
0.09259719,0.9681534
0.09259719,0.9681534
0.1033702,0.4169528
0.1033702,0.4114749
0.1042901,0.4114748
0.1042901,0.4169528
0.1023581,0.4169528
0.1023581,0.4114749
0.1032779,0.4114748
0.1032779,0.4169527
0.09259719,0.9681534
0.09259719,0.9681534
0.09259719,0.9681534
0.09259719,0.9681534
0.09259719,0.9681534
0.09259719,0.9681534
0.09259719,0.9681534
0.09259719,0.9681534
0.09259719,0.9681534
0.09259719,0.9681534
0.09259719,0.9681534
0.09259719,0.9681534
0.09259719,0.9681534
0.09259719,0.9681534
0.09259719,0.9681533
0.09259719,0.9681534
0.09259718,0.9681533
0.09259717,0.9681532
0.09259717,0.9681532
0.09259718,0.9681533
0.09259719,0.9681534
0.09259719,0.9681534
0.09259719,0.9681534
0.09259719,0.9681534
0.09259719,0.9681534
0.09259719,0.9681534
0.09259719,0.9681534
0.09259719,0.9681534
0.09291141,0.9686458
0.09291141,0.9686458
0.09291141,0.9686458
0.09291141,0.9686458
0.09291141,0.9686458
0.09291141,0.9686458
0.09290485,0.9683614
0.09290485,0.9683614
0.09290485,0.9683614
0.09290485,0.9683614
0.09290485,0.9683614
0.09290485,0.9683614
0.09291141,0.9686458
0.09291141,0.9686458
0.09291141,0.9686458
0.09291141,0.9686458
0.09290485,0.9683614
0.09290485,0.9683614
0.09290485,0.9683614
0.09290485,0.9683614
0.09290485,0.9683614
0.09290485,0.9683614
0.09290485,0.9683614
0.09290485,0.9683614
0.09290485,0.9683614
0.09290485,0.9683614
0.09291141,0.9686458
0.09291141,0.9686458
0.09291141,0.9686458
0.09291141,0.9686458
0.09290485,0.9683614
0.09290485,0.9683614
0.09290485,0.9683614
0.09290485,0.9683614
0.09291141,0.9686458
0.09291141,0.9686458
0.09291141,0.9686458
0.09291141,0.9686458
0.09291141,0.9686458
0.09291141,0.9686458
0.09290485,0.9683614
0.09290485,0.9683614
0.09290485,0.9683614
0.09290485,0.9683614
0.09290485,0.9683614
0.09290485,0.9683614
0.09291141,0.9686458
0.09291141,0.9686458
0.09291141,0.9686458
0.09291141,0.9686458
0.09291798,0.9685037
0.09291798,0.9685037
0.09291798,0.9685037
0.09291798,0.9685037
0.09291141,0.9686458
0.09291141,0.9686458
0.09291141,0.9686458
0.09291141,0.9686458
0.09291141,0.9686458
0.09291141,0.9686458
0.09290485,0.9683614
0.09290485,0.9683614
0.09290485,0.9683614
0.09290485,0.9683614
0.09290485,0.9683614
0.09290485,0.9683614
0.09291141,0.9686458
0.09291141,0.9686458
0.09291141,0.9686458
0.09291141,0.9686458
0.09290485,0.9683614
0.09290485,0.9683614
0.09290485,0.9683614
0.09290485,0.9683614
0.09291141,0.9686458
0.09291141,0.9686458
0.09291141,0.9686458
0.09291141,0.9686458
0.09291141,0.9686458
0.09291141,0.9686458
0.09291141,0.9686458
0.09291141,0.9686458
0.09291141,0.9686458
0.09291141,0.9686458
0.09291141,0.9686458
0.09291141,0.9686458
0.09290485,0.9683614
0.09290485,0.9683614
0.09290485,0.9683614
0.09290485,0.9683614
0.09290485,0.9683614
0.09290485,0.9683614
0.09290485,0.9683614
0.09290485,0.9683614
0.09290485,0.9683614
0.09290485,0.9683614
0.09290485,0.9683614
0.09290485,0.9683614
0.09290485,0.9683614
0.09290485,0.9683614
0.09290485,0.9683614
0.09290485,0.9683614
0.09290485,0.9683614
0.09290485,0.9683614
0.09290485,0.9683614
0.09290485,0.9683614
0.09290485,0.9683614
0.09290485,0.9683614
0.09290485,0.9683614
0.09290485,0.9683614
0.09290485,0.9683614
0.09290485,0.9683614
0.09214552,0.9679515
0.09214552,0.9679515
0.09214552,0.9679515
0.09214552,0.9679515
0.09214552,0.9679515
0.09214552,0.9679515
0.09191856,0.9524836
0.09191856,0.9524836
0.09191856,0.9524836
0.09191856,0.9524836
0.09259719,0.9681534
0.09259719,0.9681534
0.09259719,0.9681534
0.09259719,0.9681534
0.09259719,0.9681534
0.09259719,0.9681534
0.09259719,0.9681534
0.09259719,0.9681534
0.09310321,0.4006327
0.0910005,0.4006326
0.0910005,0.3811852
0.09310321,0.3811852
0.09392456,0.3996788
0.09392456,0.3821391
0.09450322,0.3971705
0.09450322,0.3846474
0.09472329,0.3936103
0.09472329,0.3882075
0.09259719,0.9681534
0.09259719,0.9681534
0.09259719,0.9681534
0.09259719,0.9681534
0.09259719,0.9681534
0.09259719,0.9681534
0.09259719,0.9681534
0.09259719,0.9681534
0.09259719,0.9681534
0.09259719,0.9681534
0.09259719,0.9681534
0.09259719,0.9681534
0.09259719,0.9681534
0.09259719,0.9681534
0.09259719,0.9681534
0.09259719,0.9681534
0.09259719,0.9681534
0.09259719,0.9681534
0.09259719,0.9681534
0.09259719,0.9681534
0.09259719,0.9681534
0.09259719,0.9681534
0.09259719,0.9681534
0.09259719,0.9681534
0.09259719,0.9681534
0.09259719,0.9681534
0.09259719,0.9681534
0.09259719,0.9681534
0.09259719,0.9681534
0.09259719,0.9681534
0.09259719,0.9681534
0.09259719,0.9681534
0.09259719,0.9681534
0.09259719,0.9681534
0.09259719,0.9681534
0.09259719,0.9681534
0.09259719,0.9681534
0.09259719,0.9681534
0.09259719,0.9681534
0.09259719,0.9681534
0.09259719,0.9681534
0.09259719,0.9681534
0.09259719,0.9681534
0.09259719,0.9681534
0.09259719,0.9681534
0.09259719,0.9681534
0.09259719,0.9681534
0.09259719,0.9681534
0.09259719,0.9681534
0.09259719,0.9681534
0.09259719,0.9681534
0.09259719,0.9681534
0.09259719,0.9681534
0.09259719,0.9681534
0.09259719,0.9681534
0.09259719,0.9681534
0.09259719,0.9681534
0.09259719,0.9681534
0.09259719,0.9681534
0.09259719,0.9681534
0.09259719,0.9681534
0.09259719,0.9681534
0.09259719,0.9681534
0.09259719,0.9681534
0.09259719,0.9681534
0.09259719,0.9681534
0.09259719,0.9681534
0.09259719,0.9681534
0.09259719,0.9681534
0.09259719,0.9681534
0.09259719,0.9681534
0.09259719,0.9681534
0.09259719,0.9681534
0.09259719,0.9681534
0.09259719,0.9681534
0.09259719,0.9681534
0.09259719,0.9681534
0.09259719,0.9681534
0.09259719,0.9681534
0.09259719,0.9681534
0.09259719,0.9681534
0.09259719,0.9681534
0.09259719,0.9681534
0.09259719,0.9681534
0.09259719,0.9681534
0.09259719,0.9681534
0.09259719,0.9681534
0.09259719,0.9681534
0.09259719,0.9681534
0.09259719,0.9681534
0.09259719,0.9681534
0.09259719,0.9681534
0.09259719,0.9681534
0.09259719,0.9681534
0.09259719,0.9681534
0.09259719,0.9681534
0.09259719,0.9681534
0.09259719,0.9681534
0.09259719,0.9681534
0.09259719,0.9681534
0.09259719,0.9681534
0.09259719,0.9681534
0.09259719,0.9681534
0.09259719,0.9681534
0.09259719,0.9681534
0.09259719,0.9681534
0.09259719,0.9681534
0.09259719,0.9681534
0.09259719,0.9681534
0.09259719,0.9681534
0.09259719,0.9681534
0.09259719,0.9681534
0.09259719,0.9681534
0.09259719,0.9681534
0.09259719,0.9681534
0.09259719,0.9681534
0.09259719,0.9681534
0.09259719,0.9681534
0.09259719,0.9681534
0.09259719,0.9681534
0.09259719,0.9681534
0.09259719,0.9681534
0.09259719,0.9681534
0.09259719,0.9681534
0.09259719,0.9681534
0.09259719,0.9681534
0.09259719,0.9681534
0.09259719,0.9681534
0.09259719,0.9681534
0.09259719,0.9681534
0.09259719,0.9681534
0.09259719,0.9681534
0.09259719,0.9681534
0.09259719,0.9681534
0.09259719,0.9681534
0.09259719,0.9681534
0.09259719,0.9681534
0.09259719,0.9681534
0.09259719,0.9681534
0.09259719,0.9681534
0.09259719,0.9681534
0.09259719,0.9681534
0.09259719,0.9681534
0.09259719,0.9681534
0.09259719,0.9681534
0.09259719,0.9681534
0.09259719,0.9681534
0.09259719,0.9681534
0.09259719,0.9681534
0.09259719,0.9681534
0.09259719,0.9681534
0.09259719,0.9681534
0.09259719,0.9681534
0.09259719,0.9681534
0.09259719,0.9681534
0.09259719,0.9681534
0.09259719,0.9681534
0.09259719,0.9681534
0.09259719,0.9681534
0.09259719,0.9681534
0.09259719,0.9681534
0.09259719,0.9681534
0.09259719,0.9681534
0.09259719,0.9681534
0.09259719,0.9681534
0.09259719,0.9681534
0.09259719,0.9681534
0.09259719,0.9681534
0.09259719,0.9681534
0.09259719,0.9681534
0.09259719,0.9681534
0.09259719,0.9681534
0.09259719,0.9681534
0.09259719,0.9681534
0.09259719,0.9681534
0.09259719,0.9681534
0.09259719,0.9681534
0.09259719,0.9681534
0.09259719,0.9681534
0.09259719,0.9681534
0.09259719,0.9681534
0.09259719,0.9681534
0.09259719,0.9681534
0.09259719,0.9681534
0.09259719,0.9681534
0.09259719,0.9681534
0.09259719,0.9681534
0.09259719,0.9681534
0.09259719,0.9681534
0.09259719,0.9681534
0.09259719,0.9681534
0.09259719,0.9681534
0.09259719,0.9681534
0.09259719,0.9681534
0.09259719,0.9681534
0.09259719,0.9681534
0.09259719,0.9681534
0.09259719,0.9681534
0.09259719,0.9681534
0.09259719,0.9681534
0.09259719,0.9681534
0.09259719,0.9681534
0.09259719,0.9681534
0.09259719,0.9681534
0.09259719,0.9681534
0.09259719,0.9681534
0.09259719,0.9681534
0.09259719,0.9681534
0.09259719,0.9681534
0.09259719,0.9681534
0.09259719,0.9681534
0.09259719,0.9681534
0.09259719,0.9681534
0.09259719,0.9681534
0.09259719,0.9681534
0.09259719,0.9681534
0.09259719,0.9681534
0.09259719,0.9681534
0.09259719,0.9681534
0.09259719,0.9681534
0.09259719,0.9681534
0.09259719,0.9681534
0.09259719,0.9681534
0.09259719,0.9681534
0.09259719,0.9681534
0.09259719,0.9681534
0.09259719,0.9681534
0.09259719,0.9681534
0.09259719,0.9681534
0.09259719,0.9681534
0.09259719,0.9681534
0.09259719,0.9681534
0.09259719,0.9681534
0.09259719,0.9681534
0.09259719,0.9681534
0.09259719,0.9681534
0.09259719,0.9681534
0.09259719,0.9681534
0.09259719,0.9681534
0.09259719,0.9681534
0.09259719,0.9681534
0.09259719,0.9681534
0.09259719,0.9681534
0.09259719,0.9681534
0.09259719,0.9681534
0.09259719,0.9681534
0.09259719,0.9681534
0.09259719,0.9681534
0.09259719,0.9681534
0.09259719,0.9681534
0.09259719,0.9681534
0.09259719,0.9681534
0.09259719,0.9681534
0.09259719,0.9681534
0.09259719,0.9681534
0.09259719,0.9681534
0.09259719,0.9681534
0.09259719,0.9681534
0.09259719,0.9681534
0.09259719,0.9681534
0.09259719,0.9681534
0.09259719,0.9681534
0.09259719,0.9681534
0.09259719,0.9681534
0.09259719,0.9681534
0.09259719,0.9681534
0.09259719,0.9681534
0.09259719,0.9681534
0.09259719,0.9681534
0.09259719,0.9681534
0.09259719,0.9681534
0.09259719,0.9681534
0.09259719,0.9681534
0.09259719,0.9681534
0.09259719,0.9681534
0.09259719,0.9681534
0.09259719,0.9681534
0.09259719,0.9681534
0.09259719,0.9681534
0.09259719,0.9681534
0.09259719,0.9681534
0.09259719,0.9681534
0.09259719,0.9681534
0.09259719,0.9681534
0.09259719,0.9681534
0.09259719,0.9681534
0.09259719,0.9681534
0.09259719,0.9681534
0.09259719,0.9681534
0.09259719,0.9681534
0.09259719,0.9681534
0.09259719,0.9681534
0.09259719,0.9681534
0.09259719,0.9681534
0.09259719,0.9681534
0.09259719,0.9681534
0.09259719,0.9681534
0.09259719,0.9681534
0.09259719,0.9681534
0.09259719,0.9681534
0.09259719,0.9681534
0.09259719,0.9681534
0.09259719,0.9681534
0.09259719,0.9681534
0.09259719,0.9681534
0.09259719,0.9681534
0.09259719,0.9681534
0.09259719,0.9681534
0.09259719,0.9681534
0.09259719,0.9681534
0.09259719,0.9681534
0.09259719,0.9681534
0.09259719,0.9681534
0.09259719,0.9681534
0.09259719,0.9681534
0.09259719,0.9681534
0.09259719,0.9681534
0.09259719,0.9681534
0.09259719,0.9681534
0.09259719,0.9681534
0.09259719,0.9681534
0.09259719,0.9681534
0.09259719,0.9681534
0.09259719,0.9681534
0.09259719,0.9681534
0.09259719,0.9681534
0.09259719,0.9681534
0.09259719,0.9681534
0.09259719,0.9681534
0.09259719,0.9681534
0.09259719,0.9681534
0.09259719,0.9681534
0.09259719,0.9681534
0.09259719,0.9681534
0.09259719,0.9681534
0.09259719,0.9681534
0.09259719,0.9681534
0.09259719,0.9681534
0.09259719,0.9681534
0.09259719,0.9681534
0.09259719,0.9681534
0.09259719,0.9681534
0.09259719,0.9681534
0.09259719,0.9681534
0.09259719,0.9681534
0.09259719,0.9681534
0.09259719,0.9681534
0.09259719,0.9681534
0.09259719,0.9681534
0.09259719,0.9681534
0.09259719,0.9681534
0.09259719,0.9681534
0.09259719,0.9681534
0.09259719,0.9681534
0.09259719,0.9681534
0.09259719,0.9681534
0.09259719,0.9681534
0.09259719,0.9681534
0.09259719,0.9681534
0.09259719,0.9681534
0.09259719,0.9681534
0.09259719,0.9681534
0.09259719,0.9681534
0.09259719,0.9681534
0.09259719,0.9681534
0.09259719,0.9681534
0.09259719,0.9681534
0.09259719,0.9681534
0.09259719,0.9681534
0.09259719,0.9681534
0.09259719,0.9681534
0.09259719,0.9681534
0.09259719,0.9681534
0.09259719,0.9681534
0.09259719,0.9681534
0.09259719,0.9681534
0.09292965,0.96863
0.09292965,0.96863
0.09292965,0.96863
0.09292965,0.96863
0.09292965,0.96863
0.09292965,0.96863
0.09292965,0.96863
0.09292965,0.96863
0.09259719,0.9681534
0.09259719,0.9681534
0.09259719,0.9681534
0.09259719,0.9681534
0.09259719,0.9681534
0.09259719,0.9681534
0.09259719,0.9681534
0.09259719,0.9681534
0.09259719,0.9681534
0.09259719,0.9681534
0.09259719,0.9681534
0.09259719,0.9681534
0.09259719,0.9681534
0.09259719,0.9681534
0.09259719,0.9681534
0.09259719,0.9681534
0.09259719,0.9681534
0.09259719,0.9681534
0.09259719,0.9681534
0.09259719,0.9681534
0.09259719,0.9681534
0.09259719,0.9681534
0.09259719,0.9681534
0.09259719,0.9681534
0.09259719,0.9681534
0.09259719,0.9681534
0.09259719,0.9681534
0.09259719,0.9681534
0.09009719,0.9606534
0.09009719,0.9606534
0.09009719,0.9606534
0.09009719,0.9606534
0.09009719,0.9606534
0.09009719,0.9606534
0.09009719,0.9606534
0.09009719,0.9606534
0.09009719,0.9606534
0.09009719,0.9606534
0.09009719,0.9606534
0.09009719,0.9606534
0.09009719,0.9606534
0.09009719,0.9606534
0.09009719,0.9606534
0.09009719,0.9606534
0.09009719,0.9606534
0.09009719,0.9606534
0.09009719,0.9606534
0.09009719,0.9606534
0.09009719,0.9606534
0.09009719,0.9606534
0.09009719,0.9606534
0.09009719,0.9606534
0.09009719,0.9606534
0.09009719,0.9606534
0.09009719,0.9606534
0.09009719,0.9606534
0.09009719,0.9606534
0.09214552,0.9679515
0.09214552,0.9679515
0.09214552,0.9679515
0.09214552,0.9679515
0.09295809,0.9686249
0.09295809,0.9686249
0.09295809,0.9686249
0.09295809,0.9686249
0.09214552,0.9679515
0.09214552,0.9679515
0.09214552,0.9679515
0.09214552,0.9679515
0.09214552,0.9679515
0.09214552,0.9679515
0.09295809,0.9686249
0.09295809,0.9686249
0.09295809,0.9686249
0.09295809,0.9686249
0.09214552,0.9679515
0.09214552,0.9679515
0.09214552,0.9679515
0.09214552,0.9679515
0.09214552,0.9679515
0.09214552,0.9679515
0.09214552,0.9679515
0.09214552,0.9679515
0.09214552,0.9679515
0.09214552,0.9679515
0.09214552,0.9679515
0.09214552,0.9679515
0.09295809,0.9686249
0.09295809,0.9686249
0.09295809,0.9686249
0.09295809,0.9686249
0.09214552,0.9679515
0.09214552,0.9679515
0.09214552,0.9679515
0.09214552,0.9679515
0.09214552,0.9679515
0.09214552,0.9679515
0.09295809,0.9686249
0.09295809,0.9686249
0.09295809,0.9686249
0.09295809,0.9686249
0.09295809,0.9686249
0.09295809,0.9686249
0.09295809,0.9686249
0.09295809,0.9686249
0.0921587,0.9681515
0.09259719,0.9681534
0.09259719,0.9681534
0.09259719,0.9681534
0.09259719,0.9681534
0.09295809,0.9686249
0.0921587,0.9681515
0.09295809,0.9686249
0.09214552,0.9679515
0.09214552,0.9679515
0.09214552,0.9679515
0.09214552,0.9679515
0.09214552,0.9679515
0.09214552,0.9679515
0.09214552,0.9679515
0.09214552,0.9679515
0.09214552,0.9679515
0.09214552,0.9679515
0.09214552,0.9679515
0.09214552,0.9679515
0.09214552,0.9679515
0.09214552,0.9679515
0.09214552,0.9679515
0.09214552,0.9679515
0.094969,0.972097
0.09710258,0.9731138
0.094969,0.9731138
0.09707171,0.972097
0.09801447,0.9720547
0.09789306,0.9711431
0.09868203,0.9691612
0.09847172,0.9686349
0.09892637,0.9652086
0.09869179,0.9650747
0.09892637,0.959538
0.09869179,0.9596719
0.09868203,0.9555854
0.09847172,0.9561117
0.09801447,0.9526919
0.09789306,0.9536034
0.09710258,0.9516327
0.09707171,0.9526495
0.094969,0.9516327
0.094969,0.9526495
0.09291798,0.9685037
0.09291798,0.9685037
0.09291798,0.9685037
0.09291798,0.9685037
0.09291798,0.9685037
0.09291798,0.9685037
0.09291798,0.9685037
0.09291798,0.9685037
0.09291798,0.9685037
0.09291798,0.9685037
0.09291798,0.9685037
0.09291798,0.9685037
0.09291798,0.9685037
0.09291798,0.9685037
0.09291798,0.9685037
0.09291798,0.9685037
0.09291798,0.9685037
0.09291798,0.9685037
0.09291798,0.9685037
0.09291798,0.9685037
0.09291798,0.9685037
0.09291798,0.9685037
0.09291798,0.9685037
0.09291798,0.9685037
0.09291798,0.9685037
0.09291798,0.9685037
0.09291798,0.9685037
0.09291798,0.9685037
0.09291798,0.9685037
0.09291798,0.9685037
0.09291798,0.9685037
0.09291798,0.9685037
0.09291798,0.9685037
0.09291798,0.9685037
0.09291798,0.9685037
0.09291798,0.9685037
0.09291141,0.9686458
0.09291141,0.9686458
0.09291141,0.9686458
0.09291141,0.9686458
0.09291141,0.9686458
0.09291141,0.9686458
0.09291141,0.9686458
0.09291141,0.9686458
0.09291141,0.9686458
0.09291141,0.9686458
0.09291141,0.9686458
0.09291141,0.9686458
0.09291141,0.9686458
0.09291141,0.9686458
0.09291141,0.9686458
0.09291141,0.9686458
0.09291141,0.9686458
0.09291141,0.9686458
0.09291141,0.9686458
0.09291141,0.9686458
0.09291141,0.9686458
0.09291141,0.9686458
0.09291141,0.9686458
0.09291141,0.9686458
0.09291141,0.9686458
0.09291141,0.9686458
0.09291141,0.9686458
0.09291141,0.9686458
0.09291141,0.9686458
0.09291141,0.9686458
0.09291141,0.9686458
0.09291141,0.9686458
0.09291141,0.9686458
0.09291141,0.9686458
0.09291141,0.9686458
0.09291141,0.9686458
0.09291141,0.9686458
0.09291141,0.9686458
0.09291141,0.9686458
0.09291141,0.9686458
0.09291141,0.9686458
0.09291141,0.9686458
0.09291141,0.9686458
0.09291141,0.9686458
0.09291141,0.9686458
0.09291141,0.9686458
0.09259719,0.9681534
0.09259719,0.9681534
0.09259719,0.9681534
0.09259719,0.9681534
0.09291141,0.9686458
0.09291141,0.9686458
0.09291141,0.9686458
0.09291141,0.9686458
0.09291141,0.9686458
0.09291141,0.9686458
0.09291141,0.9686458
0.09291141,0.9686458
0.09291141,0.9686458
0.09291141,0.9686458
0.09291141,0.9686458
0.09291141,0.9686458
0.09291141,0.9686458
0.09291141,0.9686458
0.09291141,0.9686458
0.09291141,0.9686458
0.09291141,0.9686458
0.09291141,0.9686458
0.09291141,0.9686458
0.09291141,0.9686458
0.09291141,0.9686458
0.09291141,0.9686458
0.09291141,0.9686458
0.09291141,0.9686458
0.09291141,0.9686458
0.09291141,0.9686458
0.09291141,0.9686458
0.09291141,0.9686458
0.09291141,0.9686458
0.09259719,0.9681534
0.09259719,0.9681534
0.09259719,0.9681534
0.09259719,0.9681534
0.09291141,0.9686458
0.09291141,0.9686458
0.09291141,0.9686458
0.09291141,0.9686458
0.1450972,0.5331533
0.1450972,0.5331533
0.1450972,0.5331533
0.1450972,0.5331533
0.1450972,0.5331533
0.1450972,0.5331533
0.1450972,0.5331533
0.1450972,0.5331533
0.1450972,0.5331533
0.1450972,0.5331533
0.1450972,0.5331533
0.1450972,0.5331533
0.1450972,0.5331533
0.1450972,0.5331533
0.1450972,0.5331533
0.1450972,0.5331533
0.1450972,0.5331534
0.1450972,0.5331533
0.1450972,0.5331533
0.1450972,0.5331533
0.1450972,0.5331533
0.1450972,0.5331533
0.1450972,0.5331533
0.1450972,0.5331533
0.1450972,0.5331533
0.1450972,0.5331533
0.1450972,0.5331533
0.1450972,0.5331534
0.1450972,0.5331533
0.1450972,0.5331534
0.1450972,0.5331533
0.1450972,0.5331533
0.1525972,0.5431533
0.1525972,0.5431533
0.1525972,0.5431533
0.1525972,0.5431533
0.09259718,0.9681534
0.09259718,0.9681533
0.09259718,0.9681533
0.09259718,0.9681534
0.09259719,0.9681534
0.09259719,0.9681534
0.09259719,0.9681534
0.09259717,0.9681532
0.09259719,0.9681533
0.09259718,0.9681533
0.09259719,0.9681534
0.09259718,0.9681533
0.09259719,0.9681534
0.09259719,0.9681534
0.09259718,0.9681534
0.09259719,0.9681534
0.09259719,0.9681534
0.09259719,0.9681534
0.09259718,0.9681533
0.09259719,0.9681534
0.09259718,0.9681533
0.09259719,0.9681534
0.09259719,0.9681534
0.09259719,0.9681533
0.0390224,0.9622006
0.0390224,0.9622006
0.0390224,0.9622005
0.0390224,0.9622006
0.03902239,0.9622005
0.0390224,0.9622006
0.0390224,0.9622006
0.0390224,0.9622005
0.09259717,0.9681532
0.09259719,0.9681534
0.09259717,0.9681532
0.09259719,0.9681534
0.09259718,0.9681534
0.09259718,0.9681534
0.09259719,0.9681534
0.09259718,0.9681533
0.09259718,0.9681533
0.09259719,0.9681534
0.09259718,0.9681533
0.09259718,0.9681533
0.09291141,0.9686458
0.09291141,0.9686458
0.09291141,0.9686458
0.09291141,0.9686458
0.09291141,0.9686458
0.09291141,0.9686458
0.09291141,0.9686458
0.09291141,0.9686458
0.09291141,0.9686458
0.09291141,0.9686458
0.09291141,0.9686458
0.09291141,0.9686458
0.09291141,0.9686458
0.09291141,0.9686458
0.09291141,0.9686458
0.09290485,0.9683614
0.09290485,0.9683614
0.09290485,0.9683614
0.09290485,0.9683614
0.09290485,0.9683614
0.09290485,0.9683614
0.09290485,0.9683614
0.09290485,0.9683614
0.09290485,0.9683614
0.09290485,0.9683614
0.09290485,0.9683614
0.04793409,0.9522558
0.04793409,0.9522558
0.04793407,0.9522559
0.04793407,0.9522559
0.09754036,0.9720983
0.09754035,0.9720984
0.09754035,0.9720984
0.09754036,0.9720984
0.09754036,0.9720984
0.09754035,0.9720984
0.09754035,0.9720985
0.09754036,0.9720984
0.09754036,0.9720983
0.09754035,0.9720984
0.09754035,0.9720984
0.09754036,0.9720983
0.04793409,0.9522558
0.04793409,0.9522558
0.04793407,0.9522558
0.04793407,0.9522559
0.08329958,0.9563752
0.08329958,0.9563752
0.08329958,0.9563752
0.08329958,0.9563752
0.08329958,0.9563752
0.08329958,0.9563752
0.08329958,0.9563752
0.08329958,0.9563752
0.08329958,0.9563752
0.08329958,0.9563752
0.08329958,0.9563752
0.08329958,0.9563752
0.08329958,0.9563752
0.08329958,0.9563752
0.08329958,0.9563752
0.08329958,0.9563752
0.08329958,0.9563752
0.08329958,0.9563752
0.08329958,0.9563752
0.08329958,0.9563752
0.08329958,0.9563752
0.08329958,0.9563752
0.08329958,0.9563752
0.08329958,0.9563752
0.08329958,0.9563752
0.08329958,0.9563752
0.08329958,0.9563752
0.08329958,0.9563752
0.08329958,0.9563752
0.08329958,0.9563752
0.08329958,0.9563752
0.08329958,0.9563752
0.08329958,0.9563752
0.08329958,0.9563752
0.08329958,0.9563752
0.08329958,0.9563752
0.08329958,0.9563752
0.08329958,0.9563752
0.08329958,0.9563752
0.08329958,0.9563752
0.08329958,0.9563752
0.08329958,0.9563752
0.08329958,0.9563752
0.08329958,0.9563752
0.08329958,0.9563752
0.08329958,0.9563752
0.08329958,0.9563752
0.08329958,0.9563752
0.09259719,0.9681534
0.09259719,0.9681534
0.09259719,0.9681534
0.09259719,0.9681534
0.09259719,0.9681534
0.09259719,0.9681534
0.09259719,0.9681534
0.09259719,0.9681534
0.09259719,0.9681534
0.09259719,0.9681534
0.09259719,0.9681534
0.09259719,0.9681534
0.09259719,0.9681534
0.09259719,0.9681534
0.09259719,0.9681534
0.09259719,0.9681534
0.09259719,0.9681534
0.09259719,0.9681534
0.09259719,0.9681534
0.09259719,0.9681534
0.09259719,0.9681534
0.09259719,0.9681534
0.09259719,0.9681534
0.09259719,0.9681534
0.09259719,0.9681534
0.09259719,0.9681534
0.09259719,0.9681534
0.09259719,0.9681534
0.09259719,0.9681534
0.09259719,0.9681534
0.09259719,0.9681534
0.09259719,0.9681534
0.09259719,0.9681534
0.09259719,0.9681534
0.09259719,0.9681534
0.09259719,0.9681534
0.09259719,0.9681534
0.09259719,0.9681534
0.09259719,0.9681534
0.09259719,0.9681534
0.09259719,0.9681534
0.09259719,0.9681534
0.09259719,0.9681534
0.09259719,0.9681534
0.09259719,0.9681533
0.09259719,0.9681534
0.09259719,0.9681534
0.09259719,0.9681534
0.09259719,0.9681534
0.09259719,0.9681533
0.09259719,0.9681534
0.09259719,0.9681534
0.08329958,0.9563752
0.08329958,0.9563752
0.08329958,0.9563752
0.08329958,0.9563752
0.08329958,0.9563752
0.08329958,0.9563752
0.08329958,0.9563752
0.08329958,0.9563752
0.08329958,0.9563752
0.08329958,0.9563752
0.08329958,0.9563752
0.08329958,0.9563752
0.08329958,0.9563752
0.08329958,0.9563752
0.08329958,0.9563752
0.08329958,0.9563752
0.08329958,0.9563752
0.08329958,0.9563752
0.08329958,0.9563752
0.08329958,0.9563752
0.08329958,0.9563752
0.08329958,0.9563752
0.08329958,0.9563752
0.08329958,0.9563752
0.08329958,0.9563752
0.08329958,0.9563752
0.08329958,0.9563752
0.08329958,0.9563752
0.08329958,0.9563752
0.08329958,0.9563752
0.08329958,0.9563752
0.08329958,0.9563752
0.08329958,0.9563752
0.08329958,0.9563752
0.08329958,0.9563752
0.08329958,0.9563752
0.08329958,0.9563752
0.08329958,0.9563752
0.08329958,0.9563752
0.08329958,0.9563752
0.08329958,0.9563752
0.08329958,0.9563752
0.08329958,0.9563752
0.08329958,0.9563752
0.08329958,0.9563752
0.08329958,0.9563752
0.08329958,0.9563752
0.08329958,0.9563752
0.09872773,0.9713982
0.09872776,0.9713984
0.09872775,0.9713984
0.09872773,0.9713983
0.09872775,0.9713984
0.09872775,0.9713984
0.09872774,0.9713984
0.09872775,0.9713984
0.09872775,0.9713984
0.09872775,0.9713985
0.09872774,0.9713984
0.09872775,0.9713984
0.09872775,0.9713985
0.09872775,0.9713984
0.09872775,0.9713984
0.09872773,0.9713982
0.09872775,0.9713984
0.09872774,0.9713984
0.09872775,0.9713984
0.09872773,0.9713984
0.09872775,0.9713984
0.09872775,0.9713985
0.09872775,0.9713984
0.09872775,0.9713984
0.09872775,0.9713984
0.09872774,0.9713984
0.09872774,0.9713985
0.09872775,0.9713985
0.09872776,0.9713983
0.09872776,0.9713985
0.09872775,0.9713984
0.09872776,0.9713984
0.09872775,0.9713984
0.09872775,0.9713984
0.09872774,0.9713984
0.09872775,0.9713984
0.09872774,0.9713984
0.09872775,0.9713984
0.09872775,0.9713985
0.09872774,0.9713985
0.09872775,0.9713985
0.09872774,0.9713984
0.09872776,0.9713985
0.09872775,0.9713984
0.09872775,0.9713984
0.09872775,0.9713984
0.09872776,0.9713985
0.09872775,0.9713984
0.09872773,0.9713982
0.09872774,0.9713984
0.09872774,0.9713983
0.09872775,0.9713984
0.09872774,0.9713984
0.09872775,0.9713985
0.09872775,0.9713984
0.09872776,0.9713985
0.09872775,0.9713982
0.09872776,0.9713983
0.09872774,0.9713984
0.09872775,0.9713984
0.09872776,0.9713985
0.09872775,0.9713982
0.09872773,0.9713984
0.09872775,0.9713985
0.09872776,0.9713985
0.0938099,0.9810453
0.09380992,0.9810454
0.09380991,0.9810452
0.09380993,0.9810455
0.09380993,0.9810454
0.09380993,0.9810453
0.09380992,0.9810453
0.09380991,0.9810452
0.09380992,0.9810452
0.09380992,0.9810453
0.09380993,0.9810454
0.09380992,0.9810452
0.09380992,0.9810452
0.09380992,0.9810452
0.09380992,0.9810452
0.09380991,0.9810453
0.09380991,0.9810452
0.09380991,0.9810452
0.09380992,0.9810452
0.09380993,0.9810453
0.09380992,0.9810452
0.09380993,0.9810454
0.09380992,0.9810454
0.0938099,0.9810454
0.09380991,0.9810452
0.0938099,0.9810453
0.09380991,0.9810452
0.09380992,0.9810452
0.09380993,0.9810454
0.09380992,0.9810453
0.09259719,0.9681534
0.09259719,0.9681534
0.09259719,0.9681534
0.09259719,0.9681534
0.09259719,0.9681534
0.09259719,0.9681534
0.09259719,0.9681534
0.09259719,0.9681534
0.09259719,0.9681534
0.09259719,0.9681534
0.09259719,0.9681534
0.09259719,0.9681534
0.09259719,0.9681534
0.09259719,0.9681534
0.09259719,0.9681534
0.09259719,0.9681534
0.09259719,0.9681534
0.09259719,0.9681534
0.09259719,0.9681534
0.09259719,0.9681534
0.09259719,0.9681534
0.09259719,0.9681534
0.09259719,0.9681534
0.09259719,0.9681534
0.09259719,0.9681534
0.09259719,0.9681533
0.09259719,0.9681534
0.09259719,0.9681534
0.09259719,0.9681534
0.09259719,0.9681534
0.09259719,0.9681534
0.09259719,0.9681534
0.09259719,0.9681533
0.09259719,0.9681534
0.09259721,0.9681534
0.09259719,0.9681534
0.09259719,0.9681534
0.09259719,0.9681534
0.09259719,0.9681533
0.09259719,0.9681534
0.09259719,0.9681534
0.09259719,0.9681533
0.09259719,0.9681534
0.09259719,0.9681533
0.09259719,0.9681533
0.09259719,0.9681534
0.09259719,0.9681534
0.09259719,0.9681534
0.09259719,0.9681534
0.09259719,0.9681534
0.1719672,0.5554291
0.1719672,0.555429
0.1719672,0.555429
0.1719672,0.5554291
0.1719672,0.555429
0.1719672,0.5554291
0.1719672,0.5554291
0.1719672,0.5554292
0.1719672,0.555429
0.1719672,0.5554291
0.1719672,0.5554291
0.1719672,0.5554292
0.1719672,0.555429
0.1719672,0.5554292
0.1719672,0.5554291
0.1719672,0.5554291
0.1719672,0.5554292
0.1719672,0.5554291
0.1719672,0.5554291
0.1719672,0.5554292
0.1719672,0.555429
0.1719672,0.5554292
0.1719672,0.5554291
0.1719672,0.5554291
0.1719672,0.5554291
0.1719672,0.5554291
0.1719672,0.5554291
0.1719672,0.5554291
0.1719672,0.5554291
0.1719672,0.5554291
0.1719672,0.5554291
0.1719672,0.5554291
0.1719672,0.555429
0.1719672,0.5554292
0.1719672,0.5554292
0.1719672,0.555429
0.1719672,0.5554291
0.1719672,0.555429
0.1719672,0.555429
0.1719672,0.5554291
0.1719672,0.555429
0.1719672,0.5554292
0.1719672,0.5554292
0.1719672,0.555429
0.1719672,0.5554292
0.1719672,0.5554291
0.1719672,0.5554291
0.1719672,0.5554292
0.1606929,0.5357113
0.1606929,0.5357113
0.1606929,0.5357113
0.1606929,0.5357113
0.1606929,0.5357113
0.1606929,0.5357113
0.1606929,0.5357113
0.1606929,0.5357113
0.1606929,0.5357113
0.1606929,0.5357113
0.1606929,0.5357113
0.1606929,0.5357113
0.1606929,0.5357113
0.1606929,0.5357113
0.1606929,0.5357113
0.1606929,0.5357113
0.1606929,0.5357113
0.1606929,0.5357113
0.1606929,0.5357113
0.1606929,0.5357113
0.1606929,0.5357113
0.1606929,0.5357113
0.1606929,0.5357113
0.1606929,0.5357113
0.1606929,0.5357113
0.1606929,0.5357113
0.1606929,0.5357113
0.1606929,0.5357113
0.1606929,0.5357113
0.1606929,0.5357113
0.1606929,0.5357113
0.1606929,0.5357113
0.1606929,0.5357113
0.1606929,0.5357113
0.1606929,0.5357113
0.1606929,0.5357113
0.1606929,0.5357113
0.1606929,0.5357113
0.1606929,0.5357113
0.1606929,0.5357113
0.1606929,0.5357113
0.1606929,0.5357113
0.1606929,0.5357113
0.1606929,0.5357113
0.1606929,0.5357113
0.1606929,0.5357113
0.1606929,0.5357113
0.1606929,0.5357113
0.1606929,0.5357113
0.1606929,0.5357113
0.1606929,0.5357113
0.1606929,0.5357113
0.1606929,0.5357113
0.1606929,0.5357113
0.1606929,0.5357113
0.1606929,0.5357113
0.1606929,0.5357113
0.1606929,0.5357113
0.1606929,0.5357113
0.1606929,0.5357113
0.1606929,0.5357113
0.1606929,0.5357113
0.1606929,0.5357113
0.1606929,0.5357113
0.1606929,0.5357113
0.1606929,0.5357113
0.1606929,0.5357113
0.1606929,0.5357113
0.1606929,0.5357113
0.1606929,0.5357113
0.1606929,0.5357113
0.1606929,0.5357113
0.1606929,0.5357113
0.1606929,0.5357113
0.1606929,0.5357113
0.1606929,0.5357113
0.1606929,0.5357113
0.1606929,0.5357113
0.1606929,0.5357113
0.1606929,0.5357113
0.1606929,0.5357113
0.1606929,0.5357113
0.1606929,0.5357113
0.1606929,0.5357113
0.2771119,0.9603776
0.2771118,0.9603776
0.2771119,0.9603776
0.2771119,0.9603776
0.2771119,0.9603776
0.2771119,0.9603776
0.2771119,0.9603776
0.2771119,0.9603776
0.2771119,0.9603776
0.2771119,0.9603776
0.2771119,0.9603776
0.2771119,0.9603776
0.2771118,0.9603776
0.2771119,0.9603776
0.2771119,0.9603776
0.2771119,0.9603776
0.2771119,0.9603776
0.2771119,0.9603776
0.2771118,0.9603776
0.2771119,0.9603776
0.2771118,0.9603776
0.2771119,0.9603776
0.2771119,0.9603776
0.2771119,0.9603776
0.2771119,0.9603776
0.2771119,0.9603776
0.2771119,0.9603776
0.2771119,0.9603776
0.2771119,0.9603776
0.2771119,0.9603776
0.2771119,0.9603776
0.2771119,0.9603776
0.2771119,0.9603776
0.2771118,0.9603776
0.2771119,0.9603776
0.2771119,0.9603776
0.2771118,0.9603776
0.2771118,0.9603776
0.2771119,0.9603776
0.2771119,0.9603776
0.2771118,0.9603776
0.2771119,0.9603776
0.2771119,0.9603776
0.2771119,0.9603776
0.2771119,0.9603776
0.2771119,0.9603776
0.2771119,0.9603776
0.2771119,0.9603776
0.2771119,0.9603776
0.2771119,0.9603776
0.2771119,0.9603776
0.2771119,0.9603776
0.2771119,0.9603776
0.2771119,0.9603776
0.2771118,0.9603776
0.2771118,0.9603776
0.2771119,0.9603776
0.2771119,0.9603776
0.2771118,0.9603776
0.2771119,0.9603776
0.2771119,0.9603776
0.2771119,0.9603776
0.2771119,0.9603776
0.2771119,0.9603776
0.2771119,0.9603776
0.2771119,0.9603776
0.2771119,0.9603776
0.2771119,0.9603776
0.2771118,0.9603776
0.2771119,0.9603776
0.2771119,0.9603776
0.2771119,0.9603776
0.2771119,0.9603776
0.2771119,0.9603776
0.2771118,0.9603776
0.2771119,0.9603776
0.2771118,0.9603776
0.2771119,0.9603776
0.2771119,0.9603776
0.2771119,0.9603776
0.2771119,0.9603776
0.2771119,0.9603776
0.2771119,0.9603776
0.2771119,0.9603776
0.2771119,0.9603776
0.2771119,0.9603776
0.2771119,0.9603776
0.2771119,0.9603776
0.2771119,0.9603776
0.2771118,0.9603776
0.2771119,0.9603776
0.2771118,0.9603776
0.2771119,0.9603776
0.2771118,0.9603776
0.2771119,0.9603776
0.2771119,0.9603776
0.2771118,0.9603776
0.2771119,0.9603776
0.2771119,0.9603776
0.2771119,0.9603776
0.2771119,0.9603776
0.2771119,0.9603776
0.2771119,0.9603776
0.2771119,0.9603776
0.2771119,0.9603776
0.2771119,0.9603776
0.2771119,0.9603776
0.2771119,0.9603776
0.2771119,0.9603776
0.2771119,0.9603776
0.2771118,0.9603776
0.2771118,0.9603776
0.2771119,0.9603776
0.2771119,0.9603776
0.2771119,0.9603776
0.2771119,0.9603776
0.2771119,0.9603776
0.2771119,0.9603776
0.2771119,0.9603776
0.2771119,0.9603776
0.2771119,0.9603776
0.2771119,0.9603776
0.2771118,0.9603776
0.2771118,0.9603776
0.2771119,0.9603776
0.2771119,0.9603776
0.2771119,0.9603776
0.2771119,0.9603776
0.2771119,0.9603776
0.2771119,0.9603776
0.2771119,0.9603776
0.2771119,0.9603776
0.2771119,0.9603776
0.2771119,0.9603776
0.2771119,0.9603776
0.2771119,0.9603776
0.2771119,0.9603776
0.2771119,0.9603776
0.2771119,0.9603776
0.2771119,0.9603776
0.2771119,0.9603776
0.2771119,0.9603776
0.2771119,0.9603776
0.2771119,0.9603776
0.2771119,0.9603776
0.2771119,0.9603776
0.2771119,0.9603776
0.2771119,0.9603776
0.2771119,0.9603776
0.2771119,0.9603776
0.2771118,0.9603776
0.2771118,0.9603776
0.2771119,0.9603776
0.2771119,0.9603776
0.2771119,0.9603776
0.2771119,0.9603776
0.2771119,0.9603776
0.2771119,0.9603776
0.2771119,0.9603776
0.2771119,0.9603776
0.2771119,0.9603776
0.2771119,0.9603776
0.2771119,0.9603776
0.2771119,0.9603776
0.2771118,0.9603776
0.2771118,0.9603776
0.2771119,0.9603776
0.2771119,0.9603776
0.2771118,0.9603776
0.2771118,0.9603776
0.2771119,0.9603776
0.2771119,0.9603776
0.2771118,0.9603776
0.2771118,0.9603776
0.2771119,0.9603776
0.2771119,0.9603776
0.2771119,0.9603776
0.2771119,0.9603776
0.2771119,0.9603776
0.2771119,0.9603776
0.2771119,0.9603776
0.2771119,0.9603776
0.2771119,0.9603776
0.2771119,0.9603776
0.2771119,0.9603776
0.2771119,0.9603776
0.2771119,0.9603776
0.2771119,0.9603776
0.2771119,0.9603776
0.2771119,0.9603776
0.2771118,0.9603776
0.2771118,0.9603776
0.2771119,0.9603776
0.2771119,0.9603776
0.2771119,0.9603776
0.2771119,0.9603776
0.2771119,0.9603776
0.2771119,0.9603776
0.2771119,0.9603776
0.2771119,0.9603776
0.2771118,0.9603776
0.2771118,0.9603776
0.2771119,0.9603776
0.2771119,0.9603776
0.2771119,0.9603776
0.2771119,0.9603776
0.2771118,0.9603776
0.2771118,0.9603776
0.2771119,0.9603776
0.2771119,0.9603776
0.2771119,0.9603776
0.2771119,0.9603776
0.2771118,0.9603776
0.2771118,0.9603776
0.2771119,0.9603776
0.2771119,0.9603776
0.2771119,0.9603776
0.2771119,0.9603776
0.2771119,0.9603776
0.2771119,0.9603776
0.2771119,0.9603776
0.2771119,0.9603776
0.2771119,0.9603776
0.2771119,0.9603776
0.2771119,0.9603776
0.2771119,0.9603776
0.2771119,0.9603776
0.2771119,0.9603776
0.2771119,0.9603776
0.2771119,0.9603776
0.2771119,0.9603776
0.2771119,0.9603776
0.2771118,0.9603776
0.2771118,0.9603776
0.2771119,0.9603776
0.2771119,0.9603776
0.2771118,0.9603776
0.2771118,0.9603776
0.2771119,0.9603776
0.2771119,0.9603776
0.2771119,0.9603776
0.2771119,0.9603776
0.2771119,0.9603776
0.2771119,0.9603776
0.2771119,0.9603776
0.2771119,0.9603776
0.2771119,0.9603776
0.2771119,0.9603776
0.2771119,0.9603776
0.2771119,0.9603776
0.2771119,0.9603776
0.2771119,0.9603776
0.2771119,0.9603776
0.2771119,0.9603776
0.2771119,0.9603776
0.2771119,0.9603776
0.2771119,0.9603776
0.2771119,0.9603776
0.2771119,0.9603776
0.2771119,0.9603776
0.2771119,0.9603776
0.2771119,0.9603776
0.2771119,0.9603776
0.2771119,0.9603776
0.2771118,0.9603776
0.2771118,0.9603776
0.2771119,0.9603776
0.2771119,0.9603776
0.2771119,0.9603776
0.2771119,0.9603776
0.2771119,0.9603776
0.2771119,0.9603776
0.2771119,0.9603776
0.2771119,0.9603776
0.2771119,0.9603776
0.2771119,0.9603776
0.2771118,0.9603776
0.2771118,0.9603776
0.2771118,0.9603776
0.2771118,0.9603776
0.2771119,0.9603776
0.2771119,0.9603776
0.2771119,0.9603776
0.2771119,0.9603776
0.2771119,0.9603776
0.2771119,0.9603776
0.2771119,0.9603776
0.2771119,0.9603776
0.2771119,0.9603776
0.2771119,0.9603776
0.2771119,0.9603776
0.2771119,0.9603776
0.2771119,0.9603776
0.2771119,0.9603776
0.2771118,0.9603776
0.2771118,0.9603776
0.2771118,0.9603776
0.2771118,0.9603776
0.2771119,0.9603776
0.2771119,0.9603776
0.2771119,0.9603776
0.2771119,0.9603776
0.2771119,0.9603776
0.2771119,0.9603776
0.2771119,0.9603776
0.2771119,0.9603776
0.2771119,0.9603776
0.2771119,0.9603776
0.2771119,0.9603776
0.2771119,0.9603776
0.2771119,0.9603776
0.2771119,0.9603776
0.2771119,0.9603776
0.2771119,0.9603776
0.2771119,0.9603776
0.2771119,0.9603776
0.2771119,0.9603776
0.2771119,0.9603776
0.2771118,0.9603776
0.2771118,0.9603776
0.2771119,0.9603776
0.2771119,0.9603776
0.2771118,0.9603776
0.2771118,0.9603776
0.2771119,0.9603776
0.2771119,0.9603776
0.2771119,0.9603776
0.2771119,0.9603776
0.2771119,0.9603776
0.2771119,0.9603776
0.2771118,0.9603776
0.2771118,0.9603776
0.2771119,0.9603776
0.2771119,0.9603776
0.2771119,0.9603776
0.2771119,0.9603776
0.2771119,0.9603776
0.2771119,0.9603776
0.2771119,0.9603776
0.2771119,0.9603776
0.2771119,0.9603776
0.2771119,0.9603776
0.2771118,0.9603776
0.2771118,0.9603776
0.2771119,0.9603776
0.2771119,0.9603776
0.2771119,0.9603776
0.2771119,0.9603776
0.2771118,0.9603776
0.2771118,0.9603776
0.2771119,0.9603776
0.2771119,0.9603776
0.2771118,0.9603776
0.2771118,0.9603776
0.2771118,0.9603776
0.2771118,0.9603776
0.2771119,0.9603776
0.2771119,0.9603776
0.2771119,0.9603776
0.2771119,0.9603776
0.2771119,0.9603776
0.2771119,0.9603776
0.2771119,0.9603776
0.2771119,0.9603776
0.2771119,0.9603776
0.2771119,0.9603776
0.2771119,0.9603776
0.2771119,0.9603776
0.2771119,0.9603776
0.2771119,0.9603776
0.2771118,0.9603776
0.2771118,0.9603776
0.2771119,0.9603776
0.2771119,0.9603776
0.2771119,0.9603776
0.2771119,0.9603776
0.2771119,0.9603776
0.2771119,0.9603776
0.2771119,0.9603776
0.2771119,0.9603776
0.2771119,0.9603776
0.2771119,0.9603776
0.2771119,0.9603776
0.2771119,0.9603776
0.2771119,0.9603776
0.2771119,0.9603776
0.2771119,0.9603776
0.2771119,0.9603776
0.2771119,0.9603776
0.2771119,0.9603776
0.2771119,0.9603776
0.2771119,0.9603776
0.2771119,0.9603776
0.2771119,0.9603776
0.2771119,0.9603776
0.2771119,0.9603776
0.2771118,0.9603776
0.2771118,0.9603776
0.2771118,0.9603776
0.2771118,0.9603776
0.2771119,0.9603776
0.2771118,0.9603776
0.2771119,0.9603776
0.2771119,0.9603776
0.2771119,0.9603776
0.2771119,0.9603776
0.2771119,0.9603776
0.2771119,0.9603776
0.2771119,0.9603776
0.2771119,0.9603776
0.2771119,0.9603776
0.2771119,0.9603776
0.2771118,0.9603776
0.2771119,0.9603776
0.2771119,0.9603776
0.2771119,0.9603776
0.2771119,0.9603776
0.2771119,0.9603776
0.2771118,0.9603776
0.2771119,0.9603776
0.2771118,0.9603776
0.2771119,0.9603776
0.2771119,0.9603776
0.2771119,0.9603776
0.2771119,0.9603776
0.2771119,0.9603776
0.2771119,0.9603776
0.2771119,0.9603776
0.2771119,0.9603776
0.2771119,0.9603776
0.2771119,0.9603776
0.2771119,0.9603776
0.2771119,0.9603776
0.2771118,0.9603776
0.2771119,0.9603776
0.2771119,0.9603776
0.2771118,0.9603776
0.2771118,0.9603776
0.2771119,0.9603776
0.2771119,0.9603776
0.2771118,0.9603776
0.2771119,0.9603776
0.2771119,0.9603776
0.2771119,0.9603776
0.2771119,0.9603776
0.2771119,0.9603776
0.2771119,0.9603776
0.2771119,0.9603776
0.2771119,0.9603776
0.2771119,0.9603776
0.2771119,0.9603776
0.2771119,0.9603776
0.2771119,0.9603776
0.2771119,0.9603776
0.2771118,0.9603776
0.2771118,0.9603776
0.2771119,0.9603776
0.2771119,0.9603776
0.2771118,0.9603776
0.2771119,0.9603776
0.2771119,0.9603776
0.2771119,0.9603776
0.2771119,0.9603776
0.2771119,0.9603776
0.2771119,0.9603776
0.2771119,0.9603776
0.2771119,0.9603776
0.2771119,0.9603776
0.2771118,0.9603776
0.2771119,0.9603776
0.2771119,0.9603776
0.2771119,0.9603776
0.2771119,0.9603776
0.2771119,0.9603776
0.2771118,0.9603776
0.2771119,0.9603776
0.2771118,0.9603776
0.2771119,0.9603776
0.2771119,0.9603776
0.2771119,0.9603776
0.2771119,0.9603776
0.2771119,0.9603776
0.2771119,0.9603776
0.2771119,0.9603776
0.2771119,0.9603776
0.2771119,0.9603776
0.2771119,0.9603776
0.2771119,0.9603776
0.2771119,0.9603776
0.2771118,0.9603776
0.2771119,0.9603776
0.2771118,0.9603776
0.2771119,0.9603776
0.2771118,0.9603776
0.2771119,0.9603776
0.2771119,0.9603776
0.2771118,0.9603776
0.2771119,0.9603776
0.2771119,0.9603776
0.2771119,0.9603776
0.2771119,0.9603776
0.2771119,0.9603776
0.2771119,0.9603776
0.2771119,0.9603776
0.2771119,0.9603776
0.2771119,0.9603776
0.2771119,0.9603776
0.2771119,0.9603776
0.2771119,0.9603776
0.2771119,0.9603776
0.2771118,0.9603776
0.2771118,0.9603776
0.2771119,0.9603776
0.2771119,0.9603776
0.2771119,0.9603776
0.2771119,0.9603776
0.2771119,0.9603776
0.2771119,0.9603776
0.2771119,0.9603776
0.2771119,0.9603776
0.2771119,0.9603776
0.2771119,0.9603776
0.2771118,0.9603776
0.2771118,0.9603776
0.2771119,0.9603776
0.2771119,0.9603776
0.2771119,0.9603776
0.2771119,0.9603776
0.2771119,0.9603776
0.2771119,0.9603776
0.2771119,0.9603776
0.2771119,0.9603776
0.2771119,0.9603776
0.2771119,0.9603776
0.2771119,0.9603776
0.2771119,0.9603776
0.2771119,0.9603776
0.2771119,0.9603776
0.2771119,0.9603776
0.2771119,0.9603776
0.2771119,0.9603776
0.2771119,0.9603776
0.2771119,0.9603776
0.2771119,0.9603776
0.2771119,0.9603776
0.2771119,0.9603776
0.2771119,0.9603776
0.2771119,0.9603776
0.2771119,0.9603776
0.2771119,0.9603776
0.2771118,0.9603776
0.2771118,0.9603776
0.2771119,0.9603776
0.2771119,0.9603776
0.2771119,0.9603776
0.2771119,0.9603776
0.2771119,0.9603776
0.2771119,0.9603776
0.2771119,0.9603776
0.2771119,0.9603776
0.2771119,0.9603776
0.2771119,0.9603776
0.2771119,0.9603776
0.2771119,0.9603776
0.2771118,0.9603776
0.2771118,0.9603776
0.2771119,0.9603776
0.2771119,0.9603776
0.2771118,0.9603776
0.2771118,0.9603776
0.2771119,0.9603776
0.2771119,0.9603776
0.2771118,0.9603776
0.2771118,0.9603776
0.2771119,0.9603776
0.2771119,0.9603776
0.2771119,0.9603776
0.2771119,0.9603776
0.2771119,0.9603776
0.2771119,0.9603776
0.2771119,0.9603776
0.2771119,0.9603776
0.2771119,0.9603776
0.2771119,0.9603776
0.2771119,0.9603776
0.2771119,0.9603776
0.2771119,0.9603776
0.2771119,0.9603776
0.2771119,0.9603776
0.2771119,0.9603776
0.2771118,0.9603776
0.2771118,0.9603776
0.2771119,0.9603776
0.2771119,0.9603776
0.2771119,0.9603776
0.2771119,0.9603776
0.2771119,0.9603776
0.2771119,0.9603776
0.2771119,0.9603776
0.2771119,0.9603776
0.2771118,0.9603776
0.2771118,0.9603776
0.2771119,0.9603776
0.2771119,0.9603776
0.2771119,0.9603776
0.2771119,0.9603776
0.2771118,0.9603776
0.2771118,0.9603776
0.2771119,0.9603776
0.2771119,0.9603776
0.2771119,0.9603776
0.2771119,0.9603776
0.2771118,0.9603776
0.2771118,0.9603776
0.2771119,0.9603776
0.2771119,0.9603776
0.2771119,0.9603776
0.2771119,0.9603776
0.2771119,0.9603776
0.2771119,0.9603776
0.2771119,0.9603776
0.2771119,0.9603776
0.2771119,0.9603776
0.2771119,0.9603776
0.2771119,0.9603776
0.2771119,0.9603776
0.2771119,0.9603776
0.2771119,0.9603776
0.2771119,0.9603776
0.2771119,0.9603776
0.2771119,0.9603776
0.2771119,0.9603776
0.2771118,0.9603776
0.2771118,0.9603776
0.2771119,0.9603776
0.2771119,0.9603776
0.2771118,0.9603776
0.2771118,0.9603776
0.2771119,0.9603776
0.2771119,0.9603776
0.2771119,0.9603776
0.2771119,0.9603776
0.2771119,0.9603776
0.2771119,0.9603776
0.2771119,0.9603776
0.2771119,0.9603776
0.2771119,0.9603776
0.2771119,0.9603776
0.2771119,0.9603776
0.2771119,0.9603776
0.2771119,0.9603776
0.2771119,0.9603776
0.2771119,0.9603776
0.2771119,0.9603776
0.2771119,0.9603776
0.2771119,0.9603776
0.2771119,0.9603776
0.2771119,0.9603776
0.2771119,0.9603776
0.2771119,0.9603776
0.2771119,0.9603776
0.2771119,0.9603776
0.2771119,0.9603776
0.2771119,0.9603776
0.2771118,0.9603776
0.2771118,0.9603776
0.2771119,0.9603776
0.2771119,0.9603776
0.2771119,0.9603776
0.2771119,0.9603776
0.2771119,0.9603776
0.2771119,0.9603776
0.2771119,0.9603776
0.2771119,0.9603776
0.2771119,0.9603776
0.2771119,0.9603776
0.2771118,0.9603776
0.2771118,0.9603776
0.2771118,0.9603776
0.2771118,0.9603776
0.2771119,0.9603776
0.2771119,0.9603776
0.2771119,0.9603776
0.2771119,0.9603776
0.2771119,0.9603776
0.2771119,0.9603776
0.2771119,0.9603776
0.2771119,0.9603776
0.2771119,0.9603776
0.2771119,0.9603776
0.2771119,0.9603776
0.2771119,0.9603776
0.2771119,0.9603776
0.2771119,0.9603776
0.2771118,0.9603776
0.2771118,0.9603776
0.2771118,0.9603776
0.2771118,0.9603776
0.2771119,0.9603776
0.2771119,0.9603776
0.2771119,0.9603776
0.2771119,0.9603776
0.2771119,0.9603776
0.2771119,0.9603776
0.2771119,0.9603776
0.2771119,0.9603776
0.2771119,0.9603776
0.2771119,0.9603776
0.2771119,0.9603776
0.2771119,0.9603776
0.2771119,0.9603776
0.2771119,0.9603776
0.2771119,0.9603776
0.2771119,0.9603776
0.2771119,0.9603776
0.2771119,0.9603776
0.2771119,0.9603776
0.2771119,0.9603776
0.2771118,0.9603776
0.2771118,0.9603776
0.2771119,0.9603776
0.2771119,0.9603776
0.2771118,0.9603776
0.2771118,0.9603776
0.2771119,0.9603776
0.2771119,0.9603776
0.2771119,0.9603776
0.2771119,0.9603776
0.2771119,0.9603776
0.2771119,0.9603776
0.2771118,0.9603776
0.2771118,0.9603776
0.2771119,0.9603776
0.2771119,0.9603776
0.2771119,0.9603776
0.2771119,0.9603776
0.2771119,0.9603776
0.2771119,0.9603776
0.2771119,0.9603776
0.2771119,0.9603776
0.2771119,0.9603776
0.2771119,0.9603776
0.2771118,0.9603776
0.2771118,0.9603776
0.2771119,0.9603776
0.2771119,0.9603776
0.2771119,0.9603776
0.2771119,0.9603776
0.2771118,0.9603776
0.2771118,0.9603776
0.2771119,0.9603776
0.2771119,0.9603776
0.2771118,0.9603776
0.2771118,0.9603776
0.2771118,0.9603776
0.2771118,0.9603776
0.2771119,0.9603776
0.2771119,0.9603776
0.2771119,0.9603776
0.2771119,0.9603776
0.2771119,0.9603776
0.2771119,0.9603776
0.2771119,0.9603776
0.2771119,0.9603776
0.2771119,0.9603776
0.2771119,0.9603776
0.2771119,0.9603776
0.2771119,0.9603776
0.2771119,0.9603776
0.2771119,0.9603776
0.2771118,0.9603776
0.2771118,0.9603776
0.2771119,0.9603776
0.2771119,0.9603776
0.2771119,0.9603776
0.2771119,0.9603776
0.2771119,0.9603776
0.2771119,0.9603776
0.2771119,0.9603776
0.2771119,0.9603776
0.2771119,0.9603776
0.2771119,0.9603776
0.2771119,0.9603776
0.2771119,0.9603776
0.2771119,0.9603776
0.2771119,0.9603776
0.2771119,0.9603776
0.2771119,0.9603776
0.2771119,0.9603776
0.2771119,0.9603776
0.2771119,0.9603776
0.2771119,0.9603776
0.2771119,0.9603776
0.2771119,0.9603776
0.2771119,0.9603776
0.2771119,0.9603776
0.2771118,0.9603776
0.2771118,0.9603776
0.2771118,0.9603776
0.2771118,0.9603776
0.49011,0.7182989
0.49011,0.7182989
0.49011,0.7182989
0.49011,0.7182989
0.49011,0.7182989
0.49011,0.7182989
0.49011,0.7182989
0.49011,0.7182989
0.49011,0.7182989
0.49011,0.7182989
0.49011,0.7182989
0.49011,0.7182989
0.49011,0.7182989
0.49011,0.7182989
0.49011,0.7182989
0.49011,0.7182989
0.49011,0.7182989
0.49011,0.7182989
0.49011,0.7182989
0.49011,0.7182989
0.49011,0.7182989
0.49011,0.7182989
0.49011,0.7182989
0.49011,0.7182989
0.49011,0.7182989
0.49011,0.7182989
0.49011,0.7182989
0.49011,0.7182989
0.49011,0.7182989
0.49011,0.7182989
0.49011,0.7182989
0.49011,0.7182989
0.49011,0.7182989
0.49011,0.7182989
0.49011,0.7182989
0.49011,0.7182989
0.49011,0.7182989
0.49011,0.7182989
0.49011,0.7182989
0.49011,0.7182989
0.49011,0.7182989
0.49011,0.7182989
0.49011,0.7182989
0.49011,0.7182989
0.49011,0.7182989
0.49011,0.7182989
0.49011,0.7182989
0.49011,0.7182989
0.49011,0.7182989
0.49011,0.7182989
0.49011,0.7182989
0.49011,0.7182989
0.49011,0.7182989
0.49011,0.7182989
0.49011,0.7182989
0.49011,0.7182989
0.49011,0.7182989
0.49011,0.7182989
0.49011,0.7182989
0.49011,0.7182989
0.49011,0.7182989
0.49011,0.7182989
0.49011,0.7182989
0.49011,0.7182989
0.49011,0.7182989
0.49011,0.7182989
0.49011,0.7182989
0.49011,0.7182989
0.49011,0.7182989
0.49011,0.7182989
0.49011,0.7182989
0.49011,0.7182989
0.49011,0.7182989
0.49011,0.7182989
0.49011,0.7182989
0.49011,0.7182989
0.49011,0.7182989
0.49011,0.7182989
0.49011,0.7182989
0.49011,0.7182989
0.49011,0.7182989
0.49011,0.7182989
0.49011,0.7182989
0.49011,0.7182989
0.49011,0.7182989
0.49011,0.7182989
0.49011,0.7182989
0.49011,0.7182989
0.49011,0.7182989
0.49011,0.7182989
0.49011,0.7182989
0.49011,0.7182989
0.49011,0.7182989
0.49011,0.7182989
0.49011,0.7182989
0.49011,0.7182989
0.49011,0.7182989
0.49011,0.7182989
0.49011,0.7182989
0.49011,0.7182989
0.49011,0.7182989
0.49011,0.7182989
0.49011,0.7182989
0.49011,0.7182989
0.49011,0.7182989
0.49011,0.7182989
0.49011,0.7182989
0.49011,0.7182989
0.49011,0.7182989
0.49011,0.7182989
0.49011,0.7182989
0.49011,0.7182989
0.49011,0.7182989
0.49011,0.7182989
0.49011,0.7182989
0.49011,0.7182989
0.49011,0.7182989
0.49011,0.7182989
0.49011,0.7182989
0.49011,0.7182989
0.09303814,0.9679754
0.09303814,0.9679754
0.09303814,0.9679754
0.09303814,0.9679754
0.09300224,0.9682088
0.09300224,0.9682088
0.09300224,0.9682088
0.09300224,0.9682088
0.09300224,0.9682088
0.09300224,0.9682088
0.09300224,0.9682088
0.09300224,0.9682088
0.09300224,0.9682088
0.09300224,0.9682088
0.09300224,0.9682088
0.09300224,0.9682088
0.09300224,0.9682088
0.09300224,0.9682088
0.09300224,0.9682088
0.09300224,0.9682088
0.09300224,0.9682088
0.09300224,0.9682088
0.09300224,0.9682088
0.09300224,0.9682088
0.09300224,0.9682088
0.09300224,0.9682088
0.09300224,0.9682088
0.09300224,0.9682088
0.09300224,0.9682088
0.09300224,0.9682088
0.09300224,0.9682088
0.09300224,0.9682088
0.09300224,0.9682088
0.09300224,0.9682088
0.09300224,0.9682088
0.09300224,0.9682088
0.09300224,0.9682088
0.09300224,0.9682088
0.09300224,0.9682088
0.09300224,0.9682088
0.09300224,0.9682088
0.09300224,0.9682088
0.09300224,0.9682088
0.09300224,0.9682088
0.09300224,0.9682088
0.09300224,0.9682088
0.09300224,0.9682088
0.09300224,0.9682088
0.09300224,0.9682088
0.1580775,0.5336025
0.1580775,0.5336024
0.1580775,0.5336024
0.1580775,0.5336025
0.1580775,0.5336024
0.1580775,0.5336024
0.1580775,0.5336024
0.1580775,0.5336024
0.1580775,0.5336024
0.1580775,0.5336024
0.1580775,0.5336024
0.1580775,0.5336024
0.1580775,0.5336024
0.1580775,0.5336024
0.1580775,0.5336024
0.1580775,0.5336024
0.1580775,0.5336024
0.1580775,0.5336024
0.1580775,0.5336024
0.1580775,0.5336024
0.09259719,0.9681534
0.09259719,0.9681534
0.09259719,0.9681534
0.09259719,0.9681534
0.09259719,0.9681534
0.09259719,0.9681534
0.09259719,0.9681534
0.09259719,0.9681534
0.09259719,0.9681534
0.09259719,0.9681534
0.09259719,0.9681534
0.09259719,0.9681534
0.09259719,0.9681534
0.09259719,0.9681534
0.09259719,0.9681534
0.09259719,0.9681534
0.09259719,0.9681534
0.09259719,0.9681534
0.09259719,0.9681534
0.09259719,0.9681534
0.09300224,0.9682088
0.09300224,0.9682088
0.09300224,0.9682088
0.09300224,0.9682088
0.09300224,0.9682088
0.09300224,0.9682088
0.09300224,0.9682088
0.09300224,0.9682088
0.09300224,0.9682088
0.09300224,0.9682088
0.09300224,0.9682088
0.09300224,0.9682088
0.09300224,0.9682088
0.09300224,0.9682088
0.09300224,0.9682088
0.09300224,0.9682088
0.09300224,0.9682088
0.09300224,0.9682088
0.09300224,0.9682088
0.09300224,0.9682088
0.09300224,0.9682088
0.09300224,0.9682088
0.09300224,0.9682088
0.09300224,0.9682088
0.09300224,0.9682088
0.09300224,0.9682088
0.09300224,0.9682088
0.09300224,0.9682088
0.09300224,0.9682088
0.09300224,0.9682088
0.2771119,0.9603776
0.2771119,0.9603776
0.2771118,0.9603776
0.2771119,0.9603776
0.2771119,0.9603776
0.2771118,0.9603776
0.2771119,0.9603776
0.2771118,0.9603776
0.2771119,0.9603776
0.2771119,0.9603776
0.2771119,0.9603776
0.2771119,0.9603776
0.2771119,0.9603776
0.2771119,0.9603776
0.2771119,0.9603776
0.2771119,0.9603776
0.2771119,0.9603776
0.2771118,0.9603776
0.2771119,0.9603776
0.2771119,0.9603776
0.2771119,0.9603776
0.2771118,0.9603776
0.2771119,0.9603776
0.2771118,0.9603776
0.2771119,0.9603776
0.2771119,0.9603776
0.2771119,0.9603776
0.2771119,0.9603776
0.2771119,0.9603776
0.2771119,0.9603776
0.2771119,0.9603776
0.2771119,0.9603776
0.2771119,0.9603776
0.2771119,0.9603776
0.2771118,0.9603776
0.2771119,0.9603776
0.2771119,0.9603776
0.2771118,0.9603776
0.2771119,0.9603776
0.2771118,0.9603776
0.2771119,0.9603776
0.2771119,0.9603776
0.2771119,0.9603776
0.2771119,0.9603776
0.2771119,0.9603776
0.2771119,0.9603776
0.2771119,0.9603776
0.2771119,0.9603776
0.2771119,0.9603776
0.2771118,0.9603776
0.2771119,0.9603776
0.2771119,0.9603776
0.2771119,0.9603776
0.2771118,0.9603776
0.2771119,0.9603776
0.2771118,0.9603776
0.2771119,0.9603776
0.2771119,0.9603776
0.2771119,0.9603776
0.2771119,0.9603776
0.2771119,0.9603776
0.2771119,0.9603776
0.2771119,0.9603776
0.2771119,0.9603776
0.09300224,0.9682088
0.09300224,0.9682088
0.09300224,0.9682088
0.09300224,0.9682088
0.09300224,0.9682088
0.09300224,0.9682088
0.09300224,0.9682088
0.09300224,0.9682088
0.09300224,0.9682088
0.09300224,0.9682088
0.09300224,0.9682088
0.09300224,0.9682088
0.09300224,0.9682088
0.1560932,0.5435236
0.1560932,0.5435236
0.1560932,0.5435236
0.1560932,0.5435236
0.1560932,0.5435237
0.1560932,0.5435237
0.1560932,0.5435236
0.1560932,0.5435236
0.08329958,0.9563752
0.08329958,0.9563752
0.08329958,0.9563752
0.08329958,0.9563752
0.08329958,0.9563752
0.08329958,0.9563752
0.08329958,0.9563752
0.08329958,0.9563752
0.08329958,0.9563752
0.08329958,0.9563752
0.08329958,0.9563752
0.08329958,0.9563752
0.08329958,0.9563752
0.08329958,0.9563752
0.08329958,0.9563752
0.08329958,0.9563752
0.1660069,0.5348471
0.1660772,0.5284169
0.1660772,0.5353476
0.166007,0.528917
0.1651682,0.5348471
0.1650979,0.5284108
0.1650979,0.5353475
0.1651682,0.5289116
0.1667019,0.5302608
0.1666317,0.5366899
0.1666317,0.5297601
0.1667019,0.5361895
0.1675407,0.5302663
0.167611,0.5366899
0.167611,0.5297663
0.1675407,0.5361896
0.1621587,0.5331514
0.1621587,0.5331516
0.1621587,0.5331516
0.1621587,0.5331514
0.1621587,0.5331516
0.1621587,0.5331515
0.1621587,0.5331516
0.1621587,0.5331516
0.1621587,0.5331515
0.1621587,0.5331516
0.1621587,0.5331516
0.1621587,0.5331515
0.1621587,0.5331516
0.1621587,0.5331515
0.1621587,0.5331516
0.1621587,0.5331515
0.0921587,0.9681515
0.0921587,0.9681515
0.0921587,0.9681516
0.0921587,0.9681515
0.09215871,0.9681516
0.0921587,0.9681515
0.0921587,0.9681515
0.0921587,0.9681515
0.0921587,0.9681515
0.0921587,0.9681515
0.0921587,0.9681516
0.0921587,0.9681515
0.0921587,0.9681516
0.0921587,0.9681515
0.0921587,0.9681515
0.0921587,0.9681515
0.1657779,0.5444528
0.1658241,0.5387746
0.1658241,0.5446531
0.1657779,0.5389749
0.1648581,0.5444528
0.1648119,0.5387746
0.1648119,0.5446531
0.1648581,0.5389749
0.1658702,0.5389749
0.1658241,0.5446531
0.1658241,0.5387746
0.1658702,0.5444528
0.16679,0.5389749
0.1668362,0.5446531
0.1668362,0.5387746
0.16679,0.5444528
0.1660024,0.5330964
0.1659563,0.5387746
0.1659563,0.5328963
0.1660024,0.5385743
0.16679,0.5330963
0.1668362,0.5387746
0.1668362,0.5328963
0.16679,0.5385743
0.1659101,0.5385743
0.1659563,0.5366112
0.1659563,0.5387746
0.1659101,0.5366637
0.1648581,0.5385743
0.165474,0.5328963
0.1648119,0.5387746
0.165447,0.5330964
0.164858,0.5330966
0.1648119,0.5328963
0.09259719,0.9681534
0.09259719,0.9681534
0.09259719,0.9681534
0.09259719,0.9681534
0.09259719,0.9681534
0.09259719,0.9681534
0.09259719,0.9681534
0.09259719,0.9681534
0.09259719,0.9681534
0.09259719,0.9681534
0.09259719,0.9681534
0.09259719,0.9681534
0.09259719,0.9681534
0.09259719,0.9681534
0.09259719,0.9681534
0.09259719,0.9681534
0.09259719,0.9681534
0.09259719,0.9681534
0.09259719,0.9681534
0.09259719,0.9681534
0.09259719,0.9681534
0.09259719,0.9681534
0.09259719,0.9681534
0.09259719,0.9681534
0.09259719,0.9681534
0.09259719,0.9681534
0.09259719,0.9681534
0.09259719,0.9681534
0.09259719,0.9681534
0.09259719,0.9681534
0.09259719,0.9681534
0.09259719,0.9681534
0.09259719,0.9681534
0.09259719,0.9681534
0.09259719,0.9681534
0.09259719,0.9681534
0.09259719,0.9681534
0.09259719,0.9681534
0.09259719,0.9681534
0.09259719,0.9681534
0.09259719,0.9681534
0.09259719,0.9681534
0.09259719,0.9681534
0.09259719,0.9681534
0.09259719,0.9681534
0.09259719,0.9681534
0.09259719,0.9681534
0.09259719,0.9681534
0.09259719,0.9681534
0.09259719,0.9681534
0.09259719,0.9681534
0.09259719,0.9681534
0.09259719,0.9681534
0.09259719,0.9681534
0.09259719,0.9681534
0.09259719,0.9681534
0.09259719,0.9681534
0.09259719,0.9681534
0.1560932,0.5435236
0.1560932,0.5435236
0.1560932,0.5435236
0.1560932,0.5435236
0.1560932,0.5435237
0.1560932,0.5435237
0.1560932,0.5435236
0.1560932,0.5435236
0.08329958,0.9563752
0.08329958,0.9563752
0.08329958,0.9563752
0.08329958,0.9563752
0.08329958,0.9563752
0.08329958,0.9563752
0.08329958,0.9563752
0.08329958,0.9563752
0.08329958,0.9563752
0.08329958,0.9563752
0.08329958,0.9563752
0.08329958,0.9563752
0.08329958,0.9563752
0.08329958,0.9563752
0.08329958,0.9563752
0.08329958,0.9563752
0.1660069,0.5348471
0.1660772,0.5284169
0.166007,0.528917
0.1660772,0.5353476
0.1650979,0.5284108
0.1651682,0.5348471
0.1651682,0.5289116
0.1650979,0.5353475
0.1667019,0.5302608
0.1666317,0.5297601
0.1666317,0.5366899
0.1667019,0.5361895
0.1675407,0.5302663
0.167611,0.5366899
0.167611,0.5297663
0.1675407,0.5361896
0.1621587,0.5331514
0.1621587,0.5331516
0.1621587,0.5331516
0.1621587,0.5331514
0.1621587,0.5331516
0.1621587,0.5331515
0.1621587,0.5331516
0.1621587,0.5331516
0.1621587,0.5331515
0.1621587,0.5331516
0.1621587,0.5331516
0.1621587,0.5331515
0.1621587,0.5331516
0.1621587,0.5331515
0.1621587,0.5331516
0.1621587,0.5331515
0.0921587,0.9681515
0.0921587,0.9681516
0.0921587,0.9681515
0.0921587,0.9681515
0.09215871,0.9681516
0.0921587,0.9681515
0.0921587,0.9681515
0.0921587,0.9681515
0.0921587,0.9681515
0.0921587,0.9681516
0.0921587,0.9681515
0.0921587,0.9681515
0.0921587,0.9681516
0.0921587,0.9681515
0.0921587,0.9681515
0.0921587,0.9681515
0.1657779,0.5444528
0.1658241,0.5446531
0.1658241,0.5387746
0.1657779,0.5389749
0.1648581,0.5444528
0.1648119,0.5387746
0.1648119,0.5446531
0.1648581,0.5389749
0.1658702,0.5389749
0.1658241,0.5387746
0.1658241,0.5446531
0.1658702,0.5444528
0.16679,0.5389749
0.1668362,0.5446531
0.1668362,0.5387746
0.16679,0.5444528
0.1660024,0.5330964
0.1659563,0.5387746
0.1660024,0.5385743
0.1659563,0.5328963
0.1668362,0.5387746
0.16679,0.5330963
0.16679,0.5385743
0.1668362,0.5328963
0.1659101,0.5385743
0.1659563,0.5387746
0.1659563,0.5366112
0.1659101,0.5366637
0.1648581,0.5385743
0.165474,0.5328963
0.1648119,0.5387746
0.165447,0.5330964
0.164858,0.5330966
0.1648119,0.5328963
0.09259719,0.9681534
0.09259719,0.9681534
0.09259719,0.9681534
0.09259719,0.9681534
0.09259719,0.9681534
0.09259719,0.9681534
0.09259719,0.9681534
0.09259719,0.9681534
0.09259719,0.9681534
0.09259719,0.9681534
0.09259719,0.9681534
0.09259719,0.9681534
0.09259719,0.9681534
0.09259719,0.9681534
0.09259719,0.9681534
0.09259719,0.9681534
0.09259719,0.9681534
0.09259719,0.9681534
0.09259719,0.9681534
0.09259719,0.9681534
0.09259719,0.9681534
0.09259719,0.9681534
0.09259719,0.9681534
0.09259719,0.9681534
0.09259719,0.9681534
0.09259719,0.9681534
0.09259719,0.9681534
0.09259719,0.9681534
0.09259719,0.9681534
0.09259719,0.9681534
0.09259719,0.9681534
0.09259719,0.9681534
0.09259719,0.9681534
0.09259719,0.9681534
0.09259719,0.9681534
0.09259719,0.9681534
0.09259719,0.9681534
0.09259719,0.9681534
0.09259719,0.9681534
0.09259719,0.9681534
0.09259719,0.9681534
0.09259719,0.9681534
0.09259719,0.9681534
0.09259719,0.9681534
0.09259719,0.9681534
0.09259719,0.9681534
0.09259719,0.9681534
0.09259719,0.9681534
0.09259719,0.9681534
0.09259719,0.9681534
0.09259719,0.9681534
0.09259719,0.9681534
0.09259719,0.9681534
0.09259719,0.9681534
0.09259719,0.9681534
0.09259719,0.9681534
0.09259719,0.9681534
0.09259719,0.9681534
0.09259719,0.9681534
0.09259719,0.9681534
0.09259719,0.9681533
0.09259719,0.9681534
0.09259719,0.9681534
0.09259719,0.9681534
0.09259719,0.9681534
0.09259719,0.9681534
0.09259719,0.9681534
0.09259719,0.9681534
0.09259719,0.9681534
0.09259719,0.9681534
0.09259719,0.9681534
0.09259719,0.9681534
0.09259719,0.9681534
0.09259719,0.9681533
0.09259719,0.9681534
0.09259719,0.9681534
0.09259719,0.9681534
0.09259719,0.9681534
0.09259719,0.9681534
0.09259719,0.9681534
0.09259719,0.9681534
0.09259719,0.9681534
0.09259719,0.9681534
0.09259719,0.9681534
0.09259719,0.9681534
0.09259719,0.9681534
0.2700972,0.9631534
0.2700972,0.9631534
0.2700972,0.9631534
0.2700972,0.9631534
0.2671587,0.9656516
0.2671587,0.9656516
0.2671587,0.9656515
0.2671587,0.9656515
0.2671587,0.9656516
0.2671587,0.9656516
0.2671587,0.9656515
0.2671587,0.9656516
0.7832944,0.03284752
0.7832944,0.03284752
0.7832944,0.03284734
0.7832944,0.03284746
0.7832944,0.03284758
0.7832944,0.03284734
0.7832944,0.03284758
0.7832944,0.0328477
0.7832944,0.03284758
0.7832944,0.03284758
0.7832944,0.03284764
0.7832944,0.0328477
0.7832944,0.03284758
0.7832944,0.0328474
0.7832944,0.03284752
0.7832944,0.03284746
0.7832944,0.03284764
0.7832944,0.03284764
0.7832944,0.03284752
0.7832944,0.03284758
0.7832944,0.03284758
0.7832944,0.03284752
0.7832944,0.0328474
0.7832944,0.03284752
0.7783766,0.04249436
0.7783766,0.04249442
0.7783766,0.04249448
0.7783766,0.04249436
0.7783766,0.04249442
0.7783766,0.04249448
0.7783766,0.04249442
0.7783766,0.0424946
0.7783766,0.04249448
0.7783766,0.04249454
0.7783766,0.04249465
0.7783766,0.04249448
0.2700972,0.9631534
0.2700972,0.9631534
0.2700972,0.9631534
0.2700972,0.9631534
0.2700972,0.9631534
0.2700972,0.9631534
0.2700972,0.9631534
0.2700972,0.9631534
0.2700972,0.9631534
0.2700972,0.9631534
0.2700972,0.9631534
0.2700972,0.9631534
0.2757719,0.9603437
0.2757719,0.9603437
0.2757719,0.9603437
0.2757719,0.9603437
0.7797717,0.0297299
0.7797717,0.0297299
0.7797717,0.0297299
0.7797717,0.0297299
0.2700972,0.9631534
0.2700972,0.9631534
0.2700972,0.9631534
0.2700972,0.9631534
0.2671587,0.9656516
0.2671587,0.9656515
0.2671587,0.9656515
0.2671587,0.9656516
0.2671587,0.9656516
0.2671587,0.9656516
0.2671587,0.9656515
0.2671587,0.9656516
0.7832944,0.03284758
0.7832944,0.0328477
0.7832944,0.03284764
0.7832944,0.03284758
0.7832944,0.0328477
0.7832944,0.03284758
0.7832944,0.03284734
0.7832944,0.03284758
0.7832944,0.03284746
0.7832944,0.03284734
0.7832944,0.03284752
0.7832944,0.03284752
0.7832944,0.03284752
0.7832944,0.03284752
0.7832944,0.0328474
0.7832944,0.03284758
0.7832944,0.03284758
0.7832944,0.03284752
0.7832944,0.03284764
0.7832944,0.03284764
0.7832944,0.03284746
0.7832944,0.03284752
0.7832944,0.03284758
0.7832944,0.0328474
0.7783766,0.04249465
0.7783766,0.04249448
0.7783766,0.04249454
0.7783766,0.04249448
0.7783766,0.0424946
0.7783766,0.04249442
0.7783766,0.04249448
0.7783766,0.04249442
0.7783766,0.04249436
0.7783766,0.04249436
0.7783766,0.04249448
0.7783766,0.04249442
0.2700972,0.9631534
0.2700972,0.9631534
0.2700972,0.9631534
0.2700972,0.9631534
0.2700972,0.9631534
0.2700972,0.9631534
0.2700972,0.9631534
0.2700972,0.9631534
0.2700972,0.9631534
0.2700972,0.9631534
0.2700972,0.9631534
0.2700972,0.9631534
0.2757719,0.9603437
0.2757719,0.9603437
0.2757719,0.9603437
0.2757719,0.9603437
0.7797717,0.0297299
0.7797717,0.0297299
0.7797717,0.0297299
0.7797717,0.0297299
2
11772
0
1
2
3
4
5
6
7
8
9
10
11
12
13
14
15
16
17
15
17
18
18
17
19
18
19
20
20
19
21
20
21
22
22
21
23
22
23
24
25
24
23
25
23
26
27
25
26
27
26
28
29
27
28
29
28
30
31
29
30
31
30
32
33
34
35
33
35
36
37
38
39
37
39
40
41
42
43
41
43
44
43
45
44
43
46
45
47
45
46
47
48
45
49
48
47
49
47
50
51
52
53
51
53
54
54
53
55
54
55
56
56
55
57
56
57
58
58
57
59
58
59
60
61
60
59
61
59
62
63
61
62
63
62
64
65
63
64
65
64
66
67
65
66
67
66
68
69
70
71
69
71
72
72
71
73
74
69
72
72
73
75
74
72
76
76
72
75
77
74
76
76
75
78
77
76
79
79
76
78
80
77
79
79
78
81
80
79
82
79
81
83
79
83
82
84
85
86
86
87
84
86
88
87
89
90
91
89
91
92
93
89
92
93
92
94
95
94
92
95
92
96
96
92
91
96
91
97
97
91
98
97
98
99
100
99
98
100
98
101
102
100
101
102
101
103
104
102
103
104
103
105
106
105
103
106
103
107
107
103
101
107
101
108
109
110
111
109
111
112
113
112
111
113
111
114
115
112
113
115
116
112
115
117
116
115
118
117
118
119
117
118
120
119
121
117
119
121
119
122
123
124
125
123
125
126
127
126
125
127
125
128
129
130
131
129
131
132
133
132
131
133
131
134
135
131
136
135
136
137
138
139
140
138
141
139
138
142
141
138
143
142
144
145
146
144
146
147
148
149
150
150
151
148
151
152
148
152
153
148
154
153
152
154
152
155
154
155
156
154
156
157
158
157
156
158
156
159
158
159
160
158
160
161
161
160
162
162
163
161
162
164
163
162
165
164
166
167
168
166
168
169
170
166
169
170
169
171
172
170
171
172
171
173
174
172
173
174
173
175
176
177
178
179
176
178
178
180
179
179
181
176
179
182
181
182
183
181
182
184
183
184
185
183
184
186
185
184
187
186
187
188
186
189
186
188
188
190
189
184
191
187
188
192
190
192
193
190
194
193
192
195
194
192
195
192
196
196
197
195
198
196
192
192
199
198
187
199
200
199
201
198
187
201
199
192
202
199
199
202
203
199
203
200
192
204
202
200
203
205
206
204
192
206
205
204
200
205
206
188
206
192
206
207
200
206
208
207
188
208
206
200
207
209
188
210
208
200
209
211
211
209
210
211
210
188
200
211
187
187
211
188
212
213
187
191
212
187
212
214
213
214
215
213
191
216
212
217
216
191
217
191
218
217
218
219
219
220
217
221
217
220
221
222
217
223
221
220
223
220
224
225
223
224
224
226
225
227
228
229
227
229
230
231
232
233
231
233
234
235
236
237
235
237
238
239
240
241
239
241
242
243
244
245
243
245
246
246
247
243
246
248
247
249
250
251
249
251
252
252
253
249
252
254
253
255
256
257
255
257
258
259
260
261
259
261
262
262
263
259
262
264
263
265
266
267
265
267
268
268
269
265
268
270
269
271
272
273
271
273
274
275
276
277
275
277
278
278
279
275
278
280
279
281
282
283
281
283
284
285
286
287
285
287
288
289
290
291
289
291
292
292
293
289
292
294
293
295
296
297
295
297
298
298
297
299
298
299
300
301
302
303
301
303
304
305
306
307
305
307
308
309
310
311
309
312
310
313
314
312
313
312
315
316
317
318
316
318
319
318
320
319
321
322
323
321
324
322
325
324
321
325
326
324
325
327
326
325
328
327
328
329
327
328
330
329
331
332
333
331
333
334
335
336
337
335
337
338
339
340
341
339
341
342
343
344
345
343
345
346
346
345
347
346
347
348
348
347
349
348
349
350
350
349
351
350
351
352
353
354
355
353
355
356
356
355
357
356
357
358
358
357
359
358
359
360
360
359
361
360
361
362
361
363
362
361
364
363
365
366
367
368
365
367
369
368
367
370
369
367
367
371
370
370
371
372
372
373
370
373
374
370
374
375
370
374
376
375
374
377
376
374
373
378
378
379
374
378
380
379
378
381
380
381
382
380
381
383
382
384
385
386
386
387
384
388
389
390
389
391
390
391
392
390
393
394
395
393
396
394
397
396
393
397
398
396
399
398
397
399
400
398
401
400
399
401
402
400
401
403
402
401
404
403
404
405
403
404
406
405
406
407
405
406
408
407
408
409
407
408
410
409
411
412
413
412
414
413
412
415
414
412
416
415
417
418
419
420
417
419
417
420
421
419
422
420
421
420
422
423
421
422
424
423
422
423
424
425
422
426
424
425
424
426
427
425
426
428
427
426
427
428
429
426
430
428
429
428
430
431
429
430
430
432
431
433
434
435
433
436
434
437
436
433
437
438
436
439
440
441
439
441
442
443
444
445
443
445
446
447
448
449
447
450
448
451
450
447
451
452
450
453
454
455
453
456
454
457
456
453
457
458
456
457
459
458
457
460
459
460
461
459
460
462
461
463
464
465
463
465
466
467
468
469
467
470
468
471
470
467
471
472
470
473
474
475
473
475
476
473
476
477
477
476
478
477
478
479
479
478
480
479
480
481
481
480
482
481
482
483
484
485
486
484
486
487
488
489
490
488
490
491
492
493
494
492
196
493
495
496
497
495
497
498
499
495
498
499
498
500
501
502
503
501
504
502
505
504
501
505
506
504
507
508
505
507
509
508
510
507
511
510
511
512
513
512
511
513
511
514
514
515
516
514
517
515
517
518
519
517
520
518
520
521
518
520
522
521
523
524
525
523
525
526
526
525
527
526
527
528
528
529
530
528
530
531
532
533
534
532
534
535
536
537
538
536
538
539
540
541
542
540
542
543
544
545
546
544
546
547
548
549
550
548
550
551
552
553
554
552
554
555
556
557
558
556
558
559
560
561
562
560
562
563
564
565
566
564
566
567
568
569
570
568
570
571
572
573
574
572
574
575
576
577
578
576
578
579
580
581
582
580
582
583
584
585
586
584
586
587
588
589
590
588
590
591
592
593
594
592
594
595
596
597
598
596
598
599
600
601
602
600
602
603
604
605
606
604
606
607
608
609
610
608
610
611
612
613
614
612
614
615
616
617
618
616
618
619
620
621
622
620
622
623
624
625
626
624
626
627
628
629
630
628
630
631
632
633
634
632
634
635
636
637
638
636
638
639
640
641
642
640
642
643
644
645
646
644
646
647
648
649
650
648
650
651
652
653
654
652
654
655
656
657
658
656
658
659
660
661
662
660
662
663
664
665
666
664
666
667
668
669
670
668
670
671
672
673
674
672
674
675
676
677
678
676
678
679
680
681
682
680
682
683
684
685
686
684
686
687
688
689
690
688
690
691
692
693
694
692
694
695
696
697
698
698
699
696
698
700
699
698
701
700
702
703
704
702
704
705
706
707
708
706
708
709
710
711
712
710
712
713
714
715
716
714
716
717
718
719
720
720
721
718
721
722
718
722
723
718
724
725
726
724
726
727
728
729
730
728
730
731
732
733
734
732
734
735
736
737
738
736
738
739
740
741
742
740
742
743
744
745
746
744
746
747
748
749
750
748
750
751
752
753
754
752
754
755
756
757
758
758
759
756
758
760
759
758
761
760
761
762
760
763
764
765
763
765
766
767
768
769
767
769
770
771
772
773
771
773
774
775
776
777
775
777
778
779
780
781
779
781
782
783
784
785
785
786
783
786
787
783
787
788
783
787
789
788
790
791
792
790
792
793
794
795
796
794
796
797
798
799
800
798
800
801
802
803
804
802
804
805
806
807
808
806
808
809
810
811
812
810
812
813
814
815
816
814
816
817
818
814
817
818
817
819
820
821
822
820
822
823
824
825
826
826
827
824
827
828
824
827
829
828
827
830
829
831
832
833
831
833
834
835
831
834
835
834
836
837
838
839
837
839
840
841
842
843
841
843
844
845
846
847
847
848
845
848
849
845
850
851
852
850
852
853
854
855
856
854
856
857
858
854
857
858
857
859
860
861
862
860
862
863
864
865
866
864
866
867
868
864
867
868
867
869
870
871
872
870
872
873
874
870
873
874
873
875
876
877
878
876
878
879
880
881
882
880
882
883
884
885
886
884
886
887
888
889
890
888
891
889
892
891
888
892
893
891
892
894
893
892
895
894
895
896
894
895
897
896
898
899
900
898
900
901
902
903
904
902
904
905
906
907
908
906
909
907
906
910
909
906
911
910
912
913
914
912
914
915
916
917
918
916
918
919
920
921
922
920
922
923
924
925
926
924
926
927
928
924
927
928
927
929
930
929
927
930
927
931
931
927
926
931
926
932
933
934
935
933
935
936
937
936
935
937
935
938
939
940
941
939
941
942
943
942
941
943
941
944
945
946
947
945
947
948
949
950
951
949
952
950
953
952
949
953
954
952
953
955
954
953
956
955
956
957
955
956
958
957
959
960
961
959
961
962
963
964
965
963
965
966
965
967
966
966
967
968
965
969
967
970
967
969
970
971
967
971
968
967
972
971
970
972
970
973
974
963
966
966
968
975
974
966
975
971
976
968
977
971
972
977
976
971
963
974
978
963
978
979
980
978
974
981
974
975
980
974
981
963
979
982
963
982
983
979
984
982
979
985
984
979
986
985
979
987
986
986
988
985
986
989
988
981
975
990
990
975
968
991
980
981
991
992
980
991
993
992
991
981
994
995
981
990
995
996
981
995
990
997
990
968
997
995
997
998
999
998
997
1000
997
968
999
997
1000
1000
968
976
999
1000
1001
1001
1000
976
999
1001
1002
1001
976
977
1003
1001
977
1003
977
1004
972
1004
977
972
1005
1004
1006
1001
1003
1006
1007
1001
1006
1003
1008
1006
1008
1009
972
1010
1005
972
1011
1010
1005
1010
1012
1005
1012
1013
1005
1013
1014
1005
1014
1015
1014
1013
1016
1014
1016
1017
1018
1019
1020
1018
1020
1021
1021
1022
1018
1021
1023
1022
1024
1025
1026
1024
1026
1027
1027
1028
1024
1027
1029
1028
1030
1031
1032
1030
1032
1033
1034
1035
1036
1034
1036
1037
1038
1039
1040
1038
1040
1041
1041
1042
1038
1041
1043
1042
1044
1045
1046
1044
1046
1047
1048
1049
1050
1048
1050
1051
1052
1053
1054
1052
1054
1055
1055
1056
1052
1055
1057
1056
1058
1059
1060
1058
1060
1061
1061
1062
1058
1061
1063
1062
1064
1065
1066
1064
1066
1067
1068
1069
1070
1068
1070
1071
1072
1073
1074
1072
1074
1075
1075
1076
1072
1075
1077
1076
1078
1079
1080
1078
1080
1081
1081
1082
1078
1081
1083
1082
1084
1085
1086
1084
1086
1087
1088
1089
1090
1088
1090
1091
1092
1093
1094
1092
1094
1095
1095
1096
1092
1095
1097
1096
1095
1094
1098
1098
1097
1095
1098
1094
1099
1098
1100
1097
1098
1099
1101
1101
1100
1098
1101
1102
1100
1103
1104
1105
1103
1105
1106
1106
1107
1103
1106
1108
1107
1109
1110
1111
1109
1111
1112
1113
1114
1115
1113
1115
1116
1116
1117
1113
1116
1118
1117
1119
1120
1121
1119
1121
1122
1123
1124
1125
1123
1125
1126
1126
1127
1123
1126
1128
1127
1129
1130
1131
1129
1131
1132
1133
1129
1132
1133
1132
1134
1135
1136
1137
1135
1137
1138
1139
1140
1141
1139
1141
1142
1139
1142
1143
1139
1143
1144
1145
1146
1147
1145
1147
1148
1149
1150
1151
1151
1152
1149
1152
1153
1149
1152
1154
1153
1155
1153
1154
1154
1156
1155
1156
1157
1155
1157
1158
1155
1159
1160
1161
1159
1161
1162
1163
1162
1161
1163
1161
1164
1165
1166
1167
1165
1167
1168
1169
1170
1171
1171
1172
1169
1172
1173
1169
1172
1174
1173
1174
1175
1173
1174
1176
1175
1176
1177
1175
1176
1178
1177
1179
1177
1178
1178
1180
1179
1180
1181
1179
1180
1182
1181
1182
1183
1181
1182
1184
1183
1184
1185
1183
1184
1186
1185
1187
1188
1189
1187
1189
1190
1191
1190
1189
1191
1189
1192
1193
1194
1195
1195
1196
1193
1196
1197
1193
1197
1198
1193
1197
1199
1198
1199
1200
1198
1199
1201
1200
1201
1202
1200
1203
1204
1205
1203
1205
1206
1207
1208
1209
1207
1209
1210
1211
1212
1213
1211
1213
1214
1215
1216
1217
1215
1217
1218
1219
1220
1221
1219
1221
1222
1223
1224
1225
1223
1225
1226
1227
1228
1229
1227
1229
1230
1231
1232
1233
1231
1233
1234
1235
1236
1237
1235
1237
1238
1239
1240
1241
1239
1241
1242
1243
1244
1245
1243
1245
1246
1247
1248
1249
1249
1250
1247
1249
1251
1250
1251
1252
1250
1253
1252
1251
1251
1254
1253
1254
1255
1253
1254
1256
1255
1257
1258
1259
1257
1260
1258
1261
1258
1260
1261
1262
1258
1263
1264
1265
1263
1265
1266
1267
1266
1265
1267
1265
1268
1269
1270
1271
1269
1271
1272
1273
1272
1271
1273
1271
1274
1275
1276
1277
1275
1277
1278
1279
1280
1281
1279
1281
1282
1283
1284
1285
1283
1285
1286
1287
1288
1289
1287
1289
1290
1291
1292
1293
1291
1293
1294
1295
1296
1297
1295
1297
1298
1299
1300
1301
1299
1301
1302
1303
1304
1305
1303
1305
1306
1307
1308
1309
1307
1309
1310
1311
1312
1313
1311
1313
1314
1315
1316
1317
1315
1317
1318
1319
1320
1321
1319
1321
1322
1323
1324
1325
1323
1325
1326
1327
1328
1329
1327
1329
1330
1331
1332
1333
1331
1333
1334
1335
1336
1337
1335
1337
1338
1339
1340
1341
1339
1341
1342
1343
1344
1345
1343
1345
1346
1347
1348
1349
1347
1349
1350
1351
1352
1353
1351
1353
1354
1355
1356
1357
1355
1357
1358
1359
1360
1361
1359
1361
1362
1363
1364
1365
1363
1365
1366
1367
1368
1369
1367
1369
1370
1371
1372
1373
1371
1373
1374
1375
1376
1377
1375
1377
1378
1379
1380
1381
1379
1381
1382
1383
1384
1385
1383
1385
1386
1387
1388
1389
1387
1389
1390
1391
1392
1393
1391
1393
1394
1395
1396
1397
1395
1397
1398
1399
1400
1401
1399
1401
1402
1403
1404
1405
1403
1405
1406
1407
1408
1409
1407
1409
1410
1411
1412
1413
1411
1413
1414
1415
1416
1417
1415
1417
1418
1419
1420
1421
1419
1421
1422
1423
1424
1425
1423
1425
1426
1427
1428
1429
1427
1429
1430
1431
1432
1433
1431
1433
1434
1435
1436
1437
1435
1437
1438
1439
1440
1441
1439
1441
1442
1443
1444
1445
1443
1445
1446
1447
1448
1449
1447
1449
1450
1451
1452
1453
1451
1453
1454
1455
1456
1457
1455
1457
1458
1459
1460
1461
1459
1461
1462
1463
1464
1465
1463
1465
1466
1467
1468
1469
1467
1469
1470
1471
1472
1473
1471
1473
1474
1475
1476
1477
1475
1477
1478
1479
1480
1481
1479
1481
1482
1483
1484
1485
1483
1485
1486
1487
1488
1489
1487
1489
1490
1491
1492
1493
1491
1493
1494
1495
1496
1497
1495
1497
1498
1499
1500
1501
1499
1501
1502
1503
1504
1505
1503
1505
1506
1507
1508
1509
1507
1509
1510
1511
1512
1513
1511
1513
1514
1515
1516
1517
1517
1518
1515
1518
1519
1515
1518
1520
1519
1520
1521
1519
1520
1522
1521
1523
1524
1525
1523
1525
1526
1527
1528
1529
1527
1529
1530
1531
1532
1533
1531
1533
1534
1535
1536
1537
1535
1537
1538
1539
1540
1541
1539
1541
1542
1543
1544
1545
1543
1545
1546
1547
1548
1549
1547
1549
1550
1551
1552
1553
1551
1553
1554
1555
1556
1557
1555
1557
1558
1559
1560
1561
1559
1561
1562
1563
1564
1565
1563
1565
1566
1567
1568
1569
1567
1569
1570
1571
1572
1573
1571
1573
1574
1575
1576
1577
1575
1577
1578
1579
1580
1581
1579
1581
1582
1583
1584
1585
1583
1585
1586
1587
1588
1589
1587
1589
1590
1591
1592
1593
1591
1593
1594
1595
1596
1597
1595
1597
1598
1599
1600
1601
1599
1601
1602
1603
1604
1605
1603
1605
1606
1607
1608
1609
1609
1610
1607
1610
1611
1607
1611
1612
1607
1611
1613
1612
1611
1614
1613
1615
1616
1617
1615
1617
1618
1619
1620
1621
1619
1621
1622
1623
1624
1625
1623
1625
1626
1627
1628
1629
1627
1629
1630
1631
1632
1633
1631
1633
1634
1635
1636
1637
1635
1637
1638
1639
1640
1641
1639
1641
1642
1643
1644
1645
1643
1645
1646
1646
1645
1647
1646
1647
1648
1648
1647
1649
1648
1649
1650
1651
1649
1647
1651
1647
1652
1652
1647
1653
1652
1653
1654
1654
1653
1655
1654
1655
1656
1657
1658
1659
1659
1660
1657
1660
1661
1657
1662
1661
1660
1662
1663
1661
1664
1663
1662
1664
1665
1663
1666
1663
1665
1666
1665
1667
1668
1663
1666
1668
1669
1663
1670
1669
1668
1670
1671
1669
1672
1673
1674
1672
1674
1675
1676
1677
1678
1676
1678
1679
1680
1681
1682
1680
1683
1681
1680
1684
1683
1680
1685
1684
1686
1687
1688
1686
1688
1689
1690
1691
1692
1690
1692
1693
1693
1694
1690
1693
1695
1694
1696
1697
1698
1696
1699
1697
1696
1700
1699
1696
1701
1700
1702
1703
1704
1702
1704
1705
1706
1707
1708
1706
1708
1709
1708
1710
1709
1708
1711
1710
1712
1713
1714
1712
1714
1715
1716
1717
1718
1716
1718
1719
1720
1721
1722
1722
1723
1720
1724
1725
1726
1724
1727
1725
1728
1729
1730
1728
1730
1731
1732
1733
1734
1732
1734
1735
1736
1737
1738
1736
1738
1739
1740
1741
1742
1740
1742
1743
1744
1745
1746
1744
1746
1747
1747
1746
1748
1747
1748
1749
1749
1748
1750
1749
1750
1751
1751
1750
1752
1751
1752
1753
1753
1752
1754
1753
1754
1755
1755
1754
1756
1755
1756
1757
1757
1756
1758
1757
1758
1759
1759
1758
1760
1759
1760
1761
1761
1760
1762
1761
1762
1763
1764
1765
1766
1764
1766
1767
1768
1769
1770
1768
1770
1771
1772
1773
1774
1772
1774
1775
1776
1777
1778
1776
1778
1779
1780
1781
1782
1780
1782
1783
1784
1785
1786
1784
1786
1787
1788
1789
1790
1788
1790
1791
1792
1793
1794
1792
1794
1795
1796
1797
1798
1796
1798
1799
1800
1801
1802
1800
1802
1803
1804
1805
1806
1804
1806
1807
1807
1806
1808
1807
1808
1809
1809
1808
1810
1809
1810
1811
1812
1813
1814
1812
1814
1815
1816
1817
1818
1816
1818
1819
1820
1821
1822
1820
1822
1823
1824
1825
1826
1824
1826
1827
1828
1829
1830
1828
1830
1831
1832
1833
1834
1832
1834
1835
1836
1837
1838
1836
1838
1839
1840
1841
1842
1840
1842
1843
1844
1845
1846
1844
1846
1847
1848
1849
1850
1850
1851
1848
1850
1852
1851
1853
1852
1850
1854
1853
1850
1850
1855
1854
1856
1857
1858
1856
1858
1859
1859
1860
1856
1859
1858
1861
1859
1862
1860
1859
1861
1863
1863
1862
1859
1863
1864
1862
1865
1866
1867
1865
1867
1868
1869
1870
1871
1869
1871
1872
1873
1874
1875
1873
1876
1874
1876
1877
1874
1876
1878
1877
1879
1880
1881
1879
1882
1880
1879
1883
1882
1879
1884
1883
1885
1886
1887
1885
1887
1888
1889
1890
1891
1889
1891
1892
1893
1894
1895
1893
1895
1896
1896
1895
1897
1896
1897
1898
1898
1897
1899
1898
1899
1900
1901
1902
1903
1901
1904
1902
1905
1904
1901
1905
1906
1904
1907
1906
1905
1907
1908
1906
1909
1910
1911
1909
1912
1910
1913
1912
1909
1913
1914
1912
1915
1914
1913
1915
1916
1914
1917
1918
1919
1917
1919
1920
1920
1919
1921
1920
1921
1922
1922
1921
1923
1922
1923
1924
1925
1926
1927
1925
1928
1926
1929
1930
1928
1929
1931
1930
1932
1933
1934
1932
1934
1935
1936
1934
1937
1936
1937
1938
1938
1937
1939
1938
1939
1940
1940
1939
1941
1940
1941
1942
1943
1942
1941
1943
1941
1944
1945
1943
1944
1945
1944
1946
1947
1945
1946
1947
1946
1948
1949
1950
1948
1949
1948
1951
1952
1953
1954
1952
1954
1955
1956
1957
1958
1956
1959
1957
1960
1959
1956
1960
1961
1959
1960
1962
1961
1960
1963
1962
1963
1964
1962
1963
1965
1964
1966
1967
1968
1966
1968
1969
1970
1971
1972
1970
1972
1973
1973
1972
1974
1973
1974
1975
1976
1977
1978
1976
1978
1979
1980
1981
1982
1980
1983
1981
1984
1983
1980
1984
1985
1983
1986
1987
1988
1986
1988
1989
1990
1991
1992
1990
1992
1993
1994
1995
1996
1994
1996
1997
1998
1999
2000
1998
2000
2001
2001
2000
2002
2001
2002
2003
2004
2005
2006
2004
2007
2005
2008
2007
2004
2008
2009
2007
2010
2011
2012
2013
2010
2012
2014
2013
2012
2014
2012
2015
2016
2014
2015
2017
2016
2015
2018
2017
2015
2019
2018
2015
2015
2020
2019
2020
2015
2021
2021
2022
2020
2015
2023
2021
2015
2024
2023
2025
2026
2027
2027
2028
2025
2028
2029
2025
2029
2030
2025
2029
2031
2030
2031
2032
2030
2031
2033
2032
2033
2034
2032
2034
2035
2032
2036
2037
2038
2036
2038
2039
2040
2041
2042
2040
2042
2043
2044
2045
2046
2044
2046
2047
2048
2049
2050
2048
2050
2051
2052
2053
2054
2052
2054
2055
2056
2057
2058
2056
2058
2059
2060
2061
2062
2060
2062
2063
2064
2065
2066
2064
2066
2067
2068
2069
2070
2068
2070
2071
2072
2073
2074
2072
2074
2075
2076
2077
2078
2076
2078
2079
2080
2076
2079
2080
2079
2081
2082
2080
2081
2082
2081
2083
2084
2085
2086
2084
2086
2087
2088
2089
2090
2088
2090
2091
2092
2093
2094
2092
2094
2095
2096
2097
2098
2096
2098
2099
2100
2101
2102
2100
2102
2103
2104
2105
2106
2104
2106
2107
2108
2109
2110
2108
2110
2111
2112
2113
2114
2112
2114
2115
2116
2117
2118
2116
2118
2119
2120
2121
2122
2120
2122
2123
2124
2125
2126
2124
2126
2127
2128
2129
2130
2128
2130
2131
2132
2133
2134
2132
2134
2135
2136
2137
2138
2136
2138
2139
2140
2141
2142
2140
2142
2143
2144
2145
2146
2144
2146
2147
2148
2149
2150
2148
2150
2151
2152
2153
2154
2152
2154
2155
2156
2157
2158
2156
2158
2159
2160
2161
2162
2160
2162
2163
2164
2165
2166
2164
2166
2167
2168
2169
2170
2168
2170
2171
2172
2173
2174
2172
2174
2175
2176
2177
2178
2176
2178
2179
2180
2176
2179
2180
2179
2181
2182
2180
2181
2182
2181
2183
2184
2185
2186
2184
2186
2187
2188
2189
2190
2188
2190
2191
2192
2193
2194
2192
2194
2195
2196
2197
2198
2196
2198
2199
2200
2201
2202
2200
2202
2203
2204
2205
2206
2204
2207
2205
2208
2207
2204
2208
2209
2207
2210
2211
2209
2210
2209
2212
2213
2214
2215
2213
2216
2214
2217
2216
2213
2217
2218
2216
2219
2218
2217
2219
2220
2218
2221
2220
2219
2221
2222
2220
2223
2224
2225
2223
2225
2226
2226
2225
2227
2226
2227
2228
2228
2227
2229
2228
2229
2230
2231
2232
2233
2231
2233
2234
2235
2236
2237
2235
2237
2238
2238
2237
2239
2238
2239
2240
2240
2239
2241
2240
2241
2242
2243
2244
2245
2243
2245
2246
2246
2245
2247
2246
2247
2248
2248
2247
2249
2248
2249
2250
2250
2249
2251
2250
2251
2252
2252
2251
2253
2252
2253
2254
2254
2253
2255
2254
2255
2256
2256
2255
2257
2256
2257
2258
2258
2257
2259
2258
2259
2260
2261
2262
2263
2261
2263
2264
2265
2266
2267
2265
2267
2268
2269
2270
2271
2269
2271
2272
2272
2271
2273
2272
2273
2274
2274
2273
2275
2274
2275
2276
2277
2278
2279
2277
2279
2280
2280
2279
2281
2280
2281
2282
2282
2281
2283
2282
2283
2284
2284
2283
2285
2284
2285
2286
2286
2285
2287
2286
2287
2288
2288
2287
2289
2288
2289
2290
2290
2289
2291
2290
2291
2292
2292
2291
2293
2292
2293
2294
2295
2296
2297
2295
2297
2298
2299
2300
2301
2299
2301
2302
2303
2304
2305
2303
2305
2306
2307
2308
2309
2307
2309
2310
2311
2312
2313
2311
2313
2314
2315
2316
2317
2315
2317
2318
2319
2320
2321
2319
2321
2322
2323
2324
2325
2323
2326
2324
2327
2326
2323
2327
2328
2326
2329
2328
2327
2329
2330
2328
2331
2330
2329
2331
2332
2330
2333
2334
2335
2333
2335
2336
2337
2338
2339
2337
2339
2340
2341
2342
2343
2341
2343
2344
2345
2346
2347
2345
2347
2348
2349
2350
2351
2349
2351
2352
2353
2354
2355
2353
2355
2356
2357
2358
2359
2357
2359
2360
2361
2362
2363
2361
2363
2364
2365
2366
2367
2365
2367
2368
2369
2370
2371
2369
2371
2372
2373
2374
2375
2373
2375
2376
2377
2378
2379
2377
2379
2380
2381
2382
2383
2381
2383
2384
2385
2386
2387
2385
2387
2388
2389
2390
2391
2389
2391
2392
2393
2394
2395
2393
2395
2396
2397
2398
2399
2397
2399
2400
2401
2402
2403
2401
2403
2404
2405
2406
2407
2405
2408
2406
2408
2409
2406
2410
2408
2405
2408
2411
2409
2410
2412
2408
2412
2411
2408
2413
2412
2410
2412
2414
2411
2413
2415
2412
2415
2414
2412
2416
2415
2413
2415
2417
2414
2416
2418
2415
2415
2419
2417
2415
2418
2419
2420
2421
2422
2422
2423
2420
2423
2424
2420
2425
2426
2427
2425
2428
2426
2429
2426
2428
2429
2430
2426
2431
2432
2433
2431
2434
2432
2435
2432
2434
2435
2436
2432
2437
2438
2432
2437
2439
2438
2440
2441
2442
2440
2442
2443
2444
2445
2446
2444
2447
2445
2448
2447
2444
2448
2449
2447
2450
2449
2448
2450
2451
2449
2452
2451
2450
2452
2453
2451
2454
2455
2456
2456
2457
2454
2457
2456
2458
2457
2459
2454
2459
2460
2454
2459
2461
2460
2461
2462
2460
2461
2463
2462
2463
2464
2462
2464
2465
2462
2465
2464
2466
2466
2467
2465
2467
2466
2468
2468
2469
2467
2465
2470
2462
2469
2471
2467
2471
2469
2472
2471
2472
2473
2471
2473
2474
2475
2471
2474
2474
2476
2475
2471
2475
2477
2477
2478
2471
2479
2478
2465
2477
2480
2478
2478
2480
2465
2471
2478
2481
2478
2482
2481
2478
2479
2482
2471
2481
2483
2479
2484
2482
2485
2471
2483
2485
2483
2484
2479
2485
2484
2471
2485
2467
2485
2479
2486
2485
2486
2487
2467
2485
2487
2479
2488
2486
2467
2487
2489
2479
2490
2488
2490
2489
2488
2490
2467
2489
2465
2490
2479
2467
2490
2465
2465
2491
2492
2465
2492
2470
2491
2493
2492
2491
2494
2493
2492
2495
2470
2470
2495
2496
2497
2470
2496
2498
2497
2496
2496
2499
2498
2499
2496
2500
2496
2501
2500
2499
2500
2502
2503
2499
2502
2503
2502
2504
2504
2505
2503
2506
2507
2508
2506
2508
2509
2510
2511
2512
2510
2512
2513
2514
2515
2516
2514
2516
2517
2518
2519
2520
2518
2520
2521
2522
2523
2524
2522
2525
2523
2525
2522
2526
2525
2526
2527
2528
2529
2530
2528
2531
2529
2531
2528
2532
2531
2532
2533
2534
2535
2536
2534
2536
2537
2538
2539
2540
2538
2541
2539
2541
2538
2542
2541
2542
2543
2544
2545
2546
2544
2547
2545
2547
2544
2548
2547
2548
2549
2550
2551
2552
2550
2552
2553
2554
2555
2556
2554
2557
2555
2557
2554
2558
2557
2558
2559
2560
2561
2562
2560
2562
2563
2564
2565
2566
2564
2566
2567
2568
2569
2570
2568
2571
2569
2571
2568
2572
2571
2572
2573
2574
2575
2576
2574
2577
2575
2577
2578
2575
2577
2579
2578
2579
2580
2578
2579
2581
2580
2582
2583
2584
2582
2584
2585
2586
2587
2588
2586
2588
2589
2590
2591
2592
2590
2592
2593
2594
2595
2593
2594
2593
2596
2597
2598
2599
2597
2600
2598
2598
2600
2601
2602
2603
2604
2602
2604
2605
2606
2607
2608
2606
2608
2609
2610
2611
2612
2610
2612
2613
2614
2615
2616
2614
2617
2615
2617
2618
2615
2617
2619
2618
2619
2620
2618
2619
2621
2620
2621
2622
2620
2621
2623
2622
2624
2625
2626
2624
2627
2625
2627
2628
2625
2627
2629
2628
2629
2630
2628
2629
2631
2630
2631
2632
2630
2631
2633
2632
2632
2633
2634
2632
2634
2635
2636
2637
2638
2638
2639
2636
2639
2640
2636
2640
2641
2636
2641
2642
2636
2636
2642
2643
2643
2644
2636
2644
2645
2636
2645
2646
2636
2646
2647
2636
2647
2648
2636
2647
2646
2649
2650
2647
2649
2650
2649
2651
2650
2651
2652
2653
2650
2652
2652
2654
2653
2655
2656
2657
2657
2658
2655
2659
2660
2661
2660
2662
2661
2662
2663
2661
2664
2665
2666
2666
2667
2664
2667
2668
2664
2669
2670
2671
2669
2672
2670
2673
2674
2675
2676
2673
2675
2675
2677
2676
2675
2678
2677
2676
2677
2678
2676
2678
2679
2680
2676
2679
2679
2681
2680
2679
2682
2681
2680
2681
2682
2680
2682
2683
2684
2680
2683
2683
2685
2684
2683
2686
2685
2684
2685
2686
2687
2684
2686
2686
2688
2687
2689
2690
2691
2689
2691
2692
2693
2689
2692
2693
2692
2694
2695
2696
2697
2695
2697
2698
2699
2700
2701
2699
2701
2702
2703
2704
2705
2703
2705
2706
2707
2703
2706
2707
2706
2708
2709
2710
2711
2709
2711
2712
2713
2714
2715
2713
2715
2716
2717
2713
2716
2717
2716
2718
2719
2720
2721
2719
2722
2720
2719
2723
2722
2723
2724
2722
2723
2725
2724
2725
2726
2724
2725
2727
2726
2727
2728
2726
2727
2729
2728
2730
2731
2732
2730
2732
2733
2734
2735
2736
2734
2736
2737
2738
2739
2740
2738
2740
2475
2741
2742
2743
2741
2744
2742
2745
2744
2741
2745
2746
2744
2747
2748
2749
2747
2750
2748
2750
2751
2748
2750
2752
2751
2752
2753
2754
2752
2754
2755
2756
2757
2758
2756
2758
2759
2760
2761
2762
2760
2762
2763
2764
2765
2766
2764
2766
2767
2768
2769
2770
2768
2770
2771
2772
2773
2774
2772
2774
2775
2776
2777
2778
2776
2778
2779
2780
2781
2782
2780
2782
2783
2784
2785
2786
2784
2786
2787
2788
2789
2790
2788
2790
2791
2792
2793
2794
2792
2794
2795
2796
2797
2798
2796
2798
2799
2800
2801
2802
2800
2802
2803
2804
2805
2806
2804
2806
2807
2808
2809
2810
2808
2810
2811
2812
2813
2814
2812
2814
2815
2816
2817
2818
2816
2818
2819
2820
2821
2822
2820
2822
2823
2824
2825
2826
2824
2826
2827
2828
2829
2830
2828
2830
2831
2832
2833
2834
2832
2834
2835
2836
2837
2838
2836
2838
2839
2840
2841
2842
2840
2842
2843
2844
2845
2846
2844
2846
2847
2848
2849
2850
2848
2850
2851
2852
2853
2854
2852
2854
2855
2856
2857
2858
2856
2858
2859
2860
2861
2862
2860
2862
2863
2864
2865
2866
2864
2866
2867
2868
2869
2870
2868
2870
2871
2872
2873
2874
2872
2874
2875
2876
2877
2878
2876
2878
2879
2880
2881
2882
2880
2882
2883
2884
2885
2886
2884
2886
2887
2888
2889
2890
2888
2890
2891
2892
2893
2894
2892
2894
2895
2896
2897
2898
2896
2898
2899
2900
2901
2902
2900
2902
2903
2904
2905
2906
2904
2906
2907
2908
2909
2910
2908
2910
2911
2912
2913
2914
2912
2914
2915
2916
2917
2918
2916
2918
2919
2920
2921
2922
2922
2923
2920
2923
2924
2920
2924
2925
2920
2926
2927
2928
2926
2928
2929
2930
2931
2932
2930
2932
2933
2934
2935
2936
2934
2936
2937
2938
2939
2940
2938
2940
2941
2942
2943
2944
2944
2945
2942
2944
2946
2945
2944
2947
2946
2948
2949
2950
2948
2950
2951
2952
2953
2954
2952
2954
2955
2956
2957
2958
2956
2958
2959
2960
2961
2962
2960
2962
2963
2964
2965
2966
2964
2966
2967
2968
2969
2970
2968
2970
2971
2972
2973
2974
2972
2974
2975
2976
2977
2978
2976
2978
2979
2980
2981
2982
2982
2983
2980
2983
2984
2980
2984
2985
2980
2984
2986
2985
2987
2988
2989
2987
2989
2990
2991
2992
2993
2991
2993
2994
2995
2996
2997
2995
2997
2998
2999
3000
3001
2999
3001
3002
3003
3004
3005
3003
3005
3006
3007
3008
3009
3009
3010
3007
3009
3011
3010
3009
3012
3011
3012
3013
3011
3014
3015
3016
3014
3016
3017
3018
3019
3020
3018
3020
3021
3022
3023
3024
3022
3024
3025
3026
3027
3028
3026
3028
3029
3030
3031
3032
3030
3032
3033
3034
3035
3036
3034
3036
3037
3038
3039
3040
3038
3041
3039
3042
3041
3038
3042
3043
3041
3044
3045
3046
3044
3046
3047
3048
3049
3050
3050
3051
3048
3051
3052
3048
3052
3053
3048
3053
3054
3048
3055
3056
3057
3055
3058
3056
3059
3058
3055
3059
3060
3058
3061
3062
3063
3061
3063
3064
3065
3066
3067
3065
3067
3068
3069
3070
3071
3071
3072
3069
3072
3073
3069
3074
3075
3076
3074
3076
3077
3078
3079
3080
3078
3081
3079
3082
3081
3078
3082
3083
3081
3084
3085
3086
3084
3086
3087
3088
3089
3090
3088
3091
3089
3092
3091
3088
3092
3093
3091
3094
3095
3096
3094
3097
3095
3098
3097
3094
3098
3099
3097
3100
3101
3102
3100
3102
3103
3104
3105
3106
3104
3106
3107
3108
3109
3110
3108
3110
3111
3112
3113
3114
3112
3114
3115
3116
3117
3118
3116
3118
3119
3120
3121
3122
3120
3122
3123
3124
3125
3126
3124
3126
3127
3128
3129
3130
3128
3130
3131
3132
3133
3134
3132
3134
3135
3136
3137
3138
3136
3138
3139
3140
3141
3142
3140
3143
3141
3143
3140
3144
3143
3144
3145
3146
3147
3148
3146
3149
3147
3149
3146
3150
3149
3150
3151
3152
3153
3154
3152
3154
3155
3156
3157
3158
3156
3158
3159
3160
3161
3162
3160
3163
3161
3163
3160
3164
3163
3164
3165
3166
3167
3168
3166
3168
3169
3170
3171
3172
3170
3172
3173
3174
3175
3176
3174
3177
3175
3177
3174
3178
3177
3178
3179
3180
3181
3182
3180
3183
3181
3183
3180
3184
3183
3184
3185
3186
3187
3188
3186
3188
3189
3190
3191
3192
3190
3192
3193
3194
3195
3196
3194
3197
3195
3197
3194
3198
3197
3198
3199
3200
3201
3202
3200
3203
3201
3203
3200
3204
3203
3204
3205
3206
3207
3208
3206
3208
3209
3210
3211
3212
3210
3212
3213
3214
3215
3216
3214
3217
3215
3217
3214
3218
3217
3219
3215
3217
3218
3220
3217
3221
3219
3221
3217
3220
3221
3222
3219
3221
3220
3223
3221
3224
3222
3224
3221
3223
3224
3223
3225
3226
3227
3228
3226
3229
3227
3229
3226
3230
3229
3230
3231
3232
3233
3234
3232
3234
3235
3236
3237
3238
3236
3239
3237
3239
3236
3240
3239
3240
3241
3242
3243
3244
3242
3244
3245
3246
3247
3248
3246
3249
3247
3249
3246
3250
3249
3250
3251
3252
3253
3254
3252
3255
3253
3256
3255
3252
3256
3257
3255
3258
3259
3260
3258
3260
3261
3262
3263
3264
3262
3264
3265
3266
3267
3268
3266
3268
3269
3270
3271
3272
3272
3273
3270
3273
3274
3270
3273
3275
3274
3275
3276
3274
3275
3277
3276
3277
3278
3276
3277
3279
3278
3280
3281
3282
3280
3282
3283
3284
3285
3286
3284
3286
3287
3288
3289
3290
3288
3290
3291
3292
3293
3294
3292
3294
3295
3296
3297
3298
3296
3298
3299
3300
3301
3302
3300
3302
3303
3304
3305
3306
3304
3306
3307
3308
3309
3310
3308
3310
3311
3312
3313
3314
3312
3314
3315
3316
3317
3318
3316
3318
3319
3320
3321
3322
3320
3322
3323
3324
3325
3326
3324
3326
3327
3328
3329
3330
3328
3330
3331
3332
3333
3334
3332
3334
3335
3336
3337
3338
3336
3338
3339
3340
3341
3342
3340
3342
3343
3344
3345
3346
3344
3346
3347
3348
3349
3350
3348
3350
3351
3352
3353
3354
3352
3354
3355
3356
3357
3358
3356
3358
3359
3360
3361
3362
3360
3362
3363
3364
3365
3366
3364
3366
3367
3368
3369
3370
3368
3370
3371
3372
3373
3374
3372
3374
3375
3376
3377
3378
3376
3378
3379
3380
3381
3382
3380
3382
3383
3384
3385
3386
3384
3386
3387
3388
3389
3390
3388
3390
3391
3392
3393
3394
3392
3394
3395
3396
3397
3398
3396
3398
3399
3400
3401
3402
3400
3402
3403
3404
3405
3406
3404
3406
3407
3408
3409
3410
3408
3410
3411
3412
3413
3414
3412
3414
3415
3416
3417
3418
3416
3418
3419
3420
3421
3422
3420
3422
3423
3424
3425
3426
3424
3426
3427
3428
3429
3430
3428
3430
3431
3432
3433
3434
3432
3434
3435
3436
3437
3438
3436
3438
3439
3440
3441
3442
3440
3442
3443
3444
3445
3446
3444
3446
3447
3448
3449
3450
3448
3450
3451
3452
3453
3454
3452
3454
3455
3456
3457
3458
3456
3458
3459
3460
3461
3462
3460
3462
3463
3464
3465
3466
3464
3466
3467
3468
3469
3470
3468
3470
3471
3472
3473
3474
3472
3474
3475
3476
3477
3478
3476
3478
3479
3480
3481
3482
3480
3482
3483
3484
3485
3486
3484
3486
3487
3488
3489
3490
3488
3490
3491
3492
3493
3494
3492
3494
3495
3496
3497
3498
3496
3498
3499
3500
3501
3502
3500
3502
3503
3504
3505
3506
3504
3506
3507
3508
3509
3510
3508
3510
3511
3512
3513
3514
3512
3514
3515
3516
3517
3518
3516
3518
3519
3520
3521
3522
3520
3522
3523
3524
3525
3526
3524
3526
3527
3528
3529
3530
3528
3530
3531
3532
3533
3534
3532
3534
3535
3536
3537
3538
3536
3538
3539
3540
3541
3542
3540
3542
3543
3544
3545
3546
3544
3546
3547
3548
3549
3550
3548
3550
3551
3552
3553
3554
3552
3554
3555
3556
3557
3558
3556
3558
3559
3560
3561
3562
3560
3562
3563
3564
3565
3566
3566
3567
3564
3567
3568
3564
3567
3569
3568
3569
3570
3568
3569
3571
3570
3572
3573
3574
3572
3574
3575
3576
3577
3578
3576
3578
3579
3580
3581
3582
3580
3582
3583
3584
3585
3586
3584
3586
3587
3588
3589
3590
3588
3590
3591
3592
3593
3594
3592
3594
3595
3596
3597
3598
3596
3598
3599
3600
3601
3602
3600
3602
3603
3604
3605
3606
3604
3606
3607
3608
3609
3610
3608
3610
3611
3612
3613
3614
3612
3614
3615
3616
3617
3618
3616
3618
3619
3620
3621
3622
3620
3622
3623
3624
3625
3626
3624
3626
3627
3628
3629
3630
3628
3630
3631
3632
3633
3634
3632
3634
3635
3636
3637
3638
3636
3638
3639
3640
3641
3642
3640
3642
3643
3644
3645
3646
3644
3646
3647
3648
3649
3650
3648
3650
3651
3652
3653
3654
3652
3654
3655
3656
3657
3658
3658
3659
3656
3659
3660
3656
3659
3661
3660
3661
3662
3660
3661
3663
3662
3664
3665
3666
3664
3666
3667
3668
3669
3670
3668
3670
3671
3672
3673
3674
3672
3674
3675
3676
3677
3678
3676
3678
3679
3680
3681
3682
3680
3682
3683
3684
3685
3686
3684
3686
3687
3688
3689
3690
3688
3690
3691
3692
3693
3694
3692
3695
3693
3695
3696
3693
3695
3697
3696
3697
3698
3696
3697
3699
3698
3700
3696
3698
3700
3701
3696
3701
3702
3696
3701
3703
3702
3703
3704
3702
3703
3705
3704
3706
3707
3708
3709
3706
3708
3708
3710
3709
3711
3709
3710
3711
3710
3712
3713
3711
3712
3713
3712
3714
3715
3714
3712
3715
3716
3714
3717
3715
3712
3717
3712
3718
3719
3717
3718
3719
3718
3720
3721
3722
3723
3721
3723
3724
3725
3726
3727
3725
3727
3728
3729
3730
3731
3729
3731
3732
3729
3732
3733
3729
3733
3734
3735
3736
3737
3735
3737
3738
3739
3740
3741
3739
3742
3740
3742
3739
3743
3742
3743
3744
3745
3746
3747
3745
3747
3748
3745
3748
3749
3745
3749
3750
3751
3752
3753
3751
3753
3754
3755
3756
3757
3755
3758
3756
3756
3758
3759
3756
3759
3760
3761
3762
3763
3761
3763
3764
3765
3766
3767
3765
3767
3768
3769
3770
3771
3771
3772
3769
3773
3774
3775
3774
3776
3775
3777
3778
3779
3777
3779
3780
3781
3782
3783
3781
3783
3784
3785
3786
3787
3785
3787
3788
3789
3790
3791
3789
3791
3792
3793
3794
3795
3793
3796
3794
3796
3797
3794
3796
3798
3797
3798
3799
3797
3798
3800
3799
3800
3801
3799
3800
3802
3801
3802
3803
3801
3802
3804
3803
3804
3805
3803
3804
3806
3805
3806
3807
3805
3806
3808
3807
3808
3809
3807
3808
3810
3809
3810
3811
3809
3810
3812
3811
3813
3814
3815
3813
3815
3816
3817
3818
3819
3817
3819
3820
3821
3822
3823
3821
3823
3824
3825
3826
3827
3825
3827
3828
3829
3830
3831
3829
3831
3832
3833
3834
3835
3833
3835
3836
3837
3838
3839
3837
3839
3840
3841
3842
3843
3841
3843
3844
3845
3846
3847
3845
3847
3848
3849
3850
3851
3849
3851
3852
3853
3854
3855
3853
3856
3854
3856
3857
3854
3856
3858
3857
3858
3859
3857
3858
3860
3859
3860
3861
3859
3860
3862
3861
3863
3864
3865
3863
3865
3866
3867
3868
3869
3867
3869
3870
3871
3872
3873
3871
3873
3874
3875
3876
3877
3875
3877
3878
3879
3880
3881
3879
3881
3882
3883
3884
3885
3883
3885
3886
3887
3888
3889
3887
3889
3890
3891
3892
3893
3891
3893
3894
3895
3896
3897
3895
3897
3898
3899
3900
3901
3899
3902
3900
3902
3899
3903
3902
3904
3900
3902
3903
3905
3902
3906
3904
3906
3902
3905
3906
3905
3907
3908
3909
3910
3908
3910
3911
3912
3913
3914
3912
3914
3915
3916
3917
3918
3916
3918
3919
3919
3918
3920
3919
3920
3921
3922
3923
3924
3922
3924
3925
3922
3925
3926
3922
3926
3927
3928
3929
3930
3928
3930
3931
3932
3933
3934
3932
3934
3935
3936
3937
3938
3936
3939
3937
3939
3940
3937
3939
3941
3940
3941
3942
3940
3941
3943
3942
3944
3945
3946
3944
3946
3947
3948
3944
3947
3948
3947
3949
3950
3948
3949
3950
3949
3951
3952
3953
3954
3952
3954
3955
3956
3952
3955
3956
3955
3957
3958
3956
3957
3958
3957
3959
3960
3961
3962
3960
3963
3961
3963
3964
3961
3963
3965
3964
3965
3966
3964
3965
3967
3966
3968
3969
3970
3968
3970
3971
3972
3973
3974
3972
3974
3975
3976
3977
3978
3976
3979
3977
3979
3980
3977
3979
3981
3980
3982
3983
3984
3982
3984
3985
3986
3987
3988
3986
3988
3989
3990
3986
3989
3990
3989
3991
3992
3993
3994
3992
3994
3995
3996
3997
3998
3996
3998
3999
4000
4001
4002
4000
4002
4003
4004
4005
4006
4004
4007
4005
4007
4008
4005
4007
4009
4008
4010
4011
4012
4010
4012
4013
4014
4010
4013
4014
4013
4015
4016
4017
4018
4016
4018
4019
4016
4019
4020
4021
4016
4020
4021
4020
4022
4021
4022
4023
4021
4023
4024
4021
4024
4025
4025
4026
4021
4027
4021
4026
4026
4028
4027
4027
4029
4021
4029
4030
4021
4031
4032
4033
4033
4034
4031
4033
4035
4034
4033
4036
4035
4036
4037
4035
4036
4038
4037
4038
4039
4037
4038
4040
4039
4038
4041
4040
4042
4043
4044
4042
4044
4045
4046
4047
4048
4046
4048
4049
4050
4051
4052
4050
4052
4053
4054
4055
4056
4054
4056
4057
4058
4059
4060
4058
4060
4061
4062
4063
4064
4062
4064
4065
4066
4067
4068
4066
4068
4069
4070
4071
4072
4070
4072
4073
4074
4075
4076
4074
4076
4077
4078
4079
4080
4078
4080
4081
4082
4083
4084
4082
4085
4083
4086
4085
4082
4086
4087
4085
4088
4087
4086
4088
4089
4087
4090
4091
4092
4090
4092
4093
4094
4095
4096
4094
4096
4097
4098
4099
4100
4098
4100
4101
4102
4103
4104
4102
4104
4105
4106
4107
4108
4106
4108
4109
4110
4111
4112
4110
4112
4113
4114
4115
4116
4114
4116
4117
4118
4119
4120
4118
4120
4121
4122
4123
4124
4122
4124
4125
4126
4127
4128
4126
4128
4129
4130
4131
4132
4130
4132
4133
4134
4135
4136
4134
4136
4137
4138
4139
4140
4138
4140
4141
4142
4143
4144
4142
4144
4145
4146
4147
4148
4146
4148
4149
4150
4151
4152
4150
4152
4153
4154
4155
4156
4154
4156
4157
4158
4159
4160
4158
4160
4161
4162
4163
4164
4162
4164
4165
4166
4167
4168
4166
4168
4169
4170
4171
4172
4170
4172
4173
4174
4175
4176
4174
4176
4177
4178
4179
4180
4178
4180
4181
4182
4183
4184
4182
4185
4183
4186
4185
4182
4186
4187
4185
4188
4187
4186
4188
4189
4187
4190
4191
4192
4190
4192
4193
4194
4195
4196
4194
4196
4197
4198
4199
4200
4198
4200
4201
4202
4203
4204
4202
4204
4205
4206
4207
4208
4206
4208
4209
4210
4211
4212
4210
4212
4213
4214
4210
4213
4214
4213
4215
4216
4217
4215
4216
4215
4218
4219
4220
4221
4219
4221
4222
4223
4219
4222
4223
4222
4224
4225
4223
4224
4225
4224
4226
4227
4225
4226
4227
4226
4228
4229
4230
4231
4229
4232
4230
4232
4233
4230
4232
4234
4233
4234
4235
4233
4234
4236
4235
4237
4238
4239
4237
4239
4240
4241
4242
4243
4241
4244
4242
4244
4245
4242
4244
4246
4245
4246
4247
4245
4246
4248
4247
4249
4250
4251
4249
4252
4250
4252
4253
4250
4252
4254
4253
4254
4255
4253
4254
4256
4255
4256
4257
4255
4256
4258
4257
4258
4259
4257
4258
4260
4259
4260
4261
4259
4260
4262
4261
4262
4263
4261
4262
4264
4263
4264
4265
4263
4264
4266
4265
4267
4268
4269
4267
4269
4270
4271
4272
4273
4271
4273
4274
4275
4276
4277
4275
4278
4276
4278
4279
4276
4278
4280
4279
4280
4281
4279
4280
4282
4281
4283
4284
4285
4283
4286
4284
4286
4287
4284
4286
4288
4287
4288
4289
4287
4288
4290
4289
4290
4291
4289
4290
4292
4291
4292
4293
4291
4292
4294
4293
4294
4295
4293
4294
4296
4295
4296
4297
4295
4296
4298
4297
4298
4299
4297
4298
4300
4299
4301
4302
4303
4301
4303
4304
4305
4306
4307
4305
4307
4308
4309
4310
4311
4309
4311
4312
4313
4314
4315
4313
4315
4316
4317
4318
4319
4317
4319
4320
4321
4322
4323
4321
4323
4324
4325
4326
4327
4325
4327
4328
4329
4330
4331
4329
4331
4332
4333
4329
4332
4333
4332
4334
4335
4333
4334
4335
4334
4336
4337
4335
4336
4337
4336
4338
4339
4340
4341
4339
4341
4342
4343
4344
4345
4343
4345
4346
4347
4348
4349
4347
4349
4350
4351
4352
4353
4351
4353
4354
4355
4356
4357
4355
4357
4358
4359
4360
4361
4359
4361
4362
4363
4364
4365
4363
4365
4366
4367
4368
4369
4367
4369
4370
4371
4372
4373
4371
4373
4374
4375
4376
4377
4375
4377
4378
4379
4380
4381
4379
4381
4382
4383
4384
4385
4383
4385
4386
4387
4388
4389
4387
4389
4390
4391
4392
4393
4391
4393
4394
4395
4396
4397
4395
4397
4398
4399
4400
4401
4399
4401
4402
4403
4404
4405
4403
4405
4406
4407
4408
4409
4407
4409
4410
4411
4412
4413
4411
4413
4414
4415
4416
4417
4415
4417
4418
4419
4420
4421
4419
4421
4422
4423
4424
4425
4425
4426
4423
4425
4427
4426
4427
4428
4426
4427
4429
4428
4430
4431
4432
4430
4432
4433
4434
4435
4436
4434
4436
4437
4438
4439
4440
4440
4441
4438
4440
4442
4441
4442
4443
4441
4442
4444
4443
4445
4446
4447
4445
4447
4448
4449
4450
4451
4449
4451
4452
4453
4454
4455
4453
4455
4456
4457
4458
4459
4457
4459
4460
4461
4462
4463
4461
4463
4464
4465
4466
4467
4467
4468
4465
4467
4469
4468
4469
4470
4468
4469
4471
4470
4472
4473
4474
4472
4474
4475
4476
4477
4478
4476
4478
4479
4480
4481
4482
4482
4483
4480
4482
4484
4483
4484
4485
4483
4484
4486
4485
4487
4488
4489
4487
4489
4490
4491
4487
4490
4491
4492
4487
4491
4493
4492
4493
4494
4492
4493
4495
4494
4491
4496
4493
4491
4497
4496
4491
4498
4497
4499
4500
4501
4499
4502
4500
4499
4503
4502
4503
4504
4502
4504
4505
4502
4499
4506
4503
4507
4506
4499
4507
4508
4506
4507
4509
4508
4510
4509
4507
4510
4511
4509
4512
4511
4510
4512
4513
4511
4512
4514
4513
4511
4513
4515
4515
4513
4516
4517
4518
4519
4517
4520
4518
4521
4522
4523
4521
4524
4522
4521
4525
4524
4521
4526
4525
4527
4528
4529
4527
4529
4530
4530
4529
4531
4531
4529
4532
4531
4532
4533
4533
4532
4534
4534
4532
4535
4536
4534
4535
4537
4536
4535
4537
4535
4538
4537
4538
4539
4540
4537
4539
4527
4530
4541
4540
4541
4537
4540
4527
4541
4540
4542
4527
4543
4544
4545
4543
4546
4544
4547
4546
4543
4547
4543
4548
4547
4548
4549
4549
4548
4550
4549
4550
4551
4547
4549
4552
4547
4552
4553
4547
4553
4554
4555
4556
4557
4555
4557
4558
4555
4558
4559
4559
4558
4560
4560
4558
4561
4555
4559
4562
4563
4555
4562
4563
4562
4564
4563
4564
4565
4566
4563
4565
4566
4565
4567
4568
4566
4567
4568
4567
4569
4568
4569
4570
4567
4571
4569
4571
4572
4569
4573
4574
4575
4573
4575
4576
4577
4578
4579
4577
4579
4580
4577
4580
4581
4577
4581
4582
4583
4584
4585
4583
4586
4584
4586
4587
4584
4587
4588
4584
4587
4589
4588
4589
4590
4588
4590
4591
4588
4592
4591
4590
4593
4591
4592
4593
4594
4591
4593
4595
4594
4596
4595
4593
4583
4597
4586
4596
4593
4597
4596
4597
4583
4596
4583
4598
4599
4600
4601
4599
4601
4602
4603
4604
4605
4603
4605
4606
4607
4608
4609
4607
4609
4610
4611
4612
4613
4611
4613
4614
4615
4616
4617
4615
4617
4618
4619
4620
4621
4619
4621
4622
4623
4624
4625
4623
4625
4626
4627
4628
4629
4627
4629
4630
4631
4632
4633
4631
4633
4634
4635
4636
4637
4635
4637
4638
4639
4640
4641
4639
4641
4642
4643
4644
4645
4643
4645
4646
4647
4648
4649
4647
4649
4650
4651
4652
4653
4651
4653
4654
4655
4656
4657
4655
4657
4658
4659
4660
4661
4659
4661
4662
4663
4664
4665
4663
4665
4666
4667
4668
4669
4667
4669
4670
4671
4672
4673
4671
4673
4674
4675
4676
4677
4675
4677
4678
4679
4680
4681
4679
4681
4682
4683
4684
4685
4683
4685
4686
4687
4688
4689
4687
4689
4690
4691
4692
4693
4691
4693
4694
4695
4696
4697
4695
4697
4698
4699
4700
4701
4699
4701
4702
4703
4704
4705
4703
4705
4706
4707
4708
4709
4707
4709
4710
4711
4712
4713
4711
4713
4714
4715
4716
4717
4715
4717
4718
4719
4720
4721
4719
4721
4722
4723
4724
4725
4723
4725
4726
4727
4728
4729
4727
4729
4730
4731
4732
4733
4731
4733
4734
4735
4736
4737
4735
4737
4738
4739
4740
4741
4739
4741
4742
4743
4744
4745
4743
4745
4746
4747
4748
4749
4747
4749
4750
4751
4752
4753
4751
4753
4754
4755
4756
4757
4755
4757
4758
4759
4760
4761
4759
4761
4762
4763
4764
4765
4763
4765
4766
4767
4768
4769
4767
4769
4770
4771
4772
4773
4771
4773
4774
4775
4776
4777
4775
4777
4778
4779
4780
4781
4779
4781
4782
4783
4784
4785
4783
4785
4786
4787
4788
4789
4787
4789
4790
4791
4792
4793
4791
4793
4794
4795
4796
4797
4795
4797
4798
4799
4800
4801
4799
4801
4802
4803
4804
4805
4803
4805
4806
4807
4808
4809
4807
4809
4810
4811
4812
4813
4811
4813
4814
4815
4816
4817
4815
4817
4818
4819
4820
4821
4819
4821
4822
4823
4824
4825
4823
4825
4826
4827
4828
4829
4827
4829
4830
4831
4832
4833
4831
4833
4834
4835
4836
4837
4835
4837
4838
4839
4840
4841
4839
4841
4842
4843
4844
4845
4843
4845
4846
4847
4848
4849
4847
4849
4850
4851
4852
4853
4851
4853
4854
4855
4856
4857
4855
4857
4858
4859
4860
4861
4859
4861
4862
4863
4864
4865
4863
4865
4866
4867
4868
4869
4867
4869
4870
4871
4872
4873
4871
4873
4874
4875
4876
4877
4875
4877
4878
4879
4880
4881
4879
4881
4882
4883
4884
4885
4883
4885
4886
4887
4888
4889
4887
4889
4890
4891
4887
4890
4891
4892
4887
4891
4893
4892
4893
4894
4892
4893
4895
4894
4891
4896
4893
4891
4897
4896
4891
4898
4897
4899
4900
4901
4899
4902
4900
4899
4903
4902
4903
4904
4902
4904
4905
4902
4899
4906
4903
4907
4906
4899
4907
4908
4906
4907
4909
4908
4910
4909
4907
4910
4911
4909
4912
4911
4910
4912
4913
4911
4912
4914
4913
4911
4913
4915
4915
4913
4916
4917
4918
4919
4917
4920
4918
4921
4922
4923
4921
4924
4922
4921
4925
4924
4921
4926
4925
4927
4928
4929
4927
4929
4930
4930
4929
4931
4931
4929
4932
4931
4932
4933
4933
4932
4934
4934
4932
4935
4936
4934
4935
4937
4936
4935
4937
4935
4938
4937
4938
4939
4940
4937
4939
4927
4930
4941
4940
4941
4937
4940
4927
4941
4940
4942
4927
4943
4944
4945
4943
4946
4944
4947
4946
4943
4947
4943
4948
4947
4948
4949
4949
4948
4950
4949
4950
4951
4947
4949
4952
4947
4952
4953
4947
4953
4954
4955
4956
4957
4955
4957
4958
4955
4958
4959
4959
4958
4960
4960
4958
4961
4955
4959
4962
4963
4955
4962
4963
4962
4964
4963
4964
4965
4966
4963
4965
4966
4965
4967
4968
4966
4967
4968
4967
4969
4968
4969
4970
4967
4971
4969
4971
4972
4969
4973
4974
4975
4973
4975
4976
4977
4978
4979
4977
4979
4980
4977
4980
4981
4977
4981
4982
4983
4984
4985
4983
4986
4984
4986
4987
4984
4987
4988
4984
4987
4989
4988
4989
4990
4988
4990
4991
4988
4992
4991
4990
4993
4991
4992
4993
4994
4991
4993
4995
4994
4996
4995
4993
4983
4997
4986
4996
4993
4997
4996
4997
4983
4996
4983
4998
4999
5000
5001
4999
5001
5002
5003
5004
5005
5003
5005
5006
5007
5008
5009
5007
5009
5010
5011
5012
5013
5011
5013
5014
5015
5016
5017
5015
5017
5018
5019
5020
5021
5019
5021
5022
5023
5024
5025
5023
5025
5026
5027
5028
5029
5027
5029
5030
5031
5032
5033
5031
5033
5034
5035
5036
5037
5035
5037
5038
5039
5040
5041
5039
5041
5042
5043
5044
5045
5043
5045
5046
5047
5048
5049
5047
5049
5050
5051
5052
5053
5051
5053
5054
5055
5056
5057
5055
5057
5058
5059
5060
5061
5059
5061
5062
5063
5064
5065
5063
5065
5066
5067
5068
5069
5067
5069
5070
5071
5072
5073
5071
5073
5074
5075
5076
5077
5075
5077
5078
5079
5080
5081
5079
5081
5082
5083
5084
5085
5083
5085
5086
5087
5088
5089
5087
5089
5090
5091
5092
5093
5091
5093
5094
5095
5096
5097
5095
5097
5098
5099
5100
5101
5099
5101
5102
5103
5104
5105
5103
5105
5106
5107
5108
5109
5107
5109
5110
5111
5112
5113
5111
5113
5114
5115
5116
5117
5115
5117
5118
5119
5120
5121
5119
5121
5122
5123
5124
5125
5123
5125
5126
5127
5128
5129
5127
5129
5130
5131
5132
5133
5131
5133
5134
5135
5136
5137
5135
5137
5138
5139
5140
5141
5139
5141
5142
5143
5144
5145
5143
5145
5146
5147
5148
5149
5147
5149
5150
5151
5152
5153
5151
5153
5154
5155
5156
5157
5155
5157
5158
5159
5160
5161
5159
5161
5162
5163
5164
5165
5163
5165
5166
5167
5168
5169
5167
5169
5170
5171
5172
5173
5171
5173
5174
5175
5176
5177
5175
5177
5178
5179
5180
5181
5179
5181
5182
5183
5184
5185
5183
5185
5186
5187
5188
5189
5187
5189
5190
5191
5192
5193
5191
5193
5194
5195
5196
5197
5195
5197
5198
5199
5200
5201
5199
5201
5202
5203
5204
5205
5203
5205
5206
5207
5208
5209
5207
5209
5210
5211
5212
5213
5211
5213
5214
5215
5216
5217
5215
5217
5218
5219
5220
5221
5219
5221
5222
5223
5224
5225
5223
5225
5226
5227
5228
5229
5227
5229
5230
5231
5232
5233
5231
5233
5234
5235
5236
5237
5235
5237
5238
5239
5240
5241
5239
5241
5242
5243
5244
5245
5243
5245
5246
5247
5248
5249
5247
5249
5250
5251
5252
5253
5251
5253
5254
5255
5256
5257
5255
5257
5258
5259
5260
5261
5259
5261
5262
5263
5264
5265
5263
5265
5266
5267
5268
5269
5267
5269
5270
5271
5272
5273
5271
5273
5274
5275
5276
5277
5275
5277
5278
5279
5280
5281
5279
5281
5282
5283
5284
5285
5283
5285
5286
5287
5288
5289
5290
5287
5289
5289
5291
5290
5290
5292
5287
5290
5293
5292
5293
5294
5292
5294
5295
5292
5294
5296
5295
5297
5298
5299
5300
5297
5299
5299
5301
5300
5300
5302
5297
5300
5303
5302
5303
5304
5302
5303
5305
5304
5305
5306
5304
5307
5308
5309
5307
5309
5310
5311
5312
5313
5311
5313
5314
5315
5316
5317
5315
5317
5318
5319
5320
5321
5319
5321
5322
5323
5324
5325
5323
5325
5326
5327
5328
5329
5327
5329
5330
5331
5332
5333
5331
5333
5334
5335
5336
5337
5335
5337
5338
5339
5340
5341
5339
5341
5342
5343
5344
5345
5343
5345
5346
5347
5348
5349
5350
5347
5349
5349
5351
5350
5350
5352
5347
5350
5353
5352
5353
5354
5352
5353
5355
5354
5355
5356
5354
5357
5358
5359
5360
5357
5359
5359
5361
5360
5360
5362
5357
5360
5363
5362
5363
5364
5362
5364
5365
5362
5364
5366
5365
5367
5368
5369
5367
5369
5370
5371
5372
5373
5371
5373
5374
5375
5376
5377
5375
5377
5378
5379
5380
5381
5379
5381
5382
5383
5384
5385
5383
5385
5386
5387
5388
5389
5387
5389
5390
5391
5392
5393
5391
5393
5394
5395
5396
5397
5395
5397
5398
5399
5400
5401
5399
5401
5402
5403
5404
5405
5403
5405
5406
5407
5408
5409
5407
5410
5408
5407
5409
5411
5407
5412
5410
5413
5414
5411
5413
5415
5414
5411
5416
5413
5417
5416
5411
5415
5418
5414
5411
5419
5417
5419
5420
5417
5421
5420
5419
5422
5421
5419
5423
5422
5419
5419
5424
5423
5424
5425
5423
5426
5425
5424
5414
5418
5427
5424
5427
5426
5424
5414
5427
5414
5424
5428
5428
5429
5414
5414
5429
5430
5430
5431
5414
5430
5432
5431
5432
5433
5431
5434
5428
5424
5424
5435
5434
5436
5435
5424
5424
5437
5436
5437
5438
5436
5437
5439
5438
5431
5433
5440
5441
5439
5437
5440
5441
5431
5437
5431
5441
5431
5437
5442
5442
5443
5431
5431
5443
5444
5445
5442
5437
5437
5446
5445
5447
5446
5437
5444
5448
5431
5437
5449
5447
5444
5450
5448
5449
5451
5447
5449
5452
5451
5453
5452
5449
5449
5448
5453
5450
5454
5448
5455
5453
5448
5448
5454
5455
5456
5457
5458
5459
5458
5457
5456
5460
5457
5459
5457
5461
5462
5460
5456
5463
5459
5461
5462
5464
5460
5463
5461
5465
5466
5464
5462
5467
5463
5465
5466
5468
5464
5467
5465
5469
5470
5468
5466
5471
5467
5469
5470
5472
5468
5471
5469
5473
5474
5472
5470
5474
5471
5473
5474
5475
5472
5474
5473
5475
5476
5477
5478
5479
5478
5477
5476
5478
5480
5479
5481
5478
5482
5481
5479
5482
5483
5481
5484
5476
5480
5484
5480
5485
5484
5485
5486
5486
5487
5484
5487
5486
5488
5488
5489
5487
5483
5482
5490
5491
5483
5490
5492
5491
5490
5492
5490
5493
5488
5494
5489
5494
5492
5493
5494
5495
5489
5493
5495
5494
5496
5497
5498
5497
5499
5498
5498
5499
5500
5496
5498
5501
5501
5502
5496
5503
5502
5501
5504
5503
5501
5501
5505
5504
5506
5504
5505
5507
5506
5505
5508
5498
5500
5505
5508
5507
5508
5500
5509
5508
5510
5507
5509
5511
5508
5508
5511
5510
5505
5501
5512
5505
5512
5513
5501
5514
5512
5515
5514
5501
5516
5515
5501
5513
5517
5505
5505
5517
5518
5505
5518
5519
5516
5501
5520
5521
5505
5519
5519
5522
5521
5522
5523
5521
5520
5521
5523
5520
5524
5516
5523
5525
5520
5525
5524
5520
5526
5527
5528
5526
5528
5529
5526
5530
5527
5531
5526
5529
5530
5532
5527
5529
5533
5531
5530
5534
5532
5529
5535
5533
5534
5536
5532
5534
5537
5536
5536
5537
5538
5539
5536
5538
5535
5540
5533
5539
5538
5540
5535
5541
5540
5541
5539
5540
5542
5543
5544
5542
5545
5543
5542
5544
5546
5547
5545
5542
5546
5544
5548
5545
5547
5549
5546
5548
5550
5545
5549
5551
5550
5548
5552
5550
5552
5553
5552
5554
5553
5555
5554
5552
5551
5549
5556
5555
5556
5554
5551
5556
5557
5557
5556
5555
5558
5559
5560
5558
5560
5561
5558
5562
5559
5563
5558
5561
5562
5564
5559
5561
5565
5563
5562
5566
5564
5561
5567
5565
5566
5568
5564
5566
5569
5568
5568
5569
5570
5571
5568
5570
5567
5572
5565
5571
5570
5572
5567
5573
5572
5573
5571
5572
5574
5575
5576
5574
5577
5575
5574
5576
5578
5579
5577
5574
5578
5576
5580
5577
5579
5581
5578
5580
5582
5577
5581
5583
5582
5580
5584
5582
5584
5585
5584
5586
5585
5587
5586
5584
5583
5581
5588
5587
5588
5586
5583
5588
5589
5589
5588
5587
5508
5590
5591
5592
5590
5508
5591
5593
5508
5508
5594
5592
5498
5508
5593
5594
5595
5592
5594
5596
5595
5597
5596
5594
5593
5598
5498
5498
5598
5599
5599
5600
5498
5594
5412
5597
5600
5412
5498
5601
5597
5412
5600
5602
5412
5412
5602
5601
5603
5604
5605
5603
5606
5604
5607
5603
5605
5606
5608
5604
5607
5605
5609
5606
5610
5608
5610
5607
5609
5610
5609
5608
5611
5612
5613
5611
5613
5614
5615
5612
5611
5614
5613
5616
5615
5617
5612
5614
5616
5618
5618
5617
5615
5618
5616
5617
5619
5620
5621
5619
5621
5622
5623
5620
5619
5622
5621
5624
5623
5625
5620
5622
5624
5626
5626
5625
5623
5626
5624
5625
5627
5628
5629
5627
5630
5628
5631
5627
5629
5630
5632
5628
5631
5629
5633
5630
5634
5632
5634
5631
5633
5634
5633
5632
5635
5636
5637
5635
5638
5636
5639
5635
5637
5638
5640
5636
5639
5637
5641
5638
5642
5640
5642
5639
5641
5642
5641
5640
5643
5644
5645
5643
5645
5646
5644
5647
5645
5648
5643
5646
5644
5649
5647
5648
5646
5650
5649
5648
5650
5649
5650
5647
5651
5652
5653
5651
5653
5654
5652
5655
5653
5656
5651
5654
5652
5657
5655
5656
5654
5658
5657
5656
5658
5657
5658
5655
5659
5660
5661
5659
5661
5662
5660
5663
5661
5664
5659
5662
5660
5665
5663
5664
5662
5666
5665
5664
5666
5665
5666
5663
5667
5668
5669
5667
5669
5670
5668
5671
5669
5672
5667
5670
5668
5673
5671
5672
5670
5674
5673
5672
5674
5673
5674
5671
5675
5676
5677
5675
5678
5676
5679
5675
5677
5678
5680
5676
5679
5677
5681
5678
5682
5680
5682
5679
5681
5682
5681
5680
5683
5684
5685
5683
5686
5684
5687
5683
5685
5686
5688
5684
5687
5685
5689
5686
5690
5688
5690
5687
5689
5690
5689
5688
5691
5692
5693
5691
5694
5692
5695
5691
5693
5694
5696
5692
5695
5693
5697
5694
5698
5696
5698
5695
5697
5698
5697
5696
5699
5700
5701
5699
5702
5700
5703
5699
5701
5702
5704
5700
5703
5701
5705
5702
5706
5704
5707
5703
5705
5706
5708
5704
5706
5707
5708
5707
5705
5708
5709
5710
5711
5709
5711
5712
5713
5710
5709
5712
5711
5714
5713
5715
5710
5712
5714
5716
5717
5715
5713
5716
5714
5718
5717
5719
5715
5716
5718
5720
5721
5719
5717
5720
5718
5722
5721
5723
5719
5720
5722
5724
5724
5723
5721
5724
5722
5723
5725
5726
5727
5725
5727
5728
5726
5729
5727
5730
5725
5728
5726
5731
5729
5730
5728
5732
5731
5732
5729
5731
5730
5732
5730
5731
5733
5730
5733
5734
5731
5735
5733
5736
5730
5734
5731
5737
5735
5736
5734
5738
5737
5736
5738
5737
5738
5735
5739
5740
5741
5739
5741
5742
5740
5743
5741
5744
5739
5742
5740
5745
5743
5744
5742
5746
5745
5746
5743
5745
5744
5746
5744
5745
5747
5744
5747
5748
5745
5749
5747
5750
5744
5748
5745
5751
5749
5750
5748
5752
5751
5753
5749
5754
5750
5752
5751
5754
5753
5754
5752
5753
5755
5756
5757
5755
5757
5758
5756
5759
5757
5760
5755
5758
5756
5761
5759
5760
5758
5762
5761
5763
5759
5764
5760
5762
5761
5765
5763
5764
5762
5766
5765
5764
5766
5765
5766
5763
5767
5768
5769
5767
5769
5770
5771
5768
5767
5770
5769
5772
5771
5773
5768
5770
5772
5774
5774
5773
5771
5774
5772
5773
5775
5776
5777
5775
5778
5776
5779
5775
5777
5778
5780
5776
5779
5777
5781
5778
5782
5780
5782
5779
5781
5782
5781
5780
5783
5784
5785
5783
5786
5784
5787
5783
5785
5786
5788
5784
5787
5785
5789
5786
5790
5788
5790
5787
5789
5790
5789
5788
5791
5792
5793
5791
5794
5792
5793
5792
5795
5796
5794
5791
5793
5795
5797
5796
5798
5794
5797
5795
5798
5797
5798
5796
5799
5800
5801
5799
5801
5802
5803
5800
5799
5802
5801
5804
5803
5805
5800
5802
5804
5806
5806
5805
5803
5806
5804
5805
5807
5808
5809
5807
5810
5808
5809
5808
5811
5812
5810
5807
5809
5811
5813
5812
5814
5810
5813
5811
5814
5813
5814
5812
5815
5816
5817
5815
5818
5816
5817
5816
5819
5820
5818
5815
5817
5819
5821
5820
5822
5818
5821
5819
5822
5821
5822
5820
5823
5824
5825
5823
5826
5824
5825
5824
5827
5828
5826
5823
5825
5827
5829
5828
5830
5826
5829
5827
5830
5829
5830
5828
5831
5832
5833
5831
5834
5832
5833
5832
5835
5836
5834
5831
5833
5835
5837
5836
5838
5834
5837
5835
5838
5837
5838
5836
5839
5840
5841
5839
5841
5842
5843
5840
5839
5842
5841
5844
5843
5845
5840
5842
5844
5846
5846
5845
5843
5846
5844
5845
5847
5848
5849
5847
5849
5850
5851
5848
5847
5850
5849
5852
5851
5853
5848
5850
5852
5854
5854
5853
5851
5854
5852
5853
5855
5856
5857
5855
5858
5856
5857
5856
5859
5860
5858
5855
5857
5859
5861
5860
5862
5858
5861
5859
5862
5861
5862
5860
5863
5864
5865
5863
5865
5866
5867
5864
5863
5866
5865
5868
5867
5869
5864
5866
5868
5870
5871
5869
5867
5870
5868
5872
5870
5872
5871
5871
5872
5869
5873
5874
5875
5873
5876
5874
5877
5873
5875
5876
5878
5874
5877
5875
5879
5876
5880
5878
5881
5877
5879
5880
5882
5878
5881
5879
5883
5880
5884
5882
5885
5881
5883
5884
5886
5882
5885
5883
5887
5884
5888
5886
5888
5885
5887
5888
5887
5886
5889
5890
5891
5889
5892
5890
5891
5890
5893
5894
5892
5889
5891
5893
5895
5894
5896
5892
5895
5893
5896
5895
5896
5894
5894
5897
5895
5894
5898
5897
5895
5897
5899
5900
5898
5894
5895
5899
5901
5900
5902
5898
5901
5899
5902
5901
5902
5900
5903
5904
5905
5903
5906
5904
5905
5904
5907
5908
5906
5903
5905
5907
5909
5908
5910
5906
5909
5907
5910
5909
5910
5908
5908
5911
5909
5908
5912
5911
5909
5911
5913
5914
5912
5908
5909
5913
5915
5914
5916
5912
5915
5913
5917
5918
5916
5914
5915
5917
5918
5918
5917
5916
5919
5920
5921
5919
5922
5920
5921
5920
5923
5924
5922
5919
5921
5923
5925
5924
5926
5922
5925
5923
5927
5928
5926
5924
5925
5927
5929
5928
5930
5926
5929
5927
5930
5929
5930
5928
5931
5932
5933
5931
5934
5932
5935
5931
5933
5934
5936
5932
5935
5933
5937
5934
5938
5936
5939
5935
5937
5938
5940
5936
5939
5937
5941
5938
5942
5940
5943
5939
5941
5942
5944
5940
5942
5943
5944
5943
5941
5944
5945
5946
5947
5945
5947
5948
5949
5946
5945
5948
5947
5950
5949
5951
5946
5948
5950
5952
5953
5951
5949
5952
5950
5954
5953
5955
5951
5952
5954
5956
5957
5955
5953
5956
5954
5958
5956
5958
5957
5957
5958
5955
276
5959
5960
5961
5959
5961
5962
5963
5964
5965
5963
5965
5966
5967
5968
5969
5967
5969
5970
5971
5972
5973
5973
5974
5971
5973
5975
5974
5975
5976
5974
5975
5977
5976
5977
5978
5976
5977
5979
5978
5979
5980
5978
5979
5981
5980
5981
5982
5980
5983
5984
5985
5985
5986
5983
5985
5987
5986
5987
5988
5986
5987
5989
5988
5989
5990
5988
5989
5991
5990
5991
5992
5990
5991
5993
5992
5993
5994
5992
5995
5996
5997
5997
5998
5995
5998
5999
5995
5998
6000
5999
6000
6001
5999
6000
6002
6001
6002
6003
6001
6002
6004
6003
6004
6005
6003
6004
6006
6005
6007
6008
6009
6007
6009
6010
6011
6012
6013
6011
6013
6014
6015
6016
6017
6015
6017
6018
6019
6020
6021
6019
6021
6022
6023
6024
6025
6023
6025
6026
6027
6028
6029
6027
6029
6030
6031
6032
6033
6031
6033
6034
6035
6036
6037
6035
6037
6038
6039
6040
6041
6041
6042
6039
6042
6043
6039
6042
6044
6043
6044
6045
6043
6044
6046
6045
6046
6047
6045
6046
6048
6047
6048
6049
6047
6048
6050
6049
6051
6052
6053
6053
6054
6051
6054
6055
6051
6054
6056
6055
6056
6057
6055
6056
6058
6057
6058
6059
6057
6058
6060
6059
6060
6061
6059
6060
6062
6061
6063
6064
6065
6065
6066
6063
6065
6067
6066
6067
6068
6066
6067
6069
6068
6069
6070
6068
6069
6071
6070
6071
6072
6070
6071
6073
6072
6073
6074
6072
6075
6076
6077
6075
6077
6078
6079
6080
6081
6079
6081
6082
6083
6084
6085
6083
6085
6086
6087
6088
6089
6087
6089
6090
6091
6092
6093
6091
6093
6094
