MESH3
Monster Truck_12
4267
-1.130541,1.344909,-2.334295
-1.147075,1.582417,-2.314055
-1.147082,1.582417,-2.395075
-1.086515,1.616206,-3.085547
-1.086515,1.799562,-3.108475
-1.051269,1.799562,-3.119963
-0.7308497,1.583005,2.603937
-0.4076132,1.583005,2.603937
-0.3444921,1.583005,2.603937
-1.147203,1.58326,2.317509
-1.086515,1.583005,2.43696
-1.086515,1.583005,2.546542
-1.053945,1.887455,2.679235
-1.005969,1.887455,2.679235
-1.005969,1.892287,2.679235
-1.053945,1.816481,2.679235
-1.005969,1.816481,2.679235
-1.005969,1.821313,2.679235
-1.053946,1.745507,2.679235
-1.005969,1.745507,2.679235
-1.005969,1.750338,2.679235
-1.053946,1.674532,2.679235
-1.005969,1.674532,2.679235
-1.005969,1.679364,2.679235
1.131518,1.344909,-2.334295
1.148059,1.582417,-2.395075
1.148051,1.582417,-2.314055
1.087492,1.616206,-3.085547
1.052245,1.799562,-3.119963
1.087492,1.799562,-3.108475
0.7318263,1.583005,2.603937
0.3454686,1.583005,2.603937
0.4085898,1.583005,2.603937
1.14818,1.58326,2.317509
1.087492,1.583005,2.546542
1.087492,1.583005,2.43696
1.054922,1.674532,2.679235
1.006946,1.674532,2.679235
1.006946,1.655112,2.679235
1.054922,1.887455,2.679235
1.006946,1.892287,2.679235
1.006946,1.887455,2.679235
1.054922,1.816481,2.679235
1.006946,1.821313,2.679235
1.006946,1.816481,2.679235
1.054922,1.745507,2.679235
1.006946,1.750338,2.679235
1.006946,1.745507,2.679235
1.054922,1.674532,2.679235
1.006946,1.679364,2.679235
1.006946,1.674532,2.679235
0.8020416,1.761563,2.679235
0.8020416,1.813544,2.679235
0.8020416,1.816481,2.679235
-1.062619,2.206671,0.6554183
-1.064272,2.207917,0.9155849
-1.043172,2.224166,0.9295923
-1.048664,2.224166,0.6554183
-1.064803,2.201936,-3.102307
-1.045634,2.238727,-2.38721
-1.044299,2.232056,-3.102436
-1.06527,2.208941,-2.38721
-1.04962,2.232973,-1.165104
-1.065354,2.208981,-1.165104
-1.062582,2.206717,0.325694
-1.062619,2.206671,0.6554183
-1.048664,2.224166,0.6554183
-1.048664,2.224166,0.325694
-1.065354,2.208981,-1.165104
-1.058149,2.202254,-0.3027245
-1.033814,2.224166,-0.3027245
-1.04962,2.232973,-1.165104
-0.5325814,2.868652,0.3434834
-0.5325814,2.841024,0.6553304
0.0004882813,2.845944,0.6492114
0.0004882813,2.873572,0.3434834
0.533558,2.868652,0.3434834
0.533558,2.841024,0.6553304
-0.9382665,2.207855,1.808808
-1.019359,2.194924,1.808808
-0.9904382,2.039588,2.546542
-0.8429164,2.040235,2.546542
-0.7368416,2.041082,2.546542
-0.8268952,2.218855,1.808808
-0.4760895,2.225968,1.808808
-0.3783875,2.041444,2.546542
-0.456814,2.236964,1.806792
-0.3590541,2.052687,2.546542
0.0004882813,2.048765,2.546542
0.0004882813,2.236653,1.808808
0.4577906,2.236964,1.806792
0.3600307,2.052687,2.546542
-1.043056,2.235861,0.3261159
-1.044,2.235861,-0.0412488
-1.048664,2.224166,0.325694
-1.048664,2.224166,-0.2714084
-1.033499,2.265109,-0.05980206
-0.8750193,2.797026,-0.2075316
-0.9953618,2.397962,-0.06648028
-0.894213,2.705843,-0.04861617
-0.8880457,2.751182,-0.01241466
-0.8870316,2.751183,0.3378558
-0.8752413,2.789625,0.3387429
-0.8827157,2.751183,0.5038983
-0.876251,2.763282,0.6101295
-0.8834702,2.743974,0.5597644
-0.8946519,2.704327,0.608423
-0.9064651,2.667497,0.6333718
-1.086515,1.991894,2.546542
-1.053945,1.961892,2.603937
-1.023944,1.991894,2.603937
-1.048003,2.035903,2.546542
-1.064272,2.207917,0.9155849
-1.054155,2.174287,1.808808
-1.019359,2.194924,1.808808
-1.043172,2.224166,0.9295923
-0.8378468,1.799562,-3.132298
-0.9133187,1.799562,-3.119905
-0.913318,1.963633,-3.11928
-0.9133174,2.127705,-3.118654
-0.8378468,2.243915,-3.10217
-0.6282649,1.799562,-3.132298
-1.044299,2.232056,-3.102436
-1.048038,2.127705,-3.118519
-0.6282649,2.243915,-3.10217
-0.4186831,1.799562,-3.132298
-0.4186831,2.243915,-3.10217
0.0004882813,1.799562,-3.132298
0.0004882813,2.243914,-3.102172
0.4196596,1.799562,-3.132298
0.4196596,2.243915,-3.10217
0.6292415,1.799562,-3.132298
0.6292415,2.243915,-3.10217
0.8388233,1.799562,-3.132298
0.8388233,2.243915,-3.10217
0.9142953,1.799562,-3.119905
0.9142939,2.127705,-3.118654
0.9142946,1.963633,-3.11928
1.045275,2.232056,-3.102436
1.049015,2.127705,-3.118519
-0.8268952,2.218855,1.808808
-0.4760895,2.225968,1.808808
-0.5334958,2.271008,1.162425
-0.7924072,2.271008,1.113458
-0.6783981,2.844766,0.3429337
-0.5325814,2.841024,0.6553304
-0.5325814,2.868652,0.3434834
-0.6785194,2.817079,0.6449382
-0.8385371,2.812107,0.3413621
-0.8417993,2.782781,0.6298186
-1.136034,1.579488,-1.166967
-1.086515,2.137503,-0.3027245
-1.086515,2.137501,-1.165235
-1.149856,1.579488,-0.3027245
-1.086515,2.137505,0.3248636
-1.149856,1.579488,0.3136809
-1.086515,2.137508,0.6554184
-1.149856,1.579488,0.6554183
-1.086515,2.137512,0.9008187
-1.149856,1.579488,0.9008187
-1.147203,1.579488,1.325292
-1.147203,1.760977,1.390163
-1.147203,1.832074,1.509039
-1.147203,1.85363,1.808829
-1.086515,2.115937,1.808808
-0.5325814,2.876616,-0.2350911
-0.5325814,2.868652,0.3434834
0.0004882813,2.873572,0.3434834
0.0004882813,2.881536,-0.2350911
0.533558,2.876616,-0.2350911
0.533558,2.868652,0.3434834
-1.048664,2.224166,-0.2714084
-1.033814,2.224166,-0.3027245
-1.058149,2.202254,-0.3027245
-1.062582,2.206717,0.325694
-1.048664,2.224166,0.325694
-1.048664,2.224166,0.325694
-1.048664,2.224166,0.6554183
-1.041825,2.235861,0.6543579
-1.043056,2.235861,0.3261159
-0.6781211,2.852794,-0.2319776
-0.5325814,2.868652,0.3434834
-0.5325814,2.876616,-0.2350911
-0.6783981,2.844766,0.3429337
-0.8387049,2.819615,-0.2226153
-0.8385371,2.812107,0.3413621
-0.8417993,2.782781,0.6298186
-0.876251,2.763282,0.6101295
-1.043172,2.224166,0.9295923
-1.019929,2.237928,0.9779773
-0.8385371,2.812107,0.3413621
-0.8752413,2.789625,0.3387429
-0.876251,2.763282,0.6101295
-0.8417993,2.782781,0.6298186
-0.8750193,2.797026,-0.2075316
-0.8387049,2.819615,-0.2226153
-1.033814,2.224166,-0.3027245
-1.048664,2.224166,-0.2714084
-0.8387049,2.819615,-0.2226153
-0.8750193,2.797026,-0.2075316
-0.8752413,2.789625,0.3387429
-0.8385371,2.812107,0.3413621
-0.8749281,2.336718,-0.2882142
-0.7499554,2.718076,-0.2365813
-0.8116852,2.336778,-0.2886584
-0.6528173,2.738541,-0.2452985
-0.6215044,2.336927,-0.2898746
-0.5274544,2.758969,-0.2471464
-0.4313237,2.337014,-0.2906981
0.0004882813,2.770247,-0.2468552
0.0004882813,2.337036,-0.2909082
0.4323003,2.337014,-0.2906981
0.5284309,2.758969,-0.2471464
0.622481,2.336927,-0.2898746
0.6537939,2.738541,-0.2452985
0.8126618,2.336778,-0.2886584
0.750932,2.718076,-0.2365813
0.8759047,2.336718,-0.2882142
-0.8347179,2.77698,0.6389853
-1.007528,2.247168,0.976756
-0.7906395,2.279366,1.106805
-0.6776771,2.809128,0.6522298
-0.5327817,2.27913,1.155297
-0.5318558,2.833013,0.6625764
0.0004882813,2.279015,1.171522
0.0004882813,2.837937,0.6564895
0.5328323,2.833013,0.6625764
0.5337583,2.27913,1.155297
0.6786537,2.809128,0.6522298
0.7916161,2.279366,1.106805
0.8356945,2.77698,0.6389853
1.008505,2.247168,0.976756
0.0004882813,1.271687,2.615002
-0.3444921,1.271532,2.732452
-0.3444921,1.271687,2.616122
0.0004882813,1.271532,2.732833
0.3454686,1.271532,2.732452
0.3454686,1.271687,2.616122
-0.8378686,2.243392,-3.049931
-0.8378468,2.243915,-3.10217
-1.044299,2.232056,-3.102436
-0.9937499,2.233511,-3.050139
-0.6282649,2.243217,-3.049933
-0.8378468,2.243915,-3.10217
-0.8378686,2.243392,-3.049931
-0.6282649,2.243915,-3.10217
-0.4186831,2.243217,-3.049933
-0.4186831,2.243915,-3.10217
0.0004882813,2.243217,-3.049933
0.0004882813,2.243914,-3.102172
0.4196596,2.243915,-3.10217
0.4196596,2.243217,-3.049933
0.6292415,2.243915,-3.10217
0.6292415,2.243217,-3.049933
0.8388233,2.243915,-3.10217
0.8388452,2.243392,-3.049931
-0.9937499,2.233511,-3.050139
-1.044299,2.232056,-3.102436
-1.045634,2.238727,-2.38721
-0.9937499,2.239811,-2.387056
-1.04962,2.232973,-1.165104
-0.9937499,2.233158,-1.165443
-1.033814,2.224166,-0.3027245
-0.9937499,2.224635,-0.3549632
-0.8378468,2.224166,-0.3027245
-0.8378468,2.224635,-0.3549632
-0.6282649,2.224166,-0.3027245
-0.6282649,2.224635,-0.3549632
-0.4186831,2.224166,-0.3027245
-0.4186831,2.224635,-0.3549632
0.0004882813,2.224166,-0.3027246
0.0004882813,2.224635,-0.3549632
0.4196596,2.224635,-0.3549632
0.4196596,2.224166,-0.3027245
0.6292415,2.224635,-0.3549632
0.6292415,2.224166,-0.3027245
0.8388233,2.224635,-0.3549632
0.8388233,2.224166,-0.3027245
0.9947264,2.224635,-0.3549632
1.03479,2.224166,-0.3027245
0.9947264,2.233158,-1.165443
1.050596,2.232973,-1.165104
0.9947264,2.239811,-2.387056
1.046611,2.238727,-2.38721
0.9947264,2.233511,-3.050139
1.045275,2.232056,-3.102436
-0.8048214,1.809238,2.111484
-1.147203,1.814557,2.112673
-1.147203,1.827675,1.808968
-0.8048214,1.822301,1.809045
-0.8048214,1.580135,1.356836
-1.147203,1.581067,1.351552
-1.130664,1.271687,1.332639
-0.8048214,1.290312,1.30907
-0.5122648,2.280306,1.182415
-0.456814,2.236964,1.806792
0.0004882813,2.236653,1.808808
0.0004882813,2.280311,1.198139
0.5132414,2.280306,1.182415
0.4577906,2.236964,1.806792
-0.9382665,2.207855,1.808808
-0.8268952,2.218855,1.808808
-0.7924072,2.271008,1.113458
-1.019929,2.237928,0.9779773
-1.043172,2.224166,0.9295923
-1.019359,2.194924,1.808808
-0.698628,1.652477,-2.272127
-1.147082,1.655347,-2.276664
-1.147082,1.582417,-2.288115
-0.698628,1.582417,-2.28287
-0.7308497,1.583005,2.603937
-0.4076132,1.582849,2.731236
-0.4076132,1.583005,2.603937
-0.7319698,1.582849,2.7128
-0.8378468,1.583005,2.603937
-0.8538215,1.58285,2.707635
-0.9890878,1.583005,2.603937
-1.023342,1.582857,2.695428
-1.023944,1.583005,2.603937
-1.0857,1.582898,2.664834
-1.086515,1.583005,2.546542
-1.131214,1.582967,2.540547
-1.086515,1.583005,2.43696
-1.135453,1.583005,2.453325
0.0004882813,1.540133,-3.101297
-0.8378468,1.799562,-3.132298
-0.6282649,1.799562,-3.132298
-0.4186831,1.799562,-3.132298
0.0004882813,1.799562,-3.132298
0.4196596,1.799562,-3.132298
0.6292415,1.799562,-3.132298
0.8388233,1.799562,-3.132298
-0.595385,1.616206,-3.092976
-0.5953849,1.616206,-3.149858
-1.135671,1.616206,-3.135796
-1.086515,1.616206,-3.085547
-1.130661,1.271546,2.317229
-1.086515,1.271687,2.436796
-1.086515,1.583005,2.43696
-1.147203,1.58326,2.317509
-0.7319698,1.271532,2.712188
-0.4076132,1.271532,2.730624
-0.4076132,1.582849,2.731236
-0.7319698,1.582849,2.7128
-0.850763,1.375954,2.707103
-0.746327,1.375954,2.710625
-0.8538221,1.271532,2.707024
-1.015186,1.375957,2.697678
-1.023356,1.271539,2.694811
-0.746327,1.478428,2.711078
-0.8538215,1.58285,2.707635
-0.8507539,1.478428,2.707556
-1.023342,1.582857,2.695428
-1.015172,1.478431,2.698135
-1.062619,2.206671,0.6554183
-1.086515,2.137512,0.9008187
-1.064272,2.207917,0.9155849
-1.086515,2.137508,0.6554184
-1.062582,2.206717,0.325694
-1.086515,2.137505,0.3248636
-1.058149,2.202254,-0.3027245
-1.086515,2.137503,-0.3027245
-1.065354,2.208981,-1.165104
-1.086515,2.137501,-1.165235
-0.3590541,2.052687,2.546542
-0.3569793,2.017614,2.605415
0.0004882813,2.017445,2.604043
0.0004882813,2.048765,2.546542
0.3600307,2.052687,2.546542
0.3579559,2.017614,2.605415
-1.054155,2.174287,1.808808
-1.086515,2.115937,1.808808
-1.086515,1.991894,2.546542
-1.048003,2.035903,2.546542
-0.7368416,2.041082,2.546542
-0.3754813,1.991894,2.603937
-0.3783875,2.041444,2.546542
-0.7308497,1.991894,2.603937
-0.8429164,2.040235,2.546542
-0.8378468,1.991894,2.603937
-0.9904382,2.039588,2.546542
-0.9890878,1.991894,2.603937
-1.048003,2.035903,2.546542
-1.023944,1.991894,2.603937
-1.064803,2.201936,-3.102307
-1.086515,2.130829,-3.103135
-1.086515,2.1375,-2.387801
-1.06527,2.208941,-2.38721
-1.086515,2.137501,-1.165235
-1.065354,2.208981,-1.165104
-1.064272,2.207917,0.9155849
-1.086515,2.137512,0.9008187
-1.086515,2.115937,1.808808
-1.054155,2.174287,1.808808
-1.054155,2.174287,1.808808
-1.048003,2.035903,2.546542
-0.9904382,2.039588,2.546542
-1.019359,2.194924,1.808808
-1.086515,1.583005,2.546542
-1.053945,1.961892,2.603937
-1.086515,1.991894,2.546542
-1.053946,1.613006,2.603937
-1.023944,1.583005,2.603937
-1.136034,1.579488,-1.166967
-1.147097,1.579488,-1.324877
-1.130564,1.296131,-1.322652
-1.12159,1.291671,-1.168347
-1.149856,1.579488,-0.3027245
-1.12159,1.271687,-0.3027246
-1.12159,1.271687,0.3065249
-1.12159,1.271687,0.6554183
-1.149856,1.579488,0.6554183
-1.149856,1.579488,0.3136809
-1.12159,1.271687,0.9008187
-1.130666,1.271779,1.306539
-1.147203,1.579488,1.325292
-1.149856,1.579488,0.9008187
-1.0972,1.799562,-2.970929
-1.086515,1.799562,-3.108475
-1.086515,1.616206,-3.085547
-1.124144,1.848017,-2.392161
-1.131496,1.605389,-2.867822
-1.147082,1.582417,-2.395075
-1.147076,1.659435,-2.304406
-1.147075,1.582417,-2.314055
-0.3444921,1.583005,2.603937
-0.3444921,1.582849,2.733063
0.0004882813,1.582849,2.733444
0.0004882813,1.583005,2.603937
0.3454686,1.583005,2.603937
0.3454686,1.582849,2.733063
-1.0857,1.582898,2.664834
-1.131214,1.582967,2.540547
-1.131224,1.271649,2.539917
-1.085724,1.271581,2.664162
-0.3444921,1.271532,2.732452
0.0004882813,1.582849,2.733444
-0.3444921,1.582849,2.733063
0.0004882813,1.271532,2.732833
0.3454686,1.271532,2.732452
0.3454686,1.582849,2.733063
-1.085724,1.271581,2.664162
-1.023356,1.271539,2.694811
-1.023342,1.582857,2.695428
-1.0857,1.582898,2.664834
-1.135453,1.271687,2.45316
-1.131224,1.271649,2.539917
-1.131214,1.582967,2.540547
-1.135453,1.583005,2.453325
-1.086515,1.271687,2.481255
-1.135453,1.271687,2.45316
-1.086515,1.271687,2.436796
-1.131224,1.271649,2.539917
-1.053946,1.271687,2.544882
-1.085724,1.271581,2.664162
-0.9890878,1.271687,2.590248
-1.023356,1.271539,2.694811
-0.8378468,1.271687,2.608251
-0.8538221,1.271532,2.707024
-0.7308497,1.271687,2.608682
-0.7319698,1.271532,2.712188
-0.4076132,1.271687,2.615555
-0.4076132,1.271532,2.730624
-1.086515,1.271687,2.436796
-1.135453,1.271687,2.45316
-1.135453,1.583005,2.453325
-1.086515,1.583005,2.43696
0.0004882813,1.271687,2.615002
-0.3444921,1.271687,2.616122
-0.4076132,1.271687,2.615555
-0.7308497,1.271687,2.608682
-0.8048214,1.271687,2.315006
-0.8048214,1.290312,1.30907
-1.130661,1.271546,2.317229
-1.086515,1.271687,2.436796
-1.086515,1.271687,2.481255
-1.053946,1.271687,2.544882
-0.9890878,1.271687,2.590248
-0.8378468,1.271687,2.608251
-0.8048214,1.290312,1.289095
-1.12159,1.271687,0.6554183
-1.12159,1.271687,0.3065249
-1.12159,1.271687,-0.3027246
-1.12159,1.291671,-1.168347
-1.12159,1.271687,0.9008187
-1.130666,1.271779,1.306539
-1.130564,1.296131,-1.322652
-0.698628,1.308331,-1.327925
0.0004882813,1.343461,-2.319607
-0.698628,1.343461,-2.330707
0.7318263,1.271687,2.608682
0.4085898,1.271687,2.615555
0.3454686,1.271687,2.616122
0.805798,1.271687,2.315006
0.805798,1.290312,1.30907
0.805798,1.290312,1.289095
1.131638,1.271546,2.317229
1.087492,1.271687,2.436796
1.087492,1.271687,2.481255
1.054923,1.271687,2.544882
0.9900643,1.271687,2.590248
0.8388233,1.271687,2.608251
1.122566,1.271687,0.6554183
1.122566,1.271687,0.9008187
1.131643,1.271779,1.306539
1.122566,1.271687,0.3065249
1.122566,1.271687,-0.3027246
1.122566,1.291671,-1.168347
1.131541,1.296131,-1.322652
0.6996046,1.308331,-1.327925
0.0004882813,1.343461,-2.319607
0.6996046,1.343461,-2.330707
0.6996046,1.343461,-2.301654
1.092429,1.344409,-2.330707
1.13152,1.342796,-2.308294
1.131518,1.344909,-2.334295
-0.3444921,1.271687,2.616122
-0.3444921,1.234483,2.616064
-0.4076132,1.234483,2.615497
-0.4076132,1.271687,2.615555
-0.3444921,1.656173,2.782572
0.0004882813,1.582849,2.733063
-0.3444921,1.582849,2.733063
0.0004882813,1.656173,2.78257
0.3454686,1.656173,2.782572
0.3454686,1.582849,2.733063
-0.3444921,1.271532,2.732452
-0.3444921,1.234483,2.78257
-0.3444921,1.234483,2.616064
-0.3444921,1.271687,2.616122
-0.3444921,1.234483,2.78257
-0.4076132,1.234483,2.78257
-0.4076132,1.234483,2.615497
-0.3444921,1.234483,2.616064
-0.3444921,1.656173,2.616792
-0.4076132,1.656173,2.616225
-0.4076132,1.656173,2.78257
-0.3444921,1.656173,2.782572
-0.3444921,1.656173,2.782572
-0.4076132,1.656173,2.78257
-0.4076132,1.234483,2.78257
-0.3444921,1.234483,2.78257
0.0004882813,1.656173,2.78257
0.0004882813,1.234483,2.78257
0.3454686,1.234483,2.78257
0.3454686,1.656173,2.782572
0.4085898,1.234483,2.78257
0.4085898,1.656173,2.78257
-0.4076132,1.271687,2.615555
-0.4076132,1.234483,2.615497
-0.4076132,1.234483,2.78257
-0.4076132,1.271532,2.730624
-0.4076132,1.656173,2.78257
-0.4076132,1.582849,2.731236
-0.4076132,1.656173,2.616225
-0.4076132,1.583005,2.603937
-0.4076132,1.583005,2.603937
-0.4076132,1.656173,2.616225
-0.3444921,1.656173,2.616792
-0.3444921,1.583005,2.603937
-0.3444921,1.583005,2.603937
-0.3444921,1.656173,2.616792
-0.3444921,1.656173,2.782572
-0.3444921,1.582849,2.733063
-1.015172,1.478431,2.698135
-1.023342,1.582857,2.695428
-1.023356,1.271539,2.694811
-1.015186,1.375957,2.697678
-0.746327,1.375954,2.710625
-0.7319698,1.271532,2.712188
-0.7319698,1.582849,2.7128
-0.746327,1.478428,2.711078
-0.8901868,2.740877,0.3379054
-0.8911952,2.74088,-0.007221282
-0.8954298,2.701986,-0.03800607
-0.9954152,2.397942,-0.05564967
-1.032611,2.268188,-0.04912782
-1.040892,2.246188,-0.0351024
-1.039901,2.246167,0.3261051
-0.9083232,2.662173,0.6241543
-1.038615,2.246149,0.6543013
-0.8968679,2.697502,0.6001948
-0.8865608,2.734163,0.5552145
-0.8859062,2.740882,0.5032583
-1.030854,2.250882,0.8708353
-1.03271,2.246139,0.8598133
-1.027142,2.262372,0.8694397
-1.041825,2.235861,0.6543579
-1.048664,2.224166,0.6554183
-1.043172,2.224166,0.9295923
-1.035881,2.235861,0.8622439
-1.032502,2.244573,0.8824679
-1.025814,2.265604,0.8799206
-0.876251,2.763282,0.6101295
-0.9064651,2.667497,0.6333718
-0.8911952,2.74088,-0.007221282
-0.8880457,2.751182,-0.01241466
-0.894213,2.705843,-0.04861617
-0.8954298,2.701986,-0.03800607
-0.8901868,2.740877,0.3379054
-0.8880457,2.751182,-0.01241466
-0.8911952,2.74088,-0.007221282
-0.8870316,2.751183,0.3378558
-0.8859062,2.740882,0.5032583
-0.8827157,2.751183,0.5038983
-0.8865608,2.734163,0.5552145
-0.8834702,2.743974,0.5597644
-0.8968679,2.697502,0.6001948
-0.8946519,2.704327,0.608423
-0.9083232,2.662173,0.6241543
-0.9064651,2.667497,0.6333718
-1.027142,2.262372,0.8694397
-1.025814,2.265604,0.8799206
-1.030854,2.250882,0.8708353
-1.032502,2.244573,0.8824679
-1.03271,2.246139,0.8598133
-1.035881,2.235861,0.8622439
-1.038615,2.246149,0.6543013
-1.041825,2.235861,0.6543579
-1.039901,2.246167,0.3261051
-1.043056,2.235861,0.3261159
-1.040892,2.246188,-0.0351024
-1.044,2.235861,-0.0412488
-1.032611,2.268188,-0.04912782
-1.033499,2.265109,-0.05980206
-1.044,2.235861,-0.0412488
-1.040892,2.246188,-0.0351024
-0.9954152,2.397942,-0.05564967
-1.033499,2.265109,-0.05980206
-1.032611,2.268188,-0.04912782
-0.9953618,2.397962,-0.06648028
-0.8954298,2.701986,-0.03800607
-0.894213,2.705843,-0.04861617
-0.5327817,2.27913,1.155297
-0.5334958,2.271008,1.162425
0.0004882813,2.271008,1.1788
0.0004882813,2.279015,1.171522
0.5337583,2.27913,1.155297
0.5344724,2.271008,1.162425
0.0004882813,2.837937,0.6564895
-0.5325814,2.841024,0.6553304
-0.5318558,2.833013,0.6625764
0.0004882813,2.845944,0.6492114
0.533558,2.841024,0.6553304
0.5328323,2.833013,0.6625764
-0.8347179,2.77698,0.6389853
-0.8417993,2.782781,0.6298186
-1.019929,2.237928,0.9779773
-1.007528,2.247168,0.976756
-0.7906395,2.279366,1.106805
-0.7924072,2.271008,1.113458
-0.5334958,2.271008,1.162425
-0.5327817,2.27913,1.155297
-0.5318558,2.833013,0.6625764
-0.5325814,2.841024,0.6553304
-0.6785194,2.817079,0.6449382
-0.6776771,2.809128,0.6522298
-1.007528,2.247168,0.976756
-1.019929,2.237928,0.9779773
-0.7924072,2.271008,1.113458
-0.7906395,2.279366,1.106805
-0.6776771,2.809128,0.6522298
-0.6785194,2.817079,0.6449382
-0.8417993,2.782781,0.6298186
-0.8347179,2.77698,0.6389853
-0.8937342,2.32455,-0.2897466
-0.8387049,2.819615,-0.2226153
-0.7619603,2.726668,-0.2353486
-1.033814,2.224166,-0.3027245
-0.8155279,2.324612,-0.2902108
-0.8378468,2.224166,-0.3027245
-0.625347,2.324739,-0.2912501
-0.6282649,2.224166,-0.3027245
-0.4351663,2.324813,-0.2919514
-0.4186831,2.224166,-0.3027245
0.0004882813,2.324832,-0.2921402
0.0004882813,2.224166,-0.3027246
0.4196596,2.224166,-0.3027245
0.4361428,2.324813,-0.2919514
0.6292415,2.224166,-0.3027245
0.6263236,2.324739,-0.2912501
0.8388233,2.224166,-0.3027245
0.8165045,2.324612,-0.2902108
1.03479,2.224166,-0.3027245
0.8947108,2.32455,-0.2897466
0.8396814,2.819615,-0.2226153
0.7629369,2.726668,-0.2353486
-0.7619603,2.726668,-0.2353486
-0.8387049,2.819615,-0.2226153
-0.6781211,2.852794,-0.2319776
-0.6584772,2.748397,-0.2440898
-0.6584772,2.748397,-0.2440898
-0.6781211,2.852794,-0.2319776
-0.5325814,2.876616,-0.2350911
-0.5322405,2.768983,-0.2460853
0.0004882813,2.881536,-0.2350911
0.0004882813,2.780285,-0.2458255
0.5332171,2.768983,-0.2460853
0.533558,2.876616,-0.2350911
0.6594537,2.748397,-0.2440898
0.6790977,2.852794,-0.2319776
-0.8749281,2.336718,-0.2882142
-0.7619603,2.726668,-0.2353486
-0.7499554,2.718076,-0.2365813
-0.8937342,2.32455,-0.2897466
-0.8116852,2.336778,-0.2886584
-0.8155279,2.324612,-0.2902108
-0.6215044,2.336927,-0.2898746
-0.625347,2.324739,-0.2912501
-0.4313237,2.337014,-0.2906981
-0.4351663,2.324813,-0.2919514
0.0004882813,2.337036,-0.2909082
0.0004882813,2.324832,-0.2921402
0.4361428,2.324813,-0.2919514
0.4323003,2.337014,-0.2906981
0.6263236,2.324739,-0.2912501
0.622481,2.336927,-0.2898746
0.8165045,2.324612,-0.2902108
0.8126618,2.336778,-0.2886584
0.8947108,2.32455,-0.2897466
0.8759047,2.336718,-0.2882142
0.7629369,2.726668,-0.2353486
0.750932,2.718076,-0.2365813
-0.7499554,2.718076,-0.2365813
-0.7619603,2.726668,-0.2353486
-0.6584772,2.748397,-0.2440898
-0.6528173,2.738541,-0.2452985
-0.6528173,2.738541,-0.2452985
-0.6584772,2.748397,-0.2440898
-0.5322405,2.768983,-0.2460853
-0.5274544,2.758969,-0.2471464
0.0004882813,2.780285,-0.2458255
0.0004882813,2.770247,-0.2468552
0.5284309,2.758969,-0.2471464
0.5332171,2.768983,-0.2460853
0.6537939,2.738541,-0.2452985
0.6594537,2.748397,-0.2440898
-0.8048214,1.7244,2.243455
-1.147203,1.727564,2.247912
-1.147203,1.781687,2.191226
-0.8048214,1.77712,2.188239
-1.130664,1.271687,2.290753
-1.147203,1.582537,2.291007
-0.8048214,1.582312,2.28564
-0.8048214,1.271687,2.290752
-0.698628,1.579488,-1.356902
-1.147082,1.579488,-1.351532
-1.147082,1.72856,-1.396615
-0.698628,1.725582,-1.401226
-0.698628,1.308331,-1.349451
-1.130543,1.297319,-1.348616
-1.147082,1.579488,-1.351532
-0.698628,1.579488,-1.356902
-0.8048214,1.801358,1.518214
-1.147203,1.806619,1.516556
-1.147203,1.742268,1.408916
-0.8048214,1.73846,1.413004
-0.8048214,1.73846,1.413004
-1.147203,1.742268,1.408916
-1.147203,1.581067,1.351552
-0.8048214,1.580135,1.356836
-0.8048214,1.582312,2.28564
-1.147203,1.582537,2.291007
-1.147203,1.727564,2.247912
-0.8048214,1.7244,2.243455
-1.147203,1.840228,2.118274
-1.147203,1.803849,2.205383
-1.086515,1.991894,2.546542
-1.147203,1.85363,1.808829
-1.086515,2.115937,1.808808
-0.8048214,1.77712,2.188239
-1.147203,1.781687,2.191226
-1.147203,1.814557,2.112673
-0.8048214,1.809238,2.111484
-0.8048214,1.822301,1.809045
-1.147203,1.827675,1.808968
-1.147203,1.806619,1.516556
-0.8048214,1.801358,1.518214
-1.147203,1.760977,1.390163
-1.224026,1.760988,1.390173
-1.224026,1.832077,1.509049
-1.147203,1.832074,1.509039
-0.698628,1.80116,-2.123596
-1.147082,1.806515,-2.124722
-1.147082,1.74354,-2.234014
-0.698628,1.739028,-2.230917
-0.698628,1.823073,-1.831607
-1.147082,1.828442,-1.831437
-1.147082,1.806515,-2.124722
-0.698628,1.80116,-2.123596
-0.698628,1.725582,-1.401226
-1.147082,1.72856,-1.396615
-1.147082,1.779087,-1.454691
-0.698628,1.774697,-1.457956
-1.147205,1.745169,2.266856
-1.224029,1.745181,2.266849
-1.223987,1.58049,2.317534
-1.147203,1.58326,2.317509
-0.698628,1.739028,-2.230917
-1.147082,1.74354,-2.234014
-1.147082,1.655347,-2.276664
-0.698628,1.652477,-2.272127
-1.130543,1.342796,-2.308294
-1.207135,1.336149,-2.308913
-1.207133,1.338262,-2.334914
-1.130541,1.344909,-2.334295
-1.147082,1.832326,-2.13014
-1.223906,1.832326,-2.13014
-1.223906,1.854367,-1.83072
-1.147082,1.854367,-1.83072
-1.147203,1.832074,1.509039
-1.224026,1.832077,1.509049
-1.224026,1.85363,1.808829
-1.147203,1.85363,1.808829
-1.147082,1.74354,-2.234014
-1.223906,1.74354,-2.234014
-1.223906,1.655347,-2.276664
-1.147082,1.655347,-2.276664
-1.147203,1.742268,1.408916
-1.224026,1.742268,1.408916
-1.223997,1.578688,1.35145
-1.147203,1.581067,1.351552
-1.147203,1.827675,1.808968
-1.224026,1.827675,1.808968
-1.224026,1.806619,1.516556
-1.147203,1.806619,1.516556
-1.147203,1.582537,2.291007
-1.223997,1.580169,2.291031
-1.224026,1.727564,2.247912
-1.147203,1.727564,2.247912
-1.147097,1.579488,-1.324877
-1.22386,1.579488,-1.325191
-1.207219,1.290447,-1.323166
-1.130564,1.296131,-1.322652
-1.147082,1.582417,-2.288115
-1.223848,1.582417,-2.288422
-1.207135,1.336149,-2.308913
-1.130543,1.342796,-2.308294
-1.147082,1.779087,-1.454691
-1.223906,1.779087,-1.454691
-1.223906,1.81551,-1.533795
-1.147082,1.81551,-1.533795
-1.130541,1.344909,-2.334295
-1.207133,1.338262,-2.334914
-1.22384,1.582417,-2.314365
-1.147075,1.582417,-2.314055
-1.223899,1.659435,-2.304406
-1.147076,1.659435,-2.304406
-1.147203,1.781687,2.191226
-1.224026,1.781687,2.191226
-1.224026,1.814557,2.112673
-1.147203,1.814557,2.112673
-1.147203,1.727564,2.247912
-1.224026,1.727564,2.247912
-1.224026,1.781687,2.191226
-1.147203,1.781687,2.191226
-1.147082,1.828442,-1.831437
-1.223906,1.828442,-1.831437
-1.223906,1.806515,-2.124722
-1.147082,1.806515,-2.124722
-1.147203,1.806619,1.516556
-1.224026,1.806619,1.516556
-1.224026,1.742268,1.408916
-1.147203,1.742268,1.408916
-1.147082,1.854367,-1.83072
-1.223906,1.854367,-1.83072
-1.223906,1.837424,-1.519242
-1.147082,1.837424,-1.519242
-1.056566,1.412042,-3.065354
-1.091453,1.344409,-2.330707
-1.130541,1.344909,-2.334295
-1.10531,1.392884,-2.867822
-1.048038,2.127705,-3.118519
-1.086515,2.127705,-3.110194
-1.086515,2.130829,-3.103135
-1.064803,2.201936,-3.102307
-1.044299,2.232056,-3.102436
-1.092082,2.124858,-2.96834
-1.124144,1.848017,-2.392161
-1.086515,2.1375,-2.387801
-1.086515,2.127705,-3.110194
-1.086515,2.130829,-3.103135
-1.147082,1.832326,-2.13014
-1.147082,1.854367,-1.83072
-1.086515,2.137501,-1.165235
-1.147082,1.837424,-1.519242
-1.147082,1.800566,-1.439441
-1.147088,1.745176,-1.376628
-1.136034,1.579488,-1.166967
-1.147097,1.579488,-1.324877
-0.9231511,1.809797,-3.119841
-1.051269,1.799562,-3.119963
-1.051267,1.809797,-3.119927
-0.9133187,1.799562,-3.119905
-0.9231505,1.963633,-3.119276
-0.913318,1.963633,-3.11928
-0.9231499,2.11747,-3.118711
-0.9133174,2.127705,-3.118654
-1.04804,2.11747,-3.118555
-1.048038,2.127705,-3.118519
-1.051267,1.809797,-3.119927
-1.051269,1.799562,-3.119963
-1.086515,1.799562,-3.108475
-1.086455,1.809797,-3.108464
-1.086568,2.11747,-3.110305
-1.086515,2.127705,-3.110194
-1.048038,2.127705,-3.118519
-1.04804,2.11747,-3.118555
-1.086455,1.809797,-3.108464
-1.086515,1.799562,-3.108475
-1.0972,1.799562,-2.970929
-1.096497,1.809799,-2.981037
-1.094641,1.96221,-2.969635
-1.094047,1.962313,-2.979851
-1.092082,2.124858,-2.96834
-1.091596,2.114827,-2.978665
-1.086515,2.127705,-3.110194
-1.086568,2.11747,-3.110305
-1.147203,1.58326,2.317509
-1.086515,1.583005,2.546542
-1.086515,1.991894,2.546542
-1.147205,1.745169,2.266856
-1.147203,1.803849,2.205383
-0.698628,1.811072,-1.537034
-1.147082,1.81551,-1.533795
-1.147082,1.828442,-1.831437
-0.698628,1.823073,-1.831607
-0.8048214,1.290312,1.30907
-0.8048214,1.271687,2.315006
-0.8048214,1.582312,2.28564
-0.8048214,1.580135,1.356836
-0.8048214,1.73846,1.413004
-0.8048214,1.7244,2.243455
-0.8048214,1.77712,2.188239
-0.8048214,1.801358,1.518214
-0.8048214,1.809238,2.111484
-0.8048214,1.822301,1.809045
-0.8048214,1.271687,2.315006
-1.130661,1.271546,2.317229
-1.130664,1.271687,2.290753
-0.8048214,1.271687,2.290752
-1.130666,1.271779,1.306539
-0.8048214,1.290312,1.289095
-0.8048214,1.290312,1.30907
-1.130664,1.271687,1.332639
-1.207354,1.266677,1.30632
-1.207352,1.266585,1.33242
-0.698628,1.582417,-2.28287
-1.147082,1.582417,-2.288115
-1.130543,1.342796,-2.308294
-0.698628,1.343461,-2.301654
-1.130543,1.342796,-2.308294
-1.130541,1.344909,-2.334295
-1.091453,1.344409,-2.330707
-0.698628,1.343461,-2.301654
-1.147082,1.779087,-1.454691
-1.147082,1.81551,-1.533795
-0.698628,1.811072,-1.537034
-0.698628,1.774697,-1.457956
-1.147082,1.800566,-1.439441
-1.223906,1.800574,-1.439454
-1.223911,1.745206,-1.376648
-1.147088,1.745176,-1.376628
-0.698628,1.343461,-2.301654
-0.698628,1.308331,-1.327925
-0.698628,1.579488,-1.356902
-0.698628,1.582417,-2.28287
-0.698628,1.725582,-1.401226
-0.698628,1.652477,-2.272127
-0.698628,1.739028,-2.230917
-0.698628,1.774697,-1.457956
-0.698628,1.80116,-2.123596
-0.698628,1.811072,-1.537034
-0.698628,1.823073,-1.831607
-1.073109,1.976015,0.02265036
-1.073078,1.975499,-0.2639434
-1.071379,2.025651,-0.2640562
-1.07141,2.026166,0.02253762
-1.073078,1.975499,-0.2639434
-1.120626,1.979215,-0.2639583
-1.118927,2.029366,-0.264071
-1.071379,2.025651,-0.2640562
-1.120626,1.979215,-0.2639583
-1.120657,1.97973,0.02263558
-1.118958,2.029882,0.02252287
-1.118927,2.029366,-0.264071
-1.120657,1.97973,0.02263558
-1.073109,1.976015,0.02265036
-1.07141,2.026166,0.02253762
-1.118958,2.029882,0.02252287
-1.073078,1.975499,-0.2639434
-1.073109,1.976015,0.02265036
-1.120657,1.97973,0.02263558
-1.120626,1.979215,-0.2639583
-1.118927,2.029366,-0.264071
-1.118958,2.029882,0.02252287
-1.07141,2.026166,0.02253762
-1.071379,2.025651,-0.2640562
-0.456814,2.236964,1.806792
-0.4760895,2.225968,1.808808
-0.3783875,2.041444,2.546542
-0.3590541,2.052687,2.546542
-0.5122648,2.280306,1.182415
-0.5334958,2.271008,1.162425
-0.4760895,2.225968,1.808808
-0.456814,2.236964,1.806792
0.0004882813,2.280311,1.198139
-0.5334958,2.271008,1.162425
-0.5122648,2.280306,1.182415
0.0004882813,2.271008,1.1788
0.5344724,2.271008,1.162425
0.5132414,2.280306,1.182415
-0.3569793,2.017614,2.605415
-0.3754813,1.991894,2.603937
0.0004882813,1.991894,2.603937
0.0004882813,2.017445,2.604043
0.3579559,2.017614,2.605415
0.3764579,1.991894,2.603937
-0.3590541,2.052687,2.546542
-0.3783875,2.041444,2.546542
-0.3754813,1.991894,2.603937
-0.3569793,2.017614,2.605415
-1.094641,1.96221,-2.969635
-1.124144,1.848017,-2.392161
-1.092082,2.124858,-2.96834
-1.0972,1.799562,-2.970929
-1.009071,2.191571,0.9096975
-1.009071,2.191571,0.9323717
-1.072307,2.226853,0.9287304
-1.072307,2.226853,0.9060562
-1.009071,2.191571,0.9323717
-1.009071,2.191571,0.9096975
-1.009071,2.209578,0.9096975
-1.009071,2.209578,0.9323717
-1.072307,2.226853,0.9287304
-1.009071,2.191571,0.9323717
-1.009071,2.209578,0.9323717
-1.071505,2.257842,0.9287304
-1.073045,2.191764,0.9497125
-1.242852,2.20584,0.9497125
-1.242852,2.20584,0.885074
-1.073045,2.191764,0.885074
-1.070761,2.299156,0.9497125
-1.242852,2.287449,0.9497125
-1.242852,2.20584,0.9497125
-1.073045,2.191764,0.9497125
-1.242852,2.20584,0.885074
-1.242852,2.20584,0.9497125
-1.242852,2.287449,0.9497125
-1.242852,2.287449,0.885074
-1.070761,2.299156,0.885074
-1.242852,2.287449,0.885074
-1.242852,2.287449,0.9497125
-1.070761,2.299156,0.9497125
-1.233589,2.278795,0.885074
-1.070761,2.299156,0.885074
-1.080238,2.289227,0.885074
-1.242852,2.287449,0.885074
-1.233588,2.214367,0.885074
-1.242852,2.20584,0.885074
-1.082097,2.201809,0.885074
-1.073045,2.191764,0.885074
-1.080238,2.289227,0.885074
-1.070761,2.299156,0.885074
-1.082097,2.201809,0.885074
-1.082097,2.201809,0.885074
-1.233588,2.214367,0.885074
-1.233589,2.278795,0.885074
-1.080238,2.289227,0.885074
-1.071505,2.257842,0.9060562
-1.071505,2.257842,0.9287304
-1.009071,2.209578,0.9323717
-1.009071,2.209578,0.9096975
-1.009071,2.191571,0.9096975
-1.072307,2.226853,0.9060562
-1.071505,2.257842,0.9060562
-1.009071,2.209578,0.9096975
-0.8358524,1.83815,-0.3608008
-0.9937499,1.83815,-0.3608009
-0.9937499,2.224635,-0.3549632
-0.8378468,2.224635,-0.3549632
-0.6282649,2.224635,-0.3549632
-0.6262706,1.83815,-0.3608008
-0.4186831,2.224635,-0.3549632
-0.4166887,1.83815,-0.3608008
0.0004882813,2.224635,-0.3549632
0.0004882813,1.83815,-0.3608009
0.4176653,1.83815,-0.3608008
0.4196596,2.224635,-0.3549632
0.6272472,1.83815,-0.3608008
0.6292415,2.224635,-0.3549632
0.836829,1.83815,-0.3608008
0.8388233,2.224635,-0.3549632
0.9947264,1.83815,-0.3608009
0.9947264,2.224635,-0.3549632
-0.9937499,2.224635,-0.3549632
-0.9937499,1.83815,-0.3608009
-0.9937499,1.846673,-1.17128
-0.9937499,1.853326,-2.392894
-0.9937499,1.853697,-3.102689
-0.9937499,2.233511,-3.050139
-0.9937499,2.233158,-1.165443
-0.9937499,2.239811,-2.387056
-0.8378686,2.243392,-3.049931
-0.9937499,2.233511,-3.050139
-0.9937499,1.853697,-3.102689
-0.8358743,1.863578,-3.102481
-0.6282649,2.243217,-3.049933
-0.6262706,1.863403,-3.102484
-0.4186831,2.243217,-3.049933
-0.4166887,1.863403,-3.102484
0.0004882813,2.243217,-3.049933
0.0004882813,1.863403,-3.102484
0.4196596,2.243217,-3.049933
0.4176653,1.863403,-3.102484
0.6272472,1.863403,-3.102484
0.6292415,2.243217,-3.049933
0.8368509,1.863578,-3.102481
0.8388452,2.243392,-3.049931
0.9947264,1.853697,-3.102689
0.9947264,2.233511,-3.050139
-0.8358524,1.83815,-0.3608008
-0.6262706,1.83815,-0.3608008
-0.4166887,1.83815,-0.3608008
-0.9937499,1.83815,-0.3608009
0.0004882813,1.83815,-0.3608009
-0.9937499,1.846673,-1.17128
-0.9937499,1.853326,-2.392894
-0.8358743,1.863578,-3.102481
-0.9937499,1.853697,-3.102689
-0.6262706,1.863403,-3.102484
-0.4166887,1.863403,-3.102484
0.0004882813,1.863403,-3.102484
0.8368509,1.863578,-3.102481
0.4176653,1.863403,-3.102484
0.6272472,1.863403,-3.102484
0.9947264,1.853326,-2.392894
0.9947264,1.853697,-3.102689
0.9947264,1.846673,-1.17128
0.9947264,1.83815,-0.3608009
0.836829,1.83815,-0.3608008
0.4176653,1.83815,-0.3608008
0.6272472,1.83815,-0.3608008
-1.053945,1.961892,2.603937
-1.053946,1.613006,2.603937
-1.023944,1.583005,2.603937
-1.023944,1.991894,2.603937
-0.9890878,1.583005,2.603937
-0.9890878,1.991894,2.603937
-0.8378468,1.991894,2.603937
-0.8378468,1.583005,2.603937
-0.7308497,1.991894,2.603937
-0.7308497,1.583005,2.603937
-0.3754813,1.991894,2.603937
-0.3444921,1.583005,2.603937
0.0004882813,1.991894,2.603937
0.0004882813,1.583005,2.603937
0.3764579,1.991894,2.603937
0.3454686,1.583005,2.603937
0.7318263,1.583005,2.603937
0.7318263,1.991894,2.603937
0.8388233,1.991894,2.603937
0.8388233,1.583005,2.603937
0.9900643,1.991894,2.603937
0.9900643,1.583005,2.603937
1.02492,1.991894,2.603937
1.024921,1.583005,2.603937
1.054922,1.961892,2.603937
1.054922,1.613006,2.603937
-1.224026,1.742268,1.408916
-1.223987,1.580499,1.325179
-1.223997,1.578688,1.35145
-1.224026,1.760988,1.390173
-1.224026,1.806619,1.516556
-1.224026,1.832077,1.509049
-1.224026,1.827675,1.808968
-1.224026,1.85363,1.808829
-1.224026,1.814557,2.112673
-1.224026,1.840228,2.118274
-1.224026,1.781687,2.191226
-1.224026,1.803856,2.205374
-1.224026,1.727564,2.247912
-1.224029,1.745181,2.266849
-1.223997,1.580169,2.291031
-1.223987,1.58049,2.317534
-1.223997,1.578688,1.35145
-1.223987,1.580499,1.325179
-1.207354,1.266677,1.30632
-1.207352,1.266585,1.33242
-1.207352,1.266584,2.290805
-1.207349,1.266443,2.317281
-1.223987,1.58049,2.317534
-1.223997,1.580169,2.291031
-1.207197,1.291636,-1.34913
-1.207219,1.290447,-1.323166
-1.22386,1.579488,-1.325191
-1.223876,1.579488,-1.351747
-1.223848,1.582417,-2.288422
-1.22384,1.582417,-2.314365
-1.207133,1.338262,-2.334914
-1.207135,1.336149,-2.308913
-1.223906,1.655347,-2.276664
-1.22384,1.582417,-2.314365
-1.223848,1.582417,-2.288422
-1.223899,1.659435,-2.304406
-1.223906,1.74354,-2.234014
-1.223906,1.764965,-2.248981
-1.223906,1.806515,-2.124722
-1.223906,1.832326,-2.13014
-1.223906,1.828442,-1.831437
-1.223906,1.854367,-1.83072
-1.223906,1.81551,-1.533795
-1.223906,1.837424,-1.519242
-1.223906,1.800574,-1.439454
-1.223906,1.779087,-1.454691
-1.223906,1.72856,-1.396615
-1.223911,1.745206,-1.376648
-1.223876,1.579488,-1.351747
-1.22386,1.579488,-1.325191
-1.147082,1.764963,-2.248982
-1.223906,1.764965,-2.248981
-1.223906,1.832326,-2.13014
-1.147082,1.832326,-2.13014
-1.147082,1.837424,-1.519242
-1.223906,1.837424,-1.519242
-1.223906,1.800574,-1.439454
-1.147082,1.800566,-1.439441
-1.147203,1.579488,1.325292
-1.223987,1.580499,1.325179
-1.224026,1.760988,1.390173
-1.147203,1.760977,1.390163
-1.147203,1.58326,2.317509
-1.223987,1.58049,2.317534
-1.207349,1.266443,2.317281
-1.130661,1.271546,2.317229
-1.147076,1.659435,-2.304406
-1.223899,1.659435,-2.304406
-1.223906,1.764965,-2.248981
-1.147082,1.764963,-2.248982
-1.147082,1.579488,-1.351532
-1.223876,1.579488,-1.351747
-1.223906,1.72856,-1.396615
-1.147082,1.72856,-1.396615
-1.130664,1.271687,2.290753
-1.207352,1.266584,2.290805
-1.223997,1.580169,2.291031
-1.147203,1.582537,2.291007
-1.147203,1.581067,1.351552
-1.223997,1.578688,1.35145
-1.207352,1.266585,1.33242
-1.130664,1.271687,1.332639
-1.147088,1.745176,-1.376628
-1.223911,1.745206,-1.376648
-1.22386,1.579488,-1.325191
-1.147097,1.579488,-1.324877
-1.130661,1.271546,2.317229
-1.207349,1.266443,2.317281
-1.207352,1.266584,2.290805
-1.130664,1.271687,2.290753
-1.147082,1.655347,-2.276664
-1.223906,1.655347,-2.276664
-1.223848,1.582417,-2.288422
-1.147082,1.582417,-2.288115
-1.147203,1.803849,2.205383
-1.224026,1.803856,2.205374
-1.224029,1.745181,2.266849
-1.147205,1.745169,2.266856
-1.130543,1.297319,-1.348616
-1.207197,1.291636,-1.34913
-1.223876,1.579488,-1.351747
-1.147082,1.579488,-1.351532
-1.130666,1.271779,1.306539
-1.207354,1.266677,1.30632
-1.223987,1.580499,1.325179
-1.147203,1.579488,1.325292
-1.147203,1.840228,2.118274
-1.224026,1.840228,2.118274
-1.224026,1.803856,2.205374
-1.147203,1.803849,2.205383
-1.147203,1.814557,2.112673
-1.224026,1.814557,2.112673
-1.224026,1.827675,1.808968
-1.147203,1.827675,1.808968
-1.147082,1.81551,-1.533795
-1.223906,1.81551,-1.533795
-1.223906,1.828442,-1.831437
-1.147082,1.828442,-1.831437
-1.147203,1.85363,1.808829
-1.224026,1.85363,1.808829
-1.224026,1.840228,2.118274
-1.147203,1.840228,2.118274
-1.147082,1.806515,-2.124722
-1.223906,1.806515,-2.124722
-1.223906,1.74354,-2.234014
-1.147082,1.74354,-2.234014
-1.147082,1.72856,-1.396615
-1.223906,1.72856,-1.396615
-1.223906,1.779087,-1.454691
-1.147082,1.779087,-1.454691
-1.124144,1.848017,-2.392161
-1.147076,1.659435,-2.304406
-1.147082,1.764963,-2.248982
-1.147082,1.832326,-2.13014
-1.086515,2.1375,-2.387801
-1.160079,1.41857,-3.160748
-1.2072,1.4035,-2.867822
-1.2072,1.579488,-2.867822
-1.160079,1.579488,-3.160748
-1.10531,1.392884,-2.867822
-1.181237,1.382876,-2.867822
-1.134313,1.397886,-3.137002
-1.056566,1.412042,-3.065354
-1.10531,1.392884,-2.867822
-1.130541,1.344909,-2.334295
-1.147082,1.582417,-2.395075
-1.131496,1.605389,-2.867822
-0.2679878,1.540133,-3.097564
-0.2679879,1.540133,-3.158424
-0.536464,1.616206,-3.151396
-0.5364639,1.616206,-3.093832
-1.182903,1.605389,-2.867822
-1.2072,1.579488,-2.867822
-1.2072,1.4035,-2.867822
-1.181237,1.382876,-2.867822
-1.131496,1.605389,-2.867822
-1.10531,1.392884,-2.867822
-0.5953853,1.421071,-3.174816
-1.160079,1.41857,-3.160748
-1.160079,1.579488,-3.160748
-0.5953853,1.579488,-3.174816
-1.086515,1.616206,-3.085547
-1.135671,1.616206,-3.135796
-1.182903,1.605389,-2.867822
-1.131496,1.605389,-2.867822
-0.2679879,1.422585,-3.183336
-0.5364641,1.421338,-3.17632
-0.5364642,1.579488,-3.17632
-0.267988,1.506345,-3.183336
0.0004882813,1.423832,-3.190352
0.0004882813,1.506345,-3.190352
-1.2072,1.579488,-2.867822
-1.182903,1.605389,-2.867822
-1.135671,1.616206,-3.135796
-1.160079,1.579488,-3.160748
-1.160079,1.41857,-3.160748
-1.134313,1.397886,-3.137002
-1.181237,1.382876,-2.867822
-1.2072,1.4035,-2.867822
-1.160079,1.579488,-3.160748
-1.135671,1.616206,-3.135796
-0.5953849,1.616206,-3.149858
-0.5953853,1.579488,-3.174816
-0.2679879,1.422585,-3.183336
-0.5364641,1.399983,-3.152448
-0.5364641,1.421338,-3.17632
-0.2679879,1.400928,-3.159407
0.0004882813,1.423832,-3.190352
0.0004882813,1.401873,-3.166367
0.2689645,1.400928,-3.159407
0.2689645,1.422585,-3.183336
0.5374407,1.399983,-3.152448
0.5374407,1.421338,-3.17632
-0.9890878,1.592019,2.603937
-1.023944,1.592019,2.679235
-1.023944,1.592019,2.603937
-0.9890878,1.592019,2.679235
0.0004882813,1.592019,2.603937
0.0004882813,1.592019,2.679235
0.9900643,1.592019,2.679235
0.9900643,1.592019,2.603937
1.024921,1.592019,2.679235
1.024921,1.592019,2.603937
-1.023944,1.592019,2.603937
-1.053946,1.622021,2.603937
-1.053946,1.674532,2.603937
-1.053946,1.745507,2.603937
-1.053945,1.816481,2.603937
-1.053945,1.887455,2.603937
-1.053945,1.961892,2.603937
-1.023944,1.991894,2.603937
-0.9890878,1.592019,2.603937
-0.9890878,1.991894,2.603937
0.0004882813,1.592019,2.603937
-0.8378468,1.991894,2.603937
-0.7308497,1.991894,2.603937
-0.3754813,1.991894,2.603937
0.0004882813,1.991894,2.603937
0.9900643,1.592019,2.603937
0.3764579,1.991894,2.603937
0.7318263,1.991894,2.603937
0.8388233,1.991894,2.603937
0.9900643,1.991894,2.603937
1.024921,1.592019,2.603937
1.02492,1.991894,2.603937
1.054922,1.961892,2.603937
1.054922,1.674532,2.603937
1.054922,1.622021,2.603937
1.054922,1.745507,2.603937
1.054922,1.887455,2.603937
1.054922,1.816481,2.603937
-1.023944,1.991894,2.603937
-1.023944,1.991894,2.679235
-0.9890878,1.991894,2.679235
-0.9890878,1.991894,2.603937
-0.8378468,1.991894,2.679235
-0.8378468,1.991894,2.603937
-0.7308497,1.991894,2.679235
-0.7308497,1.991894,2.603937
-0.3754813,1.991894,2.679235
-0.3754813,1.991894,2.603937
0.0004882813,1.991894,2.679235
0.0004882813,1.991894,2.603937
0.3764579,1.991894,2.603937
0.3764579,1.991894,2.679235
0.7318263,1.991894,2.603937
0.7318263,1.991894,2.679235
0.8388233,1.991894,2.603937
0.8388233,1.991894,2.679235
0.9900643,1.991894,2.603937
0.9900643,1.991894,2.679235
1.02492,1.991894,2.603937
1.02492,1.991894,2.679235
-1.053945,1.887455,2.603937
-1.053945,1.961892,2.679235
-1.053945,1.961892,2.603937
-1.053945,1.887455,2.679235
-1.053945,1.816481,2.603937
-1.053945,1.816481,2.679235
-1.053946,1.745507,2.603937
-1.053946,1.745507,2.679235
-1.053946,1.674532,2.603937
-1.053946,1.674532,2.679235
-1.053946,1.622021,2.603937
-1.053946,1.622021,2.679235
-1.053945,1.961892,2.603937
-1.053945,1.961892,2.679235
-1.023944,1.991894,2.679235
-1.023944,1.991894,2.603937
-1.023944,1.592019,2.603937
-1.023944,1.592019,2.679235
-1.053946,1.622021,2.679235
-1.053946,1.622021,2.603937
-1.005969,1.940599,2.679235
-0.8010651,1.940599,2.679235
-0.9890878,1.991894,2.679235
-0.8378468,1.991894,2.679235
-0.7308497,1.991894,2.679235
-0.8010651,1.903512,2.679235
-0.7783665,1.909381,2.679235
0.0004882813,1.909381,2.679235
-0.3754813,1.991894,2.679235
0.0004882813,1.991894,2.679235
0.3764579,1.991894,2.679235
0.7793431,1.909381,2.679235
0.7318263,1.991894,2.679235
0.8388233,1.991894,2.679235
0.8020416,1.940599,2.679235
0.8020416,1.903512,2.679235
-1.023944,1.991894,2.679235
-1.005969,1.940599,2.679235
-1.005969,1.892287,2.679235
0.8020416,1.940599,2.679235
1.006946,1.940599,2.679235
0.9900643,1.991894,2.679235
1.02492,1.991894,2.679235
1.006946,1.892287,2.679235
-1.053945,1.961892,2.679235
-1.053945,1.887455,2.679235
-1.005969,1.892287,2.679235
-1.023944,1.991894,2.679235
-0.7783667,1.767432,2.679235
0.0004882813,1.767432,2.679235
0.0004882813,1.816481,2.679235
-0.7783666,1.816481,2.679235
-0.8010651,1.761563,2.679235
-0.7783666,1.816481,2.679235
-0.8010651,1.782166,2.679235
0.7793433,1.767432,2.679235
0.7793432,1.816481,2.679235
0.0004882813,1.767432,2.679235
-0.7783667,1.674532,2.679235
-0.8010651,1.674532,2.679235
-0.8010651,1.655112,2.679235
0.0004882813,1.592019,2.679235
0.0004882813,1.674532,2.679235
0.7793433,1.674532,2.679235
-0.9890878,1.592019,2.679235
-1.005969,1.655112,2.679235
-1.023944,1.592019,2.679235
-1.005969,1.674532,2.679235
-1.053946,1.674532,2.679235
-1.053946,1.622021,2.679235
0.8020416,1.655112,2.679235
0.8020416,1.674532,2.679235
0.9900643,1.592019,2.679235
1.006946,1.655112,2.679235
1.024921,1.592019,2.679235
1.054922,1.674532,2.679235
1.054922,1.622021,2.679235
-1.005969,1.679364,2.679235
-1.005969,1.745507,2.679235
-1.053946,1.745507,2.679235
-1.053945,1.816481,2.679235
-1.005969,1.750338,2.679235
-1.005969,1.816481,2.679235
-1.005969,1.813544,2.679235
-1.005969,1.782166,2.679235
-0.8010651,1.813544,2.679235
-0.8010651,1.782166,2.679235
-0.7783667,1.696458,2.679235
-0.7783667,1.674532,2.679235
0.0004882813,1.674532,2.679235
0.0004882813,1.696458,2.679235
0.7793433,1.696458,2.679235
0.7793433,1.674532,2.679235
-0.7783667,1.767432,2.679235
-0.7783667,1.745507,2.679235
0.0004882813,1.745507,2.679235
0.0004882813,1.767432,2.679235
0.7793433,1.767432,2.679235
0.7793433,1.745507,2.679235
-0.7783666,1.838406,2.679235
-0.7783666,1.816481,2.679235
0.0004882813,1.816481,2.679235
0.0004882813,1.838406,2.679235
0.7793432,1.838406,2.679235
0.7793432,1.816481,2.679235
-0.7783665,1.909381,2.679235
-0.7783665,1.887455,2.679235
0.0004882813,1.887455,2.679235
0.0004882813,1.909381,2.679235
0.7793431,1.909381,2.679235
0.7793431,1.887455,2.679235
-0.7783667,1.696458,2.679235
0.0004882813,1.696458,2.679235
0.0004882813,1.745507,2.679235
-0.7783667,1.745507,2.679235
0.7793433,1.696458,2.679235
0.7793433,1.745507,2.679235
0.0004882813,1.696458,2.679235
-0.8010651,1.745507,2.679235
-0.8010651,1.690589,2.679235
-0.7783667,1.696458,2.679235
-0.7783667,1.745507,2.679235
-0.7783665,1.909381,2.679235
-0.8010651,1.903512,2.679235
-0.8010651,1.887455,2.679235
-0.7783665,1.887455,2.679235
-0.7783666,1.838406,2.679235
-0.8010651,1.832538,2.679235
-0.8010651,1.816481,2.679235
-0.7783666,1.816481,2.679235
-0.7783667,1.767432,2.679235
-0.8010651,1.761563,2.679235
-0.8010651,1.745507,2.679235
-0.7783667,1.745507,2.679235
-0.7783667,1.696458,2.679235
-0.8010651,1.690589,2.679235
-0.8010651,1.674532,2.679235
-0.7783667,1.674532,2.679235
-0.7783666,1.816481,2.679235
-0.8010651,1.816481,2.679235
-0.8010651,1.813544,2.679235
-0.8010651,1.782166,2.679235
-1.053945,1.816481,2.679235
-1.005969,1.821313,2.679235
-1.005969,1.887455,2.679235
-1.053945,1.887455,2.679235
-0.7783665,1.887455,2.679235
-0.8010651,1.887455,2.679235
-0.8010651,1.832538,2.679235
-0.7783666,1.838406,2.679235
0.0004882813,1.887455,2.679235
0.0004882813,1.838406,2.679235
0.7793432,1.838406,2.679235
0.7793431,1.887455,2.679235
0.8020416,1.832538,2.679235
0.8020416,1.887455,2.679235
-0.267988,1.506345,-3.183336
-0.2679879,1.540133,-3.158424
0.0004882813,1.540133,-3.165452
0.0004882813,1.506345,-3.190352
0.2689645,1.506345,-3.183336
0.2689644,1.540133,-3.158424
-0.6005759,1.587357,-3.200279
-0.5326856,1.587286,-3.201805
-0.5326006,1.410538,-3.200687
-0.6004884,1.410086,-3.199101
-0.5953853,1.421071,-3.174816
-0.5953851,1.399776,-3.150923
-1.134313,1.397886,-3.137002
-1.160079,1.41857,-3.160748
-0.595385,1.616206,-3.092976
-1.086515,1.616206,-3.085547
-1.051269,1.799562,-3.119963
-0.9133187,1.799562,-3.119905
-0.8378468,1.799562,-3.132298
-0.5364639,1.616206,-3.093832
0.0004882813,1.540133,-3.101297
-0.2679878,1.540133,-3.097564
-1.091453,1.344409,-2.330707
-1.056566,1.412042,-3.065354
-0.595386,1.412042,-3.065354
-0.5364632,1.412042,-3.065354
-0.2679875,1.412042,-3.065354
0.0004882813,1.412042,-3.065354
-0.698628,1.343461,-2.330707
0.0004882813,1.343461,-2.319607
0.268964,1.412042,-3.065354
0.5374398,1.412042,-3.065354
0.5963625,1.412042,-3.065354
1.057543,1.412042,-3.065354
0.6996046,1.343461,-2.330707
1.092429,1.344409,-2.330707
-0.5364632,1.412042,-3.065354
-0.5318222,1.385643,-3.061635
-0.5321155,1.374525,-3.160361
-0.5364641,1.399983,-3.152448
-0.5953853,1.421071,-3.174816
-0.6004884,1.410086,-3.199101
-0.5999975,1.374212,-3.158484
-0.5953851,1.399776,-3.150923
-0.5364639,1.616206,-3.093832
-0.5319319,1.642866,-3.093832
-0.599823,1.642866,-3.092976
-0.595385,1.616206,-3.092976
-0.5364641,1.421338,-3.17632
-0.5326006,1.410538,-3.200687
-0.5326856,1.587286,-3.201805
-0.5364642,1.579488,-3.17632
-0.595386,1.412042,-3.065354
-0.5997152,1.385643,-3.061635
-0.5318222,1.385643,-3.061635
-0.5364632,1.412042,-3.065354
-1.056566,1.412042,-3.065354
-1.134313,1.397886,-3.137002
-0.5953851,1.399776,-3.150923
-0.595386,1.412042,-3.065354
-0.5326856,1.587286,-3.201805
-0.6005759,1.587357,-3.200279
-0.6001891,1.63985,-3.162171
-0.5323079,1.639678,-3.164033
-0.6004884,1.410086,-3.199101
-0.5326006,1.410538,-3.200687
-0.5321155,1.374525,-3.160361
-0.5999975,1.374212,-3.158484
-0.599823,1.642866,-3.092976
-0.5319319,1.642866,-3.093832
-0.5323079,1.639678,-3.164033
-0.6001891,1.63985,-3.162171
-0.5318222,1.385643,-3.061635
-0.5997152,1.385643,-3.061635
-0.5999975,1.374212,-3.158484
-0.5321155,1.374525,-3.160361
-0.5364642,1.579488,-3.17632
-0.5326856,1.587286,-3.201805
-0.5323079,1.639678,-3.164033
-0.536464,1.616206,-3.151396
-0.595385,1.616206,-3.092976
-0.599823,1.642866,-3.092976
-0.6001891,1.63985,-3.162171
-0.5953849,1.616206,-3.149858
-0.5953853,1.579488,-3.174816
-0.6005759,1.587357,-3.200279
-0.6004884,1.410086,-3.199101
-0.5953853,1.421071,-3.174816
-0.5953851,1.399776,-3.150923
-0.5999975,1.374212,-3.158484
-0.5997152,1.385643,-3.061635
-0.595386,1.412042,-3.065354
-0.536464,1.616206,-3.151396
-0.5323079,1.639678,-3.164033
-0.5319319,1.642866,-3.093832
-0.5364639,1.616206,-3.093832
-0.5364641,1.399983,-3.152448
-0.5321155,1.374525,-3.160361
-0.5326006,1.410538,-3.200687
-0.5364641,1.421338,-3.17632
-0.5953849,1.616206,-3.149858
-0.6001891,1.63985,-3.162171
-0.6005759,1.587357,-3.200279
-0.5953853,1.579488,-3.174816
0.0004882813,2.008255,-3.097417
-0.1733313,2.068705,-3.095714
-0.1733313,2.008255,-3.097417
0.0004882813,2.068705,-3.095715
0.1743079,2.068705,-3.095714
0.1743079,2.008255,-3.097417
0.0004882813,2.009313,-3.128058
-0.1733314,2.009313,-3.128058
-0.1733314,2.069763,-3.126356
0.0004882813,2.069763,-3.126356
0.1743079,2.069763,-3.126356
0.1743079,2.009313,-3.128058
-0.1733313,2.008255,-3.097417
-0.1733314,2.009313,-3.128058
0.0004882813,2.009313,-3.128058
0.0004882813,2.008255,-3.097417
0.1743079,2.008255,-3.097417
0.1743079,2.009313,-3.128058
-0.1733313,2.068705,-3.095714
-0.1733314,2.069763,-3.126356
-0.1733314,2.009313,-3.128058
-0.1733313,2.008255,-3.097417
0.0004882813,2.068705,-3.095715
-0.1733314,2.069763,-3.126356
-0.1733313,2.068705,-3.095714
0.0004882813,2.069763,-3.126356
0.1743079,2.069763,-3.126356
0.1743079,2.068705,-3.095714
-0.8154244,1.832407,2.649658
-0.8010651,1.813544,2.679235
-0.8010651,1.816481,2.679235
-0.8010651,1.832538,2.679235
-0.8154244,1.921736,2.649658
-0.8010651,1.887455,2.679235
-0.8010651,1.903512,2.679235
-0.8010651,1.940599,2.679235
-0.8154244,1.832407,2.649658
-0.8154244,1.921736,2.649658
-0.9916098,1.921736,2.649658
-0.9916098,1.832407,2.649658
-1.005969,1.816481,2.679235
-1.005969,1.813544,2.679235
-0.9916098,1.832407,2.649658
-1.005969,1.821313,2.679235
-1.005969,1.887455,2.679235
-0.9916098,1.921736,2.649658
-1.005969,1.892287,2.679235
-1.005969,1.940599,2.679235
-1.005969,1.813544,2.679235
-0.8010651,1.813544,2.679235
-0.8154244,1.832407,2.649658
-0.9916098,1.832407,2.649658
-0.8010651,1.940599,2.679235
-1.005969,1.940599,2.679235
-0.9916098,1.921736,2.649658
-0.8154244,1.921736,2.649658
-0.8154244,1.673975,2.649658
-0.8010651,1.655112,2.679235
-0.8010651,1.674532,2.679235
-0.8154244,1.763303,2.649658
-0.8010651,1.690589,2.679235
-0.8010651,1.745507,2.679235
-0.8010651,1.761563,2.679235
-0.8010651,1.782166,2.679235
-0.8154244,1.673975,2.649658
-0.8154244,1.763303,2.649658
-0.9916098,1.763303,2.649658
-0.9916098,1.673975,2.649658
-1.005969,1.674532,2.679235
-1.005969,1.655112,2.679235
-0.9916098,1.673975,2.649658
-0.9916098,1.763303,2.649658
-1.005969,1.679364,2.679235
-1.005969,1.745507,2.679235
-1.005969,1.750338,2.679235
-1.005969,1.782166,2.679235
-1.005969,1.655112,2.679235
-0.8010651,1.655112,2.679235
-0.8154244,1.673975,2.649658
-0.9916098,1.673975,2.649658
-0.8154244,1.763303,2.649658
-0.8010651,1.782166,2.679235
-1.005969,1.782166,2.679235
-0.9916098,1.763303,2.649658
-0.814513,1.820977,2.630914
-0.9987316,1.820977,2.630914
-0.9987316,1.933165,2.630914
-0.814513,1.933165,2.630914
-0.9987316,1.933165,2.630914
-0.9987316,1.933165,2.691748
-0.814513,1.933165,2.691748
-0.814513,1.933165,2.630914
-0.814513,1.820977,2.691748
-0.814513,1.820977,2.630914
-0.814513,1.933165,2.630914
-0.814513,1.933165,2.691748
-0.9987316,1.820977,2.630914
-0.9987316,1.820977,2.691748
-0.9987316,1.933165,2.691748
-0.9987316,1.933165,2.630914
-0.814513,1.820977,2.630914
-0.814513,1.820977,2.691748
-0.9987316,1.820977,2.691748
-0.9987316,1.820977,2.630914
-0.814513,1.662545,2.630914
-0.9987316,1.662545,2.630914
-0.9987316,1.774733,2.630914
-0.814513,1.774733,2.630914
-0.9987316,1.774733,2.630914
-0.9987316,1.774733,2.691748
-0.814513,1.774733,2.691748
-0.814513,1.774733,2.630914
-0.814513,1.662545,2.691748
-0.814513,1.662545,2.630914
-0.814513,1.774733,2.630914
-0.814513,1.774733,2.691748
-0.9987316,1.662545,2.630914
-0.9987316,1.662545,2.691748
-0.9987316,1.774733,2.691748
-0.9987316,1.774733,2.630914
-0.814513,1.662545,2.630914
-0.814513,1.662545,2.691748
-0.9987316,1.662545,2.691748
-0.9987316,1.662545,2.630914
0.0004882813,1.582849,2.733063
0.0004882813,1.656173,2.78257
0.0004882813,1.234483,2.78257
0.0004882813,1.271532,2.732452
-0.3444921,1.582849,2.733063
0.0004882813,1.271532,2.732452
-0.3444921,1.271532,2.732452
0.0004882813,1.582849,2.733063
0.3454686,1.582849,2.733063
0.3454686,1.271532,2.732452
-0.3444921,1.271532,2.732452
0.0004882813,1.234483,2.78257
-0.3444921,1.234483,2.78257
0.0004882813,1.271532,2.732452
0.3454686,1.271532,2.732452
0.3454686,1.234483,2.78257
-0.3444921,1.369828,2.797535
-0.3444921,1.369828,2.782572
-0.3444921,1.656173,2.782572
-0.3444921,1.656173,2.797535
-0.3444921,1.369828,2.864107
-0.3444921,1.656173,2.864107
-0.3444921,2.00357,2.864107
-0.3444921,2.00357,2.797535
-0.3444921,1.369828,2.782572
-0.4076136,1.369828,2.782572
-0.4076132,1.656173,2.78257
-0.3444921,1.656173,2.782572
-0.4076136,1.369828,2.782572
-0.4076136,1.656173,2.797535
-0.4076132,1.656173,2.78257
-0.4076136,1.369828,2.797535
-0.4076136,1.656173,2.864107
-0.4076136,1.369828,2.864107
-0.4076136,2.00357,2.797535
-0.4076136,2.00357,2.864107
-0.3444921,1.369828,2.782572
-0.4076136,1.369828,2.797535
-0.4076136,1.369828,2.782572
-0.3444921,1.369828,2.797535
-0.4076136,1.369828,2.864107
-0.3444921,1.369828,2.864107
-0.4076132,1.656173,2.78257
-0.4076136,1.656173,2.797535
-0.3444921,1.656173,2.797535
-0.3444921,1.656173,2.782572
-0.4076136,1.369828,2.864107
-0.3444921,1.369828,2.864107
-0.3444921,1.656173,2.864107
-0.4076136,1.656173,2.864107
-0.4076136,2.00357,2.864107
-0.3444921,2.00357,2.864107
-0.4076136,1.656173,2.797535
-0.4076136,2.00357,2.797535
-0.3444921,2.00357,2.797535
-0.3444921,1.656173,2.797535
-0.4076136,2.00357,2.797535
-0.3965909,2.014593,2.808557
-0.3555148,2.014593,2.808557
-0.3444921,2.00357,2.797535
-0.3965909,2.014593,2.853084
-0.4076136,2.00357,2.864107
-0.3444921,2.00357,2.864107
-0.3555148,2.014593,2.853084
-0.3444921,2.00357,2.797535
-0.3555148,2.014593,2.808557
-0.3555148,2.014593,2.853084
-0.3444921,2.00357,2.864107
-0.4076136,2.00357,2.864107
-0.3965909,2.014593,2.853084
-0.3965909,2.014593,2.808557
-0.4076136,2.00357,2.797535
-0.3965909,2.014593,2.808557
-0.3965909,2.014593,2.853084
-0.3555148,2.014593,2.853084
-0.3555148,2.014593,2.808557
0.002037048,1.673046,2.79986
-0.9225623,1.673046,2.79986
-0.9225623,1.722767,2.79986
0.002037048,1.722767,2.79986
-0.9225623,1.673046,2.79986
-0.9225623,1.673046,2.848719
-0.9225623,1.722767,2.848719
-0.9225623,1.722767,2.79986
0.002037048,1.673046,2.79986
0.002037048,1.673046,2.848719
-0.9225623,1.673046,2.848719
-0.9225623,1.673046,2.79986
0.002037048,1.917019,2.79986
-0.9225622,1.917019,2.79986
-0.9225622,1.96674,2.79986
0.002037048,1.96674,2.79986
-0.9225622,1.917019,2.79986
-0.9225622,1.917019,2.848719
-0.9225622,1.96674,2.848719
-0.9225622,1.96674,2.79986
0.002037048,1.917019,2.79986
0.002037048,1.917019,2.848719
-0.9225622,1.917019,2.848719
-0.9225622,1.917019,2.79986
-0.9225622,1.917019,2.848719
0.002037048,1.917019,2.848719
0.002037048,1.96674,2.848719
-0.9225622,1.96674,2.848719
-0.9225622,1.96674,2.79986
-0.9225622,1.96674,2.848719
0.002037048,1.96674,2.848719
0.002037048,1.96674,2.79986
-0.9225623,1.673046,2.848719
0.002037048,1.673046,2.848719
0.002037048,1.722767,2.848719
-0.9225623,1.722767,2.848719
-0.9225623,1.722767,2.79986
-0.9225623,1.722767,2.848719
0.002037048,1.722767,2.848719
0.002037048,1.722767,2.79986
-0.9240022,1.819872,2.848719
-0.9135646,1.969875,2.848719
-0.9632862,1.969875,2.848719
-0.9737239,1.819872,2.848719
-0.9135646,1.669869,2.848719
-0.9632862,1.669869,2.848719
-0.9737239,1.819872,2.79986
-0.9737239,1.819872,2.848719
-0.9632862,1.969875,2.848719
-0.9632862,1.969875,2.79986
-0.9245052,1.654825,2.811847
-0.9245052,1.654825,2.836732
-0.950252,1.654825,2.836732
-0.950252,1.654825,2.811847
-0.9135646,1.969875,2.79986
-0.9737239,1.819872,2.79986
-0.9632862,1.969875,2.79986
-0.9240022,1.819872,2.79986
-0.9632862,1.669869,2.79986
-0.9135646,1.669869,2.79986
-0.9245052,1.984919,2.836732
-0.9245052,1.984919,2.811847
-0.950252,1.984919,2.811847
-0.950252,1.984919,2.836732
-0.9632862,1.669869,2.79986
-0.9632862,1.669869,2.848719
-0.9737239,1.819872,2.848719
-0.9737239,1.819872,2.79986
-0.9240022,1.819872,2.79986
-0.9240022,1.819872,2.848719
-0.9135646,1.669869,2.848719
-0.9135646,1.669869,2.79986
-0.9135646,1.969875,2.79986
-0.9245052,1.984919,2.811847
-0.9245052,1.984919,2.836732
-0.9135646,1.969875,2.848719
-0.9135646,1.969875,2.848719
-0.9245052,1.984919,2.836732
-0.950252,1.984919,2.836732
-0.9632862,1.969875,2.848719
-0.9632862,1.969875,2.848719
-0.950252,1.984919,2.836732
-0.950252,1.984919,2.811847
-0.9632862,1.969875,2.79986
-0.9632862,1.969875,2.79986
-0.950252,1.984919,2.811847
-0.9245052,1.984919,2.811847
-0.9135646,1.969875,2.79986
-0.950252,1.654825,2.811847
-0.9632862,1.669869,2.79986
-0.9135646,1.669869,2.79986
-0.9245052,1.654825,2.811847
-0.9135646,1.669869,2.848719
-0.9245052,1.654825,2.836732
-0.9245052,1.654825,2.811847
-0.9135646,1.669869,2.79986
-0.9632862,1.669869,2.79986
-0.950252,1.654825,2.811847
-0.950252,1.654825,2.836732
-0.9632862,1.669869,2.848719
-0.9632862,1.669869,2.848719
-0.950252,1.654825,2.836732
-0.9245052,1.654825,2.836732
-0.9135646,1.669869,2.848719
-0.9135646,1.969875,2.79986
-0.9135646,1.969875,2.848719
-0.9240022,1.819872,2.848719
-0.9240022,1.819872,2.79986
-0.3004462,1.369813,2.78257
-0.3004462,1.520843,2.782572
0.0004882813,1.520843,2.78257
0.0004882813,1.369813,2.78257
0.3014227,1.369813,2.78257
0.3014227,1.520843,2.782572
-0.3004461,1.369813,2.794949
0.0004882813,1.520843,2.794949
-0.3004461,1.520843,2.794951
0.0004882813,1.369813,2.794949
0.3014227,1.369813,2.794949
0.3014227,1.520843,2.794951
-0.3004462,1.520843,2.782572
-0.3004461,1.520843,2.794951
0.0004882813,1.520843,2.794949
0.0004882813,1.520843,2.78257
0.3014227,1.520843,2.782572
0.3014227,1.520843,2.794951
0.0004882813,1.369813,2.78257
-0.3004461,1.369813,2.794949
-0.3004462,1.369813,2.78257
0.0004882813,1.369813,2.794949
0.3014227,1.369813,2.794949
0.3014227,1.369813,2.78257
-0.3004462,1.369813,2.78257
-0.3004461,1.369813,2.794949
-0.3004461,1.520843,2.794951
-0.3004462,1.520843,2.782572
1.063596,2.206671,0.6554183
1.04964,2.224166,0.6554183
1.044149,2.224166,0.9295923
1.065248,2.207917,0.9155849
1.065779,2.201936,-3.102307
1.045275,2.232056,-3.102436
1.046611,2.238727,-2.38721
1.066247,2.208941,-2.38721
1.050596,2.232973,-1.165104
1.066331,2.208981,-1.165104
1.063559,2.206717,0.325694
1.04964,2.224166,0.325694
1.04964,2.224166,0.6554183
1.063596,2.206671,0.6554183
1.066331,2.208981,-1.165104
1.050596,2.232973,-1.165104
1.03479,2.224166,-0.3027245
1.059126,2.202254,-0.3027245
0.939243,2.207855,1.808808
0.9914148,2.039588,2.546542
1.020335,2.194924,1.808808
0.8438929,2.040235,2.546542
0.7378181,2.041082,2.546542
0.8278718,2.218855,1.808808
0.477066,2.225968,1.808808
0.379364,2.041444,2.546542
1.044033,2.235861,0.3261159
1.04964,2.224166,0.325694
1.04964,2.224166,-0.2714084
1.044976,2.235861,-0.0412488
1.034475,2.265109,-0.05980206
0.8759959,2.797026,-0.2075316
0.9963383,2.397962,-0.06648028
0.8951895,2.705843,-0.04861617
0.8890223,2.751182,-0.01241466
0.8880081,2.751183,0.3378558
0.8762179,2.789625,0.3387429
0.8772275,2.763282,0.6101295
0.8836923,2.751183,0.5038983
0.8844467,2.743974,0.5597644
0.8956285,2.704327,0.608423
0.9074416,2.667497,0.6333718
1.087492,1.991894,2.546542
1.04898,2.035903,2.546542
1.02492,1.991894,2.603937
1.054922,1.961892,2.603937
1.065248,2.207917,0.9155849
1.044149,2.224166,0.9295923
1.020335,2.194924,1.808808
1.055131,2.174287,1.808808
0.8278718,2.218855,1.808808
0.7933837,2.271008,1.113458
0.5344724,2.271008,1.162425
0.477066,2.225968,1.808808
0.6793747,2.844766,0.3429337
0.533558,2.868652,0.3434834
0.533558,2.841024,0.6553304
0.6794959,2.817079,0.6449382
0.8395137,2.812107,0.3413621
0.8427758,2.782781,0.6298186
1.137011,1.579488,-1.166967
1.087492,2.137501,-1.165235
1.087492,2.137503,-0.3027245
1.150833,1.579488,-0.3027245
1.087492,2.137505,0.3248636
1.150833,1.579488,0.3136809
1.087492,2.137508,0.6554184
1.150833,1.579488,0.6554183
1.087492,2.137512,0.9008187
1.150833,1.579488,0.9008187
1.148179,1.760977,1.390163
1.148179,1.579488,1.325292
1.148179,1.832074,1.509039
1.148179,1.85363,1.808829
1.087492,2.115937,1.808808
1.059126,2.202254,-0.3027245
1.03479,2.224166,-0.3027245
1.04964,2.224166,-0.2714084
1.063559,2.206717,0.325694
1.04964,2.224166,0.325694
1.04964,2.224166,0.325694
1.044033,2.235861,0.3261159
1.042801,2.235861,0.6543579
1.04964,2.224166,0.6554183
0.6790977,2.852794,-0.2319776
0.533558,2.876616,-0.2350911
0.533558,2.868652,0.3434834
0.6793747,2.844766,0.3429337
0.8396814,2.819615,-0.2226153
0.8395137,2.812107,0.3413621
0.8427758,2.782781,0.6298186
1.020906,2.237928,0.9779773
1.044149,2.224166,0.9295923
0.8772275,2.763282,0.6101295
0.8395137,2.812107,0.3413621
0.8427758,2.782781,0.6298186
0.8772275,2.763282,0.6101295
0.8762179,2.789625,0.3387429
0.8759959,2.797026,-0.2075316
1.04964,2.224166,-0.2714084
1.03479,2.224166,-0.3027245
0.8396814,2.819615,-0.2226153
0.8396814,2.819615,-0.2226153
0.8395137,2.812107,0.3413621
0.8762179,2.789625,0.3387429
0.8759959,2.797026,-0.2075316
0.8388452,2.243392,-3.049931
0.9947264,2.233511,-3.050139
1.045275,2.232056,-3.102436
0.8388233,2.243915,-3.10217
0.805798,1.809238,2.111484
0.805798,1.822301,1.809045
1.148179,1.827675,1.808968
1.148179,1.814557,2.112673
0.805798,1.580135,1.356836
0.805798,1.290312,1.30907
1.13164,1.271687,1.332639
1.148179,1.581067,1.351552
0.7933837,2.271008,1.113458
0.8278718,2.218855,1.808808
0.939243,2.207855,1.808808
1.020906,2.237928,0.9779773
1.044149,2.224166,0.9295923
1.020335,2.194924,1.808808
0.6996046,1.652477,-2.272127
0.6996046,1.582417,-2.28287
1.148059,1.582417,-2.288115
1.148059,1.655347,-2.276664
0.7318263,1.583005,2.603937
0.4085898,1.583005,2.603937
0.4085898,1.582849,2.731236
0.7329464,1.582849,2.7128
0.8388233,1.583005,2.603937
0.8547981,1.58285,2.707635
0.9900643,1.583005,2.603937
1.024318,1.582857,2.695428
1.024921,1.583005,2.603937
1.086676,1.582898,2.664834
1.087492,1.583005,2.546542
1.13219,1.582967,2.540547
1.087492,1.583005,2.43696
1.136429,1.583005,2.453325
0.5963616,1.616206,-3.092976
1.087492,1.616206,-3.085547
1.136647,1.616206,-3.135796
0.5963615,1.616206,-3.149858
1.131638,1.271546,2.317229
1.14818,1.58326,2.317509
1.087492,1.583005,2.43696
1.087492,1.271687,2.436796
0.7329464,1.271532,2.712188
0.4085898,1.582849,2.731236
0.4085898,1.271532,2.730624
0.7329464,1.582849,2.7128
0.8517396,1.375954,2.707103
0.7473036,1.375954,2.710625
0.8547987,1.271532,2.707024
1.016162,1.375957,2.697678
1.024333,1.271539,2.694811
0.7473036,1.478428,2.711078
0.8547981,1.58285,2.707635
0.8517305,1.478428,2.707556
1.024318,1.582857,2.695428
1.016149,1.478431,2.698135
1.063596,2.206671,0.6554183
1.065248,2.207917,0.9155849
1.087492,2.137512,0.9008187
1.087492,2.137508,0.6554184
1.063559,2.206717,0.325694
1.087492,2.137505,0.3248636
1.059126,2.202254,-0.3027245
1.087492,2.137503,-0.3027245
1.066331,2.208981,-1.165104
1.087492,2.137501,-1.165235
1.055131,2.174287,1.808808
1.04898,2.035903,2.546542
1.087492,1.991894,2.546542
1.087492,2.115937,1.808808
0.7378181,2.041082,2.546542
0.379364,2.041444,2.546542
0.3764579,1.991894,2.603937
0.7318263,1.991894,2.603937
0.8438929,2.040235,2.546542
0.8388233,1.991894,2.603937
0.9914148,2.039588,2.546542
0.9900643,1.991894,2.603937
1.04898,2.035903,2.546542
1.02492,1.991894,2.603937
1.065779,2.201936,-3.102307
1.087492,2.1375,-2.387801
1.087492,2.130829,-3.103135
1.066247,2.208941,-2.38721
1.087492,2.137501,-1.165235
1.066331,2.208981,-1.165104
1.065248,2.207917,0.9155849
1.055131,2.174287,1.808808
1.087492,2.115937,1.808808
1.087492,2.137512,0.9008187
1.055131,2.174287,1.808808
1.020335,2.194924,1.808808
0.9914148,2.039588,2.546542
1.04898,2.035903,2.546542
1.087492,1.583005,2.546542
1.087492,1.991894,2.546542
1.054922,1.961892,2.603937
1.054922,1.613006,2.603937
1.024921,1.583005,2.603937
1.137011,1.579488,-1.166967
1.131541,1.296131,-1.322652
1.148074,1.579488,-1.324877
1.122566,1.291671,-1.168347
1.150833,1.579488,-0.3027245
1.122566,1.271687,-0.3027246
1.150833,1.579488,0.6554183
1.150833,1.579488,0.3136809
1.122566,1.271687,0.3065249
1.122566,1.271687,0.6554183
1.131643,1.271779,1.306539
1.122566,1.271687,0.9008187
1.148179,1.579488,1.325292
1.150833,1.579488,0.9008187
1.087492,1.616206,-3.085547
1.087492,1.799562,-3.108475
1.098177,1.799562,-2.970929
1.125121,1.848017,-2.392161
1.132473,1.605389,-2.867822
1.148059,1.582417,-2.395075
1.148052,1.659435,-2.304406
1.148051,1.582417,-2.314055
1.086676,1.582898,2.664834
1.086701,1.271581,2.664162
1.132201,1.271649,2.539917
1.13219,1.582967,2.540547
1.086701,1.271581,2.664162
1.086676,1.582898,2.664834
1.024318,1.582857,2.695428
1.024333,1.271539,2.694811
1.136429,1.271687,2.45316
1.136429,1.583005,2.453325
1.13219,1.582967,2.540547
1.132201,1.271649,2.539917
1.087492,1.271687,2.481255
1.087492,1.271687,2.436796
1.136429,1.271687,2.45316
1.132201,1.271649,2.539917
1.054923,1.271687,2.544882
1.086701,1.271581,2.664162
0.9900643,1.271687,2.590248
1.024333,1.271539,2.694811
0.8388233,1.271687,2.608251
0.8547987,1.271532,2.707024
0.7318263,1.271687,2.608682
0.7329464,1.271532,2.712188
0.4085898,1.271687,2.615555
0.4085898,1.271532,2.730624
1.087492,1.271687,2.436796
1.087492,1.583005,2.43696
1.136429,1.583005,2.453325
1.136429,1.271687,2.45316
0.3454686,1.271687,2.616122
0.4085898,1.271687,2.615555
0.4085898,1.234483,2.615497
0.3454686,1.234483,2.616064
0.3454686,1.271532,2.732452
0.3454686,1.271687,2.616122
0.3454686,1.234483,2.616064
0.3454686,1.234483,2.78257
0.3454686,1.234483,2.78257
0.3454686,1.234483,2.616064
0.4085898,1.234483,2.615497
0.4085898,1.234483,2.78257
0.3454686,1.656173,2.616792
0.3454686,1.656173,2.782572
0.4085898,1.656173,2.78257
0.4085898,1.656173,2.616225
0.4085898,1.271687,2.615555
0.4085898,1.234483,2.78257
0.4085898,1.234483,2.615497
0.4085898,1.271532,2.730624
0.4085898,1.656173,2.78257
0.4085898,1.582849,2.731236
0.4085898,1.656173,2.616225
0.4085898,1.583005,2.603937
0.4085898,1.583005,2.603937
0.3454686,1.583005,2.603937
0.3454686,1.656173,2.616792
0.4085898,1.656173,2.616225
0.3454686,1.583005,2.603937
0.3454686,1.582849,2.733063
0.3454686,1.656173,2.782572
0.3454686,1.656173,2.616792
1.016149,1.478431,2.698135
1.016162,1.375957,2.697678
1.024333,1.271539,2.694811
1.024318,1.582857,2.695428
0.7473036,1.375954,2.710625
0.7473036,1.478428,2.711078
0.7329464,1.582849,2.7128
0.7329464,1.271532,2.712188
0.8964064,2.701986,-0.03800607
0.8921718,2.74088,-0.007221282
0.8911633,2.740877,0.3379054
0.9963917,2.397942,-0.05564967
1.033587,2.268188,-0.04912782
1.041869,2.246188,-0.0351024
1.040877,2.246167,0.3261051
0.9092997,2.662173,0.6241543
1.039591,2.246149,0.6543013
0.8978444,2.697502,0.6001948
0.8875374,2.734163,0.5552145
0.8868827,2.740882,0.5032583
1.031831,2.250882,0.8708353
1.033687,2.246139,0.8598133
1.028119,2.262372,0.8694397
1.026791,2.265604,0.8799206
0.9074416,2.667497,0.6333718
0.8772275,2.763282,0.6101295
1.044149,2.224166,0.9295923
1.033479,2.244573,0.8824679
1.036857,2.235861,0.8622439
1.04964,2.224166,0.6554183
1.042801,2.235861,0.6543579
0.8921718,2.74088,-0.007221282
0.8964064,2.701986,-0.03800607
0.8951895,2.705843,-0.04861617
0.8890223,2.751182,-0.01241466
0.8911633,2.740877,0.3379054
0.8921718,2.74088,-0.007221282
0.8890223,2.751182,-0.01241466
0.8880081,2.751183,0.3378558
0.8868827,2.740882,0.5032583
0.8836923,2.751183,0.5038983
0.8875374,2.734163,0.5552145
0.8844467,2.743974,0.5597644
0.8978444,2.697502,0.6001948
0.8956285,2.704327,0.608423
0.9092997,2.662173,0.6241543
0.9074416,2.667497,0.6333718
1.028119,2.262372,0.8694397
1.026791,2.265604,0.8799206
1.031831,2.250882,0.8708353
1.033479,2.244573,0.8824679
1.033687,2.246139,0.8598133
1.036857,2.235861,0.8622439
1.039591,2.246149,0.6543013
1.042801,2.235861,0.6543579
1.040877,2.246167,0.3261051
1.044033,2.235861,0.3261159
1.041869,2.246188,-0.0351024
1.044976,2.235861,-0.0412488
1.033587,2.268188,-0.04912782
1.041869,2.246188,-0.0351024
1.044976,2.235861,-0.0412488
1.034475,2.265109,-0.05980206
0.9963917,2.397942,-0.05564967
1.033587,2.268188,-0.04912782
1.034475,2.265109,-0.05980206
0.9963383,2.397962,-0.06648028
0.8964064,2.701986,-0.03800607
0.8951895,2.705843,-0.04861617
0.8356945,2.77698,0.6389853
1.008505,2.247168,0.976756
1.020906,2.237928,0.9779773
0.8427758,2.782781,0.6298186
0.7916161,2.279366,1.106805
0.5337583,2.27913,1.155297
0.5344724,2.271008,1.162425
0.7933837,2.271008,1.113458
0.5328323,2.833013,0.6625764
0.6786537,2.809128,0.6522298
0.6794959,2.817079,0.6449382
0.533558,2.841024,0.6553304
1.008505,2.247168,0.976756
0.7916161,2.279366,1.106805
0.7933837,2.271008,1.113458
1.020906,2.237928,0.9779773
0.6786537,2.809128,0.6522298
0.8356945,2.77698,0.6389853
0.8427758,2.782781,0.6298186
0.6794959,2.817079,0.6449382
0.7629369,2.726668,-0.2353486
0.6594537,2.748397,-0.2440898
0.6790977,2.852794,-0.2319776
0.8396814,2.819615,-0.2226153
0.750932,2.718076,-0.2365813
0.6537939,2.738541,-0.2452985
0.6594537,2.748397,-0.2440898
0.7629369,2.726668,-0.2353486
0.805798,1.7244,2.243455
0.805798,1.77712,2.188239
1.148179,1.781687,2.191226
1.148179,1.727564,2.247912
1.13164,1.271687,2.290753
0.805798,1.582312,2.28564
1.148179,1.582537,2.291007
0.805798,1.271687,2.290752
0.6996046,1.579488,-1.356902
0.6996046,1.725582,-1.401226
1.148059,1.72856,-1.396615
1.148059,1.579488,-1.351532
0.6996046,1.308331,-1.349451
0.6996046,1.579488,-1.356902
1.148059,1.579488,-1.351532
1.13152,1.297319,-1.348616
0.805798,1.801358,1.518214
0.805798,1.73846,1.413004
1.148179,1.742268,1.408916
1.148179,1.806619,1.516556
0.805798,1.73846,1.413004
0.805798,1.580135,1.356836
1.148179,1.581067,1.351552
1.148179,1.742268,1.408916
0.805798,1.582312,2.28564
0.805798,1.7244,2.243455
1.148179,1.727564,2.247912
1.148179,1.582537,2.291007
1.087492,1.991894,2.546542
1.148179,1.803849,2.205383
1.148179,1.840228,2.118274
1.148179,1.85363,1.808829
1.087492,2.115937,1.808808
0.805798,1.77712,2.188239
0.805798,1.809238,2.111484
1.148179,1.814557,2.112673
1.148179,1.781687,2.191226
0.805798,1.822301,1.809045
0.805798,1.801358,1.518214
1.148179,1.806619,1.516556
1.148179,1.827675,1.808968
1.148179,1.760977,1.390163
1.148179,1.832074,1.509039
1.225003,1.832077,1.509049
1.225003,1.760988,1.390173
0.6996046,1.80116,-2.123596
0.6996046,1.739028,-2.230917
1.148059,1.74354,-2.234014
1.148059,1.806515,-2.124722
0.6996046,1.823073,-1.831607
0.6996046,1.80116,-2.123596
1.148059,1.806515,-2.124722
1.148059,1.828442,-1.831437
0.6996046,1.725582,-1.401226
0.6996046,1.774697,-1.457956
1.148059,1.779087,-1.454691
1.148059,1.72856,-1.396615
1.148182,1.745169,2.266856
1.14818,1.58326,2.317509
1.224964,1.58049,2.317534
1.225006,1.745181,2.266849
0.6996046,1.739028,-2.230917
0.6996046,1.652477,-2.272127
1.148059,1.655347,-2.276664
1.148059,1.74354,-2.234014
1.13152,1.342796,-2.308294
1.131518,1.344909,-2.334295
1.208109,1.338262,-2.334914
1.208111,1.336149,-2.308913
1.148059,1.832326,-2.13014
1.148059,1.854367,-1.83072
1.224882,1.854367,-1.83072
1.224882,1.832326,-2.13014
1.148179,1.832074,1.509039
1.148179,1.85363,1.808829
1.225003,1.85363,1.808829
1.225003,1.832077,1.509049
1.148059,1.74354,-2.234014
1.148059,1.655347,-2.276664
1.224882,1.655347,-2.276664
1.224882,1.74354,-2.234014
1.148179,1.742268,1.408916
1.148179,1.581067,1.351552
1.224973,1.578688,1.35145
1.225003,1.742268,1.408916
1.148179,1.827675,1.808968
1.148179,1.806619,1.516556
1.225003,1.806619,1.516556
1.225003,1.827675,1.808968
1.148179,1.582537,2.291007
1.148179,1.727564,2.247912
1.225003,1.727564,2.247912
1.224974,1.580169,2.291031
1.148074,1.579488,-1.324877
1.131541,1.296131,-1.322652
1.208195,1.290447,-1.323166
1.224837,1.579488,-1.325191
1.148059,1.582417,-2.288115
1.13152,1.342796,-2.308294
1.208111,1.336149,-2.308913
1.224825,1.582417,-2.288422
1.148059,1.779087,-1.454691
1.148059,1.81551,-1.533795
1.224882,1.81551,-1.533795
1.224882,1.779087,-1.454691
1.131518,1.344909,-2.334295
1.224817,1.582417,-2.314365
1.208109,1.338262,-2.334914
1.148051,1.582417,-2.314055
1.224876,1.659435,-2.304406
1.148052,1.659435,-2.304406
1.148179,1.781687,2.191226
1.148179,1.814557,2.112673
1.225003,1.814557,2.112673
1.225003,1.781687,2.191226
1.148179,1.727564,2.247912
1.148179,1.781687,2.191226
1.225003,1.781687,2.191226
1.225003,1.727564,2.247912
1.148059,1.828442,-1.831437
1.148059,1.806515,-2.124722
1.224882,1.806515,-2.124722
1.224882,1.828442,-1.831437
1.148179,1.806619,1.516556
1.148179,1.742268,1.408916
1.225003,1.742268,1.408916
1.225003,1.806619,1.516556
1.148059,1.854367,-1.83072
1.148059,1.837424,-1.519242
1.224882,1.837424,-1.519242
1.224882,1.854367,-1.83072
1.057543,1.412042,-3.065354
1.106287,1.392884,-2.867822
1.131518,1.344909,-2.334295
1.092429,1.344409,-2.330707
1.049015,2.127705,-3.118519
1.045275,2.232056,-3.102436
1.065779,2.201936,-3.102307
1.087492,2.127705,-3.110194
1.087492,2.130829,-3.103135
1.087492,2.1375,-2.387801
1.125121,1.848017,-2.392161
1.093058,2.124858,-2.96834
1.087492,2.127705,-3.110194
1.087492,2.130829,-3.103135
1.148059,1.854367,-1.83072
1.148059,1.832326,-2.13014
1.087492,2.137501,-1.165235
1.148059,1.837424,-1.519242
1.148059,1.800566,-1.439441
1.148065,1.745176,-1.376628
1.148074,1.579488,-1.324877
1.137011,1.579488,-1.166967
0.9241277,1.809797,-3.119841
1.052243,1.809797,-3.119927
1.052245,1.799562,-3.119963
0.9142953,1.799562,-3.119905
0.9241271,1.963633,-3.119276
0.9142946,1.963633,-3.11928
0.9241265,2.11747,-3.118711
0.9142939,2.127705,-3.118654
1.049016,2.11747,-3.118555
1.049015,2.127705,-3.118519
1.052243,1.809797,-3.119927
1.087432,1.809797,-3.108464
1.087492,1.799562,-3.108475
1.052245,1.799562,-3.119963
1.087545,2.11747,-3.110305
1.049016,2.11747,-3.118555
1.049015,2.127705,-3.118519
1.087492,2.127705,-3.110194
1.087432,1.809797,-3.108464
1.098177,1.799562,-2.970929
1.087492,1.799562,-3.108475
1.097474,1.809799,-2.981037
1.095618,1.96221,-2.969635
1.095023,1.962313,-2.979851
1.093058,2.124858,-2.96834
1.092573,2.114827,-2.978665
1.087492,2.127705,-3.110194
1.087545,2.11747,-3.110305
1.087492,1.991894,2.546542
1.087492,1.583005,2.546542
1.14818,1.58326,2.317509
1.148182,1.745169,2.266856
1.148179,1.803849,2.205383
0.6996046,1.811072,-1.537034
0.6996046,1.823073,-1.831607
1.148059,1.828442,-1.831437
1.148059,1.81551,-1.533795
0.805798,1.582312,2.28564
0.805798,1.271687,2.315006
0.805798,1.290312,1.30907
0.805798,1.580135,1.356836
0.805798,1.73846,1.413004
0.805798,1.7244,2.243455
0.805798,1.77712,2.188239
0.805798,1.801358,1.518214
0.805798,1.809238,2.111484
0.805798,1.822301,1.809045
0.805798,1.271687,2.315006
0.805798,1.271687,2.290752
1.13164,1.271687,2.290753
1.131638,1.271546,2.317229
1.131643,1.271779,1.306539
0.805798,1.290312,1.30907
0.805798,1.290312,1.289095
1.13164,1.271687,1.332639
1.208331,1.266677,1.30632
1.208328,1.266585,1.33242
0.6996046,1.582417,-2.28287
0.6996046,1.343461,-2.301654
1.13152,1.342796,-2.308294
1.148059,1.582417,-2.288115
1.148059,1.779087,-1.454691
0.6996046,1.774697,-1.457956
0.6996046,1.811072,-1.537034
1.148059,1.81551,-1.533795
1.148059,1.800566,-1.439441
1.148065,1.745176,-1.376628
1.224888,1.745206,-1.376648
1.224882,1.800574,-1.439454
0.6996046,1.579488,-1.356902
0.6996046,1.308331,-1.327925
0.6996046,1.343461,-2.301654
0.6996046,1.582417,-2.28287
0.6996046,1.725582,-1.401226
0.6996046,1.652477,-2.272127
0.6996046,1.739028,-2.230917
0.6996046,1.774697,-1.457956
0.6996046,1.80116,-2.123596
0.6996046,1.811072,-1.537034
0.6996046,1.823073,-1.831607
1.074086,1.976015,0.02265036
1.072386,2.026166,0.02253762
1.072355,2.025651,-0.2640562
1.074055,1.975499,-0.2639434
1.074055,1.975499,-0.2639434
1.072355,2.025651,-0.2640562
1.119903,2.029366,-0.264071
1.121603,1.979215,-0.2639583
1.121603,1.979215,-0.2639583
1.119903,2.029366,-0.264071
1.119934,2.029882,0.02252287
1.121634,1.97973,0.02263558
1.121634,1.97973,0.02263558
1.119934,2.029882,0.02252287
1.072386,2.026166,0.02253762
1.074086,1.976015,0.02265036
1.074055,1.975499,-0.2639434
1.121603,1.979215,-0.2639583
1.121634,1.97973,0.02263558
1.074086,1.976015,0.02265036
1.119903,2.029366,-0.264071
1.072355,2.025651,-0.2640562
1.072386,2.026166,0.02253762
1.119934,2.029882,0.02252287
0.4577906,2.236964,1.806792
0.3600307,2.052687,2.546542
0.379364,2.041444,2.546542
0.477066,2.225968,1.808808
0.5132414,2.280306,1.182415
0.4577906,2.236964,1.806792
0.477066,2.225968,1.808808
0.5344724,2.271008,1.162425
0.3600307,2.052687,2.546542
0.3579559,2.017614,2.605415
0.3764579,1.991894,2.603937
0.379364,2.041444,2.546542
1.095618,1.96221,-2.969635
1.093058,2.124858,-2.96834
1.125121,1.848017,-2.392161
1.098177,1.799562,-2.970929
1.010048,2.191571,0.9096975
1.073283,2.226853,0.9060562
1.073283,2.226853,0.9287304
1.010048,2.191571,0.9323717
1.010048,2.191571,0.9323717
1.010048,2.209578,0.9323717
1.010048,2.209578,0.9096975
1.010048,2.191571,0.9096975
1.073283,2.226853,0.9287304
1.072482,2.257842,0.9287304
1.010048,2.209578,0.9323717
1.010048,2.191571,0.9323717
1.074022,2.191764,0.9497125
1.074022,2.191764,0.885074
1.243828,2.20584,0.885074
1.243828,2.20584,0.9497125
1.071738,2.299156,0.9497125
1.074022,2.191764,0.9497125
1.243828,2.20584,0.9497125
1.243829,2.287449,0.9497125
1.243828,2.20584,0.885074
1.243829,2.287449,0.885074
1.243829,2.287449,0.9497125
1.243828,2.20584,0.9497125
1.071738,2.299156,0.885074
1.071738,2.299156,0.9497125
1.243829,2.287449,0.9497125
1.243829,2.287449,0.885074
1.234565,2.278795,0.885074
1.081214,2.289227,0.885074
1.071738,2.299156,0.885074
1.243829,2.287449,0.885074
1.234565,2.214367,0.885074
1.243828,2.20584,0.885074
1.083074,2.201809,0.885074
1.074022,2.191764,0.885074
1.081214,2.289227,0.885074
1.083074,2.201809,0.885074
1.071738,2.299156,0.885074
1.083074,2.201809,0.885074
1.081214,2.289227,0.885074
1.234565,2.278795,0.885074
1.234565,2.214367,0.885074
1.072482,2.257842,0.9060562
1.010048,2.209578,0.9096975
1.010048,2.209578,0.9323717
1.072482,2.257842,0.9287304
1.010048,2.191571,0.9096975
1.010048,2.209578,0.9096975
1.072482,2.257842,0.9060562
1.073283,2.226853,0.9060562
0.9947264,1.846673,-1.17128
0.9947264,1.83815,-0.3608009
0.9947264,2.224635,-0.3549632
0.9947264,1.853326,-2.392894
0.9947264,1.853697,-3.102689
0.9947264,2.233511,-3.050139
0.9947264,2.233158,-1.165443
0.9947264,2.239811,-2.387056
1.225003,1.742268,1.408916
1.224973,1.578688,1.35145
1.224963,1.580499,1.325179
1.225003,1.760988,1.390173
1.225003,1.806619,1.516556
1.225003,1.832077,1.509049
1.225003,1.827675,1.808968
1.225003,1.85363,1.808829
1.225003,1.814557,2.112673
1.225003,1.840228,2.118274
1.225003,1.781687,2.191226
1.225003,1.803856,2.205374
1.225003,1.727564,2.247912
1.225006,1.745181,2.266849
1.224974,1.580169,2.291031
1.224964,1.58049,2.317534
1.224973,1.578688,1.35145
1.208328,1.266585,1.33242
1.208331,1.266677,1.30632
1.224963,1.580499,1.325179
1.208328,1.266584,2.290805
1.224974,1.580169,2.291031
1.224964,1.58049,2.317534
1.208326,1.266443,2.317281
1.208174,1.291636,-1.34913
1.224853,1.579488,-1.351747
1.224837,1.579488,-1.325191
1.208195,1.290447,-1.323166
1.224825,1.582417,-2.288422
1.208111,1.336149,-2.308913
1.208109,1.338262,-2.334914
1.224817,1.582417,-2.314365
1.224882,1.655347,-2.276664
1.224825,1.582417,-2.288422
1.224817,1.582417,-2.314365
1.224876,1.659435,-2.304406
1.224882,1.74354,-2.234014
1.224882,1.764965,-2.248981
1.224882,1.806515,-2.124722
1.224882,1.832326,-2.13014
1.224882,1.828442,-1.831437
1.224882,1.854367,-1.83072
1.224882,1.81551,-1.533795
1.224882,1.837424,-1.519242
1.224882,1.800574,-1.439454
1.224882,1.779087,-1.454691
1.224882,1.72856,-1.396615
1.224888,1.745206,-1.376648
1.224853,1.579488,-1.351747
1.224837,1.579488,-1.325191
1.148059,1.764963,-2.248982
1.148059,1.832326,-2.13014
1.224882,1.832326,-2.13014
1.224882,1.764965,-2.248981
1.148059,1.837424,-1.519242
1.148059,1.800566,-1.439441
1.224882,1.800574,-1.439454
1.224882,1.837424,-1.519242
1.148179,1.579488,1.325292
1.148179,1.760977,1.390163
1.225003,1.760988,1.390173
1.224963,1.580499,1.325179
1.14818,1.58326,2.317509
1.131638,1.271546,2.317229
1.208326,1.266443,2.317281
1.224964,1.58049,2.317534
1.148052,1.659435,-2.304406
1.148059,1.764963,-2.248982
1.224882,1.764965,-2.248981
1.224876,1.659435,-2.304406
1.148059,1.579488,-1.351532
1.148059,1.72856,-1.396615
1.224882,1.72856,-1.396615
1.224853,1.579488,-1.351747
1.13164,1.271687,2.290753
1.148179,1.582537,2.291007
1.224974,1.580169,2.291031
1.208328,1.266584,2.290805
1.148179,1.581067,1.351552
1.13164,1.271687,1.332639
1.208328,1.266585,1.33242
1.224973,1.578688,1.35145
1.148065,1.745176,-1.376628
1.148074,1.579488,-1.324877
1.224837,1.579488,-1.325191
1.224888,1.745206,-1.376648
1.131638,1.271546,2.317229
1.13164,1.271687,2.290753
1.208328,1.266584,2.290805
1.208326,1.266443,2.317281
1.148059,1.655347,-2.276664
1.148059,1.582417,-2.288115
1.224825,1.582417,-2.288422
1.224882,1.655347,-2.276664
1.148179,1.803849,2.205383
1.148182,1.745169,2.266856
1.225006,1.745181,2.266849
1.225003,1.803856,2.205374
1.13152,1.297319,-1.348616
1.148059,1.579488,-1.351532
1.224853,1.579488,-1.351747
1.208174,1.291636,-1.34913
1.131643,1.271779,1.306539
1.148179,1.579488,1.325292
1.224963,1.580499,1.325179
1.208331,1.266677,1.30632
1.148179,1.840228,2.118274
1.148179,1.803849,2.205383
1.225003,1.803856,2.205374
1.225003,1.840228,2.118274
1.148179,1.814557,2.112673
1.148179,1.827675,1.808968
1.225003,1.827675,1.808968
1.225003,1.814557,2.112673
1.148059,1.81551,-1.533795
1.148059,1.828442,-1.831437
1.224882,1.828442,-1.831437
1.224882,1.81551,-1.533795
1.148179,1.85363,1.808829
1.148179,1.840228,2.118274
1.225003,1.840228,2.118274
1.225003,1.85363,1.808829
1.148059,1.806515,-2.124722
1.148059,1.74354,-2.234014
1.224882,1.74354,-2.234014
1.224882,1.806515,-2.124722
1.148059,1.72856,-1.396615
1.148059,1.779087,-1.454691
1.224882,1.779087,-1.454691
1.224882,1.72856,-1.396615
1.148059,1.764963,-2.248982
1.148052,1.659435,-2.304406
1.125121,1.848017,-2.392161
1.148059,1.832326,-2.13014
1.087492,2.1375,-2.387801
1.161056,1.41857,-3.160748
1.161056,1.579488,-3.160748
1.208176,1.579488,-2.867822
1.208176,1.4035,-2.867822
1.106287,1.392884,-2.867822
1.057543,1.412042,-3.065354
1.135289,1.397886,-3.137002
1.182213,1.382876,-2.867822
1.106287,1.392884,-2.867822
1.132473,1.605389,-2.867822
1.148059,1.582417,-2.395075
1.131518,1.344909,-2.334295
0.2689644,1.540133,-3.097564
0.5374405,1.616206,-3.093832
0.5374406,1.616206,-3.151396
0.2689644,1.540133,-3.158424
1.132473,1.605389,-2.867822
1.106287,1.392884,-2.867822
1.182213,1.382876,-2.867822
1.183879,1.605389,-2.867822
1.208176,1.4035,-2.867822
1.208176,1.579488,-2.867822
0.5963619,1.421071,-3.174816
0.5963618,1.579488,-3.174816
1.161056,1.579488,-3.160748
1.161056,1.41857,-3.160748
1.087492,1.616206,-3.085547
1.132473,1.605389,-2.867822
1.183879,1.605389,-2.867822
1.136647,1.616206,-3.135796
0.2689645,1.422585,-3.183336
0.5374408,1.579488,-3.17632
0.5374407,1.421338,-3.17632
0.2689645,1.506345,-3.183336
0.0004882813,1.423832,-3.190352
0.0004882813,1.506345,-3.190352
1.208176,1.579488,-2.867822
1.161056,1.579488,-3.160748
1.136647,1.616206,-3.135796
1.183879,1.605389,-2.867822
1.161056,1.41857,-3.160748
1.208176,1.4035,-2.867822
1.182213,1.382876,-2.867822
1.135289,1.397886,-3.137002
1.161056,1.579488,-3.160748
0.5963618,1.579488,-3.174816
0.5963615,1.616206,-3.149858
1.136647,1.616206,-3.135796
1.054922,1.887455,2.603937
1.054922,1.961892,2.603937
1.054922,1.961892,2.679235
1.054922,1.887455,2.679235
1.054922,1.816481,2.603937
1.054922,1.816481,2.679235
1.054922,1.745507,2.603937
1.054922,1.745507,2.679235
1.054922,1.674532,2.603937
1.054922,1.674532,2.679235
1.054922,1.622021,2.603937
1.054922,1.622021,2.679235
1.054922,1.961892,2.603937
1.02492,1.991894,2.603937
1.02492,1.991894,2.679235
1.054922,1.961892,2.679235
1.024921,1.592019,2.603937
1.054922,1.622021,2.603937
1.054922,1.622021,2.679235
1.024921,1.592019,2.679235
1.006946,1.892287,2.679235
1.054922,1.887455,2.679235
1.02492,1.991894,2.679235
1.054922,1.961892,2.679235
1.054922,1.674532,2.679235
1.006946,1.745507,2.679235
1.006946,1.679364,2.679235
1.054922,1.745507,2.679235
1.006946,1.750338,2.679235
1.054922,1.816481,2.679235
1.006946,1.782166,2.679235
1.006946,1.813544,2.679235
1.006946,1.816481,2.679235
0.8020416,1.782166,2.679235
0.8020416,1.745507,2.679235
0.7793433,1.745507,2.679235
0.7793433,1.696458,2.679235
0.8020416,1.690589,2.679235
0.7793431,1.909381,2.679235
0.7793431,1.887455,2.679235
0.8020416,1.887455,2.679235
0.8020416,1.903512,2.679235
0.7793432,1.838406,2.679235
0.7793432,1.816481,2.679235
0.8020416,1.816481,2.679235
0.8020416,1.832538,2.679235
0.7793433,1.767432,2.679235
0.7793433,1.745507,2.679235
0.8020416,1.745507,2.679235
0.8020416,1.761563,2.679235
0.7793433,1.696458,2.679235
0.7793433,1.674532,2.679235
0.8020416,1.674532,2.679235
0.8020416,1.690589,2.679235
1.006946,1.813544,2.679235
0.8020416,1.813544,2.679235
0.8020416,1.782166,2.679235
0.8020416,1.761563,2.679235
0.8020416,1.816481,2.679235
0.7793432,1.816481,2.679235
0.7793433,1.767432,2.679235
0.8020416,1.761563,2.679235
1.054922,1.816481,2.679235
1.054922,1.887455,2.679235
1.006946,1.887455,2.679235
1.006946,1.821313,2.679235
0.6015524,1.587357,-3.200279
0.601465,1.410086,-3.199101
0.5335772,1.410538,-3.200687
0.5336621,1.587286,-3.201805
0.5963619,1.421071,-3.174816
1.161056,1.41857,-3.160748
1.135289,1.397886,-3.137002
0.5963616,1.399776,-3.150923
0.2689644,1.540133,-3.097564
0.0004882813,1.540133,-3.101297
0.8388233,1.799562,-3.132298
0.5374405,1.616206,-3.093832
0.5963616,1.616206,-3.092976
1.087492,1.616206,-3.085547
0.9142953,1.799562,-3.119905
1.052245,1.799562,-3.119963
0.5374398,1.412042,-3.065354
0.5374407,1.399983,-3.152448
0.5330921,1.374525,-3.160361
0.5327988,1.385643,-3.061635
0.5963619,1.421071,-3.174816
0.5963616,1.399776,-3.150923
0.6009741,1.374212,-3.158484
0.601465,1.410086,-3.199101
0.5374405,1.616206,-3.093832
0.5963616,1.616206,-3.092976
0.6007996,1.642866,-3.092976
0.5329085,1.642866,-3.093832
0.5374407,1.421338,-3.17632
0.5374408,1.579488,-3.17632
0.5336621,1.587286,-3.201805
0.5335772,1.410538,-3.200687
0.5963625,1.412042,-3.065354
0.5374398,1.412042,-3.065354
0.5327988,1.385643,-3.061635
0.6006917,1.385643,-3.061635
1.057543,1.412042,-3.065354
0.5963625,1.412042,-3.065354
0.5963616,1.399776,-3.150923
1.135289,1.397886,-3.137002
0.5336621,1.587286,-3.201805
0.5332845,1.639678,-3.164033
0.6011657,1.63985,-3.162171
0.6015524,1.587357,-3.200279
0.601465,1.410086,-3.199101
0.6009741,1.374212,-3.158484
0.5330921,1.374525,-3.160361
0.5335772,1.410538,-3.200687
0.6007996,1.642866,-3.092976
0.6011657,1.63985,-3.162171
0.5332845,1.639678,-3.164033
0.5329085,1.642866,-3.093832
0.5327988,1.385643,-3.061635
0.5330921,1.374525,-3.160361
0.6009741,1.374212,-3.158484
0.6006917,1.385643,-3.061635
0.5374408,1.579488,-3.17632
0.5374406,1.616206,-3.151396
0.5332845,1.639678,-3.164033
0.5336621,1.587286,-3.201805
0.5963616,1.616206,-3.092976
0.5963615,1.616206,-3.149858
0.6011657,1.63985,-3.162171
0.6007996,1.642866,-3.092976
0.5963618,1.579488,-3.174816
0.5963619,1.421071,-3.174816
0.601465,1.410086,-3.199101
0.6015524,1.587357,-3.200279
0.5963616,1.399776,-3.150923
0.5963625,1.412042,-3.065354
0.6006917,1.385643,-3.061635
0.6009741,1.374212,-3.158484
0.5374406,1.616206,-3.151396
0.5374405,1.616206,-3.093832
0.5329085,1.642866,-3.093832
0.5332845,1.639678,-3.164033
0.5374407,1.399983,-3.152448
0.5374407,1.421338,-3.17632
0.5335772,1.410538,-3.200687
0.5330921,1.374525,-3.160361
0.5963615,1.616206,-3.149858
0.5963618,1.579488,-3.174816
0.6015524,1.587357,-3.200279
0.6011657,1.63985,-3.162171
0.1743079,2.068705,-3.095714
0.1743079,2.008255,-3.097417
0.1743079,2.009313,-3.128058
0.1743079,2.069763,-3.126356
0.8020416,1.816481,2.679235
0.8020416,1.813544,2.679235
0.816401,1.832407,2.649658
0.8020416,1.832538,2.679235
0.816401,1.921736,2.649658
0.8020416,1.887455,2.679235
0.8020416,1.903512,2.679235
0.8020416,1.940599,2.679235
0.816401,1.832407,2.649658
0.9925864,1.832407,2.649658
0.9925864,1.921736,2.649658
0.816401,1.921736,2.649658
0.9925864,1.832407,2.649658
1.006946,1.813544,2.679235
1.006946,1.816481,2.679235
1.006946,1.821313,2.679235
1.006946,1.887455,2.679235
0.9925864,1.921736,2.649658
1.006946,1.892287,2.679235
1.006946,1.940599,2.679235
1.006946,1.813544,2.679235
0.9925864,1.832407,2.649658
0.816401,1.832407,2.649658
0.8020416,1.813544,2.679235
0.8020416,1.940599,2.679235
0.816401,1.921736,2.649658
0.9925864,1.921736,2.649658
1.006946,1.940599,2.679235
0.8020416,1.674532,2.679235
0.8020416,1.655112,2.679235
0.816401,1.673975,2.649658
0.816401,1.763303,2.649658
0.8020416,1.690589,2.679235
0.8020416,1.745507,2.679235
0.8020416,1.761563,2.679235
0.8020416,1.782166,2.679235
0.816401,1.673975,2.649658
0.9925864,1.673975,2.649658
0.9925864,1.763303,2.649658
0.816401,1.763303,2.649658
0.9925864,1.673975,2.649658
1.006946,1.655112,2.679235
1.006946,1.674532,2.679235
0.9925864,1.763303,2.649658
1.006946,1.679364,2.679235
1.006946,1.745507,2.679235
1.006946,1.750338,2.679235
1.006946,1.782166,2.679235
1.006946,1.655112,2.679235
0.9925864,1.673975,2.649658
0.816401,1.673975,2.649658
0.8020416,1.655112,2.679235
0.816401,1.763303,2.649658
0.9925864,1.763303,2.649658
1.006946,1.782166,2.679235
0.8020416,1.782166,2.679235
0.8154895,1.820977,2.630914
0.8154895,1.933165,2.630914
0.9997082,1.933165,2.630914
0.9997082,1.820977,2.630914
0.9997082,1.933165,2.630914
0.8154895,1.933165,2.630914
0.8154895,1.933165,2.691748
0.9997082,1.933165,2.691748
0.8154895,1.820977,2.691748
0.8154895,1.933165,2.691748
0.8154895,1.933165,2.630914
0.8154895,1.820977,2.630914
0.9997082,1.820977,2.630914
0.9997082,1.933165,2.630914
0.9997082,1.933165,2.691748
0.9997082,1.820977,2.691748
0.8154895,1.820977,2.630914
0.9997082,1.820977,2.630914
0.9997082,1.820977,2.691748
0.8154895,1.820977,2.691748
0.8154895,1.662545,2.630914
0.8154895,1.774733,2.630914
0.9997082,1.774733,2.630914
0.9997082,1.662545,2.630914
0.9997082,1.774733,2.630914
0.8154895,1.774733,2.630914
0.8154895,1.774733,2.691748
0.9997082,1.774733,2.691748
0.8154895,1.662545,2.691748
0.8154895,1.774733,2.691748
0.8154895,1.774733,2.630914
0.8154895,1.662545,2.630914
0.9997082,1.662545,2.630914
0.9997082,1.774733,2.630914
0.9997082,1.774733,2.691748
0.9997082,1.662545,2.691748
0.8154895,1.662545,2.630914
0.9997082,1.662545,2.630914
0.9997082,1.662545,2.691748
0.8154895,1.662545,2.691748
0.3454686,1.369828,2.797535
0.3454686,1.656173,2.782572
0.3454686,1.369828,2.782572
0.3454686,1.656173,2.797535
0.3454686,1.369828,2.864107
0.3454686,1.656173,2.864107
0.3454686,2.00357,2.864107
0.3454686,2.00357,2.797535
0.3454686,1.369828,2.782572
0.3454686,1.656173,2.782572
0.4085898,1.656173,2.78257
0.4085902,1.369828,2.782572
0.4085902,1.369828,2.782572
0.4085898,1.656173,2.78257
0.4085902,1.656173,2.797535
0.4085902,1.369828,2.797535
0.4085902,1.656173,2.864107
0.4085902,1.369828,2.864107
0.4085902,2.00357,2.797535
0.4085902,2.00357,2.864107
0.3454686,1.369828,2.782572
0.4085902,1.369828,2.782572
0.4085902,1.369828,2.797535
0.3454686,1.369828,2.797535
0.4085902,1.369828,2.864107
0.3454686,1.369828,2.864107
0.4085898,1.656173,2.78257
0.3454686,1.656173,2.782572
0.3454686,1.656173,2.797535
0.4085902,1.656173,2.797535
0.4085902,1.369828,2.864107
0.3454686,1.656173,2.864107
0.3454686,1.369828,2.864107
0.4085902,1.656173,2.864107
0.4085902,2.00357,2.864107
0.3454686,2.00357,2.864107
0.4085902,1.656173,2.797535
0.3454686,1.656173,2.797535
0.3454686,2.00357,2.797535
0.4085902,2.00357,2.797535
0.4085902,2.00357,2.797535
0.3454686,2.00357,2.797535
0.3564913,2.014593,2.808557
0.3975675,2.014593,2.808557
0.3975675,2.014593,2.853084
0.3564913,2.014593,2.853084
0.3454686,2.00357,2.864107
0.4085902,2.00357,2.864107
0.3454686,2.00357,2.797535
0.3454686,2.00357,2.864107
0.3564913,2.014593,2.853084
0.3564913,2.014593,2.808557
0.4085902,2.00357,2.864107
0.4085902,2.00357,2.797535
0.3975675,2.014593,2.808557
0.3975675,2.014593,2.853084
0.3975675,2.014593,2.808557
0.3564913,2.014593,2.808557
0.3564913,2.014593,2.853084
0.3975675,2.014593,2.853084
-0.001060486,1.673046,2.79986
-0.001060486,1.722767,2.79986
0.9235389,1.722767,2.79986
0.9235389,1.673046,2.79986
0.9235389,1.673046,2.79986
0.9235389,1.722767,2.79986
0.9235389,1.722767,2.848719
0.9235389,1.673046,2.848719
-0.001060486,1.673046,2.79986
0.9235389,1.673046,2.79986
0.9235389,1.673046,2.848719
-0.001060486,1.673046,2.848719
-0.001060486,1.917019,2.79986
-0.001060486,1.96674,2.79986
0.9235387,1.96674,2.79986
0.9235387,1.917019,2.79986
0.9235387,1.917019,2.79986
0.9235387,1.96674,2.79986
0.9235387,1.96674,2.848719
0.9235387,1.917019,2.848719
-0.001060486,1.917019,2.79986
0.9235387,1.917019,2.79986
0.9235387,1.917019,2.848719
-0.001060486,1.917019,2.848719
0.9235387,1.917019,2.848719
0.9235387,1.96674,2.848719
-0.001060486,1.96674,2.848719
-0.001060486,1.917019,2.848719
0.9235387,1.96674,2.79986
-0.001060486,1.96674,2.79986
-0.001060486,1.96674,2.848719
0.9235387,1.96674,2.848719
0.9235389,1.673046,2.848719
0.9235389,1.722767,2.848719
-0.001060486,1.722767,2.848719
-0.001060486,1.673046,2.848719
0.9235389,1.722767,2.79986
-0.001060486,1.722767,2.79986
-0.001060486,1.722767,2.848719
0.9235389,1.722767,2.848719
0.9249787,1.819872,2.848719
0.9642627,1.969875,2.848719
0.9145412,1.969875,2.848719
0.9747005,1.819872,2.848719
0.9145412,1.669869,2.848719
0.9642627,1.669869,2.848719
0.9747005,1.819872,2.79986
0.9642627,1.969875,2.79986
0.9642627,1.969875,2.848719
0.9747005,1.819872,2.848719
0.9254818,1.654825,2.811847
0.9512286,1.654825,2.811847
0.9512286,1.654825,2.836732
0.9254818,1.654825,2.836732
0.9145412,1.969875,2.79986
0.9642627,1.969875,2.79986
0.9747005,1.819872,2.79986
0.9249787,1.819872,2.79986
0.9642627,1.669869,2.79986
0.9145412,1.669869,2.79986
0.9254818,1.984919,2.836732
0.9512286,1.984919,2.836732
0.9512286,1.984919,2.811847
0.9254818,1.984919,2.811847
0.9642627,1.669869,2.79986
0.9747005,1.819872,2.79986
0.9747005,1.819872,2.848719
0.9642627,1.669869,2.848719
0.9249787,1.819872,2.79986
0.9145412,1.669869,2.79986
0.9145412,1.669869,2.848719
0.9249787,1.819872,2.848719
0.9145412,1.969875,2.79986
0.9145412,1.969875,2.848719
0.9254818,1.984919,2.836732
0.9254818,1.984919,2.811847
0.9145412,1.969875,2.848719
0.9642627,1.969875,2.848719
0.9512286,1.984919,2.836732
0.9254818,1.984919,2.836732
0.9642627,1.969875,2.848719
0.9642627,1.969875,2.79986
0.9512286,1.984919,2.811847
0.9512286,1.984919,2.836732
0.9642627,1.969875,2.79986
0.9145412,1.969875,2.79986
0.9254818,1.984919,2.811847
0.9512286,1.984919,2.811847
0.9512286,1.654825,2.811847
0.9254818,1.654825,2.811847
0.9145412,1.669869,2.79986
0.9642627,1.669869,2.79986
0.9145412,1.669869,2.848719
0.9145412,1.669869,2.79986
0.9254818,1.654825,2.811847
0.9254818,1.654825,2.836732
0.9642627,1.669869,2.79986
0.9642627,1.669869,2.848719
0.9512286,1.654825,2.836732
0.9512286,1.654825,2.811847
0.9642627,1.669869,2.848719
0.9145412,1.669869,2.848719
0.9254818,1.654825,2.836732
0.9512286,1.654825,2.836732
0.9145412,1.969875,2.79986
0.9249787,1.819872,2.79986
0.9249787,1.819872,2.848719
0.9145412,1.969875,2.848719
0.3014227,1.369813,2.78257
0.3014227,1.520843,2.782572
0.3014227,1.520843,2.794951
0.3014227,1.369813,2.794949
-0.5364642,1.579488,-3.17632
-0.536464,1.616206,-3.151396
-0.2679879,1.540133,-3.158424
-0.267988,1.506345,-3.183336
0.0004882813,1.540133,-3.101297
-0.2679879,1.540133,-3.158424
-0.2679878,1.540133,-3.097564
0.0004882813,1.540133,-3.165452
0.2689644,1.540133,-3.158424
0.2689644,1.540133,-3.097564
-0.5364632,1.412042,-3.065354
-0.5364641,1.399983,-3.152448
-0.2679879,1.400928,-3.159407
-0.2679875,1.412042,-3.065354
0.0004882813,1.401873,-3.166367
0.0004882813,1.412042,-3.065354
0.268964,1.412042,-3.065354
0.2689645,1.400928,-3.159407
0.5374398,1.412042,-3.065354
0.5374407,1.399983,-3.152448
0.5374408,1.579488,-3.17632
0.2689645,1.506345,-3.183336
0.2689644,1.540133,-3.158424
0.5374406,1.616206,-3.151396
-0.3050191,0.5921556,1.743659
-0.3050191,0.5572988,1.783886
-1.071961,0.5572988,1.783886
-1.071961,0.5921556,1.743659
0.2297428,0.5921556,1.743659
0.2297428,0.5572988,1.783886
-0.2146346,0.5572988,1.783886
-0.2146346,0.5921556,1.743659
0.2297428,0.5572988,1.783886
0.2297428,0.5497236,1.836572
-0.2146346,0.5497237,1.836572
-0.2146346,0.5572988,1.783886
0.2297428,0.5497236,1.836572
0.2297428,0.5718353,1.88499
-0.2146346,0.5718353,1.88499
-0.2146346,0.5497237,1.836572
0.2297428,0.5718353,1.88499
0.2297428,0.6166134,1.913767
-0.2146346,0.6166134,1.913767
-0.2146346,0.5718353,1.88499
0.2297428,0.6166134,1.913767
0.2297428,0.6698415,1.913767
-0.2146346,0.6698415,1.913767
-0.2146346,0.6166134,1.913767
0.2297428,0.6698415,1.913767
0.2297428,0.7146196,1.88499
-0.2146346,0.7146196,1.88499
-0.2146346,0.6698415,1.913767
0.2297428,0.7146196,1.88499
0.2297428,0.7367314,1.836572
-0.2146346,0.7367314,1.836572
-0.2146346,0.7146196,1.88499
0.2297428,0.7367314,1.836572
0.2297428,0.7291561,1.783886
-0.2146346,0.7291561,1.783886
-0.2146346,0.7367314,1.836572
-1.071961,0.5572988,1.783886
-1.071961,0.5497236,1.836572
-1.071961,0.5718353,1.88499
-1.071961,0.5921556,1.743659
-1.071961,0.6166136,1.913767
-1.071961,0.6432275,1.728663
-1.071961,0.6698415,1.913767
-1.071961,0.6942993,1.743659
-1.071961,0.7146196,1.88499
-1.071961,0.7291561,1.783886
-1.071961,0.7367314,1.836572
0.2297428,0.7291561,1.783886
0.2297428,0.6942993,1.743659
-0.2146346,0.6942993,1.743659
-0.2146346,0.7291561,1.783886
-0.3050191,0.6432275,1.728663
-0.3050191,0.5921556,1.743659
-1.071961,0.5921556,1.743659
-1.071961,0.6432275,1.728663
1.071995,0.5718353,1.88499
1.071995,0.5497236,1.836572
1.071995,0.5572988,1.783886
1.071995,0.5921556,1.743659
1.071995,0.6166134,1.913767
1.071995,0.6432275,1.728663
1.071995,0.6698415,1.913767
1.071995,0.6942993,1.743659
1.071995,0.7146196,1.88499
1.071995,0.7291561,1.783886
1.071995,0.7367314,1.836572
0.2297427,0.6432275,1.728663
0.2297428,0.5921556,1.743659
-0.2146346,0.5921556,1.743659
-0.2146347,0.6432275,1.728663
-0.3050191,0.6942993,1.743659
-0.3050191,0.6432275,1.728663
-1.071961,0.6432275,1.728663
-1.071961,0.6942993,1.743659
1.071995,0.7291561,1.783886
1.071995,0.6942993,1.743659
0.3201272,0.6942993,1.743659
0.3201272,0.7291561,1.783886
-0.3050191,0.7291561,1.783886
-0.3050191,0.6942993,1.743659
-1.071961,0.6942993,1.743659
-1.071961,0.7291561,1.783886
1.071995,0.7367314,1.836572
1.071995,0.7291561,1.783886
0.3201272,0.7291561,1.783886
0.3201272,0.7367314,1.836572
-0.3050191,0.7367314,1.836572
-0.3050191,0.7291561,1.783886
-1.071961,0.7291561,1.783886
-1.071961,0.7367314,1.836572
1.071995,0.7146196,1.88499
1.071995,0.7367314,1.836572
0.3201272,0.7367314,1.836572
0.3201272,0.7146196,1.88499
-0.3050191,0.7146196,1.88499
-0.3050191,0.7367314,1.836572
-1.071961,0.7367314,1.836572
-1.071961,0.7146196,1.88499
1.071995,0.6698415,1.913767
1.071995,0.7146196,1.88499
0.3201272,0.7146196,1.88499
0.3201272,0.6698415,1.913767
-0.3050191,0.6698415,1.913767
-0.3050191,0.7146196,1.88499
-1.071961,0.7146196,1.88499
-1.071961,0.6698415,1.913767
1.071995,0.6166134,1.913767
1.071995,0.6698415,1.913767
0.3201272,0.6698415,1.913767
0.3201272,0.6166134,1.913767
-0.3050191,0.6166134,1.913767
-0.3050191,0.6698415,1.913767
-1.071961,0.6698415,1.913767
-1.071961,0.6166136,1.913767
1.071995,0.5718353,1.88499
1.071995,0.6166134,1.913767
0.3201272,0.6166134,1.913767
0.3201272,0.5718353,1.88499
-0.3050191,0.5718353,1.88499
-0.3050191,0.6166134,1.913767
-1.071961,0.6166136,1.913767
-1.071961,0.5718353,1.88499
1.071995,0.5497236,1.836572
1.071995,0.5718353,1.88499
0.3201272,0.5718353,1.88499
0.3201272,0.5497236,1.836572
-0.3050191,0.5497236,1.836572
-0.3050191,0.5718353,1.88499
-1.071961,0.5718353,1.88499
-1.071961,0.5497236,1.836572
1.071995,0.5572988,1.783886
1.071995,0.5497236,1.836572
0.3201272,0.5497236,1.836572
0.3201272,0.5572988,1.783886
-0.3050191,0.5572988,1.783886
-0.3050191,0.5497236,1.836572
-1.071961,0.5497236,1.836572
-1.071961,0.5572988,1.783886
1.071995,0.5921556,1.743659
1.071995,0.5572988,1.783886
0.3201272,0.5572988,1.783886
0.3201272,0.5921556,1.743659
1.071995,0.6942993,1.743659
1.071995,0.6432275,1.728663
0.3201272,0.6432275,1.728663
0.3201272,0.6942993,1.743659
0.2297428,0.6942993,1.743659
0.2297427,0.6432275,1.728663
-0.2146347,0.6432275,1.728663
-0.2146346,0.6942993,1.743659
1.071995,0.6432275,1.728663
1.071995,0.5921556,1.743659
0.3201272,0.5921556,1.743659
0.3201272,0.6432275,1.728663
0.2297428,0.730939,1.686646
0.3201272,0.730939,1.686647
0.3201272,0.6432274,1.660892
0.2297427,0.6432274,1.660892
-0.3050191,0.730939,1.686646
-0.2146346,0.730939,1.686647
-0.2146347,0.6432274,1.660892
-0.3050191,0.6432274,1.660892
0.2297428,0.7908027,1.755733
0.3201272,0.7908027,1.755733
0.3201272,0.730939,1.686647
0.2297428,0.730939,1.686646
-0.3050191,0.7908027,1.755733
-0.2146346,0.7908027,1.755733
-0.2146346,0.730939,1.686647
-0.3050191,0.730939,1.686646
-0.3050191,0.7908027,1.755733
-0.305019,1.33096,1.755733
-0.2146345,1.33096,1.755733
-0.2146346,0.7908027,1.755733
0.2297428,0.7658374,1.929371
0.2297428,1.33096,1.929371
0.2297428,1.33096,1.846217
0.2297428,0.8038123,1.846217
0.2297428,1.33096,1.755733
0.2297428,0.7908027,1.755733
0.2297428,0.7146196,1.88499
0.2297428,0.6698415,1.913767
0.2297428,0.7367314,1.836572
0.2297428,0.6889347,1.978793
0.2297428,0.7291561,1.783886
0.2297428,0.6166134,1.913767
0.2297428,0.730939,1.686646
0.2297428,0.5975202,1.978793
0.2297428,0.6942993,1.743659
0.2297428,0.5718353,1.88499
0.2297427,0.6432274,1.660892
0.2297428,0.5206175,1.929371
0.2297427,0.6432275,1.728663
0.2297428,0.5497236,1.836572
0.2297428,0.555516,1.686647
0.2297428,0.4826426,1.846217
0.2297428,0.5921556,1.743659
0.2297428,0.5572988,1.783886
0.2297428,0.4956523,1.755733
-0.3050191,0.7658374,1.92937
-0.305019,1.33096,1.92937
-0.305019,1.33096,1.846217
-0.3050191,0.8038123,1.846217
-0.305019,1.33096,1.755733
-0.3050191,0.7908027,1.755733
-0.3050191,0.7146196,1.88499
-0.3050191,0.7367314,1.836572
-0.3050191,0.6698415,1.913767
-0.3050191,0.7291561,1.783886
-0.3050191,0.6889347,1.978793
-0.3050191,0.730939,1.686646
-0.3050191,0.6166134,1.913767
-0.3050191,0.6942993,1.743659
-0.3050191,0.5975202,1.978793
-0.3050191,0.6432274,1.660892
-0.3050191,0.5718353,1.88499
-0.3050191,0.6432275,1.728663
-0.3050191,0.5206175,1.929371
-0.3050191,0.555516,1.686647
-0.3050191,0.5497236,1.836572
-0.3050191,0.5921556,1.743659
-0.3050191,0.4826426,1.846217
-0.3050191,0.4956523,1.755733
-0.3050191,0.5572988,1.783886
0.3201272,0.7658374,1.92937
0.3201272,1.33096,1.92937
0.2297428,1.33096,1.929371
0.2297428,0.7658374,1.929371
0.2297428,0.6889347,1.978793
0.3201272,0.6889347,1.978793
0.3201272,0.7658374,1.92937
0.2297428,0.7658374,1.929371
-0.3050191,0.6889347,1.978793
-0.2146346,0.6889347,1.978793
-0.2146346,0.7658374,1.92937
-0.3050191,0.7658374,1.92937
0.2297428,0.5975202,1.978793
0.3201272,0.5975202,1.978793
0.3201272,0.6889347,1.978793
0.2297428,0.6889347,1.978793
-0.3050191,0.5975202,1.978793
-0.2146346,0.5975202,1.978793
-0.2146346,0.6889347,1.978793
-0.3050191,0.6889347,1.978793
0.2297428,0.5206175,1.929371
0.3201272,0.5206175,1.929371
0.3201272,0.5975202,1.978793
0.2297428,0.5975202,1.978793
-0.3050191,0.5206175,1.929371
-0.2146346,0.5206175,1.929371
-0.2146346,0.5975202,1.978793
-0.3050191,0.5975202,1.978793
0.2297428,0.4826426,1.846217
0.3201272,0.4826426,1.846217
0.3201272,0.5206175,1.929371
0.2297428,0.5206175,1.929371
-0.3050191,0.4826426,1.846217
-0.2146346,0.4826426,1.846217
-0.2146346,0.5206175,1.929371
-0.3050191,0.5206175,1.929371
0.2297428,0.4956523,1.755733
0.3201272,0.4956523,1.755733
0.3201272,0.4826426,1.846217
0.2297428,0.4826426,1.846217
-0.3050191,0.4956523,1.755733
-0.2146346,0.4956523,1.755733
-0.2146346,0.4826426,1.846217
-0.3050191,0.4826426,1.846217
0.2297428,0.555516,1.686647
0.3201272,0.555516,1.686647
0.3201272,0.4956523,1.755733
0.2297428,0.4956523,1.755733
-0.3050191,0.555516,1.686647
-0.2146346,0.555516,1.686647
-0.2146346,0.4956523,1.755733
-0.3050191,0.4956523,1.755733
0.2297427,0.6432274,1.660892
0.3201272,0.6432274,1.660892
0.3201272,0.555516,1.686647
0.2297428,0.555516,1.686647
-0.3050191,0.6432274,1.660892
-0.2146347,0.6432274,1.660892
-0.2146346,0.555516,1.686647
-0.3050191,0.555516,1.686647
0.2297428,1.33096,1.846217
0.3201272,1.33096,1.755733
0.2297428,1.33096,1.755733
0.3201272,1.33096,1.846217
0.2297428,1.33096,1.929371
0.3201272,1.33096,1.92937
-0.305019,1.33096,1.846217
-0.2146345,1.33096,1.755733
-0.305019,1.33096,1.755733
-0.2146345,1.33096,1.846217
-0.305019,1.33096,1.92937
-0.2146345,1.33096,1.92937
0.2297428,0.7908027,1.755733
0.2297428,1.33096,1.755733
0.3201272,1.33096,1.755733
0.3201272,0.7908027,1.755733
-0.2146346,0.7908027,1.755733
-0.2146345,1.33096,1.755733
-0.2146345,1.33096,1.846217
-0.2146346,0.8038123,1.846217
-0.2146345,1.33096,1.92937
-0.2146346,0.7658374,1.92937
-0.2146346,0.7291561,1.783886
-0.2146346,0.6942993,1.743659
-0.2146346,0.7367314,1.836572
-0.2146346,0.730939,1.686647
-0.2146346,0.7146196,1.88499
-0.2146347,0.6432275,1.728663
-0.2146346,0.6889347,1.978793
-0.2146347,0.6432274,1.660892
-0.2146346,0.6698415,1.913767
-0.2146346,0.5921556,1.743659
-0.2146346,0.5975202,1.978793
-0.2146346,0.555516,1.686647
-0.2146346,0.6166134,1.913767
-0.2146346,0.5572988,1.783886
-0.2146346,0.5206175,1.929371
-0.2146346,0.4956523,1.755733
-0.2146346,0.5718353,1.88499
-0.2146346,0.5497237,1.836572
-0.2146346,0.4826426,1.846217
0.3201272,0.7908027,1.755733
0.3201272,1.33096,1.755733
0.3201272,1.33096,1.846217
0.3201272,0.8038123,1.846217
0.3201272,1.33096,1.92937
0.3201272,0.7658374,1.92937
0.3201272,0.7291561,1.783886
0.3201272,0.6942993,1.743659
0.3201272,0.7367314,1.836572
0.3201272,0.730939,1.686647
0.3201272,0.7146196,1.88499
0.3201272,0.6432275,1.728663
0.3201272,0.6889347,1.978793
0.3201272,0.6432274,1.660892
0.3201272,0.6698415,1.913767
0.3201272,0.5921556,1.743659
0.3201272,0.5975202,1.978793
0.3201272,0.555516,1.686647
0.3201272,0.6166134,1.913767
0.3201272,0.5572988,1.783886
0.3201272,0.5206175,1.929371
0.3201272,0.4956523,1.755733
0.3201272,0.5718353,1.88499
0.3201272,0.5497236,1.836572
0.3201272,0.4826426,1.846217
-0.2146346,0.7658374,1.92937
-0.2146345,1.33096,1.92937
-0.305019,1.33096,1.92937
-0.3050191,0.7658374,1.92937
-0.305019,0.5921546,-1.736932
-1.071961,0.5921546,-1.736932
-1.071961,0.5572978,-1.777159
-0.305019,0.5572978,-1.777159
0.2297429,0.5921546,-1.736932
-0.2146345,0.5921546,-1.736932
-0.2146345,0.5572978,-1.777159
0.2297429,0.5572978,-1.777159
0.2297429,0.5572978,-1.777159
-0.2146345,0.5572978,-1.777159
-0.2146345,0.5497226,-1.829846
0.2297429,0.5497226,-1.829846
0.2297429,0.5497226,-1.829846
-0.2146345,0.5497226,-1.829846
-0.2146345,0.5718343,-1.878263
0.2297429,0.5718343,-1.878263
0.2297429,0.5718343,-1.878263
-0.2146345,0.5718343,-1.878263
-0.2146345,0.6166124,-1.907041
0.2297429,0.6166124,-1.907041
0.2297429,0.6166124,-1.907041
-0.2146345,0.6166124,-1.907041
-0.2146345,0.6698405,-1.907041
0.2297429,0.6698404,-1.907041
0.2297429,0.6698404,-1.907041
-0.2146345,0.6698405,-1.907041
-0.2146345,0.7146186,-1.878264
0.2297429,0.7146186,-1.878264
0.2297429,0.7146186,-1.878264
-0.2146345,0.7146186,-1.878264
-0.2146345,0.7367303,-1.829846
0.2297429,0.7367303,-1.829846
0.2297429,0.7367303,-1.829846
-0.2146345,0.7367303,-1.829846
-0.2146345,0.7291551,-1.77716
0.2297429,0.7291551,-1.77716
-1.071961,0.5718343,-1.878263
-1.071961,0.5497226,-1.829846
-1.071961,0.5572978,-1.777159
-1.071961,0.5921546,-1.736932
-1.071961,0.6166124,-1.907041
-1.071961,0.6432264,-1.721936
-1.071961,0.6698405,-1.907041
-1.071961,0.6942983,-1.736933
-1.071961,0.7146186,-1.878264
-1.071961,0.7291551,-1.77716
-1.071961,0.7367303,-1.829846
0.2297429,0.7291551,-1.77716
-0.2146345,0.7291551,-1.77716
-0.2146345,0.6942983,-1.736933
0.2297429,0.6942983,-1.736933
-0.3050191,0.6432264,-1.721936
-1.071961,0.6432264,-1.721936
-1.071961,0.5921546,-1.736932
-0.305019,0.5921546,-1.736932
1.071995,0.5572978,-1.777159
1.071995,0.5497226,-1.829846
1.071995,0.5718343,-1.878263
1.071995,0.5921546,-1.736932
1.071995,0.6166124,-1.907041
1.071995,0.6432264,-1.721936
1.071995,0.6698404,-1.907041
1.071995,0.6942983,-1.736933
1.071995,0.7146186,-1.878264
1.071995,0.7291551,-1.77716
1.071995,0.7367303,-1.829846
0.2297428,0.6432264,-1.721936
-0.2146346,0.6432264,-1.721936
-0.2146345,0.5921546,-1.736932
0.2297429,0.5921546,-1.736932
-0.305019,0.6942983,-1.736933
-1.071961,0.6942983,-1.736933
-1.071961,0.6432264,-1.721936
-0.3050191,0.6432264,-1.721936
1.071995,0.7291551,-1.77716
0.3201272,0.7291551,-1.77716
0.3201272,0.6942983,-1.736933
1.071995,0.6942983,-1.736933
-0.305019,0.7291551,-1.77716
-1.071961,0.7291551,-1.77716
-1.071961,0.6942983,-1.736933
-0.305019,0.6942983,-1.736933
1.071995,0.7367303,-1.829846
0.3201272,0.7367303,-1.829846
0.3201272,0.7291551,-1.77716
1.071995,0.7291551,-1.77716
-0.305019,0.7367303,-1.829846
-1.071961,0.7367303,-1.829846
-1.071961,0.7291551,-1.77716
-0.305019,0.7291551,-1.77716
1.071995,0.7146186,-1.878264
0.3201272,0.7146186,-1.878264
0.3201272,0.7367303,-1.829846
1.071995,0.7367303,-1.829846
-0.305019,0.7146186,-1.878264
-1.071961,0.7146186,-1.878264
-1.071961,0.7367303,-1.829846
-0.305019,0.7367303,-1.829846
1.071995,0.6698404,-1.907041
0.3201272,0.6698404,-1.907041
0.3201272,0.7146186,-1.878264
1.071995,0.7146186,-1.878264
-0.305019,0.6698405,-1.907041
-1.071961,0.6698405,-1.907041
-1.071961,0.7146186,-1.878264
-0.305019,0.7146186,-1.878264
1.071995,0.6166124,-1.907041
0.3201272,0.6166124,-1.907041
0.3201272,0.6698404,-1.907041
1.071995,0.6698404,-1.907041
-0.305019,0.6166124,-1.907041
-1.071961,0.6166124,-1.907041
-1.071961,0.6698405,-1.907041
-0.305019,0.6698405,-1.907041
1.071995,0.5718343,-1.878263
0.3201272,0.5718343,-1.878263
0.3201272,0.6166124,-1.907041
1.071995,0.6166124,-1.907041
-0.305019,0.5718343,-1.878263
-1.071961,0.5718343,-1.878263
-1.071961,0.6166124,-1.907041
-0.305019,0.6166124,-1.907041
1.071995,0.5497226,-1.829846
0.3201272,0.5497226,-1.829846
0.3201272,0.5718343,-1.878263
1.071995,0.5718343,-1.878263
-0.305019,0.5497226,-1.829846
-1.071961,0.5497226,-1.829846
-1.071961,0.5718343,-1.878263
-0.305019,0.5718343,-1.878263
1.071995,0.5572978,-1.777159
0.3201272,0.5572978,-1.777159
0.3201272,0.5497226,-1.829846
1.071995,0.5497226,-1.829846
-0.305019,0.5572978,-1.777159
-1.071961,0.5572978,-1.777159
-1.071961,0.5497226,-1.829846
-0.305019,0.5497226,-1.829846
1.071995,0.5921546,-1.736932
0.3201272,0.5921546,-1.736932
0.3201272,0.5572978,-1.777159
1.071995,0.5572978,-1.777159
1.071995,0.6942983,-1.736933
0.3201272,0.6942983,-1.736933
0.3201272,0.6432264,-1.721936
1.071995,0.6432264,-1.721936
0.2297429,0.6942983,-1.736933
-0.2146345,0.6942983,-1.736933
-0.2146346,0.6432264,-1.721936
0.2297428,0.6432264,-1.721936
1.071995,0.6432264,-1.721936
0.3201272,0.6432264,-1.721936
0.3201272,0.5921546,-1.736932
1.071995,0.5921546,-1.736932
0.2297429,0.730938,-1.67992
0.2297428,0.6432265,-1.654166
0.3201272,0.6432265,-1.654166
0.3201272,0.730938,-1.67992
-0.305019,0.730938,-1.67992
-0.3050191,0.6432265,-1.654166
-0.2146346,0.6432265,-1.654166
-0.2146345,0.730938,-1.67992
0.2297429,0.7908017,-1.749007
0.2297429,0.730938,-1.67992
0.3201272,0.730938,-1.67992
0.3201272,0.7908017,-1.749007
-0.305019,0.7908017,-1.749007
-0.305019,0.730938,-1.67992
-0.2146345,0.730938,-1.67992
-0.2146345,0.7908017,-1.749007
-0.305019,0.7908017,-1.749007
-0.2146345,0.7908017,-1.749007
-0.2146344,1.330959,-1.749007
-0.3050188,1.330959,-1.749007
0.2297429,0.7658363,-1.922644
0.2297429,1.330959,-1.83949
0.2297429,1.330959,-1.922644
0.2297429,0.8038113,-1.83949
0.2297429,1.330959,-1.749007
0.2297429,0.7908017,-1.749007
0.2297429,0.7146186,-1.878264
0.2297429,0.6698404,-1.907041
0.2297429,0.7367303,-1.829846
0.2297429,0.6889337,-1.247405
0.2297429,0.7291551,-1.77716
0.2297429,0.6166124,-1.907041
0.2297429,0.730938,-1.67992
0.2297429,0.5975193,-1.247405
0.2297429,0.6942983,-1.736933
0.2297429,0.5718343,-1.878263
0.2297428,0.6432265,-1.654166
0.2297429,0.5206165,-1.922644
0.2297428,0.6432264,-1.721936
0.2297429,0.5497226,-1.829846
0.2297429,0.555515,-1.67992
0.2297429,0.4826416,-1.83949
0.2297429,0.5921546,-1.736932
0.2297429,0.5572978,-1.777159
0.2297429,0.4956512,-1.749006
-0.305019,0.7658363,-1.922644
-0.3050188,1.330959,-1.83949
-0.3050188,1.330959,-1.922644
-0.305019,0.8038113,-1.83949
-0.3050188,1.330959,-1.749007
-0.305019,0.7908017,-1.749007
-0.305019,0.7146186,-1.878264
-0.305019,0.7367303,-1.829846
-0.305019,0.6698405,-1.907041
-0.305019,0.7291551,-1.77716
-0.305019,0.6889337,-1.247405
-0.305019,0.730938,-1.67992
-0.305019,0.6166124,-1.907041
-0.305019,0.6942983,-1.736933
-0.305019,0.5975193,-1.247405
-0.3050191,0.6432265,-1.654166
-0.305019,0.5718343,-1.878263
-0.3050191,0.6432264,-1.721936
-0.305019,0.5206165,-1.922644
-0.305019,0.555515,-1.67992
-0.305019,0.5497226,-1.829846
-0.305019,0.5921546,-1.736932
-0.305019,0.4826416,-1.83949
-0.305019,0.4956512,-1.749006
-0.305019,0.5572978,-1.777159
0.3201272,0.7658364,-1.922644
0.2297429,0.7658363,-1.922644
0.2297429,1.330959,-1.922644
0.3201272,1.330959,-1.922644
0.2297429,0.6889337,-1.247405
0.2297429,0.7658363,-1.922644
0.3201272,0.7658364,-1.922644
0.3201272,0.6889337,-1.247405
-0.305019,0.6889337,-1.247405
-0.305019,0.7658363,-1.922644
-0.2146345,0.7658364,-1.922644
-0.2146345,0.6889337,-1.247405
0.2297429,0.5975193,-1.247405
0.2297429,0.6889337,-1.247405
0.3201272,0.6889337,-1.247405
0.3201272,0.5975193,-1.247405
-0.305019,0.5975193,-1.247405
-0.305019,0.6889337,-1.247405
-0.2146345,0.6889337,-1.247405
-0.2146345,0.5975193,-1.247405
0.2297429,0.5206165,-1.922644
0.2297429,0.5975193,-1.247405
0.3201272,0.5975193,-1.247405
0.3201272,0.5206165,-1.922644
-0.305019,0.5206165,-1.922644
-0.305019,0.5975193,-1.247405
-0.2146345,0.5975193,-1.247405
-0.2146345,0.5206165,-1.922644
0.2297429,0.4826416,-1.83949
0.2297429,0.5206165,-1.922644
0.3201272,0.5206165,-1.922644
0.3201272,0.4826416,-1.83949
-0.305019,0.4826416,-1.83949
-0.305019,0.5206165,-1.922644
-0.2146345,0.5206165,-1.922644
-0.2146345,0.4826416,-1.83949
0.2297429,0.4956512,-1.749006
0.2297429,0.4826416,-1.83949
0.3201272,0.4826416,-1.83949
0.3201272,0.4956512,-1.749006
-0.305019,0.4956512,-1.749006
-0.305019,0.4826416,-1.83949
-0.2146345,0.4826416,-1.83949
-0.2146345,0.4956512,-1.749006
0.2297429,0.555515,-1.67992
0.2297429,0.4956512,-1.749006
0.3201272,0.4956512,-1.749006
0.3201272,0.555515,-1.67992
-0.305019,0.555515,-1.67992
-0.305019,0.4956512,-1.749006
-0.2146345,0.4956512,-1.749006
-0.2146345,0.555515,-1.67992
0.2297428,0.6432265,-1.654166
0.2297429,0.555515,-1.67992
0.3201272,0.555515,-1.67992
0.3201272,0.6432265,-1.654166
-0.3050191,0.6432265,-1.654166
-0.305019,0.555515,-1.67992
-0.2146345,0.555515,-1.67992
-0.2146346,0.6432265,-1.654166
0.2297429,1.330959,-1.83949
0.2297429,1.330959,-1.749007
0.3201272,1.330959,-1.749007
0.3201272,1.330959,-1.83949
0.2297429,1.330959,-1.922644
0.3201272,1.330959,-1.922644
-0.3050188,1.330959,-1.83949
-0.3050188,1.330959,-1.749007
-0.2146344,1.330959,-1.749007
-0.2146344,1.330959,-1.83949
-0.3050188,1.330959,-1.922644
-0.2146344,1.330959,-1.922644
0.2297429,0.7908017,-1.749007
0.3201272,0.7908017,-1.749007
0.3201272,1.330959,-1.749007
0.2297429,1.330959,-1.749007
-0.2146345,0.7908017,-1.749007
-0.2146344,1.330959,-1.83949
-0.2146344,1.330959,-1.749007
-0.2146345,0.8038113,-1.83949
-0.2146344,1.330959,-1.922644
-0.2146345,0.7658364,-1.922644
-0.2146345,0.7291551,-1.77716
-0.2146345,0.6942983,-1.736933
-0.2146345,0.7367303,-1.829846
-0.2146345,0.730938,-1.67992
-0.2146345,0.7146186,-1.878264
-0.2146346,0.6432264,-1.721936
-0.2146345,0.6889337,-1.247405
-0.2146346,0.6432265,-1.654166
-0.2146345,0.6698405,-1.907041
-0.2146345,0.5921546,-1.736932
-0.2146345,0.5975193,-1.247405
-0.2146345,0.555515,-1.67992
-0.2146345,0.6166124,-1.907041
-0.2146345,0.5572978,-1.777159
-0.2146345,0.5206165,-1.922644
-0.2146345,0.4956512,-1.749006
-0.2146345,0.5718343,-1.878263
-0.2146345,0.5497226,-1.829846
-0.2146345,0.4826416,-1.83949
0.3201272,0.7908017,-1.749007
0.3201272,1.330959,-1.83949
0.3201272,1.330959,-1.749007
0.3201272,0.8038113,-1.83949
0.3201272,1.330959,-1.922644
0.3201272,0.7658364,-1.922644
0.3201272,0.7291551,-1.77716
0.3201272,0.6942983,-1.736933
0.3201272,0.7367303,-1.829846
0.3201272,0.730938,-1.67992
0.3201272,0.7146186,-1.878264
0.3201272,0.6432264,-1.721936
0.3201272,0.6889337,-1.247405
0.3201272,0.6432265,-1.654166
0.3201272,0.6698404,-1.907041
0.3201272,0.5921546,-1.736932
0.3201272,0.5975193,-1.247405
0.3201272,0.555515,-1.67992
0.3201272,0.6166124,-1.907041
0.3201272,0.5572978,-1.777159
0.3201272,0.5206165,-1.922644
0.3201272,0.4956512,-1.749006
0.3201272,0.5718343,-1.878263
0.3201272,0.5497226,-1.829846
0.3201272,0.4826416,-1.83949
-0.2146345,0.7658364,-1.922644
-0.305019,0.7658363,-1.922644
-0.3050188,1.330959,-1.922644
-0.2146344,1.330959,-1.922644
1.073283,2.226853,0.9060562
1.072482,2.257842,0.9060562
1.071738,2.299156,0.885074
1.074022,2.191764,0.885074
1.071738,2.299156,0.9497125
1.073283,2.226853,0.9287304
1.072482,2.257842,0.9287304
1.074022,2.191764,0.9497125
0.8517284,1.46672,2.707505
1.016149,1.478431,2.698135
0.8517305,1.478428,2.707556
1.00492,1.466722,2.698727
0.7585453,1.46672,2.710647
1.016162,1.375957,2.697678
0.7473036,1.478428,2.711078
1.00493,1.387665,2.698373
0.7585453,1.387663,2.710298
0.8517396,1.375954,2.707103
0.7473036,1.375954,2.710625
0.8517416,1.387663,2.707155
-1.072307,2.226853,0.9060562
-1.073045,2.191764,0.885074
-1.070761,2.299156,0.885074
-1.072307,2.226853,0.9287304
-1.071505,2.257842,0.9060562
-1.073045,2.191764,0.9497125
-1.070761,2.299156,0.9497125
-1.071505,2.257842,0.9287304
-0.8507518,1.46672,2.707505
-0.8507539,1.478428,2.707556
-1.015172,1.478431,2.698135
-1.003943,1.466722,2.698727
-0.7575688,1.46672,2.710647
-1.015186,1.375957,2.697678
-0.746327,1.478428,2.711078
-1.003953,1.387665,2.698373
-0.7575688,1.387663,2.710298
-0.850763,1.375954,2.707103
-0.746327,1.375954,2.710625
-0.850765,1.387663,2.707155
-1.003953,1.387665,2.698373
-0.8507518,1.46672,2.707505
-1.003943,1.466722,2.698727
-0.850765,1.387663,2.707155
-0.7575688,1.46672,2.710647
-0.7575688,1.387663,2.710298
-1.130564,1.296131,-1.322652
-1.130543,1.297319,-1.348616
-0.698628,1.308331,-1.349451
-0.698628,1.308331,-1.327925
-1.086512,1.963634,-3.109385
-1.086568,2.11747,-3.110305
-1.04804,2.11747,-3.118555
-1.049653,1.963633,-3.119241
-1.049653,1.963633,-3.119241
-1.04804,2.11747,-3.118555
-0.9231499,2.11747,-3.118711
-0.9231505,1.963633,-3.119276
-1.051267,1.809797,-3.119927
-0.9231511,1.809797,-3.119841
-1.086512,1.963634,-3.109385
-1.086455,1.809797,-3.108464
-1.096497,1.809799,-2.981037
-1.094047,1.962313,-2.979851
-1.130564,1.296131,-1.322652
-1.207219,1.290447,-1.323166
-1.207197,1.291636,-1.34913
-1.130543,1.297319,-1.348616
-0.9878864,1.831823,2.702593
-0.8253583,1.831823,2.702593
-0.8253583,1.92232,2.702593
-0.9878864,1.92232,2.702593
-0.8253583,1.831823,2.702593
-0.814513,1.820977,2.691748
-0.814513,1.933165,2.691748
-0.8253583,1.92232,2.702593
-0.9878864,1.92232,2.702593
-0.9987316,1.933165,2.691748
-0.9987316,1.820977,2.691748
-0.9878864,1.831823,2.702593
-0.814513,1.820977,2.691748
-0.8253583,1.831823,2.702593
-0.9878864,1.831823,2.702593
-0.9987316,1.820977,2.691748
-0.9987316,1.933165,2.691748
-0.9878864,1.92232,2.702593
-0.8253583,1.92232,2.702593
-0.814513,1.933165,2.691748
-0.9878864,1.67339,2.702593
-0.8253583,1.67339,2.702593
-0.8253583,1.763888,2.702593
-0.9878864,1.763888,2.702593
-0.8253583,1.67339,2.702593
-0.814513,1.662545,2.691748
-0.814513,1.774733,2.691748
-0.8253583,1.763888,2.702593
-0.9878864,1.763888,2.702593
-0.9987316,1.774733,2.691748
-0.9987316,1.662545,2.691748
-0.9878864,1.67339,2.702593
-0.814513,1.662545,2.691748
-0.8253583,1.67339,2.702593
-0.9878864,1.67339,2.702593
-0.9987316,1.662545,2.691748
-0.9987316,1.774733,2.691748
-0.9878864,1.763888,2.702593
-0.8253583,1.763888,2.702593
-0.814513,1.774733,2.691748
-1.086568,2.11747,-3.110305
-1.086512,1.963634,-3.109385
-1.094047,1.962313,-2.979851
-1.091596,2.114827,-2.978665
-1.086455,1.809797,-3.108464
-1.086512,1.963634,-3.109385
-1.049653,1.963633,-3.119241
-1.051267,1.809797,-3.119927
1.00493,1.387665,2.698373
1.00492,1.466722,2.698727
0.8517284,1.46672,2.707505
0.8517416,1.387663,2.707155
0.7585453,1.46672,2.710647
0.7585453,1.387663,2.710298
1.131541,1.296131,-1.322652
0.6996046,1.308331,-1.327925
0.6996046,1.308331,-1.349451
1.13152,1.297319,-1.348616
1.087488,1.963634,-3.109385
1.05063,1.963633,-3.119241
1.049016,2.11747,-3.118555
1.087545,2.11747,-3.110305
1.05063,1.963633,-3.119241
0.9241265,2.11747,-3.118711
1.049016,2.11747,-3.118555
0.9241271,1.963633,-3.119276
1.052243,1.809797,-3.119927
0.9241277,1.809797,-3.119841
1.087488,1.963634,-3.109385
1.095023,1.962313,-2.979851
1.097474,1.809799,-2.981037
1.087432,1.809797,-3.108464
1.131541,1.296131,-1.322652
1.13152,1.297319,-1.348616
1.208174,1.291636,-1.34913
1.208195,1.290447,-1.323166
0.9888629,1.831823,2.702593
0.9888629,1.92232,2.702593
0.8263348,1.92232,2.702593
0.8263348,1.831823,2.702593
0.8263348,1.831823,2.702593
0.8263348,1.92232,2.702593
0.8154895,1.933165,2.691748
0.8154895,1.820977,2.691748
0.9888629,1.92232,2.702593
0.9888629,1.831823,2.702593
0.9997082,1.820977,2.691748
0.9997082,1.933165,2.691748
0.8154895,1.820977,2.691748
0.9997082,1.820977,2.691748
0.9888629,1.831823,2.702593
0.8263348,1.831823,2.702593
0.9997082,1.933165,2.691748
0.8154895,1.933165,2.691748
0.8263348,1.92232,2.702593
0.9888629,1.92232,2.702593
0.9888629,1.67339,2.702593
0.9888629,1.763888,2.702593
0.8263348,1.763888,2.702593
0.8263348,1.67339,2.702593
0.8263348,1.67339,2.702593
0.8263348,1.763888,2.702593
0.8154895,1.774733,2.691748
0.8154895,1.662545,2.691748
0.9888629,1.763888,2.702593
0.9888629,1.67339,2.702593
0.9997082,1.662545,2.691748
0.9997082,1.774733,2.691748
0.8154895,1.662545,2.691748
0.9997082,1.662545,2.691748
0.9888629,1.67339,2.702593
0.8263348,1.67339,2.702593
0.9997082,1.774733,2.691748
0.8154895,1.774733,2.691748
0.8263348,1.763888,2.702593
0.9888629,1.763888,2.702593
1.087545,2.11747,-3.110305
1.092573,2.114827,-2.978665
1.095023,1.962313,-2.979851
1.087488,1.963634,-3.109385
1.087432,1.809797,-3.108464
1.052243,1.809797,-3.119927
1.05063,1.963633,-3.119241
1.087488,1.963634,-3.109385
4267
0.1538471,0.5292609
0.1538471,0.5292609
0.1538471,0.5292609
0.1444468,0.5222106
0.1444468,0.5222106
0.1444468,0.5222106
0.2091938,0.9803923
0.2091938,0.9803923
0.2091938,0.9803923
0.2091938,0.9803923
0.2091938,0.9803923
0.2091938,0.9803923
0.07781284,0.963031
0.07781284,0.9630311
0.07781284,0.9630311
0.07781284,0.963031
0.07781284,0.963031
0.07781284,0.963031
0.07781284,0.9630309
0.07781284,0.9630309
0.07781284,0.9630309
0.07781284,0.963031
0.07781284,0.963031
0.07781284,0.9630309
0.1538471,0.5292609
0.1538471,0.5292609
0.1538471,0.5292609
0.1444468,0.5222106
0.1444468,0.5222106
0.1444468,0.5222106
0.2091938,0.9803923
0.2091938,0.9803923
0.2091938,0.9803923
0.2091938,0.9803923
0.2091938,0.9803923
0.2091938,0.9803923
0.07781286,0.9561192
0.07781285,0.9561192
0.07781285,0.9561191
0.07781284,0.963031
0.07781284,0.9630311
0.07781284,0.9630311
0.07781284,0.963031
0.07781284,0.963031
0.07781284,0.963031
0.07781284,0.9630309
0.07781284,0.9630309
0.07781284,0.9630309
0.07781284,0.963031
0.07781284,0.9630309
0.07781284,0.963031
0.07781285,0.9561191
0.07781285,0.9561192
0.07781284,0.9561192
0.2091938,0.9803923
0.2091938,0.9803923
0.2091938,0.9803923
0.2091938,0.9803923
0.2091938,0.9803923
0.2091938,0.9803923
0.2091938,0.9803923
0.2091938,0.9803923
0.2091938,0.9803923
0.2091938,0.9803923
0.2091938,0.9803923
0.2091938,0.9803923
0.2091938,0.9803923
0.2091938,0.9803923
0.2091938,0.9803923
0.2091938,0.9803923
0.2091938,0.9803923
0.2091938,0.9803923
0.2091938,0.9803923
0.2091938,0.9803923
0.2091938,0.9803923
0.2091938,0.9803923
0.2091938,0.9803923
0.2091938,0.9803923
0.2091938,0.9803923
0.2091938,0.9803923
0.2091938,0.9803923
0.2091938,0.9803923
0.2091938,0.9803923
0.2091938,0.9803923
0.2091938,0.9803923
0.2091938,0.9803923
0.2091938,0.9803923
0.2091938,0.9803923
0.2091938,0.9803923
0.2091938,0.9803923
0.2091938,0.9803923
0.2091938,0.9803923
0.2091938,0.9803923
0.2091938,0.9803923
0.2091938,0.9803923
0.2091938,0.9803923
0.2091938,0.9803923
0.2091938,0.9803923
0.2091938,0.9803923
0.2091938,0.9803923
0.2091938,0.9803923
0.2091938,0.9803923
0.2091938,0.9803923
0.2091938,0.9803923
0.2091938,0.9803923
0.2091938,0.9803923
0.2091938,0.9803923
0.2091938,0.9803923
0.2091938,0.9803923
0.2200515,0.9809073
0.2091938,0.9803923
0.2091938,0.9803923
0.2091938,0.9803923
0.2091938,0.9803923
0.2091938,0.9803923
0.2091938,0.9803923
0.2091938,0.9803923
0.2091938,0.9803923
0.2091938,0.9803923
0.2091938,0.9803923
0.2091938,0.9803923
0.2091938,0.9803923
0.2091938,0.9803923
0.2091938,0.9803923
0.2091938,0.9803923
0.2091938,0.9803923
0.2091938,0.9803923
0.2091938,0.9803923
0.2091938,0.9803923
0.2091938,0.9803923
0.2091938,0.9803923
0.2091938,0.9803923
0.2091938,0.9803923
0.2091938,0.9803923
0.2091938,0.9803923
0.2091938,0.9803923
0.2091938,0.9803923
0.2091938,0.9803923
0.2091938,0.9803923
0.2091938,0.9803923
0.2091938,0.9803923
0.2091938,0.9803923
0.2091938,0.9803923
0.2091938,0.9803923
0.2091938,0.9803923
0.2091938,0.9803923
0.2091938,0.9803923
0.2091938,0.9803923
0.2091938,0.9803923
0.2091938,0.9803923
0.2091938,0.9803923
0.2091938,0.9803923
0.2091938,0.9803923
0.2091938,0.9803923
0.2091938,0.9803923
0.2091938,0.9803923
0.2091938,0.9803923
0.2091938,0.9803923
0.2091938,0.9803923
0.2091938,0.9803923
0.2091938,0.9803923
0.2091938,0.9803923
0.2091938,0.9803923
0.2091938,0.9803923
0.2091938,0.9803923
0.2091938,0.9803923
0.2091938,0.9803923
0.2091938,0.9803923
0.2091938,0.9803923
0.2091938,0.9803923
0.2091938,0.9803923
0.2091938,0.9803923
0.2091938,0.9803923
0.2091938,0.9803923
0.2091938,0.9803923
0.2091938,0.9803923
0.2091938,0.9803923
0.2091938,0.9803923
0.2091938,0.9803923
0.2091938,0.9803923
0.2091938,0.9803923
0.2091938,0.9803923
0.2091938,0.9803923
0.2091938,0.9803923
0.2091938,0.9803923
0.2091938,0.9803923
0.2091938,0.9803923
0.2091938,0.9803923
0.2091938,0.9803923
0.2091938,0.9803923
0.2091938,0.9803923
0.2091938,0.9803923
0.2091938,0.9803923
0.2091938,0.9803923
0.2091938,0.9803923
0.2091938,0.9803923
0.2091938,0.9803923
0.2091938,0.9803923
0.2091938,0.9803923
0.2091938,0.9803923
0.2091938,0.9803923
0.2091938,0.9803923
0.1028713,0.4759456
0.1028713,0.4759456
0.1028713,0.4759456
0.1028713,0.4759456
0.1028713,0.4759456
0.1028713,0.4759456
0.1028713,0.4759456
0.1028713,0.4759456
0.1028713,0.4759456
0.1028713,0.4759456
0.1028713,0.4759456
0.1028713,0.4759456
0.1028713,0.4759456
0.1028713,0.4759456
0.1028713,0.4759456
0.1028713,0.4759456
0.1028713,0.4759456
0.1028713,0.4759456
0.1028713,0.4759456
0.1028713,0.4759456
0.1028713,0.4759456
0.1028713,0.4759456
0.1028713,0.4759456
0.1028713,0.4759456
0.1028713,0.4759456
0.1028713,0.4759456
0.1028713,0.4759456
0.1028713,0.4759456
0.1028713,0.4759456
0.1028713,0.4759456
0.1396801,0.5222106
0.1396801,0.5222106
0.1396801,0.5222106
0.1396801,0.5222106
0.1396801,0.5222106
0.1396801,0.5222106
0.2091938,0.9803923
0.2091938,0.9803923
0.2091938,0.9803923
0.2091938,0.9803923
0.2091938,0.9803923
0.2091938,0.9803923
0.2091938,0.9803923
0.2091938,0.9803923
0.2091938,0.9803923
0.2091938,0.9803923
0.2091938,0.9803923
0.2091938,0.9803923
0.2091938,0.9803923
0.2091938,0.9803923
0.2091938,0.9803923
0.2091938,0.9803923
0.2091938,0.9803923
0.2091938,0.9803923
0.2091938,0.9803923
0.2091938,0.9803923
0.2091938,0.9803923
0.2091938,0.9803923
0.2091938,0.9803923
0.2091938,0.9803923
0.2091938,0.9803923
0.2091938,0.9803923
0.2091938,0.9803923
0.2091938,0.9803923
0.2091938,0.9803923
0.2091938,0.9803923
0.2091938,0.9803923
0.2091938,0.9803923
0.2091938,0.9803923
0.2091938,0.9803923
0.2091938,0.9803923
0.2091938,0.9803923
0.2091938,0.9803923
0.2091938,0.9803923
0.2091938,0.9803923
0.2091938,0.9803923
0.2091938,0.9803923
0.2091938,0.9803923
0.2091938,0.9803923
0.2091938,0.9803923
0.2091938,0.9803923
0.2091938,0.9803923
0.2091938,0.9803923
0.2091938,0.9803923
0.2091938,0.9803923
0.2091938,0.9803923
0.2091938,0.9803923
0.2091938,0.9803923
0.2091938,0.9803923
0.2091938,0.9803923
0.2091938,0.9803923
0.2091938,0.9803923
0.2091938,0.9803923
0.2091938,0.9803923
0.2091938,0.9803923
0.2091938,0.9803923
0.2091938,0.9803923
0.2091938,0.9803923
0.2091938,0.9803923
0.2091938,0.9803923
0.2091938,0.9803923
0.2091938,0.9803923
0.2091938,0.9803923
0.2091938,0.9803923
0.2091938,0.9803923
0.2091938,0.9803923
0.2091938,0.9803923
0.2091938,0.9803923
0.1396801,0.5222106
0.1396801,0.5222106
0.1396801,0.5222106
0.1396801,0.5222106
0.1396801,0.5222106
0.1396801,0.5222106
0.1396801,0.5222106
0.1396801,0.5222106
0.1396801,0.5222106
0.1396801,0.5222106
0.1396801,0.5222106
0.1396801,0.5222106
0.1396801,0.5222106
0.1396801,0.5222106
0.1444468,0.5222106
0.1444468,0.5222106
0.1444468,0.5222106
0.1444468,0.5222106
0.1444468,0.5222106
0.1444468,0.5222106
0.1444468,0.5222106
0.1444468,0.5222106
0.1657664,0.5347917
0.1657664,0.5347917
0.1657664,0.5347917
0.1657664,0.5347917
0.1538471,0.5292609
0.1538471,0.5292609
0.1538471,0.5292609
0.1538471,0.5292609
0.1396801,0.5222106
0.1396801,0.5222106
0.1396801,0.5222106
0.1396801,0.5222106
0.1396801,0.5222106
0.1396801,0.5222106
0.1396801,0.5222106
0.1396801,0.5222106
0.1396801,0.5222106
0.1396801,0.5222106
0.1396801,0.5222106
0.1396801,0.5222106
0.1396801,0.5222106
0.1396801,0.5222106
0.2091938,0.9803923
0.2091938,0.9803923
0.2091938,0.9803923
0.2091938,0.9803923
0.2091938,0.9803923
0.2091938,0.9803923
0.2091938,0.9803923
0.2091938,0.9803923
0.2091938,0.9803923
0.2091938,0.9803923
0.2091938,0.9803923
0.2091938,0.9803923
0.2091938,0.9803923
0.2091938,0.9803923
0.2091938,0.9803923
0.2091938,0.9803923
0.2091938,0.9803923
0.2091938,0.9803923
0.2091938,0.9803923
0.2091938,0.9803923
0.2091938,0.9803923
0.2091938,0.9803923
0.2091938,0.9803923
0.2091938,0.9803923
0.2091938,0.9803923
0.2091938,0.9803923
0.2091938,0.9803923
0.2091938,0.9803923
0.2091938,0.9803923
0.2091938,0.9803923
0.2091938,0.9803923
0.2091938,0.9803923
0.2091938,0.9803923
0.2091938,0.9803923
0.2091938,0.9803923
0.2091938,0.9803923
0.2091938,0.9803923
0.2091938,0.9803923
0.2091938,0.9803923
0.2091938,0.9803923
0.2091938,0.9803923
0.2091938,0.9803923
0.2091938,0.9803923
0.2091938,0.9803923
0.2091938,0.9803923
0.2091938,0.9803923
0.2091938,0.9803923
0.2091938,0.9803923
0.2091279,0.9803892
0.1538471,0.5292609
0.1538471,0.5292609
0.1538471,0.5292609
0.1538471,0.5292609
0.1538471,0.5292609
0.1538471,0.5292609
0.1538471,0.5292609
0.1538471,0.5292609
0.1538471,0.5292609
0.1538471,0.5292609
0.1538471,0.5292609
0.1538471,0.5292609
0.1538471,0.5292609
0.1538471,0.5292609
0.2091938,0.9803923
0.2091938,0.9803923
0.2091938,0.9803923
0.2091938,0.9803923
0.2091938,0.9803923
0.2091938,0.9803923
0.2091938,0.9803923
0.2091938,0.9803923
0.1396801,0.5222106
0.1396801,0.5222106
0.1396801,0.5222106
0.1396801,0.5222106
0.1396801,0.5222106
0.1396801,0.5222106
0.1396801,0.5222106
0.1396801,0.5222106
0.1396801,0.5222106
0.1396801,0.5222106
0.1396801,0.5222106
0.1396801,0.5222106
0.1396801,0.5222106
0.1396801,0.5222106
0.1396801,0.5222106
0.1396801,0.5222106
0.1396801,0.5222106
0.1396801,0.5222106
0.1396801,0.5222106
0.1396801,0.5222106
0.1396801,0.5222106
0.1396801,0.5222106
0.1396801,0.5222106
0.1396801,0.5222106
0.1396801,0.5222106
0.1396801,0.5222106
0.1396801,0.5222106
0.1396801,0.5222106
0.1396801,0.5222106
0.1396801,0.5222106
0.1396801,0.5222106
0.1396801,0.5222106
0.1396801,0.5222106
0.1396801,0.5222106
0.1396801,0.5222106
0.1396801,0.5222106
0.1396801,0.5222106
0.1396801,0.5222106
0.1396801,0.5222106
0.1396801,0.5222106
0.1396801,0.5222106
0.1396801,0.5222106
0.2091938,0.9803923
0.2091938,0.9803923
0.2091938,0.9803923
0.2091938,0.9803923
0.2091938,0.9803923
0.2091938,0.9803923
0.2091938,0.9803923
0.2091938,0.9803923
0.2091938,0.9803923
0.2091938,0.9803923
0.2091938,0.9803923
0.2091938,0.9803923
0.2091938,0.9803923
0.2091938,0.9803923
0.2091938,0.9803923
0.2091938,0.9803923
0.2091938,0.9803923
0.2091938,0.9803923
0.2091938,0.9803923
0.2091938,0.9803923
0.2091938,0.9803923
0.2091938,0.9803923
0.2091938,0.9803923
0.2091938,0.9803923
0.2091938,0.9803923
0.2091938,0.9803923
0.2091938,0.9803923
0.2091938,0.9803923
0.2091938,0.9803923
0.2091938,0.9803923
0.2091938,0.9803923
0.2091938,0.9803923
0.2091938,0.9803923
0.2091938,0.9803923
0.2091938,0.9803923
0.2091938,0.9803923
0.2091938,0.9803923
0.2091938,0.9803923
0.2091938,0.9803923
0.2091938,0.9803923
0.2091938,0.9803923
0.2091938,0.9803923
0.2091938,0.9803923
0.2091938,0.9803923
0.2091938,0.9803923
0.2091938,0.9803923
0.2091938,0.9803923
0.2091938,0.9803923
0.2091938,0.9803923
0.1396801,0.5222106
0.1396801,0.5222106
0.1396801,0.5222106
0.1396801,0.5222106
0.1396801,0.5222106
0.1396801,0.5222106
0.1396801,0.5222106
0.1396801,0.5222106
0.1396801,0.5222106
0.1396801,0.5222106
0.1396801,0.5222106
0.1396801,0.5222106
0.1396801,0.5222106
0.1396801,0.5222106
0.1396801,0.5222106
0.1396801,0.5222106
0.1396801,0.5222106
0.1396801,0.5222106
0.1396801,0.5222106
0.1396801,0.5222106
0.1396801,0.5222106
0.1396801,0.5222106
0.1396801,0.5222106
0.1396801,0.5222106
0.1396801,0.5222106
0.1396801,0.5222106
0.1396801,0.5222106
0.1396801,0.5222106
0.1396801,0.5222106
0.1396801,0.5222106
0.1396801,0.5222106
0.1396801,0.5222106
0.1396801,0.5222106
0.1396801,0.5222106
0.1396801,0.5222106
0.1396801,0.5222106
0.1396801,0.5222106
0.1396801,0.5222106
0.1396801,0.5222106
0.1396801,0.5222106
0.2091938,0.9803923
0.2091938,0.9803923
0.2091938,0.9803923
0.2091938,0.9803923
0.1396801,0.5222106
0.1396801,0.5222106
0.1396801,0.5222106
0.1396801,0.5222106
0.1396801,0.5222106
0.1396801,0.5222106
0.1396801,0.5222106
0.1396801,0.5222106
0.1396801,0.5222106
0.1396801,0.5222106
0.1396801,0.5222106
0.1396801,0.5222106
0.1028713,0.4759456
0.1028713,0.4759456
0.1028713,0.4759456
0.1028713,0.4759456
0.1028713,0.4759456
0.1028713,0.4759456
0.1028713,0.4759456
0.1028713,0.4759456
0.1028713,0.4759456
0.1028713,0.4759456
0.1028713,0.4759456
0.1028713,0.4759456
0.1028713,0.4759456
0.1028713,0.4759456
0.1028713,0.4759456
0.2091938,0.9803923
0.2091938,0.9803923
0.2091938,0.9803923
0.2091938,0.9803923
0.2091938,0.9803923
0.2091938,0.9803923
0.2091938,0.9803923
0.2091938,0.9803923
0.1126516,0.9580784
0.1126516,0.9580784
0.1126516,0.9580784
0.1126516,0.9580784
0.1126516,0.9580784
0.1126516,0.9580784
0.1126516,0.9580784
0.1126516,0.9580784
0.1126516,0.9580784
0.1126516,0.9580784
0.1126516,0.9580784
0.1126516,0.9580784
0.1126516,0.9580784
0.1126516,0.9580784
0.1126516,0.9580784
0.1126516,0.9580784
0.1126516,0.9580784
0.1126516,0.9580784
0.1126516,0.9580784
0.1126516,0.9580784
0.1126516,0.9580784
0.1126516,0.9580784
0.1126516,0.9580784
0.1126516,0.9580784
0.1126516,0.9580784
0.1126516,0.9580784
0.1126516,0.9580784
0.1126516,0.9580784
0.1126516,0.9580784
0.1126516,0.9580784
0.1126516,0.9580784
0.1126516,0.9580784
0.1126516,0.9580784
0.1126516,0.9580784
0.1126516,0.9580784
0.1126516,0.9580784
0.1126516,0.9580784
0.1126516,0.9580784
0.1126516,0.9580784
0.1126516,0.9580784
0.1126516,0.9580784
0.1126516,0.9580784
0.1126516,0.9580784
0.1126516,0.9580784
0.1126516,0.9580784
0.1126516,0.9580784
0.1126516,0.9580784
0.1126516,0.9580784
0.1126516,0.9580784
0.1126516,0.9580784
0.1126516,0.9580784
0.1126516,0.9580784
0.1126516,0.9580784
0.1126516,0.9580784
0.1126516,0.9580784
0.1126516,0.9580784
0.1126516,0.9580784
0.1126516,0.9580784
0.1126516,0.9580784
0.1126516,0.9580784
0.1126516,0.9580784
0.1126516,0.9580784
0.1126516,0.9580784
0.1126516,0.9580784
0.1126516,0.9580784
0.1126516,0.9580784
0.1126516,0.9580784
0.1126516,0.9580784
0.1126516,0.9580784
0.1126516,0.9580784
0.2091938,0.9803923
0.2091938,0.9803923
0.2091938,0.9803923
0.2091938,0.9803923
0.2091938,0.9803923
0.2091938,0.9803923
0.2091938,0.9803923
0.2091938,0.9803923
0.2091938,0.9803923
0.2091938,0.9803923
0.2091938,0.9803923
0.2091938,0.9803923
0.2091938,0.9803923
0.2091938,0.9803923
0.2091938,0.9803923
0.2091938,0.9803923
0.2091938,0.9803923
0.2091938,0.9803923
0.2091938,0.9803923
0.2091938,0.9803923
0.2091938,0.9803923
0.2091938,0.9803923
0.2091938,0.9803923
0.2091938,0.9803923
0.2091938,0.9803923
0.2091938,0.9803923
0.2091938,0.9803923
0.2091938,0.9803923
0.2091938,0.9803923
0.2091938,0.9803923
0.2091938,0.9803923
0.2091938,0.9803923
0.2091938,0.9803923
0.2091938,0.9803923
0.2091938,0.9803923
0.2091938,0.9803923
0.1126516,0.9580784
0.1126516,0.9580784
0.1126516,0.9580784
0.1126516,0.9580784
0.1126516,0.9580784
0.1126516,0.9580784
0.1126516,0.9580784
0.1126516,0.9580784
0.1126516,0.9580784
0.1126516,0.9580784
0.1126516,0.9580784
0.1126516,0.9580784
0.1126516,0.9580784
0.1126516,0.9580784
0.1126516,0.9580784
0.1126516,0.9580784
0.1126516,0.9580784
0.1126516,0.9580784
0.1126516,0.9580784
0.1126516,0.9580784
0.1126516,0.9580784
0.1126516,0.9580784
0.1126516,0.9580784
0.1126516,0.9580784
0.1126516,0.9580784
0.1126516,0.9580784
0.1126516,0.9580784
0.1126516,0.9580784
0.1126516,0.9580784
0.1126516,0.9580784
0.1126516,0.9580784
0.1126516,0.9580784
0.1126516,0.9580784
0.1126516,0.9580784
0.1126516,0.9580784
0.1126516,0.9580784
0.2091938,0.9803923
0.2091938,0.9803923
0.2091938,0.9803923
0.2091938,0.9803923
0.2091938,0.9803923
0.2091938,0.9803923
0.2091938,0.9803923
0.2091938,0.9803923
0.2091938,0.9803923
0.2091938,0.9803923
0.2091938,0.9803923
0.2091938,0.9803923
0.2091938,0.9803923
0.2091938,0.9803923
0.2091938,0.9803923
0.2091938,0.9803923
0.2091938,0.9803923
0.2091938,0.9803923
0.2091938,0.9803923
0.2091938,0.9803923
0.2091938,0.9803923
0.2091938,0.9803923
0.2091938,0.9803923
0.2091938,0.9803923
0.2091938,0.9803923
0.2091938,0.9803923
0.2091938,0.9803923
0.2091938,0.9803923
0.2091938,0.9803923
0.2091938,0.9803923
0.2091938,0.9803923
0.2091938,0.9803923
0.2091938,0.9803923
0.2091938,0.9803923
0.2091938,0.9803923
0.2091938,0.9803923
0.2091938,0.9803923
0.2091938,0.9803923
0.2091938,0.9803923
0.2091938,0.9803923
0.2091938,0.9803923
0.1676707,0.524077
0.1676707,0.524077
0.1676707,0.524077
0.1676707,0.524077
0.2091938,0.9803923
0.2091938,0.9803923
0.2091938,0.9803923
0.2091938,0.9803923
0.2091938,0.9803923
0.2091938,0.9803923
0.2091938,0.9803923
0.2091938,0.9803923
0.2091938,0.9803923
0.2091938,0.9803923
0.2091938,0.9803923
0.2091938,0.9803923
0.1676707,0.524077
0.1676707,0.524077
0.1676707,0.524077
0.1676707,0.524077
0.2091938,0.9803923
0.2091938,0.9803923
0.2091938,0.9803923
0.2091938,0.9803923
0.1676707,0.524077
0.1676707,0.524077
0.1676707,0.524077
0.1676707,0.524077
0.1676707,0.524077
0.1676707,0.524077
0.1676707,0.524077
0.1676707,0.524077
0.1676707,0.524077
0.1676707,0.524077
0.1676707,0.524077
0.1676707,0.524077
0.1676707,0.524077
0.1676707,0.524077
0.1676707,0.524077
0.1676707,0.524077
0.1676707,0.524077
0.1676707,0.524077
0.1676707,0.524077
0.1676707,0.524077
0.1676707,0.524077
0.1676707,0.524077
0.1676707,0.524077
0.1676707,0.524077
0.1676707,0.524077
0.1676707,0.524077
0.1676707,0.524077
0.1676707,0.524077
0.1676707,0.524077
0.1676707,0.524077
0.1676707,0.524077
0.1676707,0.524077
0.1676707,0.524077
0.1676707,0.524077
0.1676707,0.524077
0.1676707,0.524077
0.1676707,0.524077
0.1676707,0.524077
0.1676707,0.524077
0.1676707,0.524077
0.1676707,0.524077
0.1676707,0.524077
0.1676707,0.524077
0.1676707,0.524077
0.1676707,0.524077
0.1676707,0.524077
0.1676707,0.524077
0.1676707,0.524077
0.1676707,0.524077
0.1676707,0.524077
0.1676707,0.524077
0.1676707,0.524077
0.1676707,0.524077
0.1676707,0.524077
0.1676707,0.524077
0.1676707,0.524077
0.1676707,0.524077
0.1676707,0.524077
0.1676707,0.524077
0.1676707,0.524077
0.1676707,0.524077
0.1676707,0.524077
0.1676707,0.524077
0.1676707,0.524077
0.1676707,0.524077
0.1676707,0.524077
0.2091938,0.9803923
0.2091938,0.9803923
0.2091938,0.9803923
0.2091938,0.9803923
0.2091938,0.9803923
0.2091938,0.9803923
0.2091938,0.9803923
0.2091938,0.9803923
0.2091938,0.9803923
0.2091938,0.9803923
0.2091938,0.9803923
0.2091938,0.9803923
0.2091938,0.9803923
0.2091938,0.9803923
0.2091938,0.9803923
0.2091938,0.9803923
0.2091938,0.9803923
0.2091938,0.9803923
0.2091938,0.9803923
0.2091938,0.9803923
0.2091938,0.9803923
0.2091938,0.9803923
0.1063136,0.95836
0.1063136,0.95836
0.1063136,0.95836
0.1063136,0.95836
0.1063136,0.95836
0.1063136,0.95836
0.1063136,0.95836
0.1063136,0.95836
0.1063136,0.95836
0.1063136,0.95836
0.1063136,0.95836
0.1063136,0.95836
0.1063136,0.95836
0.1063136,0.95836
0.1063136,0.95836
0.1063136,0.95836
0.1063136,0.95836
0.1063136,0.95836
0.1063136,0.95836
0.1063136,0.95836
0.1063136,0.95836
0.1063136,0.95836
0.1063136,0.95836
0.1063136,0.95836
0.1063136,0.95836
0.1063136,0.95836
0.1063136,0.95836
0.1063136,0.95836
0.2091938,0.9803923
0.2091938,0.9803923
0.2091938,0.9803923
0.2091938,0.9803923
0.2091938,0.9803923
0.2091938,0.9803923
0.2091938,0.9803923
0.2091938,0.9803923
0.2091938,0.9803923
0.2091938,0.9803923
0.2091938,0.9803923
0.2091938,0.9803923
0.2091938,0.9803923
0.2091938,0.9803923
0.2091938,0.9803923
0.2091938,0.9803923
0.2091938,0.9803923
0.2091938,0.9803923
0.2091938,0.9803923
0.1676707,0.524077
0.1676707,0.524077
0.1676707,0.524077
0.1676707,0.524077
0.1676707,0.524077
0.1676707,0.524077
0.1676707,0.524077
0.1676707,0.524077
0.1676707,0.524077
0.1676707,0.524077
0.2091938,0.9803923
0.2091938,0.9803923
0.2091938,0.9803923
0.2091938,0.9803923
0.2091938,0.9803923
0.2091938,0.9803923
0.2091938,0.9803923
0.2091938,0.9803923
0.2091938,0.9803923
0.2091938,0.9803923
0.2091938,0.9803923
0.2091938,0.9803923
0.1676707,0.524077
0.1676707,0.524077
0.1676707,0.524077
0.1676707,0.524077
0.2091938,0.9803923
0.2091938,0.9803923
0.2091938,0.9803923
0.2091938,0.9803923
0.2091938,0.9803923
0.2091938,0.9803923
0.2091938,0.9803923
0.2091938,0.9803923
0.2091938,0.9803923
0.2091938,0.9803923
0.2091938,0.9803923
0.1562356,0.5357736
0.1562356,0.5357736
0.1562356,0.5357736
0.1562356,0.5357736
0.1562356,0.5357736
0.1562356,0.5357736
0.1562356,0.5357736
0.1562356,0.5357736
0.1562356,0.5357736
0.1562356,0.5357736
0.1562356,0.5357736
0.1562356,0.5357736
0.1562356,0.5357736
0.1562356,0.5357736
0.1562356,0.5357736
0.1562356,0.5357736
0.1562356,0.5357736
0.1562356,0.5357736
0.1562356,0.5357736
0.1562356,0.5357736
0.1562356,0.5357736
0.1562356,0.5357736
0.1562356,0.5357736
0.1562356,0.5357736
0.2091938,0.9803923
0.2091938,0.9803923
0.2091938,0.9803923
0.2091938,0.9803923
0.2091938,0.9803923
0.2091938,0.9803923
0.2091938,0.9803923
0.2091938,0.9803923
0.2091938,0.9803923
0.2091938,0.9803923
0.2091938,0.9803923
0.2091938,0.9803923
0.2091938,0.9803923
0.2091938,0.9803923
0.2091938,0.9803923
0.2091938,0.9803923
0.2091938,0.9803923
0.2091938,0.9803923
0.2091938,0.9803923
0.2091938,0.9803923
0.2091938,0.9803923
0.2091938,0.9803923
0.2091938,0.9803923
0.2091938,0.9803923
0.2091938,0.9803923
0.2091938,0.9803923
0.2091938,0.9803923
0.2091938,0.9803923
0.08984375,0.9628906
0.08984375,0.9628906
0.08984375,0.9628906
0.08984375,0.9628906
0.08984375,0.9628906
0.08984375,0.9628906
0.08984375,0.9628906
0.08984375,0.9628906
0.08984375,0.9628906
0.08984375,0.9628906
0.08984375,0.9628906
0.08984375,0.9628906
0.08984375,0.9628906
0.08984375,0.9628906
0.08984375,0.9628906
0.08984375,0.9628906
0.08984375,0.9628906
0.08984375,0.9628906
0.08984375,0.9628906
0.08984375,0.9628906
0.08984375,0.9628906
0.08984375,0.9628906
0.08984375,0.9628906
0.08984375,0.9628906
0.08984375,0.9628906
0.08984375,0.9628906
0.08984375,0.9628906
0.08984375,0.9628906
0.08984375,0.9628906
0.08984375,0.9628906
0.08984369,0.9628906
0.08984375,0.9628906
0.08984375,0.9628906
0.08984375,0.9628906
0.08984369,0.9628906
0.08984375,0.9628906
0.08984369,0.9628906
0.08984375,0.9628906
0.08984369,0.9628906
0.4003906,0.4733019
0.4003906,0.4733019
0.4003906,0.4733019
0.4003906,0.4733019
0.08984375,0.9628906
0.08984375,0.9628906
0.08984375,0.9628906
0.08984375,0.9628906
0.08984375,0.9628906
0.08984375,0.9628906
0.08984375,0.9628906
0.08984375,0.9628906
0.2091938,0.9803923
0.2091938,0.9803923
0.2091938,0.9803923
0.2091938,0.9803923
0.2091938,0.9803923
0.2091938,0.9803923
0.2091938,0.9803923
0.2091938,0.9803923
0.2091938,0.9803923
0.2091938,0.9803923
0.2091938,0.9803923
0.2091938,0.9803923
0.2091938,0.9803923
0.2091938,0.9803923
0.2091938,0.9803923
0.2091938,0.9803923
0.2091938,0.9803923
0.2091938,0.9803923
0.2091938,0.9803923
0.2091938,0.9803923
0.2091938,0.9803923
0.2091938,0.9803923
0.2091938,0.9803923
0.2091938,0.9803923
0.2091938,0.9803923
0.2091938,0.9803923
0.2091938,0.9803923
0.2091938,0.9803923
0.2091938,0.9803923
0.2091938,0.9803923
0.2091938,0.9803923
0.2091938,0.9803923
0.2091938,0.9803923
0.2091938,0.9803923
0.2091938,0.9803923
0.2091938,0.9803923
0.2091938,0.9803923
0.2091938,0.9803923
0.2091938,0.9803923
0.2091938,0.9803923
0.2091938,0.9803923
0.2091938,0.9803923
0.2091938,0.9803923
0.2091938,0.9803923
0.2091938,0.9803923
0.2091938,0.9803923
0.2091938,0.9803923
0.2091938,0.9803923
0.2091938,0.9803923
0.2091938,0.9803923
0.2091938,0.9803923
0.2091938,0.9803923
0.2091938,0.9803923
0.2091938,0.9803923
0.2091938,0.9803923
0.2091938,0.9803923
0.2091938,0.9803923
0.2091938,0.9803923
0.2091938,0.9803923
0.2091938,0.9803923
0.2091938,0.9803923
0.2091938,0.9803923
0.2091938,0.9803923
0.2091938,0.9803923
0.2091938,0.9803923
0.2091938,0.9803923
0.2088934,0.9816002
0.2088934,0.9816002
0.2088934,0.9816002
0.2088934,0.9816002
0.2088934,0.9816002
0.2088934,0.9816002
0.2088934,0.9816002
0.2088934,0.9816002
0.2088934,0.9816002
0.2088934,0.9816002
0.2088934,0.9816002
0.2088934,0.9816002
0.2088934,0.9816002
0.2088934,0.9816002
0.2088934,0.9816002
0.2088934,0.9816002
0.2088934,0.9816002
0.2088934,0.9816002
0.2088934,0.9816002
0.2088934,0.9816002
0.2088934,0.9816002
0.2088934,0.9816002
0.2088934,0.9816002
0.2088934,0.9816002
0.2088934,0.9816002
0.2088934,0.9816002
0.1676707,0.524077
0.1676707,0.524077
0.1676707,0.524077
0.1676707,0.524077
0.1676707,0.524077
0.1676707,0.524077
0.1676707,0.524077
0.1676707,0.524077
0.1676707,0.524077
0.1676707,0.524077
0.1676707,0.524077
0.1676707,0.524077
0.1676707,0.524077
0.1676707,0.524077
0.1676707,0.524077
0.1676707,0.524077
0.1676707,0.524077
0.1676707,0.524077
0.1676707,0.524077
0.1676707,0.524077
0.1676707,0.524077
0.1676707,0.524077
0.1676707,0.524077
0.1676707,0.524077
0.1676707,0.524077
0.1676707,0.524077
0.1676707,0.524077
0.1676707,0.524077
0.1676707,0.524077
0.1676707,0.524077
0.1676707,0.524077
0.1676707,0.524077
0.1676707,0.524077
0.1676707,0.524077
0.1676707,0.524077
0.1676707,0.524077
0.1676707,0.524077
0.1676707,0.524077
0.1676707,0.524077
0.1676707,0.524077
0.1676707,0.524077
0.1676707,0.524077
0.1676707,0.524077
0.1676707,0.524077
0.1676707,0.524077
0.1676707,0.524077
0.1676707,0.524077
0.1676707,0.524077
0.1676707,0.524077
0.1676707,0.524077
0.1676707,0.524077
0.1676707,0.524077
0.1676707,0.524077
0.1676707,0.524077
0.1676707,0.524077
0.1676707,0.524077
0.1676707,0.524077
0.1676707,0.524077
0.1676707,0.524077
0.1676707,0.524077
0.1676707,0.524077
0.1676707,0.524077
0.1676707,0.524077
0.1676707,0.524077
0.1676707,0.524077
0.1676707,0.524077
0.1676707,0.524077
0.1676707,0.524077
0.1676707,0.524077
0.1676707,0.524077
0.1676707,0.524077
0.1676707,0.524077
0.1676707,0.524077
0.1676707,0.524077
0.1676707,0.524077
0.1676707,0.524077
0.1676707,0.524077
0.1676707,0.524077
0.1676707,0.524077
0.1676707,0.524077
0.1676707,0.524077
0.1676707,0.524077
0.1676707,0.524077
0.1676707,0.524077
0.1676707,0.524077
0.1676707,0.524077
0.1676707,0.524077
0.1676707,0.524077
0.1676707,0.524077
0.1676707,0.524077
0.1676707,0.524077
0.1676707,0.524077
0.1676707,0.524077
0.1676707,0.524077
0.1676707,0.524077
0.1676707,0.524077
0.1676707,0.524077
0.1676707,0.524077
0.1676707,0.524077
0.1676707,0.524077
0.1676707,0.524077
0.1676707,0.524077
0.1676707,0.524077
0.1676707,0.524077
0.1676707,0.524077
0.1676707,0.524077
0.1676707,0.524077
0.1676707,0.524077
0.1676707,0.524077
0.1676707,0.524077
0.1676707,0.524077
0.1676707,0.524077
0.1676707,0.524077
0.1676707,0.524077
0.1676707,0.524077
0.1676707,0.524077
0.1676707,0.524077
0.1676707,0.524077
0.1676707,0.524077
0.1676707,0.524077
0.1676707,0.524077
0.1676707,0.524077
0.1676707,0.524077
0.1676707,0.524077
0.1676707,0.524077
0.1676707,0.524077
0.1676707,0.524077
0.1676707,0.524077
0.1676707,0.524077
0.1676707,0.524077
0.2091938,0.9803923
0.2091938,0.9803923
0.2091938,0.9803923
0.2091938,0.9803923
0.2091938,0.9803923
0.1400161,0.5365003
0.1400161,0.5365003
0.1400161,0.5365003
0.1400161,0.5365003
0.1400161,0.5365003
0.1400161,0.5365003
0.1400161,0.5365003
0.1400161,0.5365003
0.1538471,0.5292609
0.1538471,0.5292609
0.1538471,0.5292609
0.1538471,0.5292609
0.1657664,0.5347917
0.1657664,0.5347917
0.1657664,0.5347917
0.1657664,0.5347917
0.1435316,0.5397645
0.1435316,0.5397645
0.1435316,0.5397645
0.1435316,0.5397645
0.1435316,0.5397645
0.1435316,0.5397645
0.1678479,0.536533
0.1678479,0.536533
0.1678479,0.536533
0.1678479,0.536533
0.1400161,0.5365003
0.1400161,0.5365003
0.1400161,0.5365003
0.1400161,0.5365003
0.1678479,0.536533
0.1678479,0.5365331
0.1678479,0.536533
0.1678479,0.536533
0.1678479,0.536533
0.1678479,0.536533
0.1400161,0.5365003
0.1400161,0.5365003
0.1400161,0.5365003
0.1400161,0.5365003
0.1400161,0.5365003
0.1400161,0.5365003
0.1400161,0.5365003
0.1400161,0.5365003
0.1657664,0.5347917
0.1657664,0.5347917
0.1657664,0.5347917
0.1657664,0.5347917
0.1400161,0.5365003
0.1400161,0.5365003
0.1400161,0.5365003
0.1400161,0.5365003
0.1400161,0.5365003
0.1400161,0.5365003
0.1400161,0.5365003
0.1400161,0.5365003
0.1400161,0.5365003
0.1400161,0.5365003
0.07781284,0.9561192
0.07781284,0.9561192
0.07781284,0.9561192
0.07781284,0.9561192
0.07781284,0.9561192
0.07781284,0.9561192
0.07781284,0.9561192
0.07781284,0.9561192
0.07781284,0.9561192
0.07781284,0.9561192
0.07781284,0.9561192
0.07781286,0.9561192
0.07781284,0.9561192
0.07781286,0.9561192
0.07781284,0.9561192
0.07781284,0.9561192
0.07781284,0.9561192
0.07781284,0.9561192
0.07781284,0.9561192
0.07781284,0.9561192
0.07781284,0.9561192
0.07781284,0.9561192
0.07781284,0.9561192
0.07781284,0.9561192
0.07781284,0.9561192
0.07781284,0.9561192
0.07781284,0.9561192
0.07781284,0.9561192
0.07781284,0.9561192
0.07781284,0.9561192
0.07781284,0.9561192
0.07781284,0.9561192
0.07781284,0.9561192
0.07781284,0.9561192
0.07781286,0.9561192
0.07781286,0.9561192
0.07781284,0.9561192
0.07781284,0.9561192
0.07781284,0.9561192
0.07781284,0.9561192
0.07781284,0.9561192
0.07781284,0.9561192
0.07781284,0.9561192
0.07781284,0.9561192
0.07781284,0.9561192
0.07781284,0.9561192
0.07781284,0.9561192
0.07781284,0.9561192
0.07781284,0.9561192
0.07781284,0.9561192
0.07781284,0.9561192
0.07781284,0.9561192
0.07781284,0.9561192
0.07781284,0.9561192
0.07781284,0.9561192
0.07781284,0.9561192
0.07781284,0.9561192
0.07781284,0.9561192
0.07781284,0.9561192
0.07781284,0.9561192
0.07781284,0.9561192
0.07781284,0.9561192
0.07781284,0.9561192
0.07781283,0.9561191
0.07781284,0.9561192
0.07781284,0.9561192
0.07781286,0.9561192
0.07781286,0.9561192
0.07781284,0.9561192
0.07781286,0.9561192
0.07781286,0.9561192
0.07781286,0.9561192
0.07781284,0.9561192
0.07781284,0.9561192
0.07781284,0.9561192
0.07781284,0.9561192
0.07781284,0.9561192
0.07781284,0.9561192
0.07781286,0.9561192
0.07781286,0.9561192
0.07781285,0.9561193
0.07781285,0.9561193
0.07781284,0.9561192
0.07781284,0.9561192
0.07781284,0.9561192
0.07781284,0.9561192
0.07781284,0.9561192
0.07781284,0.9561192
0.07781284,0.9561192
0.07781284,0.9561192
0.07781284,0.9561192
0.07781284,0.9561192
0.07781284,0.9561192
0.07781284,0.9561192
0.07781285,0.9561193
0.07781284,0.9561192
0.07781284,0.9561192
0.07781285,0.9561193
0.07781284,0.9561191
0.07781285,0.9561193
0.07781285,0.9561193
0.07781284,0.9561192
0.07781284,0.9561192
0.07781284,0.9561191
0.07781284,0.9561192
0.07781283,0.9561191
0.07781284,0.9561191
0.07781284,0.9561192
0.07781285,0.9561192
0.07781284,0.9561192
0.07781284,0.9561192
0.07781284,0.9561192
0.07781285,0.9561191
0.07781284,0.9561192
0.07781284,0.9561191
0.07781285,0.9561192
0.07781284,0.9561192
0.07781284,0.9561192
0.07781284,0.9561192
0.07781285,0.9561192
0.07781284,0.9561192
0.07781284,0.9561192
0.07781284,0.9561192
0.07781284,0.9561192
0.07781284,0.9561192
0.07781285,0.9561191
0.07781284,0.9561192
0.07781285,0.9561192
0.07781286,0.9561192
0.07781286,0.9561192
0.07781284,0.9561192
0.07781285,0.9561192
0.07781284,0.9561192
0.07781285,0.9561191
0.07781284,0.9561192
0.07781286,0.9561192
0.07781286,0.9561192
0.07781286,0.9561192
0.07781286,0.9561192
0.07781286,0.9561192
0.07781284,0.9561192
0.07781286,0.9561192
0.07781284,0.9561192
0.07781284,0.9561192
0.07781284,0.9561192
0.07781285,0.9561192
0.07781284,0.9561191
0.18149,0.5396826
0.18149,0.5396826
0.18149,0.5396826
0.18149,0.5396826
0.18149,0.5396826
0.18149,0.5396826
0.18149,0.5396826
0.18149,0.5396826
0.18149,0.5396826
0.18149,0.5396826
0.18149,0.5396826
0.18149,0.5396826
0.18149,0.5396826
0.18149,0.5396826
0.18149,0.5396826
0.18149,0.5396826
0.18149,0.5396826
0.18149,0.5396826
0.18149,0.5396826
0.18149,0.5396826
0.18149,0.5396826
0.18149,0.5396826
0.18149,0.5396826
0.18149,0.5396826
0.07781286,0.9561192
0.07781284,0.9561192
0.07781284,0.9561192
0.07781285,0.9561192
0.07781286,0.9561192
0.07781285,0.9561192
0.07781284,0.9561192
0.07781285,0.9561192
0.07781285,0.9561191
0.07781286,0.9561192
0.07781285,0.9561192
0.07781284,0.9630311
0.07781284,0.9630311
0.07781284,0.9630311
0.07781284,0.9630311
0.07781284,0.9630311
0.07781284,0.9630311
0.07781284,0.9630311
0.07781284,0.9630311
0.07781284,0.9630311
0.07781284,0.9630311
0.07781284,0.9630311
0.07781284,0.9630311
0.07781284,0.9630311
0.07781284,0.9630311
0.07781284,0.9630311
0.07781284,0.9630311
0.07781284,0.9561192
0.07781284,0.9561192
0.07781285,0.9561192
0.07781284,0.9561191
0.07781284,0.9561192
0.07781284,0.9561192
0.07781284,0.9561192
0.07781283,0.9561191
0.07781284,0.9561192
0.07781284,0.9561192
0.07781284,0.9561192
0.07781284,0.9561192
0.07781284,0.9561192
0.07781284,0.9561192
0.07781284,0.9561192
0.07781284,0.9561192
0.07781284,0.9561192
0.07781284,0.9561192
0.1657664,0.5347917
0.1657664,0.5347917
0.1657664,0.5347917
0.1657664,0.5347917
0.1657664,0.5347917
0.1657664,0.5347917
0.1678479,0.536533
0.1678479,0.536533
0.1678479,0.5365331
0.1678479,0.536533
0.1400161,0.5365004
0.1400161,0.5365003
0.1400161,0.5365003
0.1400161,0.5365003
0.1444468,0.5222106
0.1444468,0.5222106
0.1444468,0.5222106
0.1444468,0.5222106
0.1444468,0.5222106
0.1444468,0.5222106
0.1444468,0.5222106
0.1444468,0.5222106
0.2091938,0.9803923
0.2091938,0.9803923
0.2091938,0.9803923
0.2091938,0.9803923
0.2091938,0.9803923
0.2091938,0.9803923
0.2091938,0.9803923
0.2091938,0.9803923
0.2091938,0.9803923
0.2091938,0.9803923
0.2091938,0.9803923
0.2091938,0.9803923
0.2091938,0.9803923
0.2091938,0.9803923
0.1400161,0.5365003
0.1400161,0.5365003
0.1400161,0.5365003
0.1400161,0.5365003
0.1400161,0.5365004
0.1400161,0.5365004
0.1400161,0.5365003
0.1400161,0.5365003
0.1444468,0.5222106
0.1444468,0.5222106
0.1444468,0.5222106
0.1444468,0.5222106
0.1678479,0.5365331
0.1678479,0.5365331
0.1678479,0.536533
0.1678479,0.536533
0.2091938,0.9803923
0.2091938,0.9803923
0.2091938,0.9803923
0.2091938,0.9803923
0.1400161,0.5365003
0.1400161,0.5365003
0.1400161,0.5365003
0.1400161,0.5365003
0.1657664,0.5347917
0.1657664,0.5347917
0.1657664,0.5347918
0.1657664,0.5347917
0.1400161,0.5365004
0.1400161,0.5365003
0.1400161,0.5365003
0.1400161,0.5365003
0.1657664,0.5347917
0.1657664,0.5347917
0.1657664,0.5347917
0.1657664,0.5347918
0.1400161,0.5365003
0.1400161,0.5365003
0.1400161,0.5365003
0.1400161,0.5365003
0.1657664,0.5347917
0.1657664,0.5347917
0.1657664,0.5347917
0.1657664,0.5347917
0.1657664,0.5347917
0.1657664,0.5347917
0.1657664,0.5347918
0.1657664,0.5347917
0.1678479,0.536533
0.1678479,0.536533
0.1678479,0.536533
0.1678479,0.536533
0.1400161,0.5365003
0.1400161,0.5365003
0.1400161,0.5365003
0.1400161,0.5365003
0.1657664,0.5347917
0.1657664,0.5347917
0.1657664,0.5347917
0.1657664,0.5347917
0.1400161,0.5365003
0.1400161,0.5365003
0.1400161,0.5365003
0.1400161,0.5365003
0.1657664,0.5347917
0.1657664,0.5347918
0.1657664,0.5347917
0.1657664,0.5347917
0.1555751,0.5379006
0.1555751,0.5379006
0.1555751,0.5379006
0.1555751,0.5379006
0.1555751,0.5379006
0.1555751,0.5379006
0.1555751,0.5379006
0.1555751,0.5379006
0.1555751,0.5379006
0.1555751,0.5379006
0.1555751,0.5379006
0.1555751,0.5379006
0.1555751,0.5379006
0.1555751,0.5379006
0.1555751,0.5379006
0.1555751,0.5379006
0.1555751,0.5379006
0.1555751,0.5379006
0.1555751,0.5379006
0.1555751,0.5379006
0.1555751,0.5379006
0.1555751,0.5379006
0.1555751,0.5379006
0.1555751,0.5379006
0.1555751,0.5379006
0.1555751,0.5379006
0.1555751,0.5379006
0.1555751,0.5379006
0.1374983,0.527404
0.1374983,0.527404
0.1374983,0.527404
0.1374983,0.527404
0.1374983,0.527404
0.1374983,0.527404
0.1374983,0.527404
0.1374983,0.527404
0.1374983,0.527404
0.1374983,0.527404
0.1374983,0.527404
0.1374983,0.527404
0.1374983,0.527404
0.1374983,0.527404
0.1374983,0.527404
0.1374983,0.527404
0.1374983,0.527404
0.1374983,0.527404
0.1374983,0.527404
0.1374983,0.527404
0.1374983,0.527404
0.1374983,0.527404
0.1374983,0.527404
0.1374983,0.527404
0.1374983,0.527404
0.1374983,0.527404
0.1374983,0.527404
0.1374983,0.527404
0.1374983,0.527404
0.1374983,0.527404
0.1374983,0.527404
0.1374983,0.527404
0.1374983,0.527404
0.1374983,0.527404
0.1374983,0.527404
0.1374983,0.527404
0.1374983,0.527404
0.1374983,0.527404
0.1374983,0.527404
0.1374983,0.527404
0.1374983,0.527404
0.1374983,0.527404
0.1374983,0.527404
0.1374983,0.527404
0.1374983,0.527404
0.1374983,0.527404
0.1374983,0.527404
0.1374983,0.527404
0.1374983,0.527404
0.1374983,0.527404
0.1374983,0.527404
0.1374983,0.527404
0.1374983,0.527404
0.1374983,0.527404
0.1374983,0.527404
0.1374983,0.527404
0.0749236,0.9440705
0.0749236,0.9440705
0.0749236,0.9440705
0.0749236,0.9440705
0.0749236,0.9440705
0.0749236,0.9440705
0.0749236,0.9440705
0.0749236,0.9440705
0.0749236,0.9440705
0.0749236,0.9440705
0.0749236,0.9440705
0.0749236,0.9440705
0.0749236,0.9440705
0.0749236,0.9440705
0.0749236,0.9440705
0.0749236,0.9440705
0.0749236,0.9440705
0.0749236,0.9440705
0.0749236,0.9440705
0.0749236,0.9440705
0.0749236,0.9440705
0.0749236,0.9440705
0.0749236,0.9440705
0.0749236,0.9440705
0.0749236,0.9440705
0.0749236,0.9440705
0.0749236,0.9440705
0.0749236,0.9440705
0.0749236,0.9440705
0.0749236,0.9440705
0.0749236,0.9440705
0.0749236,0.9440705
0.0749236,0.9440705
0.0749236,0.9440705
0.0749236,0.9440705
0.0749236,0.9440705
0.0749236,0.9440705
0.0749236,0.9440705
0.0749236,0.9440705
0.0749236,0.9440705
0.1396801,0.5222106
0.1396801,0.5222106
0.1396801,0.5222106
0.1396801,0.5222106
0.1396801,0.5222106
0.1396801,0.5222106
0.1396801,0.5222106
0.1396801,0.5222106
0.1396801,0.5222106
0.1396801,0.5222106
0.1396801,0.5222106
0.1396801,0.5222106
0.1396801,0.5222106
0.1396801,0.5222106
0.1396801,0.5222106
0.1396801,0.5222106
0.1690288,0.5436163
0.1690288,0.5436163
0.1690288,0.5436163
0.1690288,0.5436163
0.1690288,0.5436163
0.1690288,0.5436163
0.1690288,0.5436163
0.1690288,0.5436163
0.1690288,0.5436163
0.1690288,0.5436163
0.1690288,0.5436163
0.1690288,0.5436163
0.1690288,0.5436163
0.1690288,0.5436163
0.1690288,0.5436163
0.1690288,0.5436163
0.1690288,0.5436163
0.1690288,0.5436163
0.1690288,0.5436163
0.1690288,0.5436163
0.1690288,0.5436163
0.1690288,0.5436163
0.1690288,0.5436163
0.1690288,0.5436163
0.1690288,0.5436163
0.1690288,0.5436163
0.1690288,0.5436163
0.1690288,0.5436163
0.1690288,0.5436163
0.1690288,0.5436163
0.1690288,0.5436163
0.1690288,0.5436163
0.1690288,0.5436163
0.1690288,0.5436163
0.1690288,0.5436163
0.1690288,0.5436163
0.1690288,0.5436163
0.1690288,0.5436163
0.1690288,0.5436163
0.1690288,0.5436163
0.1690288,0.5436163
0.1690288,0.5436163
0.1690288,0.5436163
0.1690288,0.5436163
0.1690288,0.5436163
0.1690288,0.5436163
0.1690288,0.5436163
0.1690288,0.5436163
0.1690288,0.5436163
0.1690288,0.5436163
0.1690288,0.5436163
0.1690288,0.5436163
0.1690288,0.5436163
0.1690288,0.5436163
0.1690288,0.5436163
0.1690288,0.5436163
0.1690288,0.5436163
0.1690288,0.5436163
0.1690288,0.5436163
0.1690288,0.5436163
0.1690288,0.5436163
0.1690288,0.5436163
0.1690288,0.5436163
0.1690288,0.5436163
0.1690288,0.5436163
0.1690288,0.5436163
0.1690288,0.5436163
0.1690288,0.5436163
0.1690288,0.5436163
0.1690288,0.5436163
0.1690288,0.5436163
0.1690288,0.5436163
0.1690288,0.5436163
0.1690288,0.5436163
0.1690288,0.5436163
0.1690288,0.5436163
0.1690288,0.5436163
0.1690288,0.5436163
0.1690288,0.5436163
0.1690288,0.5436163
0.1690288,0.5436163
0.1690288,0.5436163
0.1690288,0.5436163
0.1690288,0.5436163
0.1690288,0.5436163
0.1690288,0.5436163
0.1690288,0.5436163
0.1690288,0.5436163
0.1690288,0.5436163
0.1690288,0.5436163
0.1690288,0.5436163
0.1690288,0.5436163
0.1690288,0.5436163
0.1690288,0.5436163
0.1690288,0.5436163
0.1690288,0.5436163
0.1690288,0.5436163
0.1690288,0.5436163
0.1690288,0.5436163
0.1690288,0.5436163
0.1690288,0.5436163
0.1690288,0.5436163
0.1690288,0.5436163
0.1690288,0.5436163
0.1690288,0.5436163
0.1690288,0.5436163
0.1690288,0.5436163
0.1690288,0.5436163
0.1690288,0.5436163
0.1690288,0.5436163
0.1690288,0.5436163
0.1690288,0.5436163
0.1690288,0.5436163
0.1690288,0.5436163
0.1690288,0.5436163
0.1690288,0.5436163
0.1690288,0.5436163
0.1690288,0.5436163
0.1690288,0.5436163
0.1690288,0.5436163
0.1690288,0.5436163
0.1690288,0.5436163
0.1690288,0.5436163
0.1690288,0.5436163
0.1690288,0.5436163
0.1690288,0.5436163
0.1690288,0.5436163
0.1690288,0.5436163
0.1690288,0.5436163
0.1690288,0.5436163
0.1690288,0.5436163
0.1690288,0.5436163
0.1690288,0.5436163
0.1690288,0.5436163
0.1690288,0.5436163
0.1690288,0.5436163
0.1690288,0.5436163
0.1690288,0.5436163
0.1690288,0.5436163
0.1690288,0.5436163
0.1690288,0.5436163
0.1690288,0.5436163
0.1690288,0.5436163
0.1690288,0.5436163
0.1690288,0.5436163
0.1690288,0.5436163
0.1690288,0.5436163
0.1690288,0.5436163
0.1690288,0.5436163
0.1690288,0.5436163
0.1690288,0.5436163
0.1690288,0.5436163
0.1690288,0.5436163
0.1690288,0.5436163
0.1690288,0.5436163
0.1690288,0.5436163
0.1690288,0.5436163
0.1690288,0.5436163
0.1690288,0.5436163
0.1690288,0.5436163
0.1690288,0.5436163
0.1690288,0.5436163
0.1690288,0.5436163
0.1690288,0.5436163
0.1690288,0.5436163
0.1690288,0.5436163
0.1690288,0.5436163
0.1690288,0.5436163
0.1604156,0.9766622
0.1604156,0.9766622
0.1604156,0.9766622
0.1604156,0.9766622
0.1604156,0.9766622
0.1604156,0.9766622
0.1604156,0.9766622
0.1604156,0.9766622
0.1604156,0.9766622
0.1604156,0.9766622
0.1604156,0.9766622
0.1604156,0.9766622
0.1604156,0.9766622
0.1604156,0.9766622
0.1604156,0.9766622
0.1604156,0.9766622
0.1604156,0.9766622
0.1604156,0.9766622
0.1604156,0.9766622
0.1604156,0.9766622
0.1604156,0.9766622
0.1604156,0.9766622
0.1604156,0.9766622
0.1604156,0.9766622
0.1604156,0.9766622
0.1604156,0.9766622
0.1604156,0.9766622
0.1604156,0.9766622
0.2091938,0.9803923
0.2091938,0.9803923
0.2091938,0.9803923
0.2091938,0.9803923
0.2091938,0.9803923
0.2091938,0.9803923
0.2091938,0.9803923
0.2091938,0.9803923
0.2091938,0.9803923
0.2091938,0.9803923
0.2091938,0.9803923
0.2091938,0.9803923
0.2091938,0.9803923
0.2091938,0.9803923
0.2091938,0.9803923
0.2091938,0.9803923
0.2091938,0.9803923
0.2091938,0.9803923
0.2091938,0.9803923
0.2091938,0.9803923
0.2091938,0.9803923
0.2091938,0.9803923
0.2091938,0.9803923
0.2091938,0.9803923
0.2091938,0.9803923
0.2091938,0.9803923
0.2091938,0.9803923
0.2091938,0.9803923
0.2091938,0.9803923
0.2091938,0.9803923
0.2091938,0.9803923
0.2091938,0.9803923
0.2091938,0.9803923
0.2091938,0.9803923
0.2091938,0.9803923
0.2091938,0.9803923
0.2091938,0.9803923
0.2091938,0.9803923
0.2091938,0.9803923
0.2091938,0.9803923
0.2091938,0.9803923
0.2091938,0.9803923
0.2091938,0.9803923
0.2091938,0.9803923
0.2091938,0.9803923
0.2200515,0.9809073
0.2091938,0.9803923
0.2091938,0.9803923
0.2091938,0.9803923
0.2091938,0.9803923
0.2091938,0.9803923
0.2091938,0.9803923
0.2091938,0.9803923
0.2091938,0.9803923
0.2091938,0.9803923
0.2091938,0.9803923
0.2091938,0.9803923
0.2091938,0.9803923
0.2091938,0.9803923
0.2091938,0.9803923
0.2091938,0.9803923
0.2091938,0.9803923
0.2091938,0.9803923
0.2091938,0.9803923
0.2091938,0.9803923
0.2091938,0.9803923
0.2091938,0.9803923
0.2091938,0.9803923
0.2091938,0.9803923
0.2091938,0.9803923
0.2091938,0.9803923
0.2091938,0.9803923
0.2091938,0.9803923
0.2091938,0.9803923
0.2091938,0.9803923
0.2091938,0.9803923
0.2091938,0.9803923
0.2091938,0.9803923
0.2091938,0.9803923
0.2091938,0.9803923
0.2091938,0.9803923
0.2091938,0.9803923
0.2091938,0.9803923
0.2091938,0.9803923
0.2091938,0.9803923
0.2091938,0.9803923
0.2091938,0.9803923
0.2091938,0.9803923
0.2091938,0.9803923
0.2091938,0.9803923
0.2091938,0.9803923
0.2091938,0.9803923
0.2091938,0.9803923
0.2091938,0.9803923
0.2091938,0.9803923
0.2091938,0.9803923
0.2091938,0.9803923
0.2091938,0.9803923
0.2091938,0.9803923
0.2091938,0.9803923
0.2091938,0.9803923
0.2091938,0.9803923
0.2091938,0.9803923
0.2091938,0.9803923
0.2091938,0.9803923
0.2091938,0.9803923
0.2091938,0.9803923
0.2091938,0.9803923
0.2091938,0.9803923
0.2091938,0.9803923
0.2091938,0.9803923
0.2091938,0.9803923
0.2091938,0.9803923
0.2091938,0.9803923
0.2091938,0.9803923
0.2091938,0.9803923
0.2091938,0.9803923
0.2091938,0.9803923
0.2091938,0.9803923
0.2091938,0.9803923
0.2091938,0.9803923
0.2091938,0.9803923
0.2091938,0.9803923
0.2091938,0.9803923
0.2091938,0.9803923
0.2091938,0.9803923
0.2091938,0.9803923
0.2091938,0.9803923
0.1396801,0.5222106
0.1396801,0.5222106
0.1396801,0.5222106
0.1396801,0.5222106
0.1396801,0.5222106
0.1396801,0.5222106
0.1396801,0.5222106
0.1396801,0.5222106
0.1396801,0.5222106
0.1396801,0.5222106
0.1396801,0.5222106
0.1396801,0.5222106
0.1396801,0.5222106
0.1396801,0.5222106
0.1657664,0.5347917
0.1657664,0.5347917
0.1657664,0.5347917
0.1657664,0.5347917
0.1538471,0.5292609
0.1538471,0.5292609
0.1538471,0.5292609
0.1538471,0.5292609
0.1396801,0.5222106
0.1396801,0.5222106
0.1396801,0.5222106
0.1396801,0.5222106
0.1396801,0.5222106
0.1396801,0.5222106
0.1396801,0.5222106
0.1396801,0.5222106
0.1396801,0.5222106
0.1396801,0.5222106
0.1396801,0.5222106
0.1396801,0.5222106
0.1396801,0.5222106
0.1396801,0.5222106
0.2091938,0.9803923
0.2091938,0.9803923
0.2091938,0.9803923
0.2091938,0.9803923
0.2091938,0.9803923
0.2091938,0.9803923
0.2091938,0.9803923
0.2091938,0.9803923
0.2091938,0.9803923
0.2091938,0.9803923
0.2091938,0.9803923
0.2091938,0.9803923
0.2091938,0.9803923
0.2091938,0.9803923
0.2091938,0.9803923
0.2091938,0.9803923
0.2091938,0.9803923
0.2091938,0.9803923
0.2091938,0.9803923
0.2091938,0.9803923
0.2091938,0.9803923
0.2091938,0.9803923
0.2091938,0.9803923
0.2091938,0.9803923
0.2091938,0.9803923
0.2091938,0.9803923
0.2091938,0.9803923
0.2091938,0.9803923
0.2091938,0.9803923
0.2091938,0.9803923
0.2091938,0.9803923
0.2091938,0.9803923
0.2091938,0.9803923
0.2091938,0.9803923
0.2091938,0.9803923
0.2091938,0.9803923
0.2091938,0.9803923
0.2091938,0.9803923
0.2091938,0.9803923
0.2091938,0.9803923
0.2091938,0.9803923
0.2091938,0.9803923
0.2091279,0.9803892
0.1538471,0.5292609
0.1538471,0.5292609
0.1538471,0.5292609
0.1538471,0.5292609
0.1538471,0.5292609
0.1538471,0.5292609
0.1538471,0.5292609
0.1538471,0.5292609
0.1538471,0.5292609
0.1538471,0.5292609
0.1538471,0.5292609
0.1538471,0.5292609
0.1538471,0.5292609
0.1538471,0.5292609
0.2091938,0.9803923
0.2091938,0.9803923
0.2091938,0.9803923
0.2091938,0.9803923
0.2091938,0.9803923
0.2091938,0.9803923
0.2091938,0.9803923
0.2091938,0.9803923
0.1396801,0.5222106
0.1396801,0.5222106
0.1396801,0.5222106
0.1396801,0.5222106
0.1396801,0.5222106
0.1396801,0.5222106
0.1396801,0.5222106
0.1396801,0.5222106
0.1396801,0.5222106
0.1396801,0.5222106
0.1396801,0.5222106
0.1396801,0.5222106
0.1396801,0.5222106
0.1396801,0.5222106
0.1396801,0.5222106
0.1396801,0.5222106
0.1396801,0.5222106
0.1396801,0.5222106
0.1396801,0.5222106
0.1396801,0.5222106
0.1396801,0.5222106
0.1396801,0.5222106
0.1396801,0.5222106
0.1396801,0.5222106
0.1396801,0.5222106
0.1396801,0.5222106
0.1396801,0.5222106
0.1396801,0.5222106
0.1396801,0.5222106
0.1396801,0.5222106
0.1396801,0.5222106
0.1396801,0.5222106
0.1396801,0.5222106
0.1396801,0.5222106
0.1396801,0.5222106
0.1396801,0.5222106
0.1396801,0.5222106
0.1396801,0.5222106
0.1396801,0.5222106
0.1396801,0.5222106
0.1396801,0.5222106
0.1396801,0.5222106
0.1396801,0.5222106
0.1396801,0.5222106
0.1396801,0.5222106
0.1396801,0.5222106
0.1396801,0.5222106
0.1396801,0.5222106
0.1396801,0.5222106
0.1396801,0.5222106
0.1396801,0.5222106
0.1396801,0.5222106
0.1396801,0.5222106
0.1396801,0.5222106
0.2091938,0.9803923
0.2091938,0.9803923
0.2091938,0.9803923
0.2091938,0.9803923
0.1396801,0.5222106
0.1396801,0.5222106
0.1396801,0.5222106
0.1396801,0.5222106
0.1396801,0.5222106
0.1396801,0.5222106
0.1396801,0.5222106
0.1396801,0.5222106
0.1396801,0.5222106
0.1396801,0.5222106
0.1396801,0.5222106
0.1396801,0.5222106
0.1028713,0.4759456
0.1028713,0.4759456
0.1028713,0.4759456
0.1028713,0.4759456
0.1028713,0.4759456
0.1028713,0.4759456
0.1028713,0.4759456
0.1028713,0.4759456
0.1028713,0.4759456
0.1028713,0.4759456
0.1028713,0.4759456
0.1028713,0.4759456
0.1028713,0.4759456
0.1028713,0.4759456
0.1028713,0.4759456
0.2091938,0.9803923
0.2091938,0.9803923
0.2091938,0.9803923
0.2091938,0.9803923
0.2091938,0.9803923
0.2091938,0.9803923
0.2091938,0.9803923
0.2091938,0.9803923
0.1126516,0.9580784
0.1126516,0.9580784
0.1126516,0.9580784
0.1126516,0.9580784
0.1126516,0.9580784
0.1126516,0.9580784
0.1126516,0.9580784
0.1126516,0.9580784
0.1126516,0.9580784
0.1126516,0.9580784
0.1126516,0.9580784
0.1126516,0.9580784
0.1126516,0.9580784
0.1126516,0.9580784
0.1126516,0.9580784
0.1126516,0.9580784
0.1126516,0.9580784
0.1126516,0.9580784
0.1126516,0.9580784
0.1126516,0.9580784
0.1126516,0.9580784
0.1126516,0.9580784
0.1126516,0.9580784
0.1126516,0.9580784
0.1126516,0.9580784
0.1126516,0.9580784
0.1126516,0.9580784
0.1126516,0.9580784
0.1126516,0.9580784
0.1126516,0.9580784
0.1126516,0.9580784
0.1126516,0.9580784
0.1126516,0.9580784
0.1126516,0.9580784
0.1126516,0.9580784
0.1126516,0.9580784
0.1126516,0.9580784
0.1126516,0.9580784
0.1126516,0.9580784
0.1126516,0.9580784
0.1126516,0.9580784
0.1126516,0.9580784
0.1126516,0.9580784
0.1126516,0.9580784
0.1126516,0.9580784
0.1126516,0.9580784
0.1126516,0.9580784
0.1126516,0.9580784
0.1126516,0.9580784
0.1126516,0.9580784
0.1126516,0.9580784
0.1126516,0.9580784
0.1126516,0.9580784
0.1126516,0.9580784
0.1126516,0.9580784
0.1126516,0.9580784
0.1126516,0.9580784
0.1126516,0.9580784
0.2091938,0.9803923
0.2091938,0.9803923
0.2091938,0.9803923
0.2091938,0.9803923
0.1126516,0.9580784
0.1126516,0.9580784
0.1126516,0.9580784
0.1126516,0.9580784
0.2091938,0.9803923
0.2091938,0.9803923
0.2091938,0.9803923
0.2091938,0.9803923
0.2091938,0.9803923
0.2091938,0.9803923
0.2091938,0.9803923
0.2091938,0.9803923
0.2091938,0.9803923
0.2091938,0.9803923
0.2091938,0.9803923
0.2091938,0.9803923
0.2091938,0.9803923
0.2091938,0.9803923
0.2091938,0.9803923
0.2091938,0.9803923
0.2091938,0.9803923
0.2091938,0.9803923
0.2091938,0.9803923
0.2091938,0.9803923
0.2091938,0.9803923
0.2091938,0.9803923
0.2091938,0.9803923
0.2091938,0.9803923
0.2091938,0.9803923
0.2091938,0.9803923
0.2091938,0.9803923
0.2091938,0.9803923
0.2091938,0.9803923
0.2091938,0.9803923
0.2091938,0.9803923
0.2091938,0.9803923
0.2091938,0.9803923
0.2091938,0.9803923
0.2091938,0.9803923
0.2091938,0.9803923
0.2091938,0.9803923
0.2091938,0.9803923
0.2091938,0.9803923
0.2091938,0.9803923
0.2091938,0.9803923
0.1676707,0.524077
0.1676707,0.524077
0.1676707,0.524077
0.1676707,0.524077
0.2091938,0.9803923
0.2091938,0.9803923
0.2091938,0.9803923
0.2091938,0.9803923
0.2091938,0.9803923
0.2091938,0.9803923
0.2091938,0.9803923
0.2091938,0.9803923
0.2091938,0.9803923
0.2091938,0.9803923
0.2091938,0.9803923
0.2091938,0.9803923
0.1676707,0.524077
0.1676707,0.524077
0.1676707,0.524077
0.1676707,0.524077
0.2091938,0.9803923
0.2091938,0.9803923
0.2091938,0.9803923
0.2091938,0.9803923
0.1676707,0.524077
0.1676707,0.524077
0.1676707,0.524077
0.1676707,0.524077
0.1676707,0.524077
0.1676707,0.524077
0.1676707,0.524077
0.1676707,0.524077
0.1676707,0.524077
0.1676707,0.524077
0.1676707,0.524077
0.1676707,0.524077
0.1676707,0.524077
0.1676707,0.524077
0.1676707,0.524077
0.1676707,0.524077
0.1676707,0.524077
0.1676707,0.524077
0.1676707,0.524077
0.1676707,0.524077
0.1676707,0.524077
0.1676707,0.524077
0.1676707,0.524077
0.1676707,0.524077
0.1676707,0.524077
0.1676707,0.524077
0.1676707,0.524077
0.1676707,0.524077
0.1676707,0.524077
0.1676707,0.524077
0.1676707,0.524077
0.1676707,0.524077
0.1676707,0.524077
0.1676707,0.524077
0.1676707,0.524077
0.1676707,0.524077
0.1676707,0.524077
0.1676707,0.524077
0.1676707,0.524077
0.1676707,0.524077
0.1676707,0.524077
0.1676707,0.524077
0.1676707,0.524077
0.1676707,0.524077
0.1676707,0.524077
0.1676707,0.524077
0.1676707,0.524077
0.1676707,0.524077
0.1676707,0.524077
0.1676707,0.524077
0.1676707,0.524077
0.1676707,0.524077
0.1676707,0.524077
0.1676707,0.524077
0.1676707,0.524077
0.1676707,0.524077
0.1676707,0.524077
0.1676707,0.524077
0.1676707,0.524077
0.1676707,0.524077
0.1676707,0.524077
0.1676707,0.524077
0.1676707,0.524077
0.1676707,0.524077
0.1676707,0.524077
0.1676707,0.524077
0.2091938,0.9803923
0.2091938,0.9803923
0.2091938,0.9803923
0.2091938,0.9803923
0.2091938,0.9803923
0.2091938,0.9803923
0.2091938,0.9803923
0.2091938,0.9803923
0.2091938,0.9803923
0.2091938,0.9803923
0.2091938,0.9803923
0.2091938,0.9803923
0.2091938,0.9803923
0.2091938,0.9803923
0.2091938,0.9803923
0.2091938,0.9803923
0.2091938,0.9803923
0.2091938,0.9803923
0.2091938,0.9803923
0.2091938,0.9803923
0.2091938,0.9803923
0.2091938,0.9803923
0.1063136,0.95836
0.1063136,0.95836
0.1063136,0.95836
0.1063136,0.95836
0.1063136,0.95836
0.1063136,0.95836
0.1063136,0.95836
0.1063136,0.95836
0.1063136,0.95836
0.1063136,0.95836
0.1063136,0.95836
0.1063136,0.95836
0.1063136,0.95836
0.1063136,0.95836
0.1063136,0.95836
0.1063136,0.95836
0.1063136,0.95836
0.1063136,0.95836
0.1063136,0.95836
0.1063136,0.95836
0.1063136,0.95836
0.1063136,0.95836
0.1063136,0.95836
0.1063136,0.95836
0.1063136,0.95836
0.1063136,0.95836
0.1063136,0.95836
0.1063136,0.95836
0.2091938,0.9803923
0.2091938,0.9803923
0.2091938,0.9803923
0.2091938,0.9803923
0.2091938,0.9803923
0.2091938,0.9803923
0.2091938,0.9803923
0.2091938,0.9803923
0.2091938,0.9803923
0.2091938,0.9803923
0.2091938,0.9803923
0.2091938,0.9803923
0.2091938,0.9803923
0.2091938,0.9803923
0.2091938,0.9803923
0.2091938,0.9803923
0.2091938,0.9803923
0.2091938,0.9803923
0.2091938,0.9803923
0.1676707,0.524077
0.1676707,0.524077
0.1676707,0.524077
0.1676707,0.524077
0.1676707,0.524077
0.1676707,0.524077
0.1676707,0.524077
0.1676707,0.524077
0.1676707,0.524077
0.1676707,0.524077
0.2091938,0.9803923
0.2091938,0.9803923
0.2091938,0.9803923
0.2091938,0.9803923
0.2091938,0.9803923
0.2091938,0.9803923
0.2091938,0.9803923
0.2091938,0.9803923
0.1676707,0.524077
0.1676707,0.524077
0.1676707,0.524077
0.1676707,0.524077
0.2091938,0.9803923
0.2091938,0.9803923
0.2091938,0.9803923
0.2091938,0.9803923
0.2091938,0.9803923
0.2091938,0.9803923
0.2091938,0.9803923
0.2091938,0.9803923
0.2091938,0.9803923
0.2091938,0.9803923
0.2091938,0.9803923
0.1562356,0.5357736
0.1562356,0.5357736
0.1562356,0.5357736
0.1562356,0.5357736
0.1562356,0.5357736
0.1562356,0.5357736
0.1562356,0.5357736
0.1562356,0.5357736
0.1562356,0.5357736
0.1562356,0.5357736
0.1562356,0.5357736
0.1562356,0.5357736
0.1562356,0.5357736
0.1562356,0.5357736
0.1562356,0.5357736
0.1562356,0.5357736
0.1562356,0.5357736
0.1562356,0.5357736
0.1562356,0.5357736
0.1562356,0.5357736
0.1562356,0.5357736
0.1562356,0.5357736
0.1562356,0.5357736
0.1562356,0.5357736
0.2091938,0.9803923
0.2091938,0.9803923
0.2091938,0.9803923
0.2091938,0.9803923
0.2091938,0.9803923
0.2091938,0.9803923
0.2091938,0.9803923
0.2091938,0.9803923
0.2091938,0.9803923
0.2091938,0.9803923
0.2091938,0.9803923
0.2091938,0.9803923
0.2091938,0.9803923
0.2091938,0.9803923
0.2091938,0.9803923
0.2091938,0.9803923
0.08984375,0.9628906
0.08984375,0.9628906
0.08984375,0.9628906
0.08984375,0.9628906
0.08984375,0.9628906
0.08984375,0.9628906
0.08984375,0.9628906
0.08984375,0.9628906
0.08984375,0.9628906
0.08984375,0.9628906
0.08984375,0.9628906
0.08984375,0.9628906
0.08984375,0.9628906
0.08984375,0.9628906
0.08984375,0.9628906
0.08984375,0.9628906
0.08984375,0.9628906
0.08984375,0.9628906
0.08984375,0.9628906
0.08984375,0.9628906
0.08984375,0.9628906
0.08984375,0.9628906
0.08984375,0.9628906
0.08984375,0.9628906
0.08984375,0.9628906
0.08984375,0.9628906
0.08984375,0.9628906
0.08984375,0.9628906
0.08984375,0.9628906
0.08984369,0.9628906
0.08984375,0.9628906
0.08984375,0.9628906
0.08984375,0.9628906
0.08984375,0.9628906
0.08984369,0.9628906
0.08984375,0.9628906
0.08984369,0.9628906
0.08984369,0.9628906
0.08984375,0.9628906
0.4003906,0.4733019
0.4003906,0.4733019
0.4003906,0.4733019
0.4003906,0.4733019
0.08984375,0.9628906
0.08984375,0.9628906
0.08984375,0.9628906
0.08984375,0.9628906
0.08984375,0.9628906
0.08984375,0.9628906
0.08984375,0.9628906
0.08984375,0.9628906
0.2091938,0.9803923
0.2091938,0.9803923
0.2091938,0.9803923
0.2091938,0.9803923
0.2091938,0.9803923
0.2091938,0.9803923
0.2091938,0.9803923
0.2091938,0.9803923
0.1676707,0.524077
0.1676707,0.524077
0.1676707,0.524077
0.1676707,0.524077
0.1676707,0.524077
0.1676707,0.524077
0.1676707,0.524077
0.1676707,0.524077
0.1676707,0.524077
0.1676707,0.524077
0.1676707,0.524077
0.1676707,0.524077
0.1676707,0.524077
0.1676707,0.524077
0.1676707,0.524077
0.1676707,0.524077
0.1676707,0.524077
0.1676707,0.524077
0.1676707,0.524077
0.1676707,0.524077
0.1676707,0.524077
0.1676707,0.524077
0.1676707,0.524077
0.1676707,0.524077
0.1676707,0.524077
0.1676707,0.524077
0.1676707,0.524077
0.1676707,0.524077
0.1676707,0.524077
0.1676707,0.524077
0.1676707,0.524077
0.1676707,0.524077
0.1676707,0.524077
0.1676707,0.524077
0.1676707,0.524077
0.1676707,0.524077
0.1676707,0.524077
0.1676707,0.524077
0.1676707,0.524077
0.1676707,0.524077
0.1676707,0.524077
0.1676707,0.524077
0.1676707,0.524077
0.1676707,0.524077
0.1676707,0.524077
0.1676707,0.524077
0.1676707,0.524077
0.1676707,0.524077
0.1676707,0.524077
0.1676707,0.524077
0.1676707,0.524077
0.1676707,0.524077
0.1676707,0.524077
0.1676707,0.524077
0.1676707,0.524077
0.1676707,0.524077
0.1676707,0.524077
0.1676707,0.524077
0.1676707,0.524077
0.1676707,0.524077
0.1676707,0.524077
0.1676707,0.524077
0.1676707,0.524077
0.1676707,0.524077
0.1676707,0.524077
0.1676707,0.524077
0.1676707,0.524077
0.1676707,0.524077
0.1676707,0.524077
0.1676707,0.524077
0.1676707,0.524077
0.1676707,0.524077
0.1676707,0.524077
0.1676707,0.524077
0.1676707,0.524077
0.1676707,0.524077
0.1676707,0.524077
0.1676707,0.524077
0.1676707,0.524077
0.1676707,0.524077
0.1676707,0.524077
0.1676707,0.524077
0.1676707,0.524077
0.1676707,0.524077
0.1676707,0.524077
0.1676707,0.524077
0.1676707,0.524077
0.1676707,0.524077
0.1676707,0.524077
0.1676707,0.524077
0.1676707,0.524077
0.1676707,0.524077
0.1676707,0.524077
0.1676707,0.524077
0.1676707,0.524077
0.1676707,0.524077
0.1676707,0.524077
0.1676707,0.524077
0.1676707,0.524077
0.1676707,0.524077
0.1676707,0.524077
0.1676707,0.524077
0.1676707,0.524077
0.1676707,0.524077
0.1676707,0.524077
0.1676707,0.524077
0.1676707,0.524077
0.1676707,0.524077
0.1676707,0.524077
0.1676707,0.524077
0.1676707,0.524077
0.1676707,0.524077
0.1676707,0.524077
0.1676707,0.524077
0.1676707,0.524077
0.1676707,0.524077
0.1676707,0.524077
0.1676707,0.524077
0.1676707,0.524077
0.1676707,0.524077
0.1676707,0.524077
0.1676707,0.524077
0.1676707,0.524077
0.1676707,0.524077
0.1676707,0.524077
0.1676707,0.524077
0.1676707,0.524077
0.1676707,0.524077
0.1676707,0.524077
0.1676707,0.524077
0.2091938,0.9803923
0.2091938,0.9803923
0.2091938,0.9803923
0.2091938,0.9803923
0.2091938,0.9803923
0.1400161,0.5365003
0.1400161,0.5365003
0.1400161,0.5365003
0.1400161,0.5365003
0.1400161,0.5365003
0.1400161,0.5365003
0.1400161,0.5365003
0.1400161,0.5365003
0.1538471,0.5292609
0.1538471,0.5292609
0.1538471,0.5292609
0.1538471,0.5292609
0.1657664,0.5347917
0.1657664,0.5347917
0.1657664,0.5347917
0.1657664,0.5347917
0.1435316,0.5397645
0.1435316,0.5397645
0.1435316,0.5397645
0.1435316,0.5397645
0.1435316,0.5397645
0.1435316,0.5397645
0.1678479,0.536533
0.1678479,0.536533
0.1678479,0.536533
0.1678479,0.536533
0.1400161,0.5365003
0.1400161,0.5365003
0.1400161,0.5365003
0.1400161,0.5365003
0.1678479,0.536533
0.1678479,0.536533
0.1678479,0.5365331
0.1678479,0.536533
0.1678479,0.536533
0.1678479,0.536533
0.1400161,0.5365003
0.1400161,0.5365003
0.1400161,0.5365003
0.1400161,0.5365003
0.1400161,0.5365003
0.1400161,0.5365003
0.1400161,0.5365003
0.1400161,0.5365003
0.1657664,0.5347917
0.1657664,0.5347917
0.1657664,0.5347917
0.1657664,0.5347917
0.07781284,0.9561192
0.07781284,0.9561192
0.07781284,0.9561192
0.07781283,0.9561191
0.07781284,0.9561192
0.07781284,0.9561192
0.07781286,0.9561192
0.07781286,0.9561192
0.07781284,0.9561192
0.07781286,0.9561192
0.07781286,0.9561192
0.07781286,0.9561192
0.07781284,0.9561192
0.07781284,0.9561192
0.07781284,0.9561192
0.07781284,0.9561192
0.07781284,0.9561192
0.07781286,0.9561192
0.07781286,0.9561192
0.07781284,0.9561192
0.07781284,0.9561191
0.07781283,0.9561191
0.07781284,0.9561192
0.07781284,0.9561192
0.07781286,0.9561192
0.07781286,0.9561192
0.07781286,0.9561192
0.07781286,0.9561192
0.07781286,0.9561192
0.07781284,0.9561192
0.07781284,0.9561192
0.07781284,0.9561192
0.07781284,0.9561192
0.07781284,0.9561191
0.07781285,0.9561192
0.07781285,0.9561192
0.07781286,0.9561192
0.07781285,0.9561191
0.07781284,0.9630311
0.07781284,0.9630311
0.07781284,0.9630311
0.07781284,0.9630311
0.07781284,0.9630311
0.07781284,0.9630311
0.07781284,0.9630311
0.07781284,0.9630311
0.07781284,0.9630311
0.07781284,0.9630311
0.07781284,0.9630311
0.07781284,0.9630311
0.07781284,0.9630311
0.07781284,0.9630311
0.07781284,0.9630311
0.07781284,0.9630311
0.07781284,0.9561192
0.07781285,0.9561192
0.07781284,0.9561191
0.07781285,0.9561191
0.07781284,0.9561192
0.07781284,0.9561192
0.07781285,0.9561192
0.07781285,0.9561191
0.07781284,0.9561192
0.07781283,0.9561191
0.07781284,0.9561192
0.07781284,0.9561192
0.1678479,0.536533
0.1678479,0.536533
0.1678479,0.5365331
0.1678479,0.536533
0.1400161,0.5365004
0.1400161,0.5365003
0.1400161,0.5365003
0.1400161,0.5365003
0.1444468,0.5222106
0.1444468,0.5222106
0.1444468,0.5222106
0.1444468,0.5222106
0.1444468,0.5222106
0.1444468,0.5222106
0.1444468,0.5222106
0.1444468,0.5222106
0.1400161,0.5365003
0.1400161,0.5365003
0.1400161,0.5365003
0.1400161,0.5365003
0.1400161,0.5365004
0.1400161,0.5365003
0.1400161,0.5365003
0.1400161,0.5365004
0.1444468,0.5222106
0.1444468,0.5222106
0.1444468,0.5222106
0.1444468,0.5222106
0.1678479,0.5365331
0.1678479,0.536533
0.1678479,0.536533
0.1678479,0.5365331
0.2091938,0.9803923
0.2091938,0.9803923
0.2091938,0.9803923
0.2091938,0.9803923
0.1400161,0.5365003
0.1400161,0.5365003
0.1400161,0.5365003
0.1400161,0.5365003
0.1657664,0.5347917
0.1657664,0.5347917
0.1657664,0.5347918
0.1657664,0.5347917
0.1400161,0.5365004
0.1400161,0.5365003
0.1400161,0.5365003
0.1400161,0.5365003
0.1657664,0.5347917
0.1657664,0.5347918
0.1657664,0.5347917
0.1657664,0.5347917
0.1400161,0.5365003
0.1400161,0.5365003
0.1400161,0.5365003
0.1400161,0.5365003
0.1657664,0.5347917
0.1657664,0.5347917
0.1657664,0.5347917
0.1657664,0.5347917
0.1657664,0.5347917
0.1657664,0.5347917
0.1657664,0.5347918
0.1657664,0.5347917
0.1678479,0.536533
0.1678479,0.536533
0.1678479,0.536533
0.1678479,0.536533
0.1400161,0.5365003
0.1400161,0.5365003
0.1400161,0.5365003
0.1400161,0.5365003
0.1657664,0.5347917
0.1657664,0.5347917
0.1657664,0.5347917
0.1657664,0.5347917
0.1400161,0.5365003
0.1400161,0.5365003
0.1400161,0.5365003
0.1400161,0.5365003
0.1657664,0.5347917
0.1657664,0.5347917
0.1657664,0.5347917
0.1657664,0.5347918
0.1555751,0.5379006
0.1555751,0.5379006
0.1555751,0.5379006
0.1555751,0.5379006
0.1374983,0.527404
0.1374983,0.527404
0.1374983,0.527404
0.1374983,0.527404
0.1374983,0.527404
0.1374983,0.527404
0.1374983,0.527404
0.1374983,0.527404
0.1374983,0.527404
0.1374983,0.527404
0.1374983,0.527404
0.1374983,0.527404
0.1374983,0.527404
0.1374983,0.527404
0.1374983,0.527404
0.1374983,0.527404
0.1374983,0.527404
0.1374983,0.527404
0.1374983,0.527404
0.1374983,0.527404
0.1374983,0.527404
0.1374983,0.527404
0.1374983,0.527404
0.1374983,0.527404
0.1374983,0.527404
0.1374983,0.527404
0.1374983,0.527404
0.1374983,0.527404
0.1374983,0.527404
0.1374983,0.527404
0.1374983,0.527404
0.1374983,0.527404
0.1374983,0.527404
0.1374983,0.527404
0.1374983,0.527404
0.1374983,0.527404
0.1374983,0.527404
0.1374983,0.527404
0.1374983,0.527404
0.1374983,0.527404
0.1374983,0.527404
0.1374983,0.527404
0.1374983,0.527404
0.1374983,0.527404
0.1374983,0.527404
0.1374983,0.527404
0.1374983,0.527404
0.1374983,0.527404
0.1374983,0.527404
0.1374983,0.527404
0.1374983,0.527404
0.1374983,0.527404
0.1374983,0.527404
0.1374983,0.527404
0.1374983,0.527404
0.1374983,0.527404
0.0749236,0.9440705
0.0749236,0.9440705
0.0749236,0.9440705
0.0749236,0.9440705
0.0749236,0.9440705
0.0749236,0.9440705
0.0749236,0.9440705
0.0749236,0.9440705
0.0749236,0.9440705
0.0749236,0.9440705
0.0749236,0.9440705
0.0749236,0.9440705
0.0749236,0.9440705
0.0749236,0.9440705
0.0749236,0.9440705
0.0749236,0.9440705
0.0749236,0.9440705
0.0749236,0.9440705
0.0749236,0.9440705
0.0749236,0.9440705
0.0749236,0.9440705
0.0749236,0.9440705
0.0749236,0.9440705
0.0749236,0.9440705
0.0749236,0.9440705
0.0749236,0.9440705
0.0749236,0.9440705
0.0749236,0.9440705
0.0749236,0.9440705
0.0749236,0.9440705
0.0749236,0.9440705
0.0749236,0.9440705
0.0749236,0.9440705
0.0749236,0.9440705
0.0749236,0.9440705
0.0749236,0.9440705
0.0749236,0.9440705
0.0749236,0.9440705
0.0749236,0.9440705
0.0749236,0.9440705
0.1690288,0.5436163
0.1690288,0.5436163
0.1690288,0.5436163
0.1690288,0.5436163
0.1690288,0.5436163
0.1690288,0.5436163
0.1690288,0.5436163
0.1690288,0.5436163
0.1690288,0.5436163
0.1690288,0.5436163
0.1690288,0.5436163
0.1690288,0.5436163
0.1690288,0.5436163
0.1690288,0.5436163
0.1690288,0.5436163
0.1690288,0.5436163
0.1690288,0.5436163
0.1690288,0.5436163
0.1690288,0.5436163
0.1690288,0.5436163
0.1690288,0.5436163
0.1690288,0.5436163
0.1690288,0.5436163
0.1690288,0.5436163
0.1690288,0.5436163
0.1690288,0.5436163
0.1690288,0.5436163
0.1690288,0.5436163
0.1690288,0.5436163
0.1690288,0.5436163
0.1690288,0.5436163
0.1690288,0.5436163
0.1690288,0.5436163
0.1690288,0.5436163
0.1690288,0.5436163
0.1690288,0.5436163
0.1690288,0.5436163
0.1690288,0.5436163
0.1690288,0.5436163
0.1690288,0.5436163
0.1690288,0.5436163
0.1690288,0.5436163
0.1690288,0.5436163
0.1690288,0.5436163
0.1690288,0.5436163
0.1690288,0.5436163
0.1690288,0.5436163
0.1690288,0.5436163
0.1690288,0.5436163
0.1690288,0.5436163
0.1690288,0.5436163
0.1690288,0.5436163
0.1690288,0.5436163
0.1690288,0.5436163
0.1690288,0.5436163
0.1690288,0.5436163
0.1690288,0.5436163
0.1690288,0.5436163
0.1690288,0.5436163
0.1690288,0.5436163
0.1690288,0.5436163
0.1690288,0.5436163
0.1690288,0.5436163
0.1690288,0.5436163
0.1690288,0.5436163
0.1690288,0.5436163
0.1690288,0.5436163
0.1690288,0.5436163
0.1690288,0.5436163
0.1690288,0.5436163
0.1690288,0.5436163
0.1690288,0.5436163
0.1690288,0.5436163
0.1690288,0.5436163
0.1690288,0.5436163
0.1690288,0.5436163
0.1690288,0.5436163
0.1690288,0.5436163
0.1690288,0.5436163
0.1690288,0.5436163
0.1690288,0.5436163
0.1690288,0.5436163
0.1690288,0.5436163
0.1690288,0.5436163
0.1690288,0.5436163
0.1690288,0.5436163
0.1690288,0.5436163
0.1690288,0.5436163
0.1690288,0.5436163
0.1690288,0.5436163
0.1690288,0.5436163
0.1690288,0.5436163
0.1690288,0.5436163
0.1690288,0.5436163
0.1690288,0.5436163
0.1690288,0.5436163
0.1690288,0.5436163
0.1690288,0.5436163
0.1690288,0.5436163
0.1690288,0.5436163
0.1690288,0.5436163
0.1690288,0.5436163
0.1690288,0.5436163
0.1690288,0.5436163
0.1690288,0.5436163
0.1690288,0.5436163
0.1690288,0.5436163
0.1690288,0.5436163
0.1690288,0.5436163
0.1690288,0.5436163
0.1690288,0.5436163
0.1690288,0.5436163
0.1690288,0.5436163
0.1690288,0.5436163
0.1690288,0.5436163
0.1690288,0.5436163
0.1690288,0.5436163
0.1690288,0.5436163
0.1690288,0.5436163
0.1690288,0.5436163
0.1690288,0.5436163
0.1690288,0.5436163
0.1690288,0.5436163
0.1690288,0.5436163
0.1690288,0.5436163
0.1690288,0.5436163
0.1690288,0.5436163
0.1690288,0.5436163
0.1690288,0.5436163
0.1690288,0.5436163
0.1690288,0.5436163
0.1690288,0.5436163
0.1690288,0.5436163
0.1690288,0.5436163
0.1690288,0.5436163
0.1690288,0.5436163
0.1690288,0.5436163
0.1690288,0.5436163
0.1690288,0.5436163
0.1690288,0.5436163
0.1690288,0.5436163
0.1690288,0.5436163
0.1690288,0.5436163
0.1690288,0.5436163
0.1690288,0.5436163
0.1690288,0.5436163
0.1690288,0.5436163
0.1690288,0.5436163
0.1690288,0.5436163
0.1690288,0.5436163
0.1690288,0.5436163
0.1690288,0.5436163
0.1690288,0.5436163
0.1690288,0.5436163
0.1690288,0.5436163
0.1690288,0.5436163
0.1690288,0.5436163
0.1690288,0.5436163
0.1690288,0.5436163
0.1690288,0.5436163
0.1690288,0.5436163
0.1690288,0.5436163
0.1690288,0.5436163
0.1690288,0.5436163
0.1690288,0.5436163
0.1690288,0.5436163
0.1690288,0.5436163
0.1690288,0.5436163
0.1604156,0.9766622
0.1604156,0.9766622
0.1604156,0.9766622
0.1604156,0.9766622
0.1657664,0.5347917
0.1657664,0.5347917
0.1657664,0.5347917
0.1657664,0.5347917
0.1657664,0.5347917
0.1657664,0.5347917
0.1657664,0.5347917
0.1657664,0.5347917
0.1657664,0.5347917
0.1657664,0.5347917
0.1400161,0.5365003
0.1400161,0.5365003
0.1400161,0.5365003
0.1400161,0.5365003
0.1400161,0.5365003
0.1400161,0.5365003
0.1400161,0.5365003
0.1400161,0.5365003
0.1400161,0.5365003
0.1400161,0.5365003
0.1657664,0.5347917
0.1657664,0.5347917
0.1657664,0.5347917
0.1657664,0.5347917
0.1087354,0.9700273
0.1087354,0.9700273
0.1087354,0.9700273
0.1087354,0.9700273
0.1087354,0.9700273
0.1087354,0.9700273
0.1087354,0.9700273
0.1087354,0.9700273
0.1087354,0.9700273
0.1087354,0.9700273
0.1087354,0.9700273
0.1087354,0.9700273
0.1087354,0.9700273
0.1087354,0.9700273
0.1087354,0.9700273
0.1087354,0.9700273
0.1087354,0.9700273
0.1087354,0.9700273
0.1087354,0.9700273
0.1087354,0.9700273
0.1087354,0.9700273
0.1087354,0.9700273
0.1087354,0.9700273
0.1087354,0.9700273
0.1087354,0.9700273
0.1087354,0.9700273
0.1087354,0.9700273
0.1087354,0.9700273
0.1087354,0.9700273
0.1087354,0.9700273
0.1087354,0.9700273
0.1087354,0.9700273
0.1087354,0.9700273
0.1087354,0.9700273
0.1087354,0.9700273
0.1087354,0.9700273
0.1087354,0.9700273
0.1087354,0.9700273
0.1087354,0.9700273
0.1087354,0.9700273
0.1087354,0.9700273
0.1087354,0.9700273
0.1087354,0.9700273
0.1087354,0.9700273
0.1087354,0.9700273
0.1087354,0.9700273
0.1087354,0.9700273
0.1087354,0.9700273
0.1087354,0.9700273
0.1087354,0.9700273
0.1087354,0.9700273
0.1087354,0.9700273
0.1087354,0.9700273
0.1087354,0.9700273
0.1087354,0.9700273
0.1087354,0.9700273
0.1087354,0.9700273
0.1087354,0.9700273
0.1087354,0.9700273
0.1087354,0.9700273
0.1087354,0.9700273
0.1087354,0.9700273
0.1087354,0.9700273
0.1087354,0.9700273
0.1087354,0.9700273
0.1087354,0.9700273
0.1087354,0.9700273
0.1087354,0.9700273
0.1087354,0.9700273
0.1087354,0.9700273
0.1087354,0.9700273
0.1087354,0.9700273
0.1087354,0.9700273
0.1087354,0.9700273
0.1087354,0.9700273
0.1087354,0.9700273
0.1087354,0.9700273
0.1087354,0.9700273
0.1087354,0.9700273
0.1087354,0.9700273
0.1087354,0.9700273
0.1087354,0.9700273
0.1087354,0.9700273
0.1087354,0.9700273
0.1087354,0.9700273
0.1087354,0.9700273
0.1087354,0.9700273
0.1087354,0.9700273
0.1087354,0.9700273
0.1087354,0.9700273
0.1087354,0.9700273
0.1087354,0.9700273
0.1087354,0.9700273
0.1087354,0.9700273
0.1087354,0.9700273
0.1087354,0.9700273
0.1087354,0.9700273
0.1087354,0.9700273
0.1087354,0.9700273
0.1087354,0.9700273
0.1087354,0.9700273
0.1087354,0.9700273
0.1087354,0.9700273
0.1087354,0.9700273
0.1087354,0.9700273
0.1087354,0.9700273
0.1087354,0.9700273
0.1087354,0.9700273
0.1087354,0.9700273
0.1087354,0.9700273
0.1087354,0.9700273
0.1087354,0.9700273
0.1087354,0.9700273
0.1087354,0.9700273
0.1087354,0.9700273
0.1087354,0.9700273
0.1087354,0.9700273
0.1087354,0.9700273
0.1087354,0.9700273
0.1087354,0.9700273
0.1087354,0.9700273
0.1087354,0.9700273
0.1087354,0.9700273
0.1087354,0.9700273
0.1087354,0.9700273
0.1087354,0.9700273
0.1087354,0.9700273
0.1087354,0.9700273
0.1087354,0.9700273
0.1087354,0.9700273
0.1087354,0.9700273
0.1087354,0.9700273
0.1087354,0.9700273
0.1087354,0.9700273
0.1087354,0.9700273
0.1087354,0.9700273
0.1087354,0.9700273
0.1087354,0.9700273
0.1087354,0.9700273
0.1087354,0.9700273
0.1087354,0.9700273
0.1087354,0.9700273
0.1087354,0.9700273
0.1087354,0.9700273
0.1087354,0.9700273
0.1087354,0.9700273
0.1087354,0.9700273
0.1087354,0.9700273
0.1087354,0.9700273
0.1087354,0.9700273
0.1087354,0.9700273
0.1087354,0.9700273
0.1087354,0.9700273
0.1087354,0.9700273
0.1087354,0.9700273
0.1087354,0.9700273
0.1087354,0.9700273
0.1087354,0.9700273
0.1087354,0.9700273
0.1087354,0.9700273
0.1087354,0.9700273
0.1087354,0.9700273
0.1087354,0.9700273
0.1087354,0.9700273
0.1087354,0.9700273
0.1087354,0.9700273
0.1087354,0.9700273
0.1087354,0.9700273
0.1087354,0.9700273
0.1087354,0.9700273
0.1087354,0.9700273
0.1087354,0.9700273
0.1087354,0.9700273
0.1087354,0.9700273
0.1087354,0.9700273
0.1087354,0.9700273
0.1087354,0.9700273
0.1087354,0.9700273
0.1087354,0.9700273
0.1087354,0.9700273
0.1087354,0.9700273
0.1087354,0.9700273
0.1087354,0.9700273
0.1087354,0.9700273
0.1087354,0.9700273
0.1087354,0.9700273
0.1087354,0.9700273
0.1087354,0.9700273
0.1087354,0.9700273
0.1087354,0.9700273
0.1087354,0.9700273
0.1087354,0.9700273
0.1087354,0.9700273
0.1087354,0.9700273
0.1087354,0.9700273
0.1087354,0.9700273
0.1087354,0.9700273
0.1087354,0.9700273
0.1087354,0.9700273
0.1087354,0.9700273
0.1087354,0.9700273
0.1087354,0.9700273
0.1087354,0.9700273
0.1087354,0.9700273
0.1087354,0.9700273
0.1087354,0.9700273
0.1087354,0.9700273
0.1087354,0.9700273
0.1087354,0.9700273
0.1087354,0.9700273
0.1087354,0.9700273
0.1087354,0.9700273
0.1087354,0.9700273
0.1087354,0.9700273
0.1087354,0.9700273
0.1087354,0.9700273
0.1087354,0.9700273
0.1087354,0.9700273
0.1087354,0.9700273
0.1087354,0.9700273
0.1087354,0.9700273
0.1087354,0.9700273
0.1087354,0.9700273
0.1087354,0.9700273
0.1087354,0.9700273
0.1087354,0.9700273
0.1087354,0.9700273
0.1087354,0.9700273
0.1087354,0.9700273
0.1087354,0.9700273
0.1087354,0.9700273
0.1087354,0.9700273
0.1087354,0.9700273
0.1087354,0.9700273
0.1087354,0.9700273
0.1087354,0.9700273
0.1087354,0.9700273
0.1087354,0.9700273
0.1087354,0.9700273
0.1087354,0.9700273
0.1087354,0.9700273
0.1087354,0.9700273
0.1087354,0.9700273
0.1087354,0.9700273
0.1087354,0.9700273
0.1087354,0.9700273
0.1087354,0.9700273
0.1087354,0.9700273
0.1087354,0.9700273
0.1087354,0.9700273
0.1087354,0.9700273
0.1087354,0.9700273
0.1087354,0.9700273
0.1087354,0.9700273
0.1087354,0.9700273
0.1087354,0.9700273
0.1087354,0.9700273
0.1087354,0.9700273
0.1087354,0.9700273
0.1087354,0.9700273
0.1087354,0.9700273
0.1087354,0.9700273
0.1087354,0.9700273
0.1087354,0.9700273
0.1087354,0.9700273
0.1087354,0.9700273
0.1087354,0.9700273
0.1087354,0.9700273
0.1087354,0.9700273
0.1087354,0.9700273
0.1087354,0.9700273
0.1087354,0.9700273
0.1087354,0.9700273
0.1087354,0.9700273
0.1087354,0.9700273
0.1087354,0.9700273
0.1087354,0.9700273
0.1087354,0.9700273
0.1087354,0.9700273
0.1087354,0.9700273
0.1087354,0.9700273
0.1087354,0.9700273
0.1087354,0.9700273
0.1087354,0.9700273
0.1087354,0.9700273
0.1087354,0.9700273
0.1087354,0.9700273
0.1087354,0.9700273
0.1087354,0.9700273
0.1087354,0.9700273
0.1087354,0.9700273
0.1087354,0.9700273
0.1087354,0.9700273
0.1087354,0.9700273
0.1087354,0.9700273
0.1087354,0.9700273
0.1087354,0.9700273
0.1087354,0.9700273
0.1087354,0.9700273
0.1087354,0.9700273
0.1087354,0.9700273
0.1087354,0.9700273
0.1087354,0.9700273
0.1087354,0.9700273
0.1087354,0.9700273
0.1087354,0.9700273
0.1087354,0.9700273
0.1087354,0.9700273
0.1087354,0.9700273
0.1087354,0.9700273
0.1087354,0.9700273
0.1087354,0.9700273
0.1087354,0.9700273
0.1087354,0.9700273
0.1087354,0.9700273
0.1087354,0.9700273
0.1087354,0.9700273
0.1087354,0.9700273
0.1087354,0.9700273
0.1087354,0.9700273
0.1087354,0.9700273
0.1087354,0.9700273
0.1087354,0.9700273
0.1087354,0.9700273
0.1087354,0.9700273
0.1087354,0.9700273
0.1087354,0.9700273
0.1087354,0.9700273
0.1087354,0.9700273
0.1087354,0.9700273
0.1087354,0.9700273
0.1087354,0.9700273
0.1087354,0.9700273
0.1087354,0.9700273
0.1087354,0.9700273
0.1087354,0.9700273
0.1087354,0.9700273
0.1087354,0.9700273
0.1087354,0.9700273
0.1087354,0.9700273
0.1087354,0.9700273
0.1087354,0.9700273
0.1087354,0.9700273
0.1087354,0.9700273
0.1087354,0.9700273
0.1087354,0.9700273
0.1087354,0.9700273
0.1087354,0.9700273
0.1087354,0.9700273
0.1087354,0.9700273
0.1087354,0.9700273
0.1087354,0.9700273
0.1087354,0.9700273
0.1087354,0.9700273
0.1087354,0.9700273
0.1087354,0.9700273
0.1087354,0.9700273
0.1087354,0.9700273
0.1087354,0.9700273
0.1087354,0.9700273
0.1087354,0.9700273
0.1087354,0.9700273
0.1087354,0.9700273
0.1087354,0.9700273
0.1087354,0.9700273
0.1087354,0.9700273
0.1087354,0.9700273
0.1087354,0.9700273
0.1087354,0.9700273
0.1087354,0.9700273
0.1087354,0.9700273
0.1087354,0.9700273
0.1087354,0.9700273
0.1087354,0.9700273
0.1087354,0.9700273
0.1087354,0.9700273
0.1087354,0.9700273
0.1087354,0.9700273
0.1087354,0.9700273
0.1087354,0.9700273
0.1087354,0.9700273
0.1087354,0.9700273
0.1087354,0.9700273
0.1087354,0.9700273
0.1087354,0.9700273
0.1087354,0.9700273
0.1087354,0.9700273
0.1087354,0.9700273
0.1087354,0.9700273
0.1087354,0.9700273
0.1087354,0.9700273
0.1087354,0.9700273
0.1087354,0.9700273
0.1087354,0.9700273
0.1087354,0.9700273
0.1087354,0.9700273
0.1087354,0.9700273
0.1087354,0.9700273
0.1087354,0.9700273
0.1087354,0.9700273
0.1087354,0.9700273
0.1087354,0.9700273
0.1087354,0.9700273
0.1087354,0.9700273
0.1087354,0.9700273
0.1087354,0.9700273
0.1087354,0.9700273
0.1087354,0.9700273
0.1087354,0.9700273
0.1087354,0.9700273
0.1087354,0.9700273
0.1087354,0.9700273
0.1087354,0.9700273
0.1087354,0.9700273
0.1087354,0.9700273
0.1087354,0.9700273
0.1087354,0.9700273
0.1087354,0.9700273
0.1087354,0.9700273
0.1087354,0.9700273
0.1087354,0.9700273
0.1087354,0.9700273
0.1087354,0.9700273
0.1087354,0.9700273
0.1087354,0.9700273
0.1087354,0.9700273
0.1087354,0.9700273
0.1087354,0.9700273
0.1087354,0.9700273
0.1087354,0.9700273
0.1087354,0.9700273
0.1087354,0.9700273
0.1087354,0.9700273
0.1087354,0.9700273
0.1087354,0.9700273
0.1087354,0.9700273
0.1087354,0.9700273
0.1087354,0.9700273
0.1087354,0.9700273
0.1087354,0.9700273
0.1087354,0.9700273
0.1087354,0.9700273
0.1087354,0.9700273
0.1087354,0.9700273
0.1087354,0.9700273
0.1087354,0.9700273
0.1087354,0.9700273
0.1087354,0.9700273
0.1087354,0.9700273
0.1087354,0.9700273
0.1087354,0.9700273
0.1087354,0.9700273
0.1087354,0.9700273
0.1087354,0.9700273
0.1087354,0.9700273
0.1087354,0.9700273
0.1087354,0.9700273
0.1087354,0.9700273
0.1087354,0.9700273
0.1087354,0.9700273
0.1087354,0.9700273
0.1087354,0.9700273
0.1087354,0.9700273
0.1087354,0.9700273
0.1087354,0.9700273
0.1087354,0.9700273
0.1087354,0.9700273
0.1087354,0.9700273
0.1087354,0.9700273
0.1087354,0.9700273
0.1087354,0.9700273
0.1087354,0.9700273
0.1087354,0.9700273
0.1087354,0.9700273
0.1087354,0.9700273
0.1087354,0.9700273
0.1087354,0.9700273
0.1087354,0.9700273
0.1087354,0.9700273
0.1087354,0.9700273
0.1087354,0.9700273
0.1087354,0.9700273
0.1087354,0.9700273
0.1087354,0.9700273
0.1087354,0.9700273
0.1087354,0.9700273
0.1087354,0.9700273
0.1087354,0.9700273
0.1087354,0.9700273
0.1087354,0.9700273
0.1087354,0.9700273
0.1087354,0.9700273
0.1087354,0.9700273
0.1087354,0.9700273
0.1087354,0.9700273
0.1087354,0.9700273
0.1087354,0.9700273
0.1087354,0.9700273
0.1087354,0.9700273
0.1087354,0.9700273
0.1087354,0.9700273
0.1087354,0.9700273
0.1087354,0.9700273
0.1087354,0.9700273
0.1087354,0.9700273
0.1087354,0.9700273
0.1087354,0.9700273
0.1087354,0.9700273
0.1087354,0.9700273
0.1087354,0.9700273
0.1087354,0.9700273
0.1087354,0.9700273
0.1087354,0.9700273
0.1087354,0.9700273
0.1087354,0.9700273
0.1087354,0.9700273
0.1087354,0.9700273
0.1087354,0.9700273
0.1087354,0.9700273
0.1087354,0.9700273
0.1087354,0.9700273
0.1087354,0.9700273
0.1087354,0.9700273
0.1087354,0.9700273
0.1087354,0.9700273
0.1087354,0.9700273
0.1087354,0.9700273
0.1087354,0.9700273
0.1087354,0.9700273
0.1087354,0.9700273
0.1087354,0.9700273
0.1087354,0.9700273
0.1087354,0.9700273
0.1087354,0.9700273
0.1087354,0.9700273
0.1087354,0.9700273
0.1087354,0.9700273
0.1087354,0.9700273
0.1087354,0.9700273
0.1087354,0.9700273
0.1087354,0.9700273
0.1087354,0.9700273
0.1087354,0.9700273
0.1087354,0.9700273
0.1087354,0.9700273
0.1087354,0.9700273
0.1087354,0.9700273
0.1087354,0.9700273
0.1087354,0.9700273
0.1087354,0.9700273
0.1087354,0.9700273
0.1087354,0.9700273
0.1087354,0.9700273
0.1087354,0.9700273
0.1087354,0.9700273
0.1087354,0.9700273
0.1087354,0.9700273
0.1087354,0.9700273
0.1087354,0.9700273
0.1087354,0.9700273
0.1087354,0.9700273
0.1087354,0.9700273
0.1087354,0.9700273
0.1087354,0.9700273
0.1087354,0.9700273
0.1087354,0.9700273
0.1087354,0.9700273
0.1087354,0.9700273
0.1087354,0.9700273
0.1087354,0.9700273
0.1087354,0.9700273
0.1087354,0.9700273
0.1087354,0.9700273
0.1087354,0.9700273
0.1087354,0.9700273
0.1087354,0.9700273
0.1087354,0.9700273
0.1087354,0.9700273
0.1087354,0.9700273
0.1087354,0.9700273
0.1087354,0.9700273
0.1087354,0.9700273
0.1087354,0.9700273
0.1087354,0.9700273
0.1087354,0.9700273
0.1087354,0.9700273
0.1087354,0.9700273
0.1087354,0.9700273
0.1087354,0.9700273
0.1087354,0.9700273
0.1087354,0.9700273
0.1087354,0.9700273
0.1087354,0.9700273
0.1087354,0.9700273
0.1087354,0.9700273
0.1087354,0.9700273
0.1087354,0.9700273
0.1087354,0.9700273
0.1087354,0.9700273
0.1087354,0.9700273
0.1087354,0.9700273
0.1087354,0.9700273
0.1087354,0.9700273
0.1087354,0.9700273
0.1087354,0.9700273
0.1087354,0.9700273
0.1087354,0.9700273
0.1087354,0.9700273
0.1087354,0.9700273
0.1087354,0.9700273
0.1087354,0.9700273
0.1087354,0.9700273
0.1087354,0.9700273
0.1087354,0.9700273
0.1087354,0.9700273
0.1087354,0.9700273
0.1087354,0.9700273
0.1087354,0.9700273
0.1087354,0.9700273
0.1087354,0.9700273
0.1087354,0.9700273
0.1087354,0.9700273
0.1087354,0.9700273
0.1087354,0.9700273
0.1087354,0.9700273
0.1087354,0.9700273
0.1087354,0.9700273
0.1087354,0.9700273
0.1087354,0.9700273
0.1087354,0.9700273
0.1087354,0.9700273
0.1087354,0.9700273
0.1087354,0.9700273
0.1087354,0.9700273
0.1087354,0.9700273
0.1087354,0.9700273
0.1087354,0.9700273
0.1087354,0.9700273
0.1087354,0.9700273
0.1087354,0.9700273
0.1087354,0.9700273
0.1087354,0.9700273
0.1087354,0.9700273
0.1087354,0.9700273
0.1087354,0.9700273
0.1087354,0.9700273
0.1087354,0.9700273
0.1087354,0.9700273
0.1087354,0.9700273
0.1087354,0.9700273
0.1087354,0.9700273
0.1087354,0.9700273
0.1087354,0.9700273
0.1087354,0.9700273
0.1087354,0.9700273
0.1087354,0.9700273
0.1087354,0.9700273
0.1087354,0.9700273
0.1087354,0.9700273
0.1087354,0.9700273
0.1087354,0.9700273
0.1087354,0.9700273
0.1087354,0.9700273
0.1087354,0.9700273
0.1087354,0.9700273
0.1087354,0.9700273
0.1087354,0.9700273
0.1087354,0.9700273
0.1087354,0.9700273
0.1087354,0.9700273
0.1087354,0.9700273
0.1087354,0.9700273
0.1087354,0.9700273
0.1087354,0.9700273
0.1087354,0.9700273
0.1087354,0.9700273
0.1087354,0.9700273
0.1087354,0.9700273
0.1087354,0.9700273
0.1087354,0.9700273
0.1087354,0.9700273
0.1087354,0.9700273
0.1087354,0.9700273
0.1087354,0.9700273
0.1087354,0.9700273
0.1087354,0.9700273
0.1087354,0.9700273
0.1087354,0.9700273
0.1087354,0.9700273
0.1087354,0.9700273
0.1087354,0.9700273
0.1087354,0.9700273
0.1087354,0.9700273
0.1087354,0.9700273
0.1087354,0.9700273
0.1087354,0.9700273
0.1087354,0.9700273
0.1087354,0.9700273
0.1087354,0.9700273
0.1087354,0.9700273
0.1087354,0.9700273
0.1087354,0.9700273
0.1087354,0.9700273
0.1087354,0.9700273
0.1087354,0.9700273
0.1087354,0.9700273
0.1087354,0.9700273
0.1087354,0.9700273
0.08984375,0.9628906
0.08984375,0.9628906
0.08984375,0.9628906
0.08984375,0.9628906
0.08984375,0.9628906
0.08984375,0.9628906
0.08984375,0.9628906
0.08984375,0.9628906
0.1039302,0.9607433
0.1039302,0.9607433
0.1039302,0.9607433
0.1039302,0.9607433
0.1039302,0.9607433
0.1039302,0.9607433
0.1039302,0.9607433
0.1039302,0.9607433
0.1039302,0.9607433
0.1039302,0.9607433
0.1039302,0.9607433
0.1039302,0.9607433
0.08984375,0.9628906
0.08984375,0.9628906
0.08984375,0.9628906
0.08984375,0.9628906
0.08984375,0.9628906
0.08984375,0.9628906
0.08984375,0.9628906
0.08984375,0.9628906
0.1039302,0.9607433
0.1039302,0.9607433
0.1039302,0.9607433
0.1039302,0.9607433
0.1039302,0.9607433
0.1039302,0.9607433
0.1039302,0.9607433
0.1039302,0.9607433
0.1039302,0.9607433
0.1039302,0.9607433
0.1039302,0.9607433
0.1039302,0.9607433
0.28268,0.9678934
0.28268,0.9678934
0.28268,0.9678934
0.28268,0.9678934
0.28268,0.9678934
0.28268,0.9678934
0.1676707,0.524077
0.1676707,0.524077
0.1676707,0.524077
0.1676707,0.524077
0.7746541,0.03323722
0.7746541,0.03323728
0.7746541,0.03323728
0.7746542,0.03323728
0.7746542,0.03323728
0.7746541,0.03323728
0.7746541,0.03323728
0.7746542,0.03323728
0.7746542,0.03323728
0.7746542,0.03323728
0.7746541,0.03323722
0.774654,0.03323716
0.7746541,0.03323734
0.7746542,0.03323728
0.1676707,0.524077
0.1676707,0.524077
0.1676707,0.524077
0.1676707,0.524077
0.2701823,0.9751736
0.2701823,0.9751736
0.2701823,0.9751736
0.2701823,0.9751736
0.2701823,0.9751736
0.2701823,0.9751736
0.2701823,0.9751736
0.2701823,0.9751736
0.2701823,0.9751736
0.2701823,0.9751736
0.2701823,0.9751736
0.2701823,0.9751736
0.2701823,0.9751736
0.2701823,0.9751736
0.2701823,0.9751736
0.2701823,0.9751736
0.2701823,0.9751736
0.2701823,0.9751736
0.2701823,0.9751736
0.2701823,0.9751736
0.2701823,0.9751736
0.2701823,0.9751736
0.2701823,0.9751736
0.2701823,0.9751736
0.2701823,0.9751736
0.2701823,0.9751736
0.2701823,0.9751736
0.2701823,0.9751736
0.2701823,0.9751736
0.2701823,0.9751736
0.2701823,0.9751736
0.2701823,0.9751736
0.2701823,0.9751736
0.2701823,0.9751736
0.2701823,0.9751736
0.2701823,0.9751736
0.2701823,0.9751736
0.2701823,0.9751736
0.2701823,0.9751736
0.2701823,0.9751736
0.7746541,0.03323728
0.7746541,0.03323722
0.7746542,0.03323728
0.7746542,0.03323716
0.774654,0.03323716
0.7746541,0.03323722
0.7746542,0.03323728
0.7746542,0.03323728
0.28268,0.9678934
0.28268,0.9678934
0.28268,0.9678934
0.28268,0.9678934
0.28268,0.9678934
0.28268,0.9678934
0.1676707,0.524077
0.1676707,0.524077
0.1676707,0.524077
0.1676707,0.524077
0.7746541,0.03323722
0.7746542,0.03323728
0.7746541,0.03323728
0.7746541,0.03323728
0.7746542,0.03323728
0.7746541,0.03323728
0.7746541,0.03323728
0.7746542,0.03323728
0.7746542,0.03323728
0.7746542,0.03323728
0.7746541,0.03323722
0.7746542,0.03323728
0.7746541,0.03323734
0.774654,0.03323716
0.1676707,0.524077
0.1676707,0.524077
0.1676707,0.524077
0.1676707,0.524077
0.2701823,0.9751736
0.2701823,0.9751736
0.2701823,0.9751736
0.2701823,0.9751736
0.2701823,0.9751736
0.2701823,0.9751736
0.2701823,0.9751736
0.2701823,0.9751736
0.2701823,0.9751736
0.2701823,0.9751736
0.2701823,0.9751736
0.2701823,0.9751736
0.2701823,0.9751736
0.2701823,0.9751736
0.2701823,0.9751736
0.2701823,0.9751736
0.2701823,0.9751736
0.2701823,0.9751736
0.2701823,0.9751736
0.2701823,0.9751736
0.2701823,0.9751736
0.2701823,0.9751736
0.2701823,0.9751736
0.2701823,0.9751736
0.2701823,0.9751736
0.2701823,0.9751736
0.2701823,0.9751736
0.2701823,0.9751736
0.2701823,0.9751736
0.2701823,0.9751736
0.2701823,0.9751736
0.2701823,0.9751736
0.2701823,0.9751736
0.2701823,0.9751736
0.2701823,0.9751736
0.2701823,0.9751736
0.2701823,0.9751736
0.2701823,0.9751736
0.2701823,0.9751736
0.2701823,0.9751736
0.7746541,0.03323728
0.7746542,0.03323716
0.7746542,0.03323728
0.7746541,0.03323722
0.774654,0.03323716
0.7746542,0.03323728
0.7746542,0.03323728
0.7746541,0.03323722
2
7986
0
1
2
3
4
5
6
7
8
9
10
11
12
13
14
15
16
17
18
19
20
21
22
23
24
25
26
27
28
29
30
31
32
33
34
35
36
37
38
39
40
41
42
43
44
45
46
47
48
49
50
51
52
53
54
55
56
54
56
57
58
59
60
58
61
59
61
62
59
61
63
62
64
65
66
64
66
67
68
69
70
68
70
71
72
73
74
72
74
75
76
75
74
76
74
77
78
79
80
78
80
81
78
81
82
78
82
83
82
84
83
82
85
84
86
87
88
86
88
89
90
89
88
90
88
91
92
93
94
95
94
93
93
96
95
96
97
95
96
98
97
98
99
97
99
100
97
100
101
97
101
102
97
102
101
103
103
104
102
104
103
105
104
105
106
106
107
104
108
109
110
108
110
111
112
113
114
112
114
115
116
117
118
118
119
116
120
116
119
121
116
120
122
120
119
119
123
122
120
124
121
124
125
121
124
126
125
126
127
125
126
128
127
129
127
128
128
130
129
130
131
129
130
132
131
132
133
131
132
134
133
135
133
134
134
136
135
136
137
135
136
134
138
138
139
136
140
141
142
140
142
143
144
145
146
144
147
145
148
147
144
148
149
147
150
151
152
150
153
151
153
154
151
153
155
154
155
156
154
155
157
156
157
158
156
157
159
158
158
159
160
160
161
158
161
162
158
162
163
158
163
164
158
165
166
167
165
167
168
169
168
167
169
167
170
171
172
173
173
174
171
174
175
171
176
177
178
176
178
179
180
181
182
180
183
181
184
183
180
184
185
183
186
187
188
186
188
189
190
191
192
190
192
193
194
195
196
194
196
197
198
199
200
198
200
201
202
203
204
204
203
205
204
205
206
206
205
207
206
207
208
208
207
209
208
209
210
211
210
209
211
209
212
213
211
212
213
212
214
215
213
214
215
214
216
217
215
216
218
219
220
218
220
221
221
220
222
221
222
223
223
222
224
223
224
225
226
225
224
226
224
227
228
226
227
228
227
229
230
228
229
230
229
231
232
233
234
232
235
233
232
236
235
232
237
236
238
239
240
238
240
241
242
243
244
242
245
243
246
245
242
246
247
245
248
247
246
248
249
247
248
250
249
248
251
250
251
252
250
251
253
252
253
254
252
253
255
254
256
257
258
256
258
259
259
258
260
259
260
261
261
260
262
261
262
263
263
262
264
263
264
265
265
264
266
265
266
267
267
266
268
267
268
269
269
268
270
269
270
271
272
271
270
272
270
273
274
272
273
274
273
275
276
274
275
276
275
277
278
276
277
278
277
279
280
278
279
280
279
281
282
280
281
282
281
283
284
282
283
284
283
285
286
287
288
286
288
289
290
291
292
290
292
293
294
295
296
294
296
297
298
297
296
298
296
299
300
301
302
300
302
303
303
304
300
304
305
300
306
307
308
306
308
309
310
311
312
310
313
311
314
313
310
314
315
313
316
315
314
316
317
315
318
317
316
318
319
317
320
319
318
320
321
319
322
321
320
322
323
321
324
325
326
324
326
327
324
327
328
324
328
329
324
329
330
324
330
331
332
333
334
332
334
335
336
337
338
336
338
339
340
341
342
340
342
343
344
340
345
344
346
340
347
346
344
347
348
346
349
343
350
349
350
351
351
350
352
351
352
353
354
355
356
354
357
355
358
357
354
358
359
357
360
359
358
360
361
359
362
361
360
362
363
361
364
365
366
364
366
367
368
367
366
368
366
369
370
371
372
370
372
373
374
375
376
374
377
375
378
377
374
378
379
377
380
379
378
380
381
379
382
381
380
382
383
381
384
385
386
384
386
387
387
386
388
387
388
389
390
391
392
390
392
393
394
395
396
394
396
397
398
399
400
398
401
399
402
401
398
403
404
405
403
405
406
407
403
406
407
406
408
407
408
409
409
410
407
410
411
407
411
412
407
411
410
413
413
414
411
414
415
411
415
416
411
417
418
419
420
417
419
420
419
421
421
422
420
422
423
420
422
424
423
425
426
427
425
427
428
429
428
427
429
427
430
431
432
433
431
433
434
435
436
437
435
438
436
439
436
438
439
440
436
441
442
443
441
443
444
445
446
447
445
447
448
449
450
451
449
452
450
453
452
449
453
454
452
455
454
453
455
456
454
457
456
455
457
458
456
459
458
457
459
460
458
461
460
459
461
462
460
463
464
465
463
465
466
467
468
469
467
469
470
467
470
471
471
472
467
473
471
470
470
474
473
470
475
474
470
476
475
470
477
476
470
478
477
479
467
472
467
479
480
467
480
481
467
481
482
467
482
483
479
484
480
485
484
479
467
483
486
486
487
467
487
488
467
487
489
488
490
491
467
491
492
467
493
490
467
467
494
493
495
494
467
490
493
496
496
497
490
497
498
490
498
499
490
499
500
490
500
501
490
502
495
467
502
503
495
504
495
503
505
502
467
506
505
467
507
506
467
508
507
467
467
509
508
509
467
510
509
510
511
512
511
513
513
514
512
514
513
515
516
517
518
516
518
519
520
521
522
520
523
521
524
521
523
524
525
521
526
527
528
526
528
529
530
531
532
530
532
533
534
535
536
534
536
537
538
539
540
538
540
541
541
542
538
541
543
542
544
542
543
544
545
542
545
544
546
545
546
547
548
549
550
548
550
551
551
550
552
551
552
553
553
552
554
553
554
555
556
557
558
556
558
559
560
561
562
560
562
563
564
565
566
564
566
567
568
569
570
568
570
571
572
573
574
572
574
575
572
575
576
572
576
577
577
578
572
579
572
578
578
580
579
579
581
572
581
582
572
582
583
572
584
579
580
580
585
584
584
586
579
587
588
589
589
590
587
589
591
590
589
592
591
589
593
592
593
594
592
595
596
597
595
597
598
599
600
601
599
602
600
603
602
599
603
604
602
605
604
603
605
606
604
607
606
605
607
608
606
609
608
607
609
610
608
611
610
609
611
612
610
613
612
611
613
614
612
615
614
613
615
616
614
617
616
615
617
618
616
619
618
617
619
620
618
621
620
619
621
622
620
623
624
625
623
625
626
627
628
629
627
630
628
631
630
627
631
632
630
633
634
635
633
635
636
637
636
635
637
635
638
639
640
641
639
642
640
639
643
642
639
644
643
645
646
647
645
647
648
649
650
651
649
651
652
653
654
655
653
655
656
657
658
659
657
659
660
661
662
663
661
663
664
665
666
667
665
668
666
669
668
665
669
670
668
671
670
669
671
672
670
673
672
671
673
674
672
675
674
673
675
676
674
675
677
676
675
678
677
678
679
677
678
680
679
680
681
679
680
682
681
682
683
681
682
684
683
684
685
683
684
686
685
687
688
689
687
689
690
691
692
693
691
693
694
694
693
695
694
695
696
697
696
695
697
695
698
699
697
698
699
698
700
701
702
703
701
704
702
705
704
701
705
706
704
707
706
705
707
708
706
709
708
707
709
710
708
711
710
709
711
712
710
711
713
712
711
714
713
714
715
713
714
716
715
716
717
715
716
718
717
718
719
717
718
720
719
720
721
719
720
722
721
723
724
725
723
725
726
727
728
729
727
729
730
730
729
731
730
731
732
733
732
731
733
731
734
735
733
734
735
734
736
737
738
739
737
739
740
741
742
743
743
744
741
745
746
747
745
747
748
749
750
751
749
751
752
753
754
755
753
755
756
757
758
759
757
759
760
761
762
763
761
763
764
765
766
767
767
768
765
767
769
768
770
771
772
770
772
773
774
775
776
774
776
777
778
779
780
778
780
781
782
783
784
782
784
785
786
787
788
786
788
789
790
791
792
790
792
793
794
795
796
794
796
797
798
799
800
798
800
801
802
803
804
802
804
805
806
807
808
806
808
809
810
811
812
810
812
813
814
815
816
814
816
817
818
819
820
818
820
821
822
823
824
822
824
825
826
827
828
826
828
829
830
831
832
830
832
833
834
835
836
834
836
837
838
839
840
838
840
841
842
843
844
842
844
845
845
844
846
845
846
847
848
849
850
848
850
851
852
853
854
852
854
855
856
857
858
856
858
859
860
861
862
860
862
863
864
865
866
864
866
867
868
869
870
868
870
871
872
873
874
874
875
872
875
876
872
877
878
879
879
880
877
879
881
880
879
882
883
884
879
883
884
883
885
884
885
886
884
886
887
888
884
887
887
889
888
890
891
892
890
893
891
894
893
890
894
895
893
896
895
894
896
897
895
898
897
896
898
899
897
900
901
902
900
902
903
904
905
906
904
906
907
908
909
910
908
910
911
911
910
912
911
912
913
913
912
914
913
914
915
915
914
916
915
916
917
918
919
920
920
921
918
920
922
921
923
924
925
923
925
926
927
928
929
929
930
927
929
931
930
929
932
931
932
933
931
933
934
931
933
935
934
935
936
934
937
938
939
937
939
940
941
942
943
941
943
944
944
945
941
944
946
945
947
948
949
947
949
950
951
952
953
954
951
953
953
489
954
955
956
957
955
957
958
959
960
961
959
961
962
963
964
965
965
966
963
965
967
966
967
968
966
967
969
968
967
970
969
970
971
969
970
972
971
972
973
971
974
975
976
974
976
977
978
979
980
978
980
981
982
983
984
982
984
985
986
987
988
986
988
989
990
991
992
990
992
993
994
995
996
994
996
997
998
999
1000
998
1000
1001
1002
1003
1004
1002
1004
1005
1006
1007
1008
1006
1009
1007
1006
1010
1009
1006
1011
1010
1012
1013
1014
1012
1014
1015
1016
1015
1014
1016
1014
1017
1018
1019
1020
1018
1020
1021
1022
1023
1024
1025
1023
1022
1026
1027
1028
1026
1028
1029
1030
1031
1032
1030
1032
1033
1034
1035
1036
1034
1036
1037
1038
1039
1040
1038
1040
1041
1042
1043
1044
1042
1044
1045
1046
1047
1048
1046
1048
1049
1050
1051
1052
1050
1052
1053
1054
1055
1056
1054
1057
1055
1058
1057
1054
1058
1059
1057
1060
1059
1058
1060
1061
1059
1062
1063
1061
1062
1061
1064
1065
1066
1067
1065
1067
1068
1069
1070
1071
1069
1071
1072
1073
1074
1075
1073
1075
1076
1077
1078
1079
1079
1080
1077
1080
1081
1077
1081
1082
1077
1081
1083
1082
1083
1084
1082
1083
1085
1084
1085
1086
1084
1087
1086
1085
1085
1088
1087
1088
1089
1087
1088
1090
1089
1090
1091
1089
1090
1092
1091
1092
1093
1091
1092
1094
1093
1095
1096
1097
1097
1098
1095
1098
1099
1095
1099
1100
1095
1100
1101
1095
1100
1102
1101
1103
1104
1105
1105
1106
1103
1106
1107
1103
1106
1108
1107
1108
1109
1107
1108
1110
1109
1110
1111
1109
1110
1112
1111
1113
1111
1112
1112
1114
1113
1114
1115
1113
1115
1116
1113
1115
1117
1116
1117
1118
1116
1117
1119
1118
1119
1120
1118
1121
1122
1123
1124
1121
1123
1124
1123
1125
1126
1124
1125
1127
1126
1125
1128
1127
1125
1127
1128
1129
1130
1128
1125
1131
1130
1125
1125
1132
1131
1132
1125
1133
1134
1132
1133
1133
1135
1134
1125
1136
1133
1136
1137
1133
1125
1138
1136
1125
1139
1138
1125
1140
1139
1125
1141
1140
1141
1142
1140
1143
1144
1145
1145
1146
1143
1145
1147
1146
1147
1148
1146
1147
1149
1148
1147
1150
1149
1150
1151
1149
1150
1152
1151
1152
1153
1151
1152
1154
1153
1154
1155
1153
1154
1156
1155
1157
1155
1156
1156
1158
1157
1158
1159
1157
1159
1160
1157
1159
1161
1160
1159
1162
1161
1162
1163
1161
1162
1164
1163
1164
1165
1163
1164
1166
1165
1166
1167
1165
1166
1168
1167
1169
1170
1171
1169
1172
1170
1173
1172
1169
1173
1174
1172
1175
1174
1173
1175
1176
1174
1177
1176
1175
1177
1178
1176
1179
1178
1177
1179
1180
1178
1181
1180
1179
1181
1182
1180
1183
1182
1181
1183
1184
1182
1185
1186
1187
1185
1187
1188
1189
1190
1191
1189
1191
1192
1193
1194
1195
1193
1195
1196
1197
1198
1199
1197
1199
1200
1201
1202
1203
1201
1204
1202
1204
1201
1205
1204
1205
1206
1206
1205
1207
1206
1207
1208
1208
1207
1209
1208
1209
1210
1210
1209
1211
1210
1211
1212
1213
1212
1211
1213
1211
1214
1213
1214
1215
1213
1215
1216
1216
1215
1217
1216
1217
1218
1219
1220
1221
1219
1221
1222
1223
1224
1225
1223
1225
1226
1227
1228
1229
1227
1229
1230
1231
1232
1233
1231
1233
1234
1235
1236
1237
1235
1237
1238
1239
1240
1241
1239
1241
1242
1243
1244
1245
1243
1245
1246
1247
1248
1249
1247
1249
1250
1251
1252
1253
1251
1253
1254
1255
1256
1257
1255
1257
1258
1259
1260
1261
1259
1261
1262
1263
1264
1265
1263
1265
1266
1267
1268
1269
1267
1269
1270
1271
1272
1273
1271
1273
1274
1275
1276
1277
1275
1277
1278
1279
1280
1281
1279
1281
1282
1283
1284
1285
1283
1285
1286
1287
1288
1289
1287
1289
1290
1291
1292
1293
1291
1293
1294
1295
1296
1297
1295
1297
1298
1299
1300
1301
1301
1302
1299
1302
1303
1299
1304
1305
1306
1304
1306
1307
1308
1309
1310
1308
1310
1311
1312
1313
1314
1312
1314
1315
1316
1317
1318
1316
1318
1319
1320
1321
1322
1322
1323
1320
1323
1324
1320
1323
1325
1324
1326
1327
1328
1326
1328
1329
1330
1331
1332
1330
1332
1333
1334
1335
1336
1334
1336
1337
1338
1334
1337
1338
1337
1339
1340
1341
1342
1340
1342
1343
1344
1345
1346
1344
1346
1347
1348
1349
1350
1348
1350
1351
1352
1353
1354
1352
1355
1353
1356
1355
1352
1356
1357
1355
1356
1358
1357
1356
1359
1358
1359
1360
1358
1359
1361
1360
1362
1363
1364
1362
1365
1363
1366
1365
1362
1366
1367
1365
1366
1368
1367
1366
1369
1368
1369
1370
1368
1369
1371
1370
1372
1373
1374
1374
1375
1372
1375
1376
1372
1376
1377
1372
1377
1378
1372
1378
1379
1372
1379
1380
1372
1379
1381
1380
1381
1382
1380
1381
1383
1382
1383
1384
1382
1384
1385
1382
1385
1386
1382
1387
1382
1386
1386
1388
1387
1388
1389
1387
1389
1390
1387
1390
1391
1387
1391
1392
1387
1391
1393
1392
1393
1394
1392
1394
1395
1392
1395
1396
1392
1394
1397
1395
1394
1398
1397
1398
1399
1397
1400
1401
1402
1400
1402
1403
1403
1402
1404
1403
1404
1405
1405
1404
1406
1405
1406
1407
1407
1406
1408
1407
1408
1409
1409
1408
1410
1409
1410
1411
1412
1411
1410
1412
1410
1413
1414
1412
1413
1414
1413
1415
1416
1414
1415
1416
1415
1417
1418
1416
1417
1418
1417
1419
1420
1418
1419
1420
1419
1421
1422
1423
1424
1422
1425
1423
1426
1425
1422
1426
1427
1425
1428
1427
1426
1428
1429
1427
1430
1429
1428
1430
1431
1429
1432
1431
1430
1432
1433
1431
1434
1435
1436
1434
1436
1437
1438
1439
1440
1438
1440
1441
1442
1443
1444
1443
1445
1444
1443
1446
1445
1443
1447
1446
1447
1448
1446
1448
1449
1446
1449
1450
1446
1449
1451
1450
1452
1451
1449
1449
1453
1452
1453
1454
1452
1453
1455
1454
1453
1456
1455
1457
1456
1453
1444
1458
1459
1460
1459
1458
1461
1462
1455
1462
1463
1455
1462
1464
1463
1462
1465
1464
1466
1467
1468
1468
1469
1466
1470
1471
1472
1470
1472
1473
1474
1470
1475
1476
1474
1475
1477
1478
1472
1477
1472
1479
1480
1481
1482
1483
1480
1482
1483
1484
1480
1485
1484
1483
1486
1483
1482
1486
1482
1487
1488
1486
1487
1488
1487
1489
1488
1489
1490
1490
1491
1488
1483
1492
1485
1492
1493
1485
1483
1494
1492
1494
1495
1492
1494
1496
1495
1495
1496
1497
1496
1498
1497
1490
1499
1500
1490
1500
1501
1502
1501
1503
1503
1504
1502
1503
1505
1504
1503
1506
1505
1507
1505
1506
1506
1508
1507
1509
1510
1511
1509
1511
1512
1513
1512
1511
1513
1511
1514
1515
1516
1517
1515
1517
1518
1519
1518
1517
1519
1517
1520
1521
1522
1523
1521
1523
1524
1525
1524
1523
1525
1523
1526
1527
1528
1529
1527
1529
1530
1531
1530
1529
1531
1529
1532
1533
1534
1535
1533
1535
1536
1537
1538
1535
1537
1535
1539
1540
1541
1542
1540
1542
1543
1544
1545
1546
1544
1546
1547
1548
1549
1550
1548
1550
1551
1552
1553
1554
1552
1554
1555
1556
1557
1558
1556
1558
1559
1560
1561
1562
1562
1563
1560
1564
1565
1566
1564
1566
1567
1568
1569
1570
1568
1570
1571
1571
1572
1568
1571
1573
1572
1574
1572
1573
1574
1575
1572
1575
1574
1576
1575
1576
1577
1578
1579
1580
1578
1580
1581
1582
1581
1580
1582
1580
1583
1584
1585
1586
1584
1586
1587
1588
1589
1590
1588
1590
1591
1592
1593
1594
1594
1595
1592
1595
1596
1592
1596
1597
1592
1596
1598
1597
1598
1599
1597
1600
1601
1602
1602
1603
1600
1603
1604
1600
1604
1605
1600
1605
1606
1600
1607
1606
1605
1607
1605
1608
1608
1609
1607
1609
1610
1607
1610
1611
1607
1611
1612
1607
1613
1612
1611
1614
1615
1616
1614
1616
1617
1618
1619
1620
1618
1620
1621
1622
1623
1624
1622
1624
1625
1626
1627
1628
1626
1628
1629
1630
1631
1632
1630
1632
1633
1634
1635
1636
1634
1636
1637
1638
1639
1640
1638
1640
1641
1642
1643
1644
1642
1644
1645
1646
1647
1648
1646
1648
1649
1650
1651
1652
1650
1652
1653
1654
1655
1656
1654
1656
1657
1658
1659
1660
1658
1660
1661
1662
1663
1664
1662
1664
1665
1666
1667
1668
1666
1668
1669
1670
1671
1672
1670
1672
1673
1674
1675
1676
1674
1676
1677
1678
1679
1680
1678
1680
1681
1682
1683
1684
1682
1685
1683
1682
1686
1685
1682
1687
1686
1688
1689
1690
1688
1690
1691
1688
1691
1692
1688
1692
1693
1694
1695
1696
1694
1696
1697
1698
1697
1696
1698
1696
1699
1700
1701
1702
1700
1702
1703
1704
1705
1706
1704
1707
1705
1704
1708
1707
1704
1709
1708
1710
1711
1712
1712
1713
1710
1713
1714
1710
1713
1715
1714
1715
1716
1714
1716
1717
1714
1718
1719
1720
1718
1720
1721
1722
1723
1724
1724
1725
1722
1724
1726
1725
1724
1727
1726
1727
1728
1726
1727
1729
1728
1730
1731
1732
1730
1732
1733
1734
1735
1736
1734
1736
1737
1738
1739
1740
1740
1741
1738
1740
1742
1741
1742
1743
1741
1743
1744
1741
1744
1745
1741
1746
1747
1748
1746
1748
1749
1750
1751
1752
1752
1753
1750
1753
1754
1750
1753
1755
1754
1753
1756
1755
1753
1757
1756
1758
1759
1760
1758
1760
1761
1762
1763
1764
1762
1764
1765
1766
1767
1768
1766
1768
1769
1770
1771
1772
1770
1772
1773
1774
1775
1776
1774
1776
1777
1778
1779
1780
1778
1780
1781
1782
1783
1784
1782
1784
1785
1786
1787
1788
1786
1788
1789
1790
1791
1792
1790
1792
1793
1794
1795
1796
1794
1796
1797
1798
1799
1800
1798
1800
1801
1802
1803
1804
1802
1804
1805
1806
1807
1808
1806
1808
1809
1810
1811
1812
1810
1813
1811
1814
1811
1813
1814
1815
1811
1816
1817
1818
1816
1819
1817
1820
1817
1819
1820
1821
1817
1822
1823
1824
1822
1824
1825
1825
1826
1822
1825
1827
1826
1825
1828
1827
1825
1829
1828
1830
1831
1832
1830
1832
1833
1834
1835
1836
1834
1837
1835
1837
1838
1835
1837
1839
1838
1838
1840
1835
1838
1841
1840
1842
1843
1844
1842
1845
1843
1845
1846
1843
1845
1847
1846
1848
1849
1850
1848
1850
1851
1852
1853
1854
1852
1854
1855
1854
1856
1855
1854
1857
1856
1858
1859
1860
1858
1860
1861
1862
1863
1864
1862
1864
1865
1866
1867
1868
1866
1868
1869
1870
1871
1872
1870
1872
1873
1874
1875
1876
1874
1876
1877
1878
1879
1880
1878
1880
1881
1882
1883
1884
1882
1884
1885
1886
1887
1888
1886
1888
1889
1890
1891
1892
1890
1892
1893
1894
1895
1896
1894
1896
1897
1898
1899
1900
1898
1900
1901
1902
1903
1904
1902
1904
1905
1906
1907
1908
1906
1908
1909
1910
1911
1912
1910
1912
1913
1914
1915
1916
1914
1916
1917
1918
1919
1920
1918
1920
1921
1922
1923
1924
1922
1924
1925
1926
1922
1925
1926
1925
1927
1928
1929
1930
1928
1930
1931
1932
1933
1934
1932
1934
1935
1936
1937
1938
1936
1939
1937
1939
1940
1937
1939
1941
1940
1942
1943
1944
1942
1944
1945
1946
1947
1948
1946
1948
1949
1950
1951
1952
1950
1952
1953
1954
1955
1956
1954
1956
1957
1958
1959
1960
1958
1960
1961
1962
1963
1964
1962
1964
1965
1966
1967
1968
1966
1968
1969
1970
1971
1972
1970
1972
1973
1974
1975
1976
1974
1976
1977
1978
1979
1980
1978
1980
1981
1982
1983
1984
1982
1984
1985
1986
1987
1988
1986
1988
1989
1990
1991
1992
1990
1992
1993
1994
1993
1992
1994
1992
1995
1996
1997
1998
1996
1999
1997
2000
1997
1999
2000
2001
1997
2002
2003
2004
2002
2004
2005
2006
2005
2004
2006
2004
2007
2008
2009
2010
2008
2011
2009
2008
2012
2011
2008
2013
2012
2014
2015
2016
2014
2016
2017
2018
2019
2020
2018
2020
2021
2022
2023
2024
2022
2024
2025
2025
2024
2026
2025
2026
2027
2028
2029
2030
2028
2030
2031
2032
2033
2034
2032
2034
2035
2036
2037
2038
2036
2039
2037
2036
2040
2039
2036
2041
2040
2040
2041
2042
2040
2042
2043
2044
2045
2046
2046
2047
2044
2046
2048
2047
2046
2049
2048
2049
2050
2048
2049
2051
2050
2049
2052
2051
2049
2053
2052
2049
2054
2053
2053
2054
2055
2056
2053
2055
2057
2056
2055
2058
2057
2055
2055
2059
2058
2060
2061
2062
2060
2062
2063
2064
2065
2066
2064
2066
2067
2068
2069
2070
2068
2070
2071
2072
2073
2074
2072
2074
2075
2076
2072
2075
2076
2075
2077
2078
2079
2080
2078
2080
2081
2081
2080
2082
2081
2082
2083
2083
2082
2084
2083
2084
2085
2085
2084
2086
2085
2086
2087
2087
2086
2088
2088
2089
2087
2086
2090
2088
2086
2091
2090
2086
2092
2091
2093
2094
2095
2095
2096
2093
2095
2097
2096
2098
2099
2100
2098
2100
2101
2102
2103
2104
2102
2104
2105
2106
2102
2105
2106
2105
2107
2108
2109
2110
2108
2110
2111
2112
2113
2114
2112
2114
2115
2116
2117
2118
2116
2118
2119
2120
2121
2122
2120
2122
2123
2124
2125
2126
2124
2126
2127
2128
2129
2130
2128
2130
2131
2132
2133
2134
2132
2134
2135
2136
2137
2138
2139
2136
2138
2138
2140
2139
2140
2138
2141
2142
2143
2144
2142
2144
2145
2146
2147
2148
2146
2148
2149
2150
2146
2149
2150
2149
2151
2152
2150
2151
2152
2151
2153
2154
2152
2153
2154
2153
2155
2156
2154
2155
2156
2155
2157
2158
2156
2157
2158
2157
2159
2160
2161
2162
2160
2162
2163
2164
2165
2166
2164
2166
2167
2168
2169
2170
2168
2171
2169
2172
2173
2168
2172
2168
2174
2175
2172
2174
2175
2174
2176
2177
2178
2171
2177
2179
2178
2179
2180
2178
2179
2181
2180
2182
2183
2184
2182
2184
2185
2186
2182
2185
2186
2185
2187
2188
2186
2187
2188
2187
2189
2190
2188
2189
2190
2189
2191
2192
2193
2194
2192
2194
2195
2196
2197
2198
2196
2198
2199
2200
2196
2199
2200
2199
2201
2202
2200
2201
2202
2201
2203
2204
2202
2203
2204
2203
2205
2206
2207
2208
2206
2209
2207
2209
2210
2207
2209
2211
2210
2212
2213
2214
2212
2214
2215
2216
2217
2218
2216
2218
2219
2220
2221
2222
2220
2222
2223
2224
2220
2223
2225
2226
2227
2225
2228
2226
2229
2228
2225
2229
2230
2228
2230
2229
2231
2229
2232
2231
2233
2230
2231
2231
2234
2233
2234
2231
2235
2235
2236
2234
2231
2237
2235
2231
2238
2237
2239
2240
2241
2239
2241
2242
2243
2239
2242
2242
2244
2243
2244
2242
2245
2244
2245
2246
2247
2248
2249
2247
2249
2250
2251
2252
2253
2251
2253
2254
2255
2256
2257
2255
2257
2258
2259
2260
2261
2259
2261
2262
2263
2259
2262
2263
2262
2264
2265
2263
2264
2265
2264
2266
2267
2265
2266
2267
2266
2268
2269
2267
2268
2269
2268
2270
2271
2269
2270
2271
2270
2272
2273
2274
2275
2273
2275
2276
2277
2278
2279
2277
2279
2280
2281
2282
2283
2281
2283
2284
2285
2286
2287
2285
2287
2288
2289
2290
2291
2289
2291
2292
2293
2294
2295
2293
2296
2294
2296
2297
2294
2296
2298
2297
2298
2299
2297
2298
2300
2299
2301
2302
2303
2301
2303
2304
2305
2306
2307
2305
2307
2308
2309
2310
2311
2309
2311
2312
2313
2314
2315
2313
2315
2316
2317
2318
2319
2320
2317
2319
2321
2320
2319
2322
2321
2319
2319
2323
2322
2323
2319
2324
2324
2325
2323
2319
2326
2324
2319
2327
2326
2319
2328
2327
2325
2324
2329
2329
2330
2325
2324
2331
2329
2332
2333
2334
2332
2334
2335
2336
2332
2335
2337
2336
2335
2335
2338
2337
2339
2337
2338
2340
2341
2342
2340
2342
2343
2344
2345
2346
2344
2346
2347
2348
2344
2347
2348
2347
2349
2350
2348
2349
2350
2349
2351
2352
2350
2351
2352
2351
2353
2354
2352
2353
2354
2353
2355
2356
2354
2355
2356
2355
2357
2358
2356
2357
2358
2357
2359
2360
2358
2359
2360
2359
2361
2362
2360
2361
2362
2361
2363
2364
2362
2363
2364
2363
2365
2366
2364
2365
2366
2365
2367
2368
2369
2370
2368
2370
2371
2372
2373
2374
2372
2374
2375
2376
2372
2375
2376
2375
2377
2378
2379
2380
2378
2380
2381
2382
2383
2384
2382
2384
2385
2386
2387
2388
2386
2388
2389
2390
2391
2392
2390
2392
2393
2394
2395
2396
2394
2396
2397
2398
2399
2400
2398
2400
2401
2402
2403
2404
2402
2404
2405
2406
2407
2408
2406
2408
2409
2410
2411
2412
2411
2410
2413
2414
2415
2416
2414
2416
2417
2418
2419
2420
2418
2420
2421
2422
2423
2424
2422
2424
2425
2426
2427
2428
2426
2428
2429
2430
2431
2432
2430
2432
2433
2434
2435
2436
2436
2437
2434
2437
2438
2434
2439
2440
2441
2439
2441
2442
2443
2444
2445
2443
2445
2446
2447
2448
2449
2447
2449
2450
2451
2452
2453
2451
2453
2454
2455
2456
2457
2455
2457
2458
2459
2460
2461
2459
2461
2462
2463
2464
2465
2463
2465
2466
2467
2468
2469
2467
2469
2470
2471
2472
2473
2471
2473
2474
2475
2476
2477
2475
2477
2478
2479
2480
2481
2479
2481
2482
2483
2484
2485
2483
2485
2486
2487
2488
2489
2487
2489
2490
2491
2492
2493
2491
2493
2494
2495
2496
2497
2495
2497
2498
2499
2500
2501
2499
2501
2502
2503
2504
2505
2503
2505
2506
2507
2508
2509
2507
2509
2510
2511
2512
2513
2511
2514
2512
2514
2515
2512
2514
2516
2515
2517
2518
2519
2517
2519
2520
2521
2522
2523
2521
2523
2524
2525
2526
2527
2525
2527
2528
2529
2530
2531
2529
2531
2532
2533
2534
2535
2533
2535
2536
2537
2538
2539
2537
2539
2540
2541
2542
2543
2543
2544
2541
2543
2545
2544
2546
2547
2548
2548
2549
2546
2549
2550
2546
2546
2551
2552
2551
2546
2553
2554
2551
2553
2555
2554
2553
2556
2555
2553
2557
2556
2553
2553
2558
2557
2559
2560
2561
2559
2561
2562
2563
2559
2562
2563
2562
2564
2565
2563
2564
2565
2564
2566
2567
2565
2566
2567
2566
2568
2569
2570
2571
2569
2571
2572
2573
2574
2575
2573
2575
2576
2577
2578
2579
2577
2580
2578
2580
2581
2578
2580
2582
2581
2582
2583
2581
2582
2584
2583
2584
2585
2583
2584
2586
2585
2587
2588
2589
2589
2590
2587
2590
2591
2587
2592
2593
2594
2592
2594
2595
2596
2597
2598
2598
2599
2596
2599
2600
2596
2600
2601
2596
2600
2602
2601
2600
2603
2602
2603
2604
2602
2603
2605
2604
2606
2607
2608
2606
2608
2609
2610
2611
2612
2610
2613
2611
2613
2610
2614
2613
2614
2615
2616
2617
2618
2616
2618
2619
2620
2621
2622
2620
2622
2623
2624
2625
2626
2624
2626
2627
2628
2629
2630
2630
2631
2628
2631
2632
2628
2631
2633
2632
2633
2634
2632
2634
2635
2632
2634
2636
2635
2636
2637
2635
2636
2638
2637
2639
2640
2641
2639
2641
2642
2643
2644
2645
2643
2645
2646
2647
2648
2649
2647
2649
2650
2651
2652
2653
2651
2653
2654
2655
2656
2657
2655
2657
2658
2659
2660
2661
2659
2661
2662
2663
2664
2665
2663
2665
2666
2667
2668
2669
2667
2669
2670
2671
2672
2673
2671
2673
2674
2675
2676
2677
2678
2675
2677
2679
2680
2681
2679
2681
2682
2683
2684
2685
2683
2685
2686
2687
2688
2689
2687
2689
2690
2691
2692
2693
2691
2693
2694
2695
2696
2697
2695
2697
2698
2699
2700
2701
2699
2701
2702
2703
2704
2705
2703
2705
2706
2707
2708
2709
2707
2709
2710
2711
2707
2710
2711
2710
2712
2713
2711
2712
2713
2712
2714
2715
2716
2714
2715
2714
2717
2718
2719
2720
2718
2720
2721
2722
2723
2724
2722
2724
2725
2726
2727
2728
2726
2728
2729
2730
2731
2732
2732
2733
2730
2732
2734
2733
2732
2735
2734
2732
2736
2735
2736
2737
2735
2738
2739
2740
2738
2740
2741
2742
2738
2741
2742
2741
2743
2744
2742
2743
2744
2743
2745
2746
2744
2745
2746
2745
2747
2748
2746
2747
2748
2747
2749
2750
2748
2749
2750
2749
2751
2752
2750
2751
2752
2751
2753
2754
2755
2756
2754
2756
2757
2758
2759
2760
2758
2760
2761
2762
2763
2764
2762
2764
2765
2766
2767
2768
2766
2768
2769
2770
2771
2772
2770
2772
2773
2773
2774
2770
2773
2775
2774
2775
2776
2774
2775
2777
2776
2777
2778
2776
2777
2779
2778
2779
2780
2778
2779
2781
2780
2782
2780
2781
2782
2783
2780
2782
2784
2783
2782
2785
2784
2785
2786
2784
2785
2787
2786
2788
2789
2790
2788
2790
2791
2792
2793
2794
2792
2794
2795
2796
2797
2798
2796
2798
2799
2800
2801
2802
2800
2802
2803
2804
2805
2806
2804
2806
2807
2808
2809
2810
2808
2810
2811
2812
2813
2814
2812
2814
2815
2816
2817
2818
2816
2818
2819
2820
2821
2822
2820
2822
2823
2824
2825
2826
2824
2826
2827
2828
2829
2830
2828
2830
2831
2832
2833
2834
2832
2834
2835
2836
2837
2838
2836
2838
2839
2840
2841
2842
2840
2842
2843
2844
2845
2846
2844
2846
2847
2848
2849
2850
2848
2850
2851
2852
2853
2854
2852
2854
2855
2856
2857
2858
2856
2858
2859
2860
2861
2862
2860
2862
2863
2864
2865
2866
2864
2866
2867
2868
2869
2870
2870
2871
2868
2870
2872
2871
2873
2874
2875
2873
2875
2876
2877
2878
2879
2877
2879
2880
2881
2882
2883
2881
2883
2884
2885
2886
2887
2885
2887
2888
2889
2890
2891
2891
2892
2889
2891
2893
2892
2893
2894
2892
2895
2896
2897
2895
2897
2898
2899
2900
2901
2899
2901
2902
2903
2904
2905
2903
2906
2904
2907
2906
2903
2907
2908
2906
2909
2910
2911
2909
2911
2912
2913
2914
2915
2913
2915
2916
2917
2918
2919
2917
2919
2920
2921
2922
2923
2921
2923
2924
2925
2921
2924
2925
2924
2926
2927
2925
2926
2927
2926
2928
2929
2927
2928
2929
2928
2930
2931
2929
2930
2931
2930
2932
2933
2934
2935
2933
2935
2936
2937
2938
2939
2937
2939
2940
2941
2942
2943
2942
2944
2943
2945
2946
2947
2945
2948
2946
2949
2948
2950
2951
2949
2950
2952
2951
2950
2950
2953
2952
2954
2951
2952
2955
2956
2957
2955
2957
2958
2959
2960
2961
2959
2961
2962
2963
2964
2965
2963
2965
2966
2967
2968
2969
2967
2969
2970
2971
2972
2973
2971
2973
2974
2975
2976
2977
2978
2977
2976
2979
2980
2981
2981
2982
2979
2983
2984
2985
2983
2985
2986
2987
2988
2989
2987
2989
2990
2991
2992
2993
2991
2993
2994
2995
2996
2997
2997
2998
2995
2997
2999
2998
2997
3000
2999
2997
3001
3000
3001
3002
3000
3003
3004
3005
3003
3005
3006
3007
3008
3009
3007
3009
3010
3011
3012
3013
3011
3013
3014
3015
3016
3017
3015
3017
3018
3019
3020
3021
3019
3021
3022
3023
3024
3025
3023
3025
3026
3027
3028
3029
3027
3029
3030
3031
3032
3033
3031
3033
3034
3035
3036
3037
3035
3037
3038
3039
3040
3041
3039
3041
3042
3043
3044
3045
3043
3045
3046
3047
3048
3049
3047
3049
3050
3051
3052
3053
3051
3053
3054
3055
3056
3057
3055
3057
3058
3059
3060
3061
3059
3061
3062
3063
3064
3065
3063
3065
3066
3067
3068
3069
3067
3069
3070
3071
3072
3073
3071
3073
3074
3075
3076
3077
3077
3078
3075
3077
3079
3078
3079
3080
3078
3079
3081
3080
3079
3082
3081
3083
3084
3085
3083
3085
3086
3087
3088
3089
3089
3090
3087
3090
3091
3087
3091
3092
3087
3091
3093
3092
3093
3094
3092
3095
3096
3097
3095
3097
3098
3099
3100
3101
3099
3101
3102
3103
3104
3105
3105
3106
3103
3106
3107
3103
3106
3108
3107
3106
3109
3108
3106
3110
3109
3111
3112
3113
3111
3113
3114
3115
3116
3117
3117
3118
3115
3117
3119
3118
3119
3120
3118
3120
3121
3118
3121
3122
3118
3123
3124
3125
3123
3125
3126
3127
3128
3129
3127
3129
3130
3131
3132
3133
3131
3133
3134
3135
3136
3137
3135
3137
3138
3139
3140
3141
3139
3141
3142
3143
3144
3145
3143
3145
3146
3147
3148
3149
3147
3149
3150
3151
3152
3153
3151
3153
3154
3155
3156
3157
3155
3157
3158
3159
3160
3161
3159
3161
3162
3163
3164
3165
3163
3165
3166
3167
3168
3169
3167
3169
3170
3171
3172
3173
3171
3174
3172
3174
3171
3175
3174
3175
3176
3174
3176
3177
3174
3177
3178
3179
3180
3181
3179
3181
3182
3183
3184
3185
3183
3185
3186
3186
3185
3187
3186
3187
3188
3187
3185
3189
3187
3189
3190
3191
3192
3193
3191
3193
3194
3194
3193
3195
3194
3195
3196
3197
3198
3199
3197
3199
3200
3201
3202
3203
3201
3204
3202
3202
3204
3205
3202
3205
3206
3207
3208
3209
3207
3209
3210
3211
3212
3213
3211
3213
3214
3215
3216
3217
3215
3217
3218
3219
3220
3221
3219
3221
3222
3223
3224
3225
3223
3225
3226
3227
3228
3229
3227
3229
3230
3231
3232
3233
3231
3233
3234
3235
3236
3237
3235
3237
3238
3239
3240
3241
3239
3241
3242
3243
3244
3245
3243
3245
3246
3247
3248
3249
3247
3249
3250
3251
3252
3253
3251
3253
3254
3255
3256
3257
3255
3257
3258
3259
3260
3261
3259
3261
3262
3263
3264
3265
3263
3265
3266
3267
3268
3269
3267
3269
3270
3271
3272
3273
3271
3274
3272
3275
3274
3271
3275
3276
3274
3277
3278
3279
3277
3279
3280
3281
3282
3283
3281
3283
3284
3285
3286
3287
3285
3287
3288
3288
3287
3289
3288
3289
3290
3291
3292
3293
3291
3293
3294
3295
3296
3297
3295
3297
3298
3299
3300
3301
3299
3301
3302
3303
3304
3305
3303
3305
3306
3307
3308
3309
3307
3309
3310
3311
3312
3313
3311
3313
3314
3315
3316
3317
3315
3317
3318
3319
3320
3321
3319
3321
3322
3323
3324
3325
3323
3325
3326
3327
3328
3329
3327
3329
3330
3331
3332
3333
3331
3333
3334
3335
3336
3337
3335
3337
3338
3339
3340
3341
3339
3341
3342
3343
3344
3345
3343
3345
3346
3347
3348
3349
3347
3350
3348
3347
3351
3350
3347
3352
3351
3353
3354
3355
3353
3355
3356
3356
3355
3357
3356
3357
3358
3359
3358
3357
3359
3357
3360
3361
3359
3360
3361
3360
3362
3363
3364
3365
3363
3365
3366
3367
3368
3369
3367
3369
3370
3371
3372
3373
3371
3373
3374
3375
3376
3377
3375
3377
3378
3379
3380
3381
3379
3381
3382
3383
3384
3385
3383
3385
3386
3387
3388
3389
3387
3389
3390
3391
3392
3393
3391
3393
3394
3395
3396
3397
3395
3397
3398
3399
3400
3401
3399
3401
3402
3403
3404
3405
3405
3406
3403
3405
3407
3406
3407
3408
3406
3407
3409
3408
3409
3410
3408
3409
3411
3410
3411
3412
3410
3411
3413
3412
3414
3415
3416
3414
3416
3417
3418
3419
3420
3418
3420
3421
3422
3423
3424
3424
3425
3422
3425
3426
3422
3425
3427
3426
3427
3428
3426
3427
3429
3428
3429
3430
3428
3429
3431
3430
3431
3432
3430
3433
3434
3435
3433
3435
3436
3437
3438
3439
3437
3439
3440
3441
3442
3443
3441
3443
3444
3445
3446
3447
3445
3447
3448
3449
3450
3451
3449
3451
3452
3453
3454
3455
3453
3455
3456
3457
3458
3459
3457
3459
3460
3461
3462
3463
3461
3463
3464
3465
3466
3467
3465
3467
3468
3469
3470
3471
3469
3471
3472
3473
3474
3475
3473
3475
3476
3477
3478
3479
3477
3479
3480
3481
3482
3483
3481
3483
3484
3485
3486
3487
3485
3487
3488
3489
3490
3491
3489
3491
3492
3493
3494
3495
3493
3495
3496
3497
3498
3499
3497
3499
3500
3501
3502
3503
3501
3503
3504
3505
3506
3507
3505
3507
3508
3509
3510
3511
3509
3511
3512
3513
3514
3515
3513
3515
3516
3517
3518
3519
3517
3519
3520
3521
3522
3523
3521
3523
3524
3525
3526
3527
3525
3527
3528
3529
3530
3531
3529
3531
3532
3533
3534
3535
3533
3535
3536
3537
3538
3539
3537
3539
3540
3541
3542
3543
3541
3543
3544
3544
3543
3545
3544
3545
3546
3547
3541
3544
3548
3541
3547
3547
3544
3549
3549
3544
3546
3548
3550
3541
3549
3546
3551
3552
3550
3548
3551
3546
3553
3552
3554
3550
3551
3553
3555
3556
3554
3552
3555
3553
3557
3556
3558
3554
3555
3557
3559
3560
3558
3556
3559
3557
3561
3560
3562
3558
3559
3561
3563
3564
3562
3560
3563
3561
3565
3564
3565
3562
3563
3565
3564
3566
3567
3568
3566
3568
3569
3569
3568
3570
3569
3570
3571
3572
3566
3569
3572
3569
3573
3573
3569
3571
3574
3566
3572
3573
3571
3575
3574
3576
3566
3575
3571
3577
3578
3576
3574
3575
3577
3579
3578
3580
3576
3579
3577
3581
3582
3580
3578
3579
3581
3583
3582
3584
3580
3583
3581
3585
3586
3584
3582
3583
3585
3587
3586
3588
3584
3587
3585
3589
3590
3588
3586
3587
3589
3590
3590
3589
3588
3591
3592
3593
3591
3593
3594
3595
3596
3597
3595
3597
3598
3599
3600
3601
3599
3601
3602
3603
3604
3605
3603
3605
3606
3607
3608
3609
3607
3609
3610
3611
3612
3613
3611
3613
3614
3615
3616
3617
3615
3617
3618
3619
3620
3621
3619
3621
3622
3623
3624
3625
3623
3625
3626
3627
3628
3629
3627
3629
3630
3631
3632
3633
3631
3633
3634
3635
3636
3637
3635
3637
3638
3639
3640
3641
3639
3641
3642
3643
3644
3645
3643
3645
3646
3647
3648
3649
3647
3649
3650
3651
3652
3653
3651
3654
3652
3655
3654
3651
3655
3656
3654
3657
3658
3659
3657
3660
3658
3661
3660
3657
3661
3662
3660
3663
3664
3665
3663
3665
3666
3667
3668
3669
3667
3669
3670
3670
3669
3671
3670
3671
3672
3673
3667
3670
3674
3667
3673
3673
3670
3675
3675
3670
3672
3674
3676
3667
3675
3672
3677
3678
3676
3674
3677
3672
3679
3678
3680
3676
3677
3679
3681
3682
3680
3678
3681
3679
3683
3682
3684
3680
3681
3683
3685
3686
3684
3682
3685
3683
3687
3686
3688
3684
3685
3687
3689
3690
3688
3686
3689
3687
3691
3689
3691
3690
3690
3691
3688
3692
3693
3694
3692
3694
3695
3695
3694
3696
3695
3696
3697
3698
3692
3695
3699
3692
3698
3698
3695
3700
3700
3695
3697
3699
3701
3692
3700
3697
3702
3703
3701
3699
3702
3697
3704
3703
3705
3701
3702
3704
3706
3707
3705
3703
3706
3704
3708
3707
3709
3705
3706
3708
3710
3711
3709
3707
3710
3708
3712
3711
3713
3709
3710
3712
3714
3715
3713
3711
3714
3712
3716
3715
3716
3713
3714
3716
3715
3717
3718
3719
3717
3719
3720
3721
3722
3723
3721
3723
3724
3725
3726
3727
3725
3727
3728
3729
3730
3731
3729
3731
3732
3733
3734
3735
3733
3735
3736
3737
3738
3739
3737
3739
3740
3741
3742
3743
3741
3743
3744
3745
3746
3747
3745
3747
3748
3749
3750
3751
3749
3751
3752
3753
3754
3755
3753
3755
3756
3757
3758
3759
3759
3760
3757
3760
3761
3757
3760
3762
3761
3762
3763
3761
3762
3764
3763
3764
3765
3763
3764
3766
3765
3766
3767
3765
3768
3769
3770
3768
3770
3771
3772
3773
3774
3772
3774
3775
3776
3777
3778
3778
3779
3776
3778
3780
3779
3780
3781
3779
3780
3782
3781
3782
3783
3781
3782
3784
3783
3784
3785
3783
3784
3786
3785
3787
3788
3789
3787
3789
3790
3791
3792
3793
3791
3793
3794
3795
3796
3797
3795
3797
3798
3799
3800
3801
3799
3801
3802
3803
3804
3805
3803
3805
3806
3807
3808
3809
3807
3809
3810
3811
3812
3813
3811
3813
3814
3815
3816
3817
3815
3817
3818
3819
3820
3821
3819
3821
3822
3823
3824
3825
3823
3825
3826
3827
3828
3829
3827
3829
3830
3831
3832
3833
3831
3833
3834
3835
3836
3837
3835
3837
3838
3839
3840
3841
3839
3841
3842
3843
3844
3845
3843
3845
3846
3847
3848
3849
3847
3849
3850
3851
3852
3853
3851
3853
3854
3855
3856
3857
3855
3857
3858
3859
3860
3861
3859
3861
3862
3863
3864
3865
3863
3865
3866
3867
3868
3869
3867
3869
3870
3871
3872
3873
3871
3873
3874
3875
3876
3877
3875
3877
3878
3879
3880
3881
3879
3881
3882
3883
3884
3885
3883
3885
3886
3887
3888
3889
3887
3889
3890
3891
3892
3893
3891
3893
3894
3895
3896
3897
3895
3898
3896
3898
3899
3896
3898
3900
3899
3901
3898
3895
3902
3901
3895
3901
3903
3898
3903
3900
3898
3902
3895
3904
3903
3905
3900
3906
3902
3904
3905
3907
3900
3906
3904
3908
3905
3909
3907
3910
3906
3908
3909
3911
3907
3910
3908
3912
3909
3913
3911
3914
3910
3912
3913
3915
3911
3914
3912
3916
3913
3917
3915
3918
3914
3916
3917
3919
3915
3918
3916
3919
3917
3918
3919
3920
3921
3922
3920
3923
3921
3923
3924
3921
3923
3925
3924
3926
3923
3920
3926
3927
3923
3927
3925
3923
3928
3926
3920
3927
3929
3925
3928
3920
3930
3929
3931
3925
3932
3928
3930
3929
3933
3931
3932
3930
3934
3933
3935
3931
3936
3932
3934
3933
3937
3935
3936
3934
3938
3937
3939
3935
3940
3936
3938
3937
3941
3939
3940
3938
3942
3941
3943
3939
3944
3940
3942
3941
3944
3943
3944
3942
3943
3945
3946
3947
3945
3947
3948
3949
3950
3951
3949
3951
3952
3953
3954
3955
3953
3955
3956
3957
3958
3959
3957
3959
3960
3961
3962
3963
3961
3963
3964
3965
3966
3967
3965
3967
3968
3969
3970
3971
3969
3971
3972
3973
3974
3975
3973
3975
3976
3977
3978
3979
3977
3979
3980
3981
3982
3983
3981
3983
3984
3985
3986
3987
3985
3987
3988
3989
3990
3991
3989
3991
3992
3993
3994
3995
3993
3995
3996
3997
3998
3999
3997
3999
4000
4001
4002
4003
4001
4003
4004
4005
4006
4007
4005
4007
4008
4009
4005
4008
4009
4008
4010
4011
4012
4013
4011
4013
4014
4015
4011
4014
4015
4014
4016
4017
4018
4019
4017
4019
4020
4021
4022
4023
4021
4024
4022
4024
4025
4022
4024
4026
4025
4027
4024
4021
4028
4027
4021
4027
4029
4024
4029
4026
4024
4028
4021
4030
4029
4031
4026
4032
4028
4030
4031
4033
4026
4032
4030
4034
4031
4035
4033
4036
4032
4034
4035
4037
4033
4036
4034
4038
4035
4039
4037
4040
4036
4038
4039
4041
4037
4040
4038
4042
4039
4043
4041
4044
4040
4042
4043
4045
4041
4043
4044
4045
4044
4042
4045
4046
4047
4048
4046
4049
4047
4049
4050
4047
4049
4051
4050
4052
4049
4046
4053
4052
4046
4052
4054
4049
4054
4051
4049
4053
4046
4055
4054
4056
4051
4057
4053
4055
4056
4058
4051
4057
4055
4059
4056
4060
4058
4061
4057
4059
4060
4062
4058
4061
4059
4063
4060
4064
4062
4065
4061
4063
4064
4066
4062
4065
4063
4067
4064
4068
4066
4069
4065
4067
4068
4070
4066
4069
4067
4070
4068
4069
4070
4071
4072
4073
4071
4073
4074
4075
4076
4077
4075
4077
4078
4076
4079
4077
4080
4075
4078
4076
4081
4079
4080
4078
4082
4081
4080
4082
4081
4082
4079
4083
4084
4085
4083
4086
4084
4087
4083
4085
4086
4088
4084
4087
4085
4089
4086
4090
4088
4091
4087
4089
4090
4092
4088
4091
4089
4093
4090
4094
4092
4094
4091
4093
4094
4093
4092
4095
4096
4097
4098
4096
4095
4095
4097
4099
4098
4100
4096
4099
4097
4101
4102
4100
4098
4099
4101
4102
4102
4101
4100
4103
4104
4105
4103
4105
4106
4107
4104
4103
4106
4105
4108
4107
4109
4104
4106
4108
4110
4111
4109
4107
4110
4108
4112
4111
4113
4109
4110
4112
4114
4114
4113
4111
4114
4112
4113
240
4115
4116
4117
4115
4118
4116
4118
4119
4116
4118
4120
4119
4121
4122
4123
4121
4123
4124
4125
4126
4127
4125
4127
4128
4129
4130
4131
4129
4131
4132
4133
4129
4132
4133
4132
4134
4135
4136
4137
4135
4137
4138
4139
4140
4141
4139
4141
4142
4143
4144
4145
4143
4145
4146
4147
4148
4149
4147
4149
4150
4151
4152
4153
4151
4153
4154
4155
4156
4157
4155
4157
4158
4159
4160
4161
4159
4161
4162
4163
4164
4165
4163
4165
4166
4167
4168
4169
4167
4169
4170
4171
4172
4173
4171
4173
4174
4175
4176
4177
4175
4177
4178
4179
4180
4181
4179
4181
4182
4183
4184
4185
4183
4185
4186
4187
4188
4189
4187
4189
4190
4191
4192
4193
4191
4193
4194
4194
4193
4195
4194
4195
4196
4197
4198
4199
4197
4199
4200
4201
4202
4203
4201
4203
4204
4205
4206
4207
4205
4208
4206
4209
4208
4205
4209
4210
4208
4211
4212
4213
4211
4213
4214
4215
4216
4217
4215
4217
4218
4219
4220
4221
4219
4221
4222
4223
4224
4225
4223
4225
4226
4227
4228
4229
4227
4229
4230
4231
4232
4233
4231
4233
4234
4235
4236
4237
4235
4237
4238
4239
4240
4241
4239
4241
4242
4243
4244
4245
4243
4245
4246
4247
4248
4249
4247
4249
4250
4251
4252
4253
4251
4253
4254
4255
4256
4257
4255
4257
4258
4259
4260
4261
4259
4261
4262
4263
4264
4265
4263
4265
4266
