MESH3
N Van_10
2516
-0.9527496,0.3817415,2.210359
-0.980498,0.382356,2.220616
-0.985121,0.3654565,2.174672
-0.9657934,0.3802465,-2.647561
-0.9576594,0.3809687,-2.620662
-0.9900199,0.3769248,-2.60145
-0.891715,0.6352383,2.273053
-0.8925928,0.5747242,2.273108
-0.8654224,0.6325541,2.292026
-0.9582629,0.3617809,2.120874
-0.8835119,0.3817415,2.21085
-0.9527496,0.3817415,2.210359
-0.6820585,0.3817415,2.210865
-0.9582629,0.3617809,2.120874
-0.6914468,0.3617809,2.120875
0,0.3509621,2.130873
0,0.3789842,2.225596
0.6820585,0.3817415,2.210865
0.6914468,0.3617809,2.120875
0.9582629,0.3617809,2.120874
0.8835119,0.3817415,2.21085
0.9582629,0.3617809,2.120874
0.9527496,0.3817415,2.210359
-0.6567837,0.489329,-2.616073
-0.6406202,0.5060747,-2.615659
-0.6232507,0.489329,-2.616172
0.9527496,0.3817415,2.210359
0.985121,0.3654565,2.174672
0.980498,0.382356,2.220616
0.9657934,0.3802465,-2.647561
0.9900199,0.3769248,-2.60145
0.9576594,0.3809687,-2.620662
0.891715,0.6352383,2.273053
0.8654224,0.6325541,2.292026
0.8925928,0.5747242,2.273108
0.6567837,0.489329,-2.616073
0.6232507,0.489329,-2.616172
0.6406202,0.5060747,-2.615659
0.9018685,0.3816498,-2.659742
0.9657934,0.3802465,-2.647561
0.9576594,0.3809687,-2.620662
0.9576594,0.3809687,-2.620662
0.6567838,0.3817736,-2.666363
0.6567837,0.3809687,-2.620774
0.6318735,0.380142,-2.606824
0.6232507,0.3809687,-2.620788
0.9068373,0.3609604,-2.27138
0.4087956,0.3601644,-2.269598
0,0.3601644,-2.270283
0.9576594,0.3601644,-2.271728
0.7055798,0.3630683,-2.172945
0.9900199,0.3769248,-2.60145
0.9762468,0.3601644,-2.271728
0.9576594,0.3544473,-2.172946
0.9762468,0.3601644,-2.271728
0.9869589,0.3544473,-2.172946
0,0.3809687,-2.621071
0,0.3816953,-2.663799
0.6232508,0.3817798,-2.666739
-0.6232507,0.3809687,-2.620788
-0.6232508,0.3817798,-2.666739
-0.6318735,0.380142,-2.606824
-0.4087956,0.3601644,-2.269598
-0.6567837,0.3809687,-2.620774
-0.9068373,0.3609604,-2.27138
-0.9576594,0.3809687,-2.620662
-0.9576594,0.3601644,-2.271728
-0.7055798,0.3630683,-2.172945
-0.9900199,0.3769248,-2.60145
-0.9762468,0.3601644,-2.271728
-0.9576594,0.3544473,-2.172946
-0.9762468,0.3601644,-2.271728
-0.9869589,0.3544473,-2.172946
-0.9576594,0.3809687,-2.620662
-0.6567838,0.3817736,-2.666363
-0.9018685,0.3816498,-2.659742
-0.9657934,0.3802465,-2.647561
-0.9576596,0.5751373,-1.259148
-0.9252578,0.2943165,-1.22266
-0.9258518,0.2943169,1.215584
-0.944112,0.3907808,1.221776
-0.9582632,0.5808722,1.270106
-0.7615604,1.862091,0.7907606
-0.7656419,1.827393,0.899398
-0.6246633,1.877548,0.9345073
-0.626669,1.911212,0.8205397
-0.4087956,0.3601644,-2.269598
-0.7055798,0.3630683,-2.172945
-0.9068373,0.3609604,-2.27138
-0.4160667,0.3614666,-2.136233
0,0.3601644,-2.270283
0,0.3614666,-2.13741
0.4160667,0.3614666,-2.136233
0.4087956,0.3601644,-2.269598
0.7055798,0.3630683,-2.172945
0.9068373,0.3609604,-2.27138
0,1.211191,-2.593775
-0.639779,1.211191,-2.589871
-0.5505179,1.252172,-2.587764
-0.08615011,1.252239,-2.5907
-0.06985086,1.258724,-2.588918
-0.06309947,1.274377,-2.584411
-0.06309903,1.767319,-2.535466
0,1.836047,-2.522041
0,1.836047,-2.522041
0.06309903,1.767319,-2.535466
0.06309947,1.274377,-2.584411
0.06985086,1.258724,-2.588918
0.08615011,1.252239,-2.5907
0.639779,1.211191,-2.589871
0.5505179,1.252172,-2.587764
0,1.914508,0.8286673
-0.626669,1.911212,0.8205397
-0.6246633,1.877548,0.9345073
-0.3577522,1.87925,0.9407509
0,1.881531,0.9491199
0.3577522,1.87925,0.9407509
0.6246633,1.877548,0.9345073
0.626669,1.911212,0.8205397
-0.6243532,1.871027,0.9405149
-0.3565625,1.28117,1.469017
-0.3578461,1.872583,0.9465842
-0.6786897,1.281176,1.442196
-0.7585068,1.82266,0.9064505
-0.9033175,1.280577,1.389941
-0.6243532,1.871027,0.9405149
-0.8835119,0.3817415,2.21085
-0.8955362,0.3817415,2.286233
-0.9527496,0.3817415,2.210359
-0.8309665,0.3817415,2.302873
-0.6820585,0.3817415,2.210865
-0.4471735,0.3817415,2.302873
0,0.3789842,2.225596
0,0.3817415,2.319502
0.4471735,0.3817415,2.302873
0.6820585,0.3817415,2.210865
0.8309665,0.3817415,2.302873
0.8835119,0.3817415,2.21085
0.8955362,0.3817415,2.286233
0.9527496,0.3817415,2.210359
-0.8477847,1.129439,2.227269
-0.8217888,1.038902,2.302873
-0.6494423,1.039528,2.302873
-0.658334,1.130519,2.235841
-0.6249183,1.914614,0.3609482
-0.626669,1.911212,0.8205397
0,1.914508,0.8286673
0,1.91791,0.3682427
-0.6092541,1.84909,-2.50364
0,1.852384,-2.503847
0.6092541,1.84909,-2.50364
0.6249183,1.914614,0.3609482
0.626669,1.911212,0.8205397
-0.7452395,1.87572,0.3548608
-0.7615604,1.862091,0.7907606
-0.626669,1.911212,0.8205397
-0.6249183,1.914614,0.3609482
-0.6092541,1.84909,-2.50364
-0.7096377,1.810368,-2.501381
0,0.489329,-2.61723
-0.6232508,0.4901397,-2.665079
-0.6232507,0.489329,-2.616172
0,0.4900556,-2.662913
0.6232508,0.4901397,-2.665079
0.6232507,0.489329,-2.616172
-0.7615604,1.862091,0.7907606
-0.8051756,1.827739,0.7793705
-0.8158245,1.784195,0.8891443
-0.7656419,1.827393,0.899398
-0.7656419,1.827393,0.899398
-0.8158245,1.784195,0.8891443
-0.9576582,1.262963,1.344695
-0.9134469,1.273357,1.392959
-0.9576594,0.4886987,-2.598733
-0.9576594,0.470851,-2.152442
-0.9576594,0.6241392,-2.120631
-0.9576594,0.6364015,-2.593196
-0.7452395,1.87572,0.3548608
-0.8051756,1.827739,0.7793705
-0.7615604,1.862091,0.7907606
-0.802653,1.831515,0.3395227
-0.7096377,1.810368,-2.501381
-0.7730417,1.768448,-2.488678
-0.5380222,0.9089832,2.303306
-0.5369629,0.9956478,2.286392
-0.536954,0.995633,2.303456
-0.5380312,0.9089981,2.286242
-0.5390904,0.8223334,2.303155
-0.5390993,0.8223484,2.286092
-0.5401586,0.7356837,2.303005
-0.5401675,0.7356986,2.285942
-0.5412268,0.649034,2.302855
-0.5412357,0.6490488,2.285791
-0.9316577,1.117375,2.217996
-0.8825334,1.006716,2.283261
-0.8217888,1.038902,2.302873
-0.8477847,1.129439,2.227269
-0.8477847,1.129439,2.227269
-0.9134469,1.273357,1.392959
-0.9576582,1.262963,1.344695
-0.9316577,1.117375,2.217996
-0.9875627,0.7243571,1.432828
-0.9875628,0.5808722,1.270106
-0.9875627,0.5579327,1.32376
-0.9875628,0.7643122,1.399185
-0.9875627,0.7961815,1.581436
-0.9875627,0.853152,1.567804
-0.9875625,0.7958149,1.806291
-0.9875625,0.8536273,1.814701
-0.9875625,0.7421975,1.942322
-0.9875625,0.7767751,1.987241
-0.9875625,0.5679964,2.137918
-0.9875625,0.5521104,2.076793
-0.9875625,0.3617809,2.120874
-0.985121,0.3654565,2.174672
-0.9576594,0.3530751,-2.110491
-0.9869589,0.3530751,-2.110491
-0.9869589,0.3544473,-2.172946
-0.9576594,0.3544473,-2.172946
-0.9576594,0.470851,-2.152442
-0.9869589,0.470806,-2.152452
-0.9869589,0.6268367,-2.119265
-0.9576594,0.6241392,-2.120631
-0.9576592,0.8067231,-1.708125
-0.9869587,0.8067231,-1.708125
-0.9869587,0.7421595,-1.93483
-0.9576593,0.7421595,-1.93483
-0.7037797,0.8067231,-1.708125
-0.7037797,0.7421595,-1.93483
-0.9582631,0.853152,1.567804
-0.9875627,0.853152,1.567804
-0.9875625,0.8536273,1.814701
-0.958263,0.8536273,1.814701
-0.9576592,0.6891738,-1.390566
-0.9869587,0.6891738,-1.390566
-0.9869587,0.764091,-1.502807
-0.9576592,0.764091,-1.502807
-0.7037797,0.6891738,-1.390566
-0.7037797,0.764091,-1.502807
-0.9576592,0.8639333,-1.709963
-0.9869587,0.8639333,-1.709963
-0.9869587,0.8218343,-1.491992
-0.9576592,0.8218343,-1.491992
-0.9252574,0.2938987,-1.28249
-0.9545569,0.2938987,-1.28249
-0.9869586,0.559631,-1.316196
-0.9576591,0.559631,-1.316195
-0.7037797,0.298326,-1.28249
-0.7037798,0.559631,-1.316195
-0.9582629,0.7767751,1.987241
-0.9875625,0.7767751,1.987241
-0.9875625,0.5679964,2.137918
-0.9582629,0.5679964,2.137918
-0.9582629,0.6037479,2.122715
-0.9576592,0.8218343,-1.491992
-0.9869587,0.8218343,-1.491992
-0.9869586,0.7327271,-1.35052
-0.9576591,0.7327271,-1.35052
-0.658334,1.130519,2.235841
-0.6494423,1.039528,2.302873
0,1.038902,2.319502
0,1.126932,2.269311
-0.8639287,0.6919641,2.291911
-0.8209087,0.6955848,2.303141
-0.8209087,1.011222,2.30487
-0.8564493,0.9894586,2.291336
-0.8825334,1.006716,2.283261
-0.8217888,1.038902,2.302873
-0.9403774,0.6901637,2.218261
-0.8825334,1.006716,2.283261
-0.9316577,1.117375,2.217996
-0.8909183,0.6901637,2.273003
-0.891715,0.6352383,2.273053
-0.9412327,0.633463,2.220079
-0.9421188,0.5747242,2.219331
-0.9696884,0.5753318,2.230059
-0.9098865,0.5751444,2.297643
-0.8925928,0.5747242,2.273108
-0.8302497,0.5748641,2.332208
-0.8263776,0.5747242,2.305725
-0.4480897,0.5747243,2.344956
-0.4480897,0.5747242,2.313877
0,0.5747243,2.349092
0,0.5747242,2.319502
0.4480897,0.5747242,2.313877
0.4480897,0.5747243,2.344956
0.8263776,0.5747242,2.305725
0.8302497,0.5748641,2.332208
0.8925928,0.5747242,2.273108
0.9098865,0.5751444,2.297643
0.9421188,0.5747242,2.219331
0.9696884,0.5753318,2.230059
-0.9407554,0.3781797,1.278559
-0.9700549,0.3781797,1.278559
-0.955161,0.293899,1.275686
-0.9258616,0.293899,1.275686
-0.6914466,0.3781797,1.278559
-0.6914466,0.293899,1.275686
-0.8955362,0.3817415,2.286233
-0.980498,0.382356,2.220616
-0.9527496,0.3817415,2.210359
-0.9128788,0.3821625,2.299946
-0.8309665,0.3817415,2.302873
-0.8349394,0.381885,2.332195
-0.4471735,0.3817415,2.302873
-0.4471735,0.3817415,2.344956
0,0.3817415,2.319502
0,0.3817415,2.349092
0.4471735,0.3817415,2.344956
0.4471735,0.3817415,2.302873
0.8349394,0.381885,2.332195
0.8309665,0.3817415,2.302873
0.9128788,0.3821625,2.299946
0.8955362,0.3817415,2.286233
0.980498,0.382356,2.220616
0.9527496,0.3817415,2.210359
-0.9576594,0.4886987,-2.598733
-0.9869589,0.470806,-2.152452
-0.9576594,0.470851,-2.152442
-0.9926301,0.486479,-2.595422
-0.9416185,0.489329,-2.614865
-0.9665993,0.4889555,-2.641927
-0.9019733,0.4900086,-2.654868
-0.6567837,0.489329,-2.616073
-0.6567838,0.4901335,-2.664486
-0.9416185,0.489329,-2.614865
-0.9582629,0.7767751,1.987241
-0.9403774,0.6901637,2.218261
-0.9316577,1.117375,2.217996
-0.958263,0.8536273,1.814701
-0.9576582,1.262963,1.344695
-0.9582631,0.853152,1.567804
-0.9582631,0.7643122,1.399185
-0.9582632,0.5808722,1.270106
-0.9576591,0.7327271,-1.35052
-0.9576596,0.5751373,-1.259148
-0.9576592,0.8218343,-1.491992
-0.9576592,0.8639333,-1.709963
-0.9576442,1.237133,0.3395786
-0.9576593,1.211334,-2.569397
-0.9576593,0.7988366,-1.949321
-0.9576594,0.6364015,-2.593196
-0.9576594,0.6241392,-2.120631
-0.6567837,0.489329,-2.616073
-0.9416185,0.489329,-2.614865
-0.9416184,0.6369342,-2.609213
-0.6397792,0.6369362,-2.611874
-0.6406202,0.5060747,-2.615659
-0.6232507,0.489329,-2.616172
0,0.6369362,-2.613608
0,0.489329,-2.61723
0.6232507,0.489329,-2.616172
0.6397792,0.6369362,-2.611874
0.6406202,0.5060747,-2.615659
0.9416184,0.6369342,-2.609213
0.6567837,0.489329,-2.616073
0.9416185,0.489329,-2.614865
-0.5532341,1.012143,2.303478
-0.6494423,1.039528,2.302873
-0.8217888,1.038902,2.302873
-0.8209087,1.011222,2.30487
-0.8639287,0.6919641,2.291911
-0.8909183,0.6901637,2.273003
-0.891715,0.6352383,2.273053
-0.8654224,0.6325541,2.292026
-0.8654224,0.6325541,2.292026
-0.8925928,0.5747242,2.273108
-0.8263776,0.5747242,2.305725
-0.8209087,0.6325516,2.302795
-0.8209087,0.6325516,2.302795
-0.8263776,0.5747242,2.305725
-0.4480897,0.5747242,2.313877
-0.5579136,0.6325516,2.30285
0,0.5747242,2.319502
0,0.6325516,2.319502
0.5579136,0.6325516,2.30285
0.4480897,0.5747242,2.313877
0.8209087,0.6325516,2.302795
0.8263776,0.5747242,2.305725
-0.5733294,0.9810531,2.303454
-0.5733649,0.9811136,2.286585
-0.5759206,0.7737974,2.286269
-0.5758851,0.773737,2.303138
-0.5772772,0.6637498,2.2861
-0.5772417,0.6636894,2.302969
-0.8011982,0.9801872,2.304672
-0.8012337,0.9802476,2.287803
-0.7898421,0.9916786,2.287805
-0.7898065,0.9916182,2.304674
-0.8011982,0.6636397,2.302898
-0.8012337,0.6637002,2.28603
-0.8012337,0.7747506,2.286651
-0.8011982,0.7746902,2.30352
-0.8012337,0.9802476,2.287803
-0.8011982,0.9801872,2.304672
-0.5772417,0.6636894,2.302969
-0.5772772,0.6637498,2.2861
-0.5888464,0.6523223,2.28608
-0.588811,0.6522619,2.302948
-0.588811,0.6522619,2.302948
-0.5888464,0.6523223,2.28608
-0.789856,0.6523225,2.285969
-0.7898205,0.6522622,2.302837
-0.7898065,0.9916182,2.304674
-0.7898421,0.9916786,2.287805
-0.584537,0.9923855,2.286664
-0.5845015,0.9923251,2.303533
-0.7898205,0.6522622,2.302837
-0.789856,0.6523225,2.285969
-0.8012337,0.6637002,2.28603
-0.8011982,0.6636397,2.302898
-0.5845015,0.9923251,2.303533
-0.584537,0.9923855,2.286664
-0.5733649,0.9811136,2.286585
-0.5733294,0.9810531,2.303454
-0.5412268,0.649034,2.302855
0,0.6325516,2.319502
0,0.649034,2.319502
-0.5579136,0.6325516,2.30285
-0.5401586,0.7356837,2.303005
-0.5567437,0.7274495,2.303007
-0.5390904,0.8223334,2.303155
-0.5555739,0.8223473,2.303164
-0.5380222,0.9089832,2.303306
-0.554404,0.9172453,2.303321
-0.536954,0.995633,2.303456
-0.5532341,1.012143,2.303478
0,0.9947165,2.319502
0,1.011199,2.319502
0,0.649034,2.319502
-0.5412357,0.6490488,2.285791
-0.5412268,0.649034,2.302855
0,0.6490488,2.302438
0.5412357,0.6490488,2.285791
0.5412268,0.649034,2.302855
-0.536954,0.995633,2.303456
-0.5369629,0.9956478,2.286392
0,0.9947314,2.302438
0,0.9947165,2.319502
0.536954,0.995633,2.303456
0.5369629,0.9956478,2.286392
-0.5260194,0.9208475,2.286241
-0.01185058,0.9201906,2.30246
-0.01185059,0.9828868,2.302439
-0.5252438,0.983763,2.286371
-0.5292238,0.6609136,2.2858
-0.01185059,0.6609136,2.30245
-0.01185059,0.7236097,2.302429
-0.5284482,0.7238289,2.28593
-0.5281556,0.7475582,2.285948
-0.01185059,0.7473392,2.302453
-0.01185059,0.8100353,2.302433
-0.52738,0.8104736,2.286077
-0.5270875,0.8342029,2.286094
-0.01185058,0.8337649,2.302456
-0.0118506,0.8964611,2.302436
-0.5263119,0.8971184,2.286224
-0.9582631,0.5617633,1.32376
-0.9875627,0.5579327,1.32376
-0.9700549,0.3781797,1.278559
-0.9407554,0.3781797,1.278559
-0.6914467,0.5617633,1.32376
-0.6914466,0.3781797,1.278559
-0.9582629,0.7421975,1.942322
-0.9875625,0.7421975,1.942322
-0.9875625,0.7958149,1.806291
-0.958263,0.7958149,1.806291
-0.6914467,0.7421975,1.942322
-0.6914467,0.7958149,1.806291
-0.9875627,0.5579327,1.32376
-0.9875628,0.5808722,1.270106
-0.9734224,0.3907808,1.221776
-0.9700549,0.3781797,1.278559
-0.9700549,0.3781797,1.278559
-0.955161,0.2943169,1.214983
-0.955161,0.293899,1.275686
-0.9734224,0.3907808,1.221776
-0.9551616,0.2943165,-1.22266
-0.9650506,0.3812278,-1.237269
-0.9545569,0.2938987,-1.28249
-0.9869589,0.5751373,-1.259148
-0.9869586,0.559631,-1.316196
-0.9869586,0.559631,-1.316196
-0.9869589,0.5751373,-1.259148
-0.9869586,0.7327271,-1.35052
-0.9869587,0.6891738,-1.390566
-0.9869587,0.8218343,-1.491992
-0.9869587,0.764091,-1.502807
-0.9869587,0.8639333,-1.709963
-0.9869587,0.8067231,-1.708125
-0.9869587,0.7988366,-1.949321
-0.9869587,0.7421595,-1.93483
-0.9869589,0.6268367,-2.119265
-0.9869587,0.6020736,-2.067875
-0.9869589,0.470806,-2.152452
-0.9869589,0.4714388,-2.092268
-0.9869589,0.3544473,-2.172946
-0.9869589,0.3530751,-2.110491
-0.9576593,0.7421595,-1.93483
-0.9869587,0.7421595,-1.93483
-0.9869587,0.6020736,-2.067875
-0.9576593,0.6020736,-2.067875
-0.7037797,0.7421595,-1.93483
-0.7037797,0.6020736,-2.067875
-0.9582629,0.5521104,2.076793
-0.9875625,0.5521104,2.076793
-0.9875625,0.7421975,1.942322
-0.9582629,0.7421975,1.942322
-0.6914466,0.5521104,2.076793
-0.6914467,0.7421975,1.942322
-0.9252578,0.2943165,-1.22266
-0.9545569,0.2938987,-1.28249
-0.9252574,0.2938987,-1.28249
-0.9551616,0.2943165,-1.22266
-0.955161,0.2943169,1.214983
-0.9258518,0.2943169,1.215584
-0.9258616,0.293899,1.275686
-0.955161,0.293899,1.275686
-0.944112,0.3907808,1.221776
-0.9734224,0.3907808,1.221776
-0.9875628,0.5808722,1.270106
-0.9582632,0.5808722,1.270106
-0.9527496,0.3817415,2.210359
-0.985121,0.3654565,2.174672
-0.9875625,0.3617809,2.120874
-0.9582629,0.3617809,2.120874
-0.958263,0.7958149,1.806291
-0.9875625,0.7958149,1.806291
-0.9875627,0.7961815,1.581436
-0.9582631,0.7961815,1.581436
-0.6914467,0.7958149,1.806291
-0.6914466,0.7961815,1.581436
-0.944112,0.3907808,1.221776
-0.9417919,0.3812278,-1.237269
-0.9650506,0.3812278,-1.237269
-0.9734224,0.3907808,1.221776
-0.9582629,0.3617809,2.120874
-0.9875625,0.3617809,2.120874
-0.9875625,0.5521104,2.076793
-0.9582629,0.5521104,2.076793
-0.6914468,0.3617809,2.120875
-0.6914466,0.5521104,2.076793
-0.9582629,0.5679964,2.137918
-0.9875625,0.5679964,2.137918
-0.985121,0.3654565,2.174672
-0.9527496,0.3817415,2.210359
-0.9576596,0.5751373,-1.259148
-0.9869589,0.5751373,-1.259148
-0.9551616,0.2943165,-1.22266
-0.9252578,0.2943165,-1.22266
-0.9252578,0.2943165,-1.22266
-0.9551616,0.2943165,-1.22266
-0.9650506,0.3812278,-1.237269
-0.9417919,0.3812278,-1.237269
-0.9258518,0.2943169,1.215584
-0.9252578,0.2943165,-1.22266
-0.9417919,0.3812278,-1.237269
-0.944112,0.3907808,1.221776
-0.985121,0.3654565,2.174672
-0.980498,0.382356,2.220616
-0.9696884,0.5753318,2.230059
-0.9875625,0.5679964,2.137918
-0.980498,0.382356,2.220616
-0.9128788,0.3821625,2.299946
-0.9098865,0.5751444,2.297643
-0.9696884,0.5753318,2.230059
-0.9128788,0.3821625,2.299946
-0.8349394,0.381885,2.332195
-0.8302497,0.5748641,2.332208
-0.9098865,0.5751444,2.297643
-0.8349394,0.381885,2.332195
-0.4480897,0.5747243,2.344956
-0.8302497,0.5748641,2.332208
-0.4471735,0.3817415,2.344956
0,0.5747243,2.349092
0,0.3817415,2.349092
0.4471735,0.3817415,2.344956
0.4480897,0.5747243,2.344956
0.8349394,0.381885,2.332195
0.8302497,0.5748641,2.332208
-0.9582629,0.5679964,2.137918
-0.9875625,0.5679964,2.137918
-0.9696884,0.5753318,2.230059
-0.9421188,0.5747242,2.219331
-0.8564493,0.9894586,2.291336
-0.8825334,1.006716,2.283261
-0.8909183,0.6901637,2.273003
-0.8639287,0.6919641,2.291911
-0.9421188,0.5747242,2.219331
-0.8925928,0.5747242,2.273108
-0.891715,0.6352383,2.273053
-0.9412327,0.633463,2.220079
-0.8654224,0.6325541,2.292026
-0.8209087,0.6325516,2.302795
-0.8209087,0.6955848,2.303141
-0.8639287,0.6919641,2.291911
-0.9421188,0.5747242,2.219331
-0.9412327,0.633463,2.220079
-0.9582629,0.6037479,2.122715
-0.9582629,0.5679964,2.137918
-0.9278441,0.7933325,-2.601763
-0.9416184,0.6369342,-2.609213
-0.941512,1.209338,-2.585774
-0.9278437,1.014738,-2.593253
-0.927844,0.8501718,-2.599578
-0.4232014,0.3060662,-1.823967
-0.4351372,0.2943165,-1.243585
-0.7055798,0.2943165,-1.222657
-0.7055798,0.3337767,-1.845932
-0.9258518,0.2943169,1.215584
-0.9252578,0.2943165,-1.22266
-0.7055798,0.2943165,-1.222657
-0.4351372,0.2943165,-1.243585
-0.6914468,0.2943169,1.228976
0,0.2943165,-1.246894
0,0.2943169,1.231694
0.6914468,0.2943169,1.228976
0,0.3060662,-1.825941
-0.4232014,0.3060662,-1.823967
0.4351372,0.2943165,-1.243585
0.4232014,0.3060662,-1.823967
0.9258518,0.2943169,1.215584
0.7055798,0.2943165,-1.222657
0.9252578,0.2943165,-1.22266
-0.9453759,1.284438,0.3636413
-0.9514785,1.261643,0.3878343
-0.9515757,1.284633,1.279566
-0.8150789,1.784488,0.363641
-0.9504537,1.286516,1.284237
-0.9497488,1.28814,1.285954
-0.9493692,1.290569,1.286143
-0.9486788,1.29557,1.284624
-0.8208764,1.764755,0.8745332
-0.8208764,1.764755,0.8745332
-0.811287,1.804455,0.7745232
-0.8150789,1.784488,0.363641
-0.8090983,1.807781,0.3879256
-0.9576593,0.6020736,-2.067875
-0.9869587,0.6020736,-2.067875
-0.9869589,0.4714388,-2.092268
-0.9576594,0.4812107,-2.090498
-0.7037797,0.6020736,-2.067875
-0.9869589,0.3530751,-2.110491
-0.7037797,0.4812107,-2.090498
-0.9576594,0.3530751,-2.110491
-0.7055797,0.3530751,-2.110491
-0.9576594,0.3544473,-2.172946
-0.9869589,0.3544473,-2.172946
-0.9869589,0.470806,-2.152452
-0.9576594,0.470851,-2.152442
-0.9762468,0.3601644,-2.271728
-0.9869589,0.3544473,-2.172946
-0.9869589,0.470806,-2.152452
-0.9900199,0.3769248,-2.60145
-0.9926301,0.486479,-2.595422
-0.3565625,1.28117,1.469017
0,1.874877,0.9549694
-0.3578461,1.872583,0.9465842
0,1.281154,1.476887
0.3565625,1.28117,1.469017
0,1.874877,0.9549694
0.3578461,1.872583,0.9465842
-0.941512,1.209338,-2.585774
-0.9198942,1.033918,-2.592614
-0.9278437,1.014738,-2.593253
-0.9007024,1.041862,-2.592544
-0.639779,1.211191,-2.589871
-0.6872627,1.041863,-2.595165
-0.644908,1.084936,-2.594218
-0.6680709,1.033918,-2.595682
-0.6601213,1.014737,-2.59646
0,0.6369362,-2.613608
0,1.211191,-2.593775
0.639779,1.211191,-2.589871
-0.6397792,0.6369362,-2.611874
0.6397792,0.6369362,-2.611874
-0.6872635,0.7662078,-2.605015
-0.668071,0.7741528,-2.604909
-0.9007018,0.7662089,-2.603055
-0.9198942,0.7741534,-2.602573
-0.9416184,0.6369342,-2.609213
-0.9278441,0.7933325,-2.601763
0.9416184,0.6369342,-2.609213
0.668071,0.7741528,-2.604909
0.6872635,0.7662078,-2.605015
0.9007018,0.7662089,-2.603055
0.9198942,0.7741534,-2.602573
0.9278441,0.7933325,-2.601763
0.644908,1.084936,-2.594218
0.941512,1.209338,-2.585774
0.6872627,1.041863,-2.595165
0.6680709,1.033918,-2.595682
0.6601213,1.014737,-2.59646
0.9007024,1.041862,-2.592544
0.9198942,1.033918,-2.592614
0.9278437,1.014738,-2.593253
-0.6397792,0.6369362,-2.611874
-0.668071,0.7741528,-2.604909
-0.6601212,0.7933339,-2.604303
-0.644908,1.084936,-2.594218
-0.639779,1.211191,-2.589871
-0.6601213,0.850288,-2.602285
-0.6601213,1.014737,-2.59646
-0.5579748,1.266453,-2.583594
-0.5615845,1.275918,-2.580873
-0.5394933,1.762215,-2.536105
-0.5483178,1.262538,-2.584784
-0.08828016,1.262607,-2.587703
-0.5346187,1.772373,-2.533218
-0.5238599,1.776624,-2.532011
-0.08824468,1.77895,-2.532015
-0.07810381,1.266658,-2.586598
-0.07809303,1.774965,-2.53318
-0.07388859,1.276428,-2.583776
-0.0738881,1.765241,-2.536021
-0.639779,1.211191,-2.589871
-0.941512,1.209338,-2.585774
-0.7605624,1.758483,-2.512046
-0.7025281,1.788352,-2.508456
-0.6056384,1.832861,-2.521605
-0.5724657,1.274307,-2.581294
-0.5501694,1.764716,-2.535341
-0.566494,1.258654,-2.585809
-0.5505179,1.252172,-2.587764
-0.5724657,1.274307,-2.581294
-0.5615845,1.275918,-2.580873
-0.5579748,1.266453,-2.583594
-0.566494,1.258654,-2.585809
-0.5483178,1.262538,-2.584784
-0.5505179,1.252172,-2.587764
-0.08828016,1.262607,-2.587703
-0.08615011,1.252239,-2.5907
-0.07810381,1.266658,-2.586598
-0.06985086,1.258724,-2.588918
-0.07388859,1.276428,-2.583776
-0.06309947,1.274377,-2.584411
-0.06309947,1.274377,-2.584411
-0.07388859,1.276428,-2.583776
-0.0738881,1.765241,-2.536021
-0.06309903,1.767319,-2.535466
-0.06309903,1.767319,-2.535466
-0.0738881,1.765241,-2.536021
-0.07809303,1.774965,-2.53318
-0.06985041,1.782934,-2.530916
-0.08824468,1.77895,-2.532015
-0.08614976,1.78933,-2.529031
-0.5238599,1.776624,-2.532011
-0.5260159,1.786979,-2.529017
-0.5346187,1.772373,-2.533218
-0.5426382,1.780407,-2.530869
-0.5394933,1.762215,-2.536105
-0.5501694,1.764716,-2.535341
-0.5501694,1.764716,-2.535341
-0.5394933,1.762215,-2.536105
-0.5615845,1.275918,-2.580873
-0.5724657,1.274307,-2.581294
0,0.3816953,-2.663799
-0.6232508,0.3817798,-2.666739
-0.6232508,0.4901397,-2.665079
0,0.4900556,-2.662913
0.6232508,0.4901397,-2.665079
0.6232508,0.3817798,-2.666739
-0.9019733,0.4900086,-2.654868
-0.6567838,0.4901335,-2.664486
-0.6567838,0.3817736,-2.666363
-0.9018685,0.3816498,-2.659742
-0.6232508,0.5040805,-2.686366
-0.6567838,0.5044826,-2.686366
-0.6567837,0.5090165,-2.615746
-0.6232507,0.5090165,-2.615845
-0.9926301,0.486479,-2.595422
-0.9665993,0.4889555,-2.641927
-0.9657934,0.3802465,-2.647561
-0.9900199,0.3769248,-2.60145
-0.9665993,0.4889555,-2.641927
-0.9019733,0.4900086,-2.654868
-0.9018685,0.3816498,-2.659742
-0.9657934,0.3802465,-2.647561
-0.6786897,1.281176,1.442196
-0.6795893,1.274499,1.447964
-0.3568685,1.274499,1.474841
-0.3565625,1.28117,1.469017
0,1.274499,1.482737
0,1.281154,1.476887
0.3565625,1.28117,1.469017
0.3568685,1.274499,1.474841
0.6786897,1.281176,1.442196
0.6795893,1.274499,1.447964
-0.3578461,1.872583,0.9465842
-0.6246633,1.877548,0.9345073
-0.6243532,1.871027,0.9405149
-0.3577522,1.87925,0.9407509
0,1.874877,0.9549694
0,1.881531,0.9491199
0.3577522,1.87925,0.9407509
0.3578461,1.872583,0.9465842
0.6246633,1.877548,0.9345073
0.6243532,1.871027,0.9405149
-0.7585068,1.82266,0.9064505
-0.7656419,1.827393,0.899398
-0.9134469,1.273357,1.392959
-0.9033175,1.280577,1.389941
-0.9033175,1.280577,1.389941
-0.9134469,1.273357,1.392959
-0.6795893,1.274499,1.447964
-0.6786897,1.281176,1.442196
-0.6243532,1.871027,0.9405149
-0.6246633,1.877548,0.9345073
-0.7656419,1.827393,0.899398
-0.7585068,1.82266,0.9064505
-0.9486788,1.29557,1.284624
-0.9477483,1.299227,1.291577
-0.8192534,1.771,0.879227
-0.8208764,1.764755,0.8745332
-0.8093237,1.811936,0.7760804
-0.811287,1.804455,0.7745232
-0.8071023,1.8153,0.3847699
-0.8090983,1.807781,0.3879256
-0.814221,1.787603,0.3558929
-0.8150789,1.784488,0.363641
-0.9461734,1.281271,0.355893
-0.9453759,1.284438,0.3636413
-0.9534589,1.25407,0.384762
-0.9514785,1.261643,0.3878343
-0.9535471,1.277183,1.281325
-0.9515757,1.284633,1.279566
-0.9515757,1.284633,1.279566
-0.9535471,1.277183,1.281325
-0.9521204,1.280271,1.288752
-0.9504537,1.286516,1.284237
-0.9504537,1.286516,1.284237
-0.9521204,1.280271,1.288752
-0.9506513,1.284851,1.293459
-0.9497488,1.28814,1.285954
-0.9497488,1.28814,1.285954
-0.9506513,1.284851,1.293459
-0.9491876,1.2914,1.293981
-0.9493692,1.290569,1.286143
-0.9493692,1.290569,1.286143
-0.9491876,1.2914,1.293981
-0.9477483,1.299227,1.291577
-0.9486788,1.29557,1.284624
-0.9576591,0.7327271,-1.35052
-0.9869586,0.7327271,-1.35052
-0.9869589,0.5751373,-1.259148
-0.9576596,0.5751373,-1.259148
-0.9869587,0.6891738,-1.390566
-0.9576591,0.559631,-1.316195
-0.9869586,0.559631,-1.316196
-0.9576592,0.6891738,-1.390566
-0.7037798,0.559631,-1.316195
-0.7037797,0.6891738,-1.390566
-0.9412327,0.633463,2.220079
-0.9403774,0.6901637,2.218261
-0.9582629,0.7767751,1.987241
-0.9582629,0.6037479,2.122715
-0.4160667,0.3614666,-2.136233
-0.4232014,0.3060662,-1.823967
-0.7055798,0.3337767,-1.845932
-0.7055798,0.3630683,-2.172945
0,0.3614666,-2.13741
-0.4232014,0.3060662,-1.823967
-0.4160667,0.3614666,-2.136233
0,0.3060662,-1.825941
0.4232014,0.3060662,-1.823967
0.4160667,0.3614666,-2.136233
-0.9576593,0.7988366,-1.949321
-0.9869587,0.7988366,-1.949321
-0.9869587,0.8639333,-1.709963
-0.9576592,0.8639333,-1.709963
-0.9576592,0.764091,-1.502807
-0.9869587,0.764091,-1.502807
-0.9869587,0.8067231,-1.708125
-0.9576592,0.8067231,-1.708125
-0.7037797,0.764091,-1.502807
-0.7037797,0.8067231,-1.708125
-0.6914466,0.3781797,1.278559
-0.6914466,0.293899,1.275686
-0.6914468,0.3617809,2.120875
-0.6914466,0.5521104,2.076793
-0.6914467,0.5617633,1.32376
-0.6914467,0.7421975,1.942322
-0.6914467,0.7243571,1.432828
-0.6914466,0.7961815,1.581436
-0.6914467,0.7958149,1.806291
-0.9258616,0.293899,1.275686
-0.9258518,0.2943169,1.215584
-0.6914468,0.2943169,1.228976
-0.6914466,0.293899,1.275686
-0.7055797,0.3530751,-2.110491
-0.7037797,0.298326,-1.28249
-0.7037798,0.559631,-1.316195
-0.7037797,0.4812107,-2.090498
-0.7037797,0.6020736,-2.067875
-0.7037797,0.6891738,-1.390566
-0.7037797,0.7421595,-1.93483
-0.7037797,0.764091,-1.502807
-0.7037797,0.8067231,-1.708125
-0.7055798,0.2943165,-1.222657
-0.9252578,0.2943165,-1.22266
-0.9252574,0.2938987,-1.28249
-0.7037797,0.298326,-1.28249
-0.9576594,0.3544473,-2.172946
-0.7055798,0.3630683,-2.172945
-0.7055797,0.3530751,-2.110491
-0.9576594,0.3530751,-2.110491
-0.9460043,1.097897,0.6077457
-0.9460043,1.097897,0.3820246
-0.9460043,1.137114,0.3820246
-0.9460043,1.137114,0.6077457
-0.9460043,1.097897,0.3820246
-0.9702891,1.097897,0.3820246
-0.9702891,1.137114,0.3820246
-0.9460043,1.137114,0.3820246
-0.9702891,1.097897,0.3820246
-0.9702891,1.097897,0.6077457
-0.9702891,1.137114,0.6077457
-0.9702891,1.137114,0.3820246
-0.9702891,1.097897,0.6077457
-0.9460043,1.097897,0.6077457
-0.9460043,1.137114,0.6077457
-0.9702891,1.137114,0.6077457
-0.9460043,1.097897,0.3820246
-0.9460043,1.097897,0.6077457
-0.9702891,1.097897,0.6077457
-0.9702891,1.097897,0.3820246
-0.9702891,1.137114,0.3820246
-0.9702891,1.137114,0.6077457
-0.9460043,1.137114,0.6077457
-0.9460043,1.137114,0.3820246
-0.6567838,0.4901335,-2.664486
-0.6567838,0.3679059,-2.686366
-0.6567838,0.3817736,-2.666363
-0.6567838,0.5044826,-2.686366
-0.6567837,0.489329,-2.616073
-0.6567837,0.5090165,-2.615746
-0.6232508,0.3817798,-2.666739
-0.6232508,0.3682847,-2.686366
-0.6232508,0.5040805,-2.686366
-0.6232508,0.4901397,-2.665079
-0.6232507,0.5090165,-2.615845
-0.6232507,0.489329,-2.616172
-0.6567838,0.3817736,-2.666363
-0.6567838,0.3679059,-2.686366
-0.6567837,0.3612816,-2.621121
-0.6567837,0.3809687,-2.620774
-0.6567838,0.5044826,-2.686366
-0.6232508,0.5040805,-2.686366
-0.6232508,0.3682847,-2.686366
-0.6567838,0.3679059,-2.686366
-0.6232507,0.3612816,-2.621135
-0.6567837,0.3612816,-2.621121
-0.6567838,0.3679059,-2.686366
-0.6232508,0.3682847,-2.686366
-0.6232507,0.3809687,-2.620788
-0.6232507,0.3612816,-2.621135
-0.6232508,0.3682847,-2.686366
-0.6232508,0.3817798,-2.666739
-0.6567837,0.3809687,-2.620774
-0.6567837,0.3612816,-2.621121
-0.6232507,0.3612816,-2.621135
-0.6232507,0.3809687,-2.620788
-0.6232507,0.489329,-2.616172
-0.6232507,0.5090165,-2.615845
-0.6567837,0.5090165,-2.615746
-0.6567837,0.489329,-2.616073
-0.658334,1.130519,2.235841
-0.9134469,1.273357,1.392959
-0.8477847,1.129439,2.227269
-0.6795893,1.274499,1.447964
-0.3568685,1.274499,1.474841
0,1.274499,1.482737
0,1.126932,2.269311
0.658334,1.130519,2.235841
0.3568685,1.274499,1.474841
0.6795893,1.274499,1.447964
0.9134469,1.273357,1.392959
0.8477847,1.129439,2.227269
-0.7730417,1.768448,-2.488678
-0.7605624,1.758483,-2.512046
-0.941512,1.209338,-2.585774
-0.9576593,1.211334,-2.569397
-0.6092541,1.84909,-2.50364
-0.6056384,1.832861,-2.521605
-0.7025281,1.788352,-2.508456
-0.7096377,1.810368,-2.501381
-0.7096377,1.810368,-2.501381
-0.7025281,1.788352,-2.508456
-0.7605624,1.758483,-2.512046
-0.7730417,1.768448,-2.488678
-0.6056384,1.832861,-2.521605
-0.6092541,1.84909,-2.50364
0,1.852384,-2.503847
0,1.836047,-2.522041
0.6056384,1.832861,-2.521605
0.6092541,1.84909,-2.50364
-0.9416184,0.6369342,-2.609213
-0.9576594,0.6364015,-2.593196
-0.9576593,1.211334,-2.569397
-0.941512,1.209338,-2.585774
-0.9416185,0.489329,-2.614865
-0.9576594,0.4886987,-2.598733
-0.9576594,0.6364015,-2.593196
-0.9416184,0.6369342,-2.609213
-0.5426382,1.780407,-2.530869
-0.5501694,1.764716,-2.535341
-0.6056384,1.832861,-2.521605
-0.5260159,1.786979,-2.529017
0,1.836047,-2.522041
-0.08614976,1.78933,-2.529031
-0.06985041,1.782934,-2.530916
-0.06309903,1.767319,-2.535466
0.06985041,1.782934,-2.530916
0.06309903,1.767319,-2.535466
0.08614976,1.78933,-2.529031
0.6056384,1.832861,-2.521605
0.5260159,1.786979,-2.529017
0.5426382,1.780407,-2.530869
0.5501694,1.764716,-2.535341
-0.9249176,0.8979529,1.976759
-0.9249176,0.897953,2.126603
-0.9548646,0.897953,2.126603
-0.9548646,0.8979529,1.976759
-0.9548646,0.8979529,1.976759
-0.9548646,0.9162829,1.958429
-0.9249176,0.9162829,1.958429
-0.9249176,0.8979529,1.976759
-0.9249176,0.897953,2.126603
-0.9249176,0.8979529,1.976759
-0.9249176,0.9162829,1.958429
-0.9249176,0.916283,2.144933
-0.9249176,0.9483775,1.958429
-0.9249176,0.9483776,2.144933
-0.9249176,0.9667075,1.976759
-0.9249176,0.9667076,2.126603
-0.9249176,0.9667075,1.976759
-0.9249176,0.9483775,1.958429
-0.9548646,0.9483775,1.958429
-0.9548646,0.9667075,1.976759
-0.9249176,0.9162829,1.958429
-0.9548646,0.9162829,1.958429
-0.9548646,0.9483775,1.958429
-0.9249176,0.9483775,1.958429
-0.9548646,0.916283,2.144933
-0.9249176,0.916283,2.144933
-0.9249176,0.9483776,2.144933
-0.9548646,0.9483776,2.144933
-0.9548646,0.9667075,1.976759
-0.9548646,0.9667076,2.126603
-0.9249176,0.9667076,2.126603
-0.9249176,0.9667075,1.976759
-0.9548646,0.9667076,2.126603
-0.9548646,0.9483776,2.144933
-0.9249176,0.9483776,2.144933
-0.9249176,0.9667076,2.126603
-0.9249176,0.897953,2.126603
-0.9249176,0.916283,2.144933
-0.9548646,0.916283,2.144933
-0.9548646,0.897953,2.126603
-0.9355041,0.8979526,-2.474169
-0.9355041,0.8979526,-2.324325
-0.965451,0.8979526,-2.324325
-0.965451,0.8979526,-2.474169
-0.965451,0.8979526,-2.474169
-0.965451,0.9162826,-2.492499
-0.9355041,0.9162826,-2.492499
-0.9355041,0.8979526,-2.474169
-0.9355041,0.9162826,-2.305995
-0.9355041,0.8979526,-2.324325
-0.9355041,0.8979526,-2.474169
-0.9355041,0.9162826,-2.492499
-0.9355041,0.9483773,-2.305995
-0.9355041,0.9483773,-2.492499
-0.9355041,0.9667072,-2.324325
-0.9355041,0.9667072,-2.474169
-0.9355041,0.9667072,-2.474169
-0.9355041,0.9483773,-2.492499
-0.965451,0.9483773,-2.492499
-0.965451,0.9667072,-2.474169
-0.9355041,0.9162826,-2.492499
-0.965451,0.9162826,-2.492499
-0.965451,0.9483773,-2.492499
-0.9355041,0.9483773,-2.492499
-0.965451,0.9162826,-2.305995
-0.9355041,0.9162826,-2.305995
-0.9355041,0.9483773,-2.305995
-0.965451,0.9483773,-2.305995
-0.965451,0.9667072,-2.474169
-0.965451,0.9667072,-2.324325
-0.9355041,0.9667072,-2.324325
-0.9355041,0.9667072,-2.474169
-0.965451,0.9667072,-2.324325
-0.965451,0.9483773,-2.305995
-0.9355041,0.9483773,-2.305995
-0.9355041,0.9667072,-2.324325
-0.9355041,0.8979526,-2.324325
-0.9355041,0.9162826,-2.305995
-0.965451,0.9162826,-2.305995
-0.965451,0.8979526,-2.324325
0.9946961,1.264977,1.358833
0.9939788,1.292718,1.358833
0.9380894,1.249513,1.362093
0.9380894,1.233394,1.362093
0.9380894,1.233394,1.341796
0.9946961,1.264977,1.338536
0.9946961,1.264977,1.358833
0.9380894,1.233394,1.362093
0.9939788,1.292718,1.338536
0.9380894,1.249513,1.341796
0.9380894,1.249513,1.362093
0.9939788,1.292718,1.358833
0.9933127,1.329702,1.319753
0.9933127,1.329702,1.377616
1.147365,1.319222,1.377616
1.147365,1.319222,1.319753
1.147365,1.246167,1.319753
1.147365,1.319222,1.319753
1.147365,1.319222,1.377616
1.147365,1.246167,1.377616
1.00346,1.242559,1.319753
1.001796,1.320813,1.319753
1.139073,1.311475,1.319753
1.139072,1.2538,1.319753
0.9933127,1.329702,1.377616
0.9953573,1.233566,1.377616
1.147365,1.246167,1.377616
1.147365,1.319222,1.377616
0.9953573,1.233566,1.377616
0.9953573,1.233566,1.319753
1.147365,1.246167,1.319753
1.147365,1.246167,1.377616
1.001796,1.320813,1.319753
1.00346,1.242559,1.319753
0.9953573,1.233566,1.319753
0.9933127,1.329702,1.319753
1.00346,1.242559,1.319753
1.147365,1.246167,1.319753
1.139072,1.2538,1.319753
1.147365,1.319222,1.319753
1.139073,1.311475,1.319753
0.9933127,1.329702,1.319753
1.001796,1.320813,1.319753
-0.9582631,0.7643122,1.399185
-0.9875627,0.853152,1.567804
-0.9582631,0.853152,1.567804
-0.9875628,0.7643122,1.399185
-0.9582632,0.5808722,1.270106
-0.9875628,0.5808722,1.270106
-0.958263,0.8536273,1.814701
-0.9875625,0.8536273,1.814701
-0.9875625,0.7767751,1.987241
-0.9582629,0.7767751,1.987241
-0.9576594,0.6241392,-2.120631
-0.9869589,0.6268367,-2.119265
-0.9869587,0.7988366,-1.949321
-0.9576593,0.7988366,-1.949321
-0.9582631,0.7961815,1.581436
-0.6914467,0.7243571,1.432828
-0.6914466,0.7961815,1.581436
-0.9582631,0.7243571,1.432828
-0.9875627,0.7961815,1.581436
-0.6914467,0.5617633,1.32376
-0.9875627,0.7243571,1.432828
-0.9582631,0.5617633,1.32376
-0.9875627,0.5579327,1.32376
0.9258518,0.2943169,1.215584
0.9252578,0.2943165,-1.22266
0.9576596,0.5751373,-1.259148
0.944112,0.3907808,1.221776
0.9582632,0.5808722,1.270106
0.7615604,1.862091,0.7907606
0.626669,1.911212,0.8205397
0.6246633,1.877548,0.9345073
0.7656419,1.827393,0.899398
0.6243532,1.871027,0.9405149
0.3578461,1.872583,0.9465842
0.3565625,1.28117,1.469017
0.6786897,1.281176,1.442196
0.7585068,1.82266,0.9064505
0.6243532,1.871027,0.9405149
0.9033175,1.280577,1.389941
0.7452395,1.87572,0.3548608
0.626669,1.911212,0.8205397
0.7615604,1.862091,0.7907606
0.6249183,1.914614,0.3609482
0.6092541,1.84909,-2.50364
0.7096377,1.810368,-2.501381
0.802653,1.831515,0.3395227
0.9576593,1.211334,-2.569397
0.7730417,1.768448,-2.488678
0.9576442,1.237133,0.3395786
0.814221,1.787603,0.3558929
0.9461734,1.281271,0.355893
0.8071023,1.8153,0.3847699
0.9534589,1.25407,0.384762
0.8093237,1.811936,0.7760804
0.8051756,1.827739,0.7793705
0.8192534,1.771,0.879227
0.9576582,1.262963,1.344695
0.8158245,1.784195,0.8891443
0.9535471,1.277183,1.281325
0.9477483,1.299227,1.291577
0.9566861,1.266504,1.336532
0.9521204,1.280271,1.288752
0.9491876,1.2914,1.293981
0.9506513,1.284851,1.293459
0,0.3226317,1.893988
0.6914468,0.3371083,1.859776
0.6914468,0.3617809,2.120875
0,0.3509621,2.130873
-0.6914468,0.3617809,2.120875
-0.6914468,0.3371083,1.859776
0.7615604,1.862091,0.7907606
0.7656419,1.827393,0.899398
0.8158245,1.784195,0.8891443
0.8051756,1.827739,0.7793705
0.7656419,1.827393,0.899398
0.9134469,1.273357,1.392959
0.9576582,1.262963,1.344695
0.8158245,1.784195,0.8891443
0.9576594,0.4886987,-2.598733
0.9576594,0.6364015,-2.593196
0.9576594,0.6241392,-2.120631
0.9576594,0.470851,-2.152442
0.7452395,1.87572,0.3548608
0.7615604,1.862091,0.7907606
0.8051756,1.827739,0.7793705
0.802653,1.831515,0.3395227
0.7096377,1.810368,-2.501381
0.7730417,1.768448,-2.488678
0.5380222,0.9089832,2.303306
0.536954,0.995633,2.303456
0.5369629,0.9956478,2.286392
0.5380312,0.9089981,2.286242
0.5390904,0.8223334,2.303155
0.5390993,0.8223484,2.286092
0.5401586,0.7356837,2.303005
0.5401675,0.7356986,2.285942
0.5412268,0.649034,2.302855
0.5412357,0.6490488,2.285791
0.9316577,1.117375,2.217996
0.8477847,1.129439,2.227269
0.8217888,1.038902,2.302873
0.8825334,1.006716,2.283261
0.8477847,1.129439,2.227269
0.9316577,1.117375,2.217996
0.9576582,1.262963,1.344695
0.9134469,1.273357,1.392959
0.9875627,0.7243571,1.432828
0.9875627,0.5579327,1.32376
0.9875628,0.5808722,1.270106
0.9875628,0.7643122,1.399185
0.9875627,0.7961815,1.581436
0.9875627,0.853152,1.567804
0.9875625,0.7958149,1.806291
0.9875625,0.8536273,1.814701
0.9875625,0.7421975,1.942322
0.9875625,0.7767751,1.987241
0.9875625,0.5679964,2.137918
0.9875625,0.5521104,2.076793
0.9875625,0.3617809,2.120874
0.985121,0.3654565,2.174672
0.9576594,0.3530751,-2.110491
0.9576594,0.3544473,-2.172946
0.9869589,0.3544473,-2.172946
0.9869589,0.3530751,-2.110491
0.9576594,0.470851,-2.152442
0.9576594,0.6241392,-2.120631
0.9869589,0.6268367,-2.119265
0.9869589,0.470806,-2.152452
0.9576592,0.8067231,-1.708125
0.9869587,0.7421595,-1.93483
0.9869587,0.8067231,-1.708125
0.9576593,0.7421595,-1.93483
0.7037797,0.8067231,-1.708125
0.7037797,0.7421595,-1.93483
0.9582631,0.853152,1.567804
0.958263,0.8536273,1.814701
0.9875625,0.8536273,1.814701
0.9875627,0.853152,1.567804
0.9576592,0.6891738,-1.390566
0.9869587,0.764091,-1.502807
0.9869587,0.6891738,-1.390566
0.9576592,0.764091,-1.502807
0.7037797,0.6891738,-1.390566
0.7037797,0.764091,-1.502807
0.9576592,0.8639333,-1.709963
0.9576592,0.8218343,-1.491992
0.9869587,0.8218343,-1.491992
0.9869587,0.8639333,-1.709963
0.9252574,0.2938987,-1.28249
0.9869586,0.559631,-1.316196
0.9545569,0.2938987,-1.28249
0.9576591,0.559631,-1.316195
0.7037797,0.298326,-1.28249
0.7037798,0.559631,-1.316195
0.9875625,0.7767751,1.987241
0.9582629,0.7767751,1.987241
0.9582629,0.6037479,2.122715
0.9582629,0.5679964,2.137918
0.9875625,0.5679964,2.137918
0.9576592,0.8218343,-1.491992
0.9576591,0.7327271,-1.35052
0.9869586,0.7327271,-1.35052
0.9869587,0.8218343,-1.491992
0.9403774,0.6901637,2.218261
0.9316577,1.117375,2.217996
0.8825334,1.006716,2.283261
0.8909183,0.6901637,2.273003
0.891715,0.6352383,2.273053
0.9412327,0.633463,2.220079
0.9407554,0.3781797,1.278559
0.955161,0.293899,1.275686
0.9700549,0.3781797,1.278559
0.9258616,0.293899,1.275686
0.6914466,0.3781797,1.278559
0.6914466,0.293899,1.275686
0.9576594,0.4886987,-2.598733
0.9576594,0.470851,-2.152442
0.9869589,0.470806,-2.152452
0.9926301,0.486479,-2.595422
0.9416185,0.489329,-2.614865
0.9665993,0.4889555,-2.641927
0.9019733,0.4900086,-2.654868
0.9416185,0.489329,-2.614865
0.6567837,0.489329,-2.616073
0.6567838,0.4901335,-2.664486
0.9316577,1.117375,2.217996
0.9403774,0.6901637,2.218261
0.9582629,0.7767751,1.987241
0.958263,0.8536273,1.814701
0.9576582,1.262963,1.344695
0.9582631,0.853152,1.567804
0.9582631,0.7643122,1.399185
0.9582632,0.5808722,1.270106
0.9576591,0.7327271,-1.35052
0.9576596,0.5751373,-1.259148
0.9576592,0.8218343,-1.491992
0.9576592,0.8639333,-1.709963
0.9576442,1.237133,0.3395786
0.9576593,1.211334,-2.569397
0.9576593,0.7988366,-1.949321
0.9576594,0.6364015,-2.593196
0.9576594,0.6241392,-2.120631
0.5532341,1.012143,2.303478
0.8209087,1.011222,2.30487
0.8217888,1.038902,2.302873
0.6494423,1.039528,2.302873
0,1.011199,2.319502
0.6494423,1.039528,2.302873
0,1.038902,2.319502
0.5532341,1.012143,2.303478
0.5567394,1.008669,2.303474
0.554404,0.9172453,2.303321
0.5555739,0.8223473,2.303164
0.5567437,0.7274495,2.303007
0.8209087,1.011222,2.30487
0.5674407,0.9834347,2.303441
0.5579136,0.6325516,2.30285
0.5820676,0.9981925,2.303545
0.7922476,0.9974687,2.304704
0.561188,0.6358666,2.30287
0.8209087,0.6325516,2.302795
0.8209087,0.6955848,2.303141
0.8175471,1.007872,2.304849
0.8070571,0.9826081,2.304702
0.8070572,0.7746902,2.303532
0.8070572,0.6612129,2.302893
0.8175293,0.635931,2.302799
0.7922474,0.6464032,2.302818
0.5864052,0.646403,2.302926
0.5714128,0.6612117,2.302956
0.5700266,0.7736648,2.303125
0.8639287,0.6919641,2.291911
0.8654224,0.6325541,2.292026
0.891715,0.6352383,2.273053
0.8909183,0.6901637,2.273003
0.8654224,0.6325541,2.292026
0.8209087,0.6325516,2.302795
0.8263776,0.5747242,2.305725
0.8925928,0.5747242,2.273108
0.5733294,0.9810531,2.303454
0.5759206,0.7737974,2.286269
0.5733649,0.9811136,2.286585
0.5758851,0.773737,2.303138
0.5772772,0.6637498,2.2861
0.5772417,0.6636894,2.302969
0.8011982,0.9801872,2.304672
0.7898065,0.9916182,2.304674
0.7898421,0.9916786,2.287805
0.8012337,0.9802476,2.287803
0.8011982,0.6636397,2.302898
0.8012337,0.7747506,2.286651
0.8012337,0.6637002,2.28603
0.8011982,0.7746902,2.30352
0.8012337,0.9802476,2.287803
0.8011982,0.9801872,2.304672
0.5772417,0.6636894,2.302969
0.588811,0.6522619,2.302948
0.5888464,0.6523223,2.28608
0.5772772,0.6637498,2.2861
0.588811,0.6522619,2.302948
0.7898205,0.6522622,2.302837
0.789856,0.6523225,2.285969
0.5888464,0.6523223,2.28608
0.7898065,0.9916182,2.304674
0.5845015,0.9923251,2.303533
0.584537,0.9923855,2.286664
0.7898421,0.9916786,2.287805
0.7898205,0.6522622,2.302837
0.8011982,0.6636397,2.302898
0.8012337,0.6637002,2.28603
0.789856,0.6523225,2.285969
0.5845015,0.9923251,2.303533
0.5733294,0.9810531,2.303454
0.5733649,0.9811136,2.286585
0.584537,0.9923855,2.286664
0,0.9947165,2.319502
0.5532341,1.012143,2.303478
0,1.011199,2.319502
0.536954,0.995633,2.303456
0.554404,0.9172453,2.303321
0.5380222,0.9089832,2.303306
0.5555739,0.8223473,2.303164
0.5390904,0.8223334,2.303155
0.5567437,0.7274495,2.303007
0.5401586,0.7356837,2.303005
0.5579136,0.6325516,2.30285
0.5412268,0.649034,2.302855
0,0.6325516,2.319502
0,0.649034,2.319502
0.5260194,0.9208475,2.286241
0.5252438,0.983763,2.286371
0.01185059,0.9828868,2.302439
0.01185058,0.9201906,2.30246
0.5292238,0.6609136,2.2858
0.5284482,0.7238289,2.28593
0.01185059,0.7236097,2.302429
0.01185059,0.6609136,2.30245
0.5281556,0.7475582,2.285948
0.52738,0.8104736,2.286077
0.01185059,0.8100353,2.302433
0.01185059,0.7473392,2.302453
0.5270875,0.8342029,2.286094
0.5263119,0.8971184,2.286224
0.0118506,0.8964611,2.302436
0.01185058,0.8337649,2.302456
0.9582631,0.5617633,1.32376
0.9700549,0.3781797,1.278559
0.9875627,0.5579327,1.32376
0.9407554,0.3781797,1.278559
0.6914467,0.5617633,1.32376
0.6914466,0.3781797,1.278559
0.9582629,0.7421975,1.942322
0.9875625,0.7958149,1.806291
0.9875625,0.7421975,1.942322
0.958263,0.7958149,1.806291
0.6914467,0.7421975,1.942322
0.6914467,0.7958149,1.806291
0.9875627,0.5579327,1.32376
0.9700549,0.3781797,1.278559
0.9734224,0.3907808,1.221776
0.9875628,0.5808722,1.270106
0.9700549,0.3781797,1.278559
0.955161,0.293899,1.275686
0.955161,0.2943169,1.214983
0.9734224,0.3907808,1.221776
0.9551616,0.2943165,-1.22266
0.9650506,0.3812278,-1.237269
0.9545569,0.2938987,-1.28249
0.9869589,0.5751373,-1.259148
0.9869586,0.559631,-1.316196
0.9869586,0.559631,-1.316196
0.9869586,0.7327271,-1.35052
0.9869589,0.5751373,-1.259148
0.9869587,0.6891738,-1.390566
0.9869587,0.8218343,-1.491992
0.9869587,0.764091,-1.502807
0.9869587,0.8639333,-1.709963
0.9869587,0.8067231,-1.708125
0.9869587,0.7988366,-1.949321
0.9869587,0.7421595,-1.93483
0.9869589,0.6268367,-2.119265
0.9869587,0.6020736,-2.067875
0.9869589,0.470806,-2.152452
0.9869589,0.4714388,-2.092268
0.9869589,0.3544473,-2.172946
0.9869589,0.3530751,-2.110491
0.9576593,0.7421595,-1.93483
0.9869587,0.6020736,-2.067875
0.9869587,0.7421595,-1.93483
0.9576593,0.6020736,-2.067875
0.7037797,0.7421595,-1.93483
0.7037797,0.6020736,-2.067875
0.9582629,0.5521104,2.076793
0.9875625,0.7421975,1.942322
0.9875625,0.5521104,2.076793
0.9582629,0.7421975,1.942322
0.6914466,0.5521104,2.076793
0.6914467,0.7421975,1.942322
0.9252578,0.2943165,-1.22266
0.9252574,0.2938987,-1.28249
0.9545569,0.2938987,-1.28249
0.9551616,0.2943165,-1.22266
0.955161,0.2943169,1.214983
0.9258518,0.2943169,1.215584
0.9258616,0.293899,1.275686
0.955161,0.293899,1.275686
0.944112,0.3907808,1.221776
0.9582632,0.5808722,1.270106
0.9875628,0.5808722,1.270106
0.9734224,0.3907808,1.221776
0.9527496,0.3817415,2.210359
0.9582629,0.3617809,2.120874
0.9875625,0.3617809,2.120874
0.985121,0.3654565,2.174672
0.958263,0.7958149,1.806291
0.9875627,0.7961815,1.581436
0.9875625,0.7958149,1.806291
0.9582631,0.7961815,1.581436
0.6914467,0.7958149,1.806291
0.6914466,0.7961815,1.581436
0.944112,0.3907808,1.221776
0.9734224,0.3907808,1.221776
0.9650506,0.3812278,-1.237269
0.9417919,0.3812278,-1.237269
0.9582629,0.3617809,2.120874
0.9875625,0.5521104,2.076793
0.9875625,0.3617809,2.120874
0.9582629,0.5521104,2.076793
0.6914468,0.3617809,2.120875
0.6914466,0.5521104,2.076793
0.9582629,0.5679964,2.137918
0.9527496,0.3817415,2.210359
0.985121,0.3654565,2.174672
0.9875625,0.5679964,2.137918
0.9576596,0.5751373,-1.259148
0.9252578,0.2943165,-1.22266
0.9551616,0.2943165,-1.22266
0.9869589,0.5751373,-1.259148
0.9252578,0.2943165,-1.22266
0.9417919,0.3812278,-1.237269
0.9650506,0.3812278,-1.237269
0.9551616,0.2943165,-1.22266
0.9258518,0.2943169,1.215584
0.944112,0.3907808,1.221776
0.9417919,0.3812278,-1.237269
0.9252578,0.2943165,-1.22266
0.985121,0.3654565,2.174672
0.9875625,0.5679964,2.137918
0.9696884,0.5753318,2.230059
0.980498,0.382356,2.220616
0.980498,0.382356,2.220616
0.9696884,0.5753318,2.230059
0.9098865,0.5751444,2.297643
0.9128788,0.3821625,2.299946
0.9128788,0.3821625,2.299946
0.9098865,0.5751444,2.297643
0.8302497,0.5748641,2.332208
0.8349394,0.381885,2.332195
0.9582629,0.5679964,2.137918
0.9421188,0.5747242,2.219331
0.9696884,0.5753318,2.230059
0.9875625,0.5679964,2.137918
0.9421188,0.5747242,2.219331
0.9412327,0.633463,2.220079
0.891715,0.6352383,2.273053
0.8925928,0.5747242,2.273108
0.8654224,0.6325541,2.292026
0.8639287,0.6919641,2.291911
0.8209087,0.6955848,2.303141
0.8209087,0.6325516,2.302795
0.9421188,0.5747242,2.219331
0.9582629,0.5679964,2.137918
0.9582629,0.6037479,2.122715
0.9412327,0.633463,2.220079
0.927844,0.8501718,-2.599578
0.9278437,1.014738,-2.593253
0.941512,1.209338,-2.585774
0.9278441,0.7933325,-2.601763
0.9416184,0.6369342,-2.609213
0.4232014,0.3060662,-1.823967
0.7055798,0.3337767,-1.845932
0.7055798,0.2943165,-1.222657
0.4351372,0.2943165,-1.243585
0.9515757,1.284633,1.279566
0.9514785,1.261643,0.3878343
0.9453759,1.284438,0.3636413
0.8150789,1.784488,0.363641
0.9504537,1.286516,1.284237
0.9497488,1.28814,1.285954
0.9493692,1.290569,1.286143
0.9486788,1.29557,1.284624
0.8208764,1.764755,0.8745332
0.8150789,1.784488,0.363641
0.811287,1.804455,0.7745232
0.8208764,1.764755,0.8745332
0.8090983,1.807781,0.3879256
0.9576593,0.6020736,-2.067875
0.9869589,0.4714388,-2.092268
0.9869587,0.6020736,-2.067875
0.9576594,0.4812107,-2.090498
0.7037797,0.6020736,-2.067875
0.9869589,0.3530751,-2.110491
0.7037797,0.4812107,-2.090498
0.9576594,0.3530751,-2.110491
0.7055797,0.3530751,-2.110491
0.9576594,0.3544473,-2.172946
0.9576594,0.470851,-2.152442
0.9869589,0.470806,-2.152452
0.9869589,0.3544473,-2.172946
0.9869589,0.470806,-2.152452
0.9869589,0.3544473,-2.172946
0.9762468,0.3601644,-2.271728
0.9900199,0.3769248,-2.60145
0.9926301,0.486479,-2.595422
0.6601213,1.014737,-2.59646
0.6601213,0.850288,-2.602285
0.6601212,0.7933339,-2.604303
0.644908,1.084936,-2.594218
0.6397792,0.6369362,-2.611874
0.639779,1.211191,-2.589871
0.668071,0.7741528,-2.604909
0.07388859,1.276428,-2.583776
0.0738881,1.765241,-2.536021
0.07809303,1.774965,-2.53318
0.07810381,1.266658,-2.586598
0.08824468,1.77895,-2.532015
0.08828016,1.262607,-2.587703
0.5238599,1.776624,-2.532011
0.5483178,1.262538,-2.584784
0.5346187,1.772373,-2.533218
0.5394933,1.762215,-2.536105
0.5615845,1.275918,-2.580873
0.5579748,1.266453,-2.583594
0.7025281,1.788352,-2.508456
0.7605624,1.758483,-2.512046
0.941512,1.209338,-2.585774
0.639779,1.211191,-2.589871
0.6056384,1.832861,-2.521605
0.5724657,1.274307,-2.581294
0.5501694,1.764716,-2.535341
0.566494,1.258654,-2.585809
0.5505179,1.252172,-2.587764
0.5724657,1.274307,-2.581294
0.5579748,1.266453,-2.583594
0.5615845,1.275918,-2.580873
0.566494,1.258654,-2.585809
0.5483178,1.262538,-2.584784
0.5505179,1.252172,-2.587764
0.08828016,1.262607,-2.587703
0.08615011,1.252239,-2.5907
0.07810381,1.266658,-2.586598
0.06985086,1.258724,-2.588918
0.07388859,1.276428,-2.583776
0.06309947,1.274377,-2.584411
0.06309947,1.274377,-2.584411
0.06309903,1.767319,-2.535466
0.0738881,1.765241,-2.536021
0.07388859,1.276428,-2.583776
0.06309903,1.767319,-2.535466
0.07809303,1.774965,-2.53318
0.0738881,1.765241,-2.536021
0.06985041,1.782934,-2.530916
0.08824468,1.77895,-2.532015
0.08614976,1.78933,-2.529031
0.5238599,1.776624,-2.532011
0.5260159,1.786979,-2.529017
0.5346187,1.772373,-2.533218
0.5426382,1.780407,-2.530869
0.5394933,1.762215,-2.536105
0.5501694,1.764716,-2.535341
0.5501694,1.764716,-2.535341
0.5724657,1.274307,-2.581294
0.5615845,1.275918,-2.580873
0.5394933,1.762215,-2.536105
0.9019733,0.4900086,-2.654868
0.9018685,0.3816498,-2.659742
0.6567838,0.3817736,-2.666363
0.6567838,0.4901335,-2.664486
0.6232508,0.5040805,-2.686366
0.6232507,0.5090165,-2.615845
0.6567837,0.5090165,-2.615746
0.6567838,0.5044826,-2.686366
0.9926301,0.486479,-2.595422
0.9900199,0.3769248,-2.60145
0.9657934,0.3802465,-2.647561
0.9665993,0.4889555,-2.641927
0.7585068,1.82266,0.9064505
0.9033175,1.280577,1.389941
0.9134469,1.273357,1.392959
0.7656419,1.827393,0.899398
0.9033175,1.280577,1.389941
0.6786897,1.281176,1.442196
0.6795893,1.274499,1.447964
0.9134469,1.273357,1.392959
0.6243532,1.871027,0.9405149
0.7585068,1.82266,0.9064505
0.7656419,1.827393,0.899398
0.6246633,1.877548,0.9345073
0.9486788,1.29557,1.284624
0.8192534,1.771,0.879227
0.9477483,1.299227,1.291577
0.8208764,1.764755,0.8745332
0.8093237,1.811936,0.7760804
0.811287,1.804455,0.7745232
0.8071023,1.8153,0.3847699
0.8090983,1.807781,0.3879256
0.814221,1.787603,0.3558929
0.8150789,1.784488,0.363641
0.9461734,1.281271,0.355893
0.9453759,1.284438,0.3636413
0.9534589,1.25407,0.384762
0.9514785,1.261643,0.3878343
0.9535471,1.277183,1.281325
0.9515757,1.284633,1.279566
0.9515757,1.284633,1.279566
0.9504537,1.286516,1.284237
0.9521204,1.280271,1.288752
0.9535471,1.277183,1.281325
0.9504537,1.286516,1.284237
0.9497488,1.28814,1.285954
0.9506513,1.284851,1.293459
0.9521204,1.280271,1.288752
0.9497488,1.28814,1.285954
0.9493692,1.290569,1.286143
0.9491876,1.2914,1.293981
0.9506513,1.284851,1.293459
0.9493692,1.290569,1.286143
0.9486788,1.29557,1.284624
0.9477483,1.299227,1.291577
0.9491876,1.2914,1.293981
0.9576591,0.7327271,-1.35052
0.9576596,0.5751373,-1.259148
0.9869589,0.5751373,-1.259148
0.9869586,0.7327271,-1.35052
0.9869587,0.6891738,-1.390566
0.9869586,0.559631,-1.316196
0.9576591,0.559631,-1.316195
0.9576592,0.6891738,-1.390566
0.7037798,0.559631,-1.316195
0.7037797,0.6891738,-1.390566
0.9412327,0.633463,2.220079
0.9582629,0.6037479,2.122715
0.9582629,0.7767751,1.987241
0.9403774,0.6901637,2.218261
0.4160667,0.3614666,-2.136233
0.7055798,0.3630683,-2.172945
0.7055798,0.3337767,-1.845932
0.4232014,0.3060662,-1.823967
0,0.2943169,1.231694
0.6914468,0.2943169,1.228976
0.6914468,0.3371083,1.859776
0,0.3226317,1.893988
-0.6914468,0.3371083,1.859776
-0.6914468,0.2943169,1.228976
0.9576593,0.7988366,-1.949321
0.9576592,0.8639333,-1.709963
0.9869587,0.8639333,-1.709963
0.9869587,0.7988366,-1.949321
0.9576592,0.764091,-1.502807
0.9869587,0.8067231,-1.708125
0.9869587,0.764091,-1.502807
0.9576592,0.8067231,-1.708125
0.7037797,0.764091,-1.502807
0.7037797,0.8067231,-1.708125
0.6914468,0.3617809,2.120875
0.6914466,0.293899,1.275686
0.6914466,0.3781797,1.278559
0.6914466,0.5521104,2.076793
0.6914467,0.5617633,1.32376
0.6914467,0.7421975,1.942322
0.6914467,0.7243571,1.432828
0.6914466,0.7961815,1.581436
0.6914467,0.7958149,1.806291
0.9258616,0.293899,1.275686
0.6914466,0.293899,1.275686
0.6914468,0.2943169,1.228976
0.9258518,0.2943169,1.215584
0.7037798,0.559631,-1.316195
0.7037797,0.298326,-1.28249
0.7055797,0.3530751,-2.110491
0.7037797,0.4812107,-2.090498
0.7037797,0.6020736,-2.067875
0.7037797,0.6891738,-1.390566
0.7037797,0.7421595,-1.93483
0.7037797,0.764091,-1.502807
0.7037797,0.8067231,-1.708125
0.7055798,0.2943165,-1.222657
0.7037797,0.298326,-1.28249
0.9252574,0.2938987,-1.28249
0.9252578,0.2943165,-1.22266
0.9576594,0.3544473,-2.172946
0.9576594,0.3530751,-2.110491
0.7055797,0.3530751,-2.110491
0.7055798,0.3630683,-2.172945
0.9460043,1.097897,0.3820246
0.9460043,1.137114,0.3820246
0.9702891,1.137114,0.3820246
0.9702891,1.097897,0.3820246
0.9702891,1.097897,0.3820246
0.9702891,1.137114,0.3820246
0.9702891,1.137114,0.6077457
0.9702891,1.097897,0.6077457
0.9702891,1.097897,0.6077457
0.9702891,1.137114,0.6077457
0.9460043,1.137114,0.6077457
0.9460043,1.097897,0.6077457
0.9460043,1.097897,0.3820246
0.9702891,1.097897,0.3820246
0.9702891,1.097897,0.6077457
0.9460043,1.097897,0.6077457
0.9702891,1.137114,0.3820246
0.9460043,1.137114,0.3820246
0.9460043,1.137114,0.6077457
0.9702891,1.137114,0.6077457
0.6567838,0.4901335,-2.664486
0.6567838,0.3817736,-2.666363
0.6567838,0.3679059,-2.686366
0.6567838,0.5044826,-2.686366
0.6567837,0.489329,-2.616073
0.6567837,0.5090165,-2.615746
0.6232508,0.3817798,-2.666739
0.6232508,0.5040805,-2.686366
0.6232508,0.3682847,-2.686366
0.6232508,0.4901397,-2.665079
0.6232507,0.5090165,-2.615845
0.6232507,0.489329,-2.616172
0.6567838,0.3817736,-2.666363
0.6567837,0.3809687,-2.620774
0.6567837,0.3612816,-2.621121
0.6567838,0.3679059,-2.686366
0.6567838,0.5044826,-2.686366
0.6567838,0.3679059,-2.686366
0.6232508,0.3682847,-2.686366
0.6232508,0.5040805,-2.686366
0.6232507,0.3612816,-2.621135
0.6232508,0.3682847,-2.686366
0.6567838,0.3679059,-2.686366
0.6567837,0.3612816,-2.621121
0.6232507,0.3809687,-2.620788
0.6232508,0.3817798,-2.666739
0.6232508,0.3682847,-2.686366
0.6232507,0.3612816,-2.621135
0.6567837,0.3809687,-2.620774
0.6232507,0.3809687,-2.620788
0.6232507,0.3612816,-2.621135
0.6567837,0.3612816,-2.621121
0.7730417,1.768448,-2.488678
0.9576593,1.211334,-2.569397
0.941512,1.209338,-2.585774
0.7605624,1.758483,-2.512046
0.6092541,1.84909,-2.50364
0.7096377,1.810368,-2.501381
0.7025281,1.788352,-2.508456
0.6056384,1.832861,-2.521605
0.7096377,1.810368,-2.501381
0.7730417,1.768448,-2.488678
0.7605624,1.758483,-2.512046
0.7025281,1.788352,-2.508456
0.9416184,0.6369342,-2.609213
0.941512,1.209338,-2.585774
0.9576593,1.211334,-2.569397
0.9576594,0.6364015,-2.593196
0.9416185,0.489329,-2.614865
0.9416184,0.6369342,-2.609213
0.9576594,0.6364015,-2.593196
0.9576594,0.4886987,-2.598733
0.9249176,0.8979529,1.976759
0.9548646,0.8979529,1.976759
0.9548646,0.897953,2.126603
0.9249176,0.897953,2.126603
0.9548646,0.8979529,1.976759
0.9249176,0.8979529,1.976759
0.9249176,0.9162829,1.958429
0.9548646,0.9162829,1.958429
0.9249176,0.9162829,1.958429
0.9249176,0.8979529,1.976759
0.9249176,0.897953,2.126603
0.9249176,0.916283,2.144933
0.9249176,0.9483775,1.958429
0.9249176,0.9483776,2.144933
0.9249176,0.9667075,1.976759
0.9249176,0.9667076,2.126603
0.9249176,0.9667075,1.976759
0.9548646,0.9667075,1.976759
0.9548646,0.9483775,1.958429
0.9249176,0.9483775,1.958429
0.9249176,0.9162829,1.958429
0.9249176,0.9483775,1.958429
0.9548646,0.9483775,1.958429
0.9548646,0.9162829,1.958429
0.9548646,0.916283,2.144933
0.9548646,0.9483776,2.144933
0.9249176,0.9483776,2.144933
0.9249176,0.916283,2.144933
0.9548646,0.9667075,1.976759
0.9249176,0.9667075,1.976759
0.9249176,0.9667076,2.126603
0.9548646,0.9667076,2.126603
0.9548646,0.9667076,2.126603
0.9249176,0.9667076,2.126603
0.9249176,0.9483776,2.144933
0.9548646,0.9483776,2.144933
0.9249176,0.897953,2.126603
0.9548646,0.897953,2.126603
0.9548646,0.916283,2.144933
0.9249176,0.916283,2.144933
0.9355041,0.8979526,-2.474169
0.965451,0.8979526,-2.474169
0.965451,0.8979526,-2.324325
0.9355041,0.8979526,-2.324325
0.965451,0.8979526,-2.474169
0.9355041,0.8979526,-2.474169
0.9355041,0.9162826,-2.492499
0.965451,0.9162826,-2.492499
0.9355041,0.9162826,-2.492499
0.9355041,0.8979526,-2.474169
0.9355041,0.8979526,-2.324325
0.9355041,0.9162826,-2.305995
0.9355041,0.9483773,-2.492499
0.9355041,0.9483773,-2.305995
0.9355041,0.9667072,-2.474169
0.9355041,0.9667072,-2.324325
0.9355041,0.9667072,-2.474169
0.965451,0.9667072,-2.474169
0.965451,0.9483773,-2.492499
0.9355041,0.9483773,-2.492499
0.9355041,0.9162826,-2.492499
0.9355041,0.9483773,-2.492499
0.965451,0.9483773,-2.492499
0.965451,0.9162826,-2.492499
0.965451,0.9162826,-2.305995
0.965451,0.9483773,-2.305995
0.9355041,0.9483773,-2.305995
0.9355041,0.9162826,-2.305995
0.965451,0.9667072,-2.474169
0.9355041,0.9667072,-2.474169
0.9355041,0.9667072,-2.324325
0.965451,0.9667072,-2.324325
0.9355041,0.8979526,-2.324325
0.965451,0.8979526,-2.324325
0.965451,0.9162826,-2.305995
0.9355041,0.9162826,-2.305995
-0.9380894,1.233394,1.362093
-0.9380894,1.233394,1.341796
-0.9380894,1.249513,1.341796
-0.9380894,1.249513,1.362093
-0.9380894,1.233394,1.341796
-0.9946961,1.264977,1.338536
-0.9939788,1.292718,1.338536
-0.9380894,1.249513,1.341796
-0.9946961,1.264977,1.358833
-0.9380894,1.233394,1.362093
-0.9380894,1.249513,1.362093
-0.9939788,1.292718,1.358833
-0.9380894,1.233394,1.341796
-0.9380894,1.233394,1.362093
-0.9946961,1.264977,1.358833
-0.9946961,1.264977,1.338536
-0.9939788,1.292718,1.338536
-0.9939788,1.292718,1.358833
-0.9380894,1.249513,1.362093
-0.9380894,1.249513,1.341796
-0.9933127,1.329702,1.319753
-1.147365,1.319222,1.319753
-1.147365,1.319222,1.377616
-0.9933127,1.329702,1.377616
-1.147365,1.246167,1.319753
-1.147365,1.246167,1.377616
-1.147365,1.319222,1.377616
-1.147365,1.319222,1.319753
-1.00346,1.242559,1.319753
-1.139072,1.2538,1.319753
-1.139073,1.311475,1.319753
-1.001796,1.320813,1.319753
-0.9933127,1.329702,1.377616
-1.147365,1.319222,1.377616
-1.147365,1.246167,1.377616
-0.9953573,1.233566,1.377616
-0.9953573,1.233566,1.377616
-1.147365,1.246167,1.377616
-1.147365,1.246167,1.319753
-0.9953573,1.233566,1.319753
-1.001796,1.320813,1.319753
-0.9933127,1.329702,1.319753
-0.9953573,1.233566,1.319753
-1.00346,1.242559,1.319753
-1.00346,1.242559,1.319753
-1.147365,1.246167,1.319753
-1.139072,1.2538,1.319753
-1.147365,1.319222,1.319753
-1.139073,1.311475,1.319753
-0.9933127,1.329702,1.319753
-1.001796,1.320813,1.319753
0.9582631,0.7643122,1.399185
0.9582631,0.853152,1.567804
0.9875627,0.853152,1.567804
0.9875628,0.7643122,1.399185
0.9582632,0.5808722,1.270106
0.9875628,0.5808722,1.270106
0.958263,0.8536273,1.814701
0.9582629,0.7767751,1.987241
0.9875625,0.7767751,1.987241
0.9875625,0.8536273,1.814701
0.9576594,0.6241392,-2.120631
0.9576593,0.7988366,-1.949321
0.9869587,0.7988366,-1.949321
0.9869589,0.6268367,-2.119265
0.9582631,0.7961815,1.581436
0.6914466,0.7961815,1.581436
0.6914467,0.7243571,1.432828
0.9582631,0.7243571,1.432828
0.9875627,0.7961815,1.581436
0.6914467,0.5617633,1.32376
0.9875627,0.7243571,1.432828
0.9582631,0.5617633,1.32376
0.9875627,0.5579327,1.32376
0.8477847,1.129439,2.227269
0.658334,1.130519,2.235841
0.6494423,1.039528,2.302873
0.8217888,1.038902,2.302873
0.658334,1.130519,2.235841
0,1.126932,2.269311
0,1.038902,2.319502
0.6494423,1.039528,2.302873
0.8639287,0.6919641,2.291911
0.8209087,1.011222,2.30487
0.8209087,0.6955848,2.303141
0.8564493,0.9894586,2.291336
0.8825334,1.006716,2.283261
0.8217888,1.038902,2.302873
0.8564493,0.9894586,2.291336
0.8639287,0.6919641,2.291911
0.8909183,0.6901637,2.273003
0.8825334,1.006716,2.283261
0.9665993,0.4889555,-2.641927
0.9657934,0.3802465,-2.647561
0.9018685,0.3816498,-2.659742
0.9019733,0.4900086,-2.654868
0.9460043,1.097897,0.6077457
0.9460043,1.137114,0.6077457
0.9460043,1.137114,0.3820246
0.9460043,1.097897,0.3820246
0.6232507,0.489329,-2.616172
0.6567837,0.489329,-2.616073
0.6567837,0.5090165,-2.615746
0.6232507,0.5090165,-2.615845
0.965451,0.9667072,-2.324325
0.9355041,0.9667072,-2.324325
0.9355041,0.9483773,-2.305995
0.965451,0.9483773,-2.305995
-0.802653,1.831515,0.3395227
-0.7730417,1.768448,-2.488678
-0.9576593,1.211334,-2.569397
-0.9576442,1.237133,0.3395786
-0.814221,1.787603,0.3558929
-0.9461734,1.281271,0.355893
-0.8071023,1.8153,0.3847699
-0.9534589,1.25407,0.384762
-0.8093237,1.811936,0.7760804
-0.8051756,1.827739,0.7793705
-0.8192534,1.771,0.879227
-0.9576582,1.262963,1.344695
-0.8158245,1.784195,0.8891443
-0.9535471,1.277183,1.281325
-0.9477483,1.299227,1.291577
-0.9566861,1.266504,1.336532
-0.9521204,1.280271,1.288752
-0.9491876,1.2914,1.293981
-0.9506513,1.284851,1.293459
0,1.011199,2.319502
0,1.038902,2.319502
-0.6494423,1.039528,2.302873
-0.5532341,1.012143,2.303478
-0.554404,0.9172453,2.303321
-0.5567394,1.008669,2.303474
-0.5555739,0.8223473,2.303164
-0.5567437,0.7274495,2.303007
-0.5579136,0.6325516,2.30285
-0.5820676,0.9981925,2.303545
-0.7922476,0.9974687,2.304704
-0.5674407,0.9834347,2.303441
-0.8175471,1.007872,2.304849
-0.8209087,1.011222,2.30487
-0.8209087,0.6955848,2.303141
-0.8070571,0.9826081,2.304702
-0.8209087,0.6325516,2.302795
-0.561188,0.6358666,2.30287
-0.5700266,0.7736648,2.303125
-0.5714128,0.6612117,2.302956
-0.5864052,0.646403,2.302926
-0.7922474,0.6464032,2.302818
-0.8175293,0.635931,2.302799
-0.8070572,0.7746902,2.303532
-0.8070572,0.6612129,2.302893
0.9380894,1.233394,1.362093
0.9380894,1.249513,1.362093
0.9380894,1.249513,1.341796
0.9380894,1.233394,1.341796
0.9380894,1.233394,1.341796
0.9380894,1.249513,1.341796
0.9939788,1.292718,1.338536
0.9946961,1.264977,1.338536
-0.9939788,1.292718,1.338536
-0.9933127,1.329702,1.319753
-0.9933127,1.329702,1.377616
-0.9939788,1.292718,1.358833
-0.9946961,1.264977,1.338536
-0.9953573,1.233566,1.377616
-0.9953573,1.233566,1.319753
-0.9946961,1.264977,1.358833
0.5832714,0.6662979,2.286112
0.5913205,0.6583475,2.286103
0.591306,0.6582629,2.309
0.583257,0.6662133,2.30901
0.7873458,0.6582631,2.308887
0.5820202,0.7677981,2.286251
0.7873603,0.6583477,2.285989
0.5820057,0.7677135,2.309149
0.7951941,0.6661112,2.308933
0.7952086,0.7686999,2.286626
0.7952086,0.6661958,2.286035
0.7951941,0.7686154,2.309523
0.7952085,0.9777581,2.287773
0.7873318,0.985662,2.287775
0.7872468,0.9855773,2.310672
0.7951235,0.9776735,2.31067
0.586955,0.9862671,2.309549
0.7952086,0.7807504,2.28665
0.5870399,0.9863517,2.286652
0.7951237,0.7806658,2.309548
0.5793358,0.9785797,2.309496
0.5818716,0.7798477,2.286313
0.5794207,0.9786644,2.286599
0.5817866,0.7797632,2.30921
0.6680709,1.033918,-2.595682
0.6872627,1.041863,-2.595165
0.6919318,1.031005,-2.595511
0.6768555,1.024764,-2.59592
0.8960384,1.031004,-2.593001
0.6601213,1.014737,-2.59646
0.9007024,1.041862,-2.592544
0.6706107,1.009696,-2.596528
0.9111111,1.024765,-2.593052
0.6601213,0.850288,-2.602285
0.9198942,1.033918,-2.592614
0.6706106,0.8523686,-2.602098
0.9173545,1.009702,-2.593557
0.6601212,0.7933339,-2.604303
0.9278437,1.014738,-2.593253
0.6706105,0.797881,-2.604028
0.9173546,0.852262,-2.599611
0.668071,0.7741528,-2.604909
0.927844,0.8501718,-2.599578
0.6768542,0.782816,-2.604501
0.9173548,0.7978842,-2.601702
0.6872635,0.7662078,-2.605015
0.9278441,0.7933325,-2.601763
0.691928,0.7765761,-2.604587
0.9111099,0.7828183,-2.602342
0.9007018,0.7662089,-2.603055
0.9198942,0.7741534,-2.602573
0.8960333,0.7765775,-2.602717
0.5412357,0.6490488,2.285791
0.5401675,0.7356986,2.285942
0.5284482,0.7238289,2.28593
0.5292238,0.6609136,2.2858
0,0.6490488,2.302438
0.01185059,0.7236097,2.302429
0.01185059,0.6609136,2.30245
0,0.7354695,2.302438
0.5281556,0.7475582,2.285948
0.01185059,0.7473392,2.302453
0.52738,0.8104736,2.286077
0,0.82189,2.302438
0.5390993,0.8223484,2.286092
0.01185059,0.8100353,2.302433
0.5270875,0.8342029,2.286094
0.01185058,0.8337649,2.302456
0.5263119,0.8971184,2.286224
0,0.9083107,2.302438
0.5380312,0.9089981,2.286242
0.0118506,0.8964611,2.302436
0.5260194,0.9208475,2.286241
0.01185058,0.9201906,2.30246
0.5252438,0.983763,2.286371
0.5369629,0.9956478,2.286392
0.01185059,0.9828868,2.302439
0,0.9947314,2.302438
0,0.9947314,2.302438
-0.01185058,0.9201906,2.30246
-0.01185059,0.9828868,2.302439
-0.5369629,0.9956478,2.286392
-0.5252438,0.983763,2.286371
-0.5380312,0.9089981,2.286242
-0.5260194,0.9208475,2.286241
-0.0118506,0.8964611,2.302436
-0.5263119,0.8971184,2.286224
-0.01185058,0.8337649,2.302456
-0.5390993,0.8223484,2.286092
0,0.82189,2.302438
-0.5270875,0.8342029,2.286094
-0.01185059,0.8100353,2.302433
-0.52738,0.8104736,2.286077
-0.01185059,0.7473392,2.302453
-0.5401675,0.7356986,2.285942
0,0.7354695,2.302438
-0.5281556,0.7475582,2.285948
-0.01185059,0.7236097,2.302429
-0.5284482,0.7238289,2.28593
-0.01185059,0.6609136,2.30245
-0.5412357,0.6490488,2.285791
-0.5292238,0.6609136,2.2858
0.584537,0.9923855,2.286664
0.5733649,0.9811136,2.286585
0.5794207,0.9786644,2.286599
0.5870399,0.9863517,2.286652
0.5818716,0.7798477,2.286313
0.7898421,0.9916786,2.287805
0.5759206,0.7737974,2.286269
0.7873318,0.985662,2.287775
0.7952086,0.7807504,2.28665
0.8012337,0.9802476,2.287803
0.8012337,0.7747506,2.286651
0.7952085,0.9777581,2.287773
0.5772772,0.6637498,2.2861
0.5888464,0.6523223,2.28608
0.5913205,0.6583475,2.286103
0.5832714,0.6662979,2.286112
0.7873603,0.6583477,2.285989
0.5759206,0.7737974,2.286269
0.789856,0.6523225,2.285969
0.5820202,0.7677981,2.286251
0.7952086,0.6661958,2.286035
0.8012337,0.7747506,2.286651
0.8012337,0.6637002,2.28603
0.7952086,0.7686999,2.286626
0.8011982,0.9801872,2.304672
0.8011982,0.7746902,2.30352
0.8070572,0.7746902,2.303532
0.8070571,0.9826081,2.304702
0.8070572,0.6612129,2.302893
0.7898065,0.9916182,2.304674
0.8011982,0.6636397,2.302898
0.7922476,0.9974687,2.304704
0.7922474,0.6464032,2.302818
0.5845015,0.9923251,2.303533
0.7898205,0.6522622,2.302837
0.5820676,0.9981925,2.303545
0.5864052,0.646403,2.302926
0.5733294,0.9810531,2.303454
0.588811,0.6522619,2.302948
0.5674407,0.9834347,2.303441
0.5714128,0.6612117,2.302956
0.5758851,0.773737,2.303138
0.5772417,0.6636894,2.302969
0.5700266,0.7736648,2.303125
0.9939788,1.292718,1.338536
0.9933127,1.329702,1.377616
0.9933127,1.329702,1.319753
0.9939788,1.292718,1.358833
0.9946961,1.264977,1.338536
0.9953573,1.233566,1.377616
0.9953573,1.233566,1.319753
0.9946961,1.264977,1.358833
-0.5913205,0.6583475,2.286103
-0.7873458,0.6582631,2.308887
-0.7873603,0.6583477,2.285989
-0.591306,0.6582629,2.309
-0.7951941,0.6661112,2.308933
-0.5832714,0.6662979,2.286112
-0.7952086,0.6661958,2.286035
-0.583257,0.6662133,2.30901
-0.7951941,0.7686154,2.309523
-0.5820202,0.7677981,2.286251
-0.7952086,0.7686999,2.286626
-0.5820057,0.7677135,2.309149
-0.7952085,0.9777581,2.287773
-0.7951235,0.9776735,2.31067
-0.7872468,0.9855773,2.310672
-0.7873318,0.985662,2.287775
-0.7952086,0.7807504,2.28665
-0.586955,0.9862671,2.309549
-0.7951237,0.7806658,2.309548
-0.5870399,0.9863517,2.286652
-0.5818716,0.7798477,2.286313
-0.5793358,0.9785797,2.309496
-0.5817866,0.7797632,2.30921
-0.5794207,0.9786644,2.286599
-0.6680709,1.033918,-2.595682
-0.6919318,1.031005,-2.595511
-0.6872627,1.041863,-2.595165
-0.6768555,1.024764,-2.59592
-0.8960384,1.031004,-2.593001
-0.6601213,1.014737,-2.59646
-0.9007024,1.041862,-2.592544
-0.6706107,1.009696,-2.596528
-0.9111111,1.024765,-2.593052
-0.6601213,0.850288,-2.602285
-0.9198942,1.033918,-2.592614
-0.6706106,0.8523686,-2.602098
-0.9173545,1.009702,-2.593557
-0.6601212,0.7933339,-2.604303
-0.9278437,1.014738,-2.593253
-0.6706105,0.797881,-2.604028
-0.9173546,0.852262,-2.599611
-0.668071,0.7741528,-2.604909
-0.927844,0.8501718,-2.599578
-0.6768542,0.782816,-2.604501
-0.9173548,0.7978842,-2.601702
-0.6872635,0.7662078,-2.605015
-0.9278441,0.7933325,-2.601763
-0.691928,0.7765761,-2.604587
-0.9111099,0.7828183,-2.602342
-0.9007018,0.7662089,-2.603055
-0.9198942,0.7741534,-2.602573
-0.8960333,0.7765775,-2.602717
-0.584537,0.9923855,2.286664
-0.5794207,0.9786644,2.286599
-0.5733649,0.9811136,2.286585
-0.5870399,0.9863517,2.286652
-0.5818716,0.7798477,2.286313
-0.7898421,0.9916786,2.287805
-0.5759206,0.7737974,2.286269
-0.7873318,0.985662,2.287775
-0.7952086,0.7807504,2.28665
-0.8012337,0.9802476,2.287803
-0.8012337,0.7747506,2.286651
-0.7952085,0.9777581,2.287773
-0.5772772,0.6637498,2.2861
-0.5913205,0.6583475,2.286103
-0.5888464,0.6523223,2.28608
-0.5832714,0.6662979,2.286112
-0.7873603,0.6583477,2.285989
-0.5759206,0.7737974,2.286269
-0.789856,0.6523225,2.285969
-0.5820202,0.7677981,2.286251
-0.7952086,0.6661958,2.286035
-0.8012337,0.7747506,2.286651
-0.8012337,0.6637002,2.28603
-0.7952086,0.7686999,2.286626
-0.8011982,0.9801872,2.304672
-0.8070571,0.9826081,2.304702
-0.8070572,0.7746902,2.303532
-0.7898065,0.9916182,2.304674
-0.8011982,0.7746902,2.30352
-0.7922476,0.9974687,2.304704
-0.8070572,0.6612129,2.302893
-0.5845015,0.9923251,2.303533
-0.8011982,0.6636397,2.302898
-0.5820676,0.9981925,2.303545
-0.7922474,0.6464032,2.302818
-0.5733294,0.9810531,2.303454
-0.7898205,0.6522622,2.302837
-0.5674407,0.9834347,2.303441
-0.5864052,0.646403,2.302926
-0.5758851,0.773737,2.303138
-0.588811,0.6522619,2.302948
-0.5700266,0.7736648,2.303125
-0.5714128,0.6612117,2.302956
-0.5772417,0.6636894,2.302969
-0.965451,0.9483773,-2.305995
-0.965451,0.9667072,-2.324325
-0.965451,0.9667072,-2.474169
-0.5874045,0.7854753,2.314937
-0.5850529,0.9762379,2.315233
-0.5893055,0.9805284,2.315264
-0.587782,0.7620075,2.314861
-0.7894812,0.7628608,2.31519
-0.7894811,0.668455,2.314655
-0.7894811,0.668455,2.314655
-0.7849774,0.6639513,2.314634
-0.587782,0.7620075,2.314861
0.965451,0.9162826,-2.305995
0.965451,0.8979526,-2.324325
0.965451,0.8979526,-2.474169
0.5936466,0.6639512,2.314712
0.7849774,0.6639513,2.314634
0.7894812,0.7628608,2.31519
0.7849774,0.6639513,2.314634
0.7894811,0.668455,2.314655
0.7894812,0.7628608,2.31519
0.5893055,0.9805284,2.315264
0.5850529,0.9762379,2.315233
0.5874045,0.7854753,2.314937
-0.9111099,0.7828183,-2.602342
-0.9173548,0.7978842,-2.601702
-0.9173546,0.852262,-2.599611
-0.9173545,1.009702,-2.593557
-0.9111111,1.024765,-2.593052
-0.8960384,1.031004,-2.593001
-0.8960333,0.7765775,-2.602717
-0.6919318,1.031005,-2.595511
-0.691928,0.7765761,-2.604587
-0.6768555,1.024764,-2.59592
-0.6768542,0.782816,-2.604501
-0.6706107,1.009696,-2.596528
-0.6706106,0.8523686,-2.602098
-0.6706105,0.797881,-2.604028
-0.9548646,0.9162829,1.958429
-0.9548646,0.8979529,1.976759
-0.9548646,0.897953,2.126603
-0.9548646,0.916283,2.144933
-0.9548646,0.9483775,1.958429
-0.9548646,0.9483776,2.144933
-0.9548646,0.9667075,1.976759
-0.9548646,0.9667076,2.126603
-0.965451,0.9162826,-2.492499
-0.965451,0.8979526,-2.474169
-0.965451,0.8979526,-2.324325
-0.965451,0.9162826,-2.305995
-0.965451,0.9483773,-2.492499
-0.965451,0.9483773,-2.305995
-0.965451,0.9667072,-2.474169
-0.7893931,0.9752933,2.316335
-0.7893931,0.7863298,2.315281
-0.5874045,0.7854753,2.314937
-0.784847,0.9798551,2.316335
-0.5893055,0.9805284,2.315264
-0.7849774,0.6639513,2.314634
-0.5936466,0.6639512,2.314712
-0.587782,0.7620075,2.314861
-0.5889334,0.6686068,2.314723
-0.5820057,0.7677135,2.309149
-0.587782,0.7620075,2.314861
-0.5889334,0.6686068,2.314723
-0.583257,0.6662133,2.30901
-0.5936466,0.6639512,2.314712
-0.591306,0.6582629,2.309
-0.7849774,0.6639513,2.314634
-0.7873458,0.6582631,2.308887
-0.7894811,0.668455,2.314655
-0.7951941,0.6661112,2.308933
-0.7894812,0.7628608,2.31519
-0.7951941,0.7686154,2.309523
-0.587782,0.7620075,2.314861
-0.7951941,0.7686154,2.309523
-0.7894812,0.7628608,2.31519
0.6768542,0.782816,-2.604501
0.6706105,0.797881,-2.604028
0.6706106,0.8523686,-2.602098
0.6706107,1.009696,-2.596528
0.6768555,1.024764,-2.59592
0.691928,0.7765761,-2.604587
0.6919318,1.031005,-2.595511
0.8960333,0.7765775,-2.602717
0.8960384,1.031004,-2.593001
0.9111099,0.7828183,-2.602342
0.9111111,1.024765,-2.593052
0.9173548,0.7978842,-2.601702
0.9173546,0.852262,-2.599611
0.9173545,1.009702,-2.593557
0.9548646,0.897953,2.126603
0.9548646,0.8979529,1.976759
0.9548646,0.9162829,1.958429
0.9548646,0.916283,2.144933
0.9548646,0.9483775,1.958429
0.9548646,0.9483776,2.144933
0.9548646,0.9667075,1.976759
0.9548646,0.9667076,2.126603
0.965451,0.8979526,-2.474169
0.965451,0.9162826,-2.492499
0.965451,0.9162826,-2.305995
0.965451,0.9483773,-2.305995
0.965451,0.9483773,-2.492499
0.965451,0.9667072,-2.324325
0.965451,0.9667072,-2.474169
0.7894812,0.7628608,2.31519
0.587782,0.7620075,2.314861
0.5889334,0.6686068,2.314723
0.5936466,0.6639512,2.314712
0.5820057,0.7677135,2.309149
0.5889334,0.6686068,2.314723
0.587782,0.7620075,2.314861
0.583257,0.6662133,2.30901
0.5936466,0.6639512,2.314712
0.591306,0.6582629,2.309
0.7849774,0.6639513,2.314634
0.7873458,0.6582631,2.308887
0.7894811,0.668455,2.314655
0.7951941,0.6661112,2.308933
0.7894812,0.7628608,2.31519
0.7951941,0.7686154,2.309523
0.587782,0.7620075,2.314861
0.7951941,0.7686154,2.309523
0.7894812,0.7628608,2.31519
0.5874045,0.7854753,2.314937
0.7893931,0.7863298,2.315281
0.5893055,0.9805284,2.315264
0.784847,0.9798551,2.316335
0.7893931,0.9752933,2.316335
0.5874045,0.7854753,2.314937
0.5793358,0.9785797,2.309496
0.5817866,0.7797632,2.30921
0.5850529,0.9762379,2.315233
0.7893931,0.7863298,2.315281
0.586955,0.9862671,2.309549
0.7951237,0.7806658,2.309548
0.5893055,0.9805284,2.315264
0.7893931,0.9752933,2.316335
0.7872468,0.9855773,2.310672
0.7951235,0.9776735,2.31067
0.784847,0.9798551,2.316335
-0.5850529,0.9762379,2.315233
-0.5793358,0.9785797,2.309496
-0.586955,0.9862671,2.309549
-0.5893055,0.9805284,2.315264
-0.5874045,0.7854753,2.314937
-0.7872468,0.9855773,2.310672
-0.5817866,0.7797632,2.30921
-0.784847,0.9798551,2.316335
-0.7893931,0.7863298,2.315281
-0.7951235,0.9776735,2.31067
-0.7951237,0.7806658,2.309548
-0.7893931,0.9752933,2.316335
2516
0.1598362,0.5211731
0.1598362,0.5211731
0.1598362,0.5211731
0.590258,0.7814395
0.590258,0.7814395
0.590258,0.7814395
0.219127,0.9827361
0.219127,0.9827361
0.219127,0.9827361
0.590258,0.7814395
0.590258,0.7814395
0.590258,0.7814395
0.590258,0.7814395
0.590258,0.7814395
0.590258,0.7814395
0.590258,0.7814395
0.590258,0.7814395
0.590258,0.7814395
0.590258,0.7814395
0.590258,0.7814395
0.590258,0.7814395
0.590258,0.7814395
0.590258,0.7814395
0.1598362,0.5211731
0.1598362,0.5211731
0.1598362,0.5211731
0.1598362,0.5211731
0.1598362,0.5211731
0.1598362,0.5211731
0.590258,0.7814395
0.590258,0.7814395
0.590258,0.7814395
0.219127,0.9827361
0.219127,0.9827361
0.219127,0.9827361
0.1598362,0.5211731
0.1598362,0.5211731
0.1598362,0.5211731
0.590258,0.7814395
0.590258,0.7814395
0.590258,0.7814395
0.590258,0.7814395
0.590258,0.7814395
0.590258,0.7814395
0.590258,0.7814395
0.590258,0.7814395
0.590258,0.7814395
0.590258,0.7814395
0.590258,0.7814395
0.590258,0.7814395
0.590258,0.7814395
0.590258,0.7814395
0.590258,0.7814395
0.590258,0.7814395
0.590258,0.7814395
0.590258,0.7814395
0.590258,0.7814395
0.590258,0.7814395
0.590258,0.7814395
0.590258,0.7814395
0.590258,0.7814395
0.590258,0.7814395
0.590258,0.7814395
0.590258,0.7814395
0.590258,0.7814395
0.590258,0.7814395
0.590258,0.7814395
0.590258,0.7814395
0.590258,0.7814395
0.590258,0.7814395
0.590258,0.7814395
0.590258,0.7814395
0.590258,0.7814395
0.590258,0.7814395
0.590258,0.7814395
0.590258,0.7814395
0.590258,0.7814395
0.2208602,0.9849026
0.2208602,0.9849026
0.2208602,0.9849026
0.2208602,0.9849026
0.2208602,0.9849026
0.2217268,0.9827361
0.2217268,0.9827361
0.2217268,0.9827361
0.2217268,0.9827361
0.590258,0.7814395
0.590258,0.7814395
0.590258,0.7814395
0.590258,0.7814395
0.590258,0.7814395
0.590258,0.7814395
0.590258,0.7814395
0.590258,0.7814395
0.590258,0.7814395
0.590258,0.7814395
0.2217268,0.9827361
0.2217268,0.9827361
0.2217268,0.9827361
0.2217268,0.9827361
0.2217268,0.9827361
0.2217268,0.9827361
0.2217268,0.9827361
0.2217268,0.9827361
0.2217268,0.9827361
0.2217268,0.9827361
0.2217268,0.9827361
0.2217268,0.9827361
0.2217268,0.9827361
0.2217268,0.9827361
0.2217268,0.9827361
0.2217268,0.9827361
0.2217268,0.9827361
0.2217268,0.9827361
0.2217268,0.9827361
0.2217268,0.9827361
0.2217268,0.9827361
0.2217268,0.9827361
0.2217268,0.9827361
0.1009563,0.4472774
0.1009562,0.4472774
0.1009563,0.4472774
0.1009563,0.4472774
0.1009562,0.4472774
0.1009563,0.4472774
0.1009563,0.4472774
0.590258,0.7814395
0.590258,0.7814395
0.590258,0.7814395
0.590258,0.7814395
0.590258,0.7814395
0.590258,0.7814395
0.590258,0.7814395
0.590258,0.7814395
0.590258,0.7814395
0.590258,0.7814395
0.590258,0.7814395
0.590258,0.7814395
0.590258,0.7814395
0.590258,0.7814395
0.590258,0.7814395
0.590258,0.7814395
0.590258,0.7814395
0.590258,0.7814395
0.2217268,0.9827361
0.2217268,0.9827361
0.2217268,0.9827361
0.2217268,0.9827361
0.2217268,0.9827361
0.2217268,0.9827361
0.2217268,0.9827361
0.2217268,0.9827361
0.2217268,0.9827361
0.2217268,0.9827361
0.2217268,0.9827361
0.2217268,0.9827361
0.2217268,0.9827361
0.2217268,0.9827361
0.2217268,0.9827361
0.1598362,0.5211731
0.1598362,0.5211731
0.1598362,0.5211731
0.1598362,0.5211731
0.1598362,0.5211731
0.1598362,0.5211731
0.2217268,0.9827361
0.2217268,0.9827361
0.2217268,0.9827361
0.2217268,0.9827361
0.2217268,0.9827361
0.2217268,0.9827361
0.2217268,0.9827361
0.2217268,0.9827361
0.2208602,0.9849026
0.2208602,0.9849026
0.2208602,0.9849026
0.2208602,0.9849026
0.2217268,0.9827361
0.2217268,0.9827361
0.2217268,0.9827361
0.2217268,0.9827361
0.2217268,0.9827361
0.2217268,0.9827361
0.590258,0.7814395
0.590258,0.7814395
0.590258,0.7814395
0.590258,0.7814395
0.590258,0.7814395
0.590258,0.7814395
0.590258,0.7814395
0.590258,0.7814395
0.590258,0.7814395
0.590258,0.7814395
0.590258,0.7814395
0.590258,0.7814395
0.590258,0.7814395
0.590258,0.7814395
0.590258,0.7814395
0.590258,0.7814395
0.590258,0.7814395
0.590258,0.7814395
0.1598362,0.5211731
0.1598362,0.5211731
0.1598362,0.5211731
0.1598362,0.5211731
0.1598362,0.5211731
0.1598362,0.5211731
0.1598362,0.5211731
0.1598362,0.5211731
0.1598362,0.5211731
0.1598362,0.5211731
0.1598362,0.5211731
0.1598362,0.5211731
0.1598362,0.5211731
0.1598362,0.5211731
0.1531283,0.5319464
0.1531283,0.5319464
0.1531283,0.5319464
0.1531283,0.5319464
0.1598362,0.5211731
0.1598362,0.5211731
0.1598362,0.5211731
0.1598362,0.5211731
0.1531283,0.5319464
0.1531283,0.5319464
0.1531283,0.5319464
0.1531283,0.5319464
0.1531283,0.5319464
0.1531283,0.5319464
0.1598362,0.5211731
0.1598362,0.5211731
0.1598362,0.5211731
0.1598362,0.5211731
0.1531283,0.5319464
0.1531283,0.5319464
0.1531283,0.5319464
0.1531283,0.5319464
0.1531283,0.5319464
0.1531283,0.5319464
0.1598362,0.5211731
0.1598362,0.5211731
0.1598362,0.5211731
0.1598362,0.5211731
0.1531283,0.5319464
0.1531283,0.5319464
0.1531283,0.5319464
0.1531283,0.5319464
0.1531283,0.5319464
0.1531283,0.5319464
0.1598362,0.5211731
0.1598362,0.5211731
0.1598362,0.5211731
0.1598362,0.5211731
0.1598362,0.5211731
0.1598362,0.5211731
0.1598362,0.5211731
0.1598362,0.5211731
0.1598362,0.5211731
0.590258,0.7814395
0.590258,0.7814395
0.590258,0.7814395
0.590258,0.7814395
0.590258,0.7814395
0.590258,0.7814395
0.590258,0.7814395
0.590258,0.7814395
0.590258,0.7814395
0.590258,0.7814395
0.590258,0.7814395
0.590258,0.7814395
0.590258,0.7814395
0.590258,0.7814395
0.590258,0.7814395
0.590258,0.7814395
0.1598362,0.5211731
0.1598362,0.5211731
0.1598362,0.5211731
0.1598362,0.5211731
0.1598362,0.5211731
0.1598362,0.5211731
0.1598362,0.5211731
0.1598362,0.5211731
0.1598362,0.5211731
0.1598362,0.5211731
0.1598362,0.5211731
0.1598362,0.5211731
0.1598362,0.5211731
0.1598362,0.5211731
0.1598362,0.5211731
0.1598362,0.5211731
0.1598362,0.5211731
0.1598362,0.5211731
0.1531283,0.5319464
0.1531283,0.5319464
0.1531283,0.5319464
0.1531283,0.5319464
0.1531283,0.5319464
0.1531283,0.5319464
0.1598362,0.5211731
0.1598362,0.5211731
0.1598362,0.5211731
0.1598362,0.5211731
0.1598362,0.5211731
0.1598362,0.5211731
0.1598362,0.5211731
0.1598362,0.5211731
0.1598362,0.5211731
0.1598362,0.5211731
0.1598362,0.5211731
0.1598362,0.5211731
0.1598362,0.5211731
0.1598362,0.5211731
0.1598362,0.5211731
0.1598362,0.5211731
0.1598362,0.5211731
0.1598362,0.5211731
0.1598362,0.5211731
0.1598362,0.5211731
0.1598362,0.5211731
0.1598362,0.5211731
0.1598362,0.5211731
0.1598362,0.5211731
0.1598362,0.5211731
0.1598362,0.5211731
0.1598362,0.5211731
0.1598362,0.5211731
0.590258,0.7814395
0.590258,0.7814395
0.590258,0.7814395
0.590258,0.7814395
0.590258,0.7814395
0.590258,0.7814395
0.590258,0.7814395
0.590258,0.7814395
0.590258,0.7814395
0.590258,0.7814395
0.590258,0.7814395
0.590258,0.7814395
0.590258,0.7814395
0.590258,0.7814395
0.590258,0.7814395
0.590258,0.7814395
0.590258,0.7814395
0.2208602,0.9849026
0.2208602,0.9849026
0.2208602,0.9849026
0.2208602,0.9849026
0.2208602,0.9849026
0.2208602,0.9849026
0.2208602,0.9849026
0.2208602,0.9849026
0.2208602,0.9849026
0.2208602,0.9849026
0.2208602,0.9849026
0.2208602,0.9849026
0.2208602,0.9849026
0.2208602,0.9849026
0.590258,0.7814395
0.590258,0.7814395
0.590258,0.7814395
0.590258,0.7814395
0.590258,0.7814395
0.590258,0.7814395
0.590258,0.7814395
0.590258,0.7814395
0.219127,0.9827361
0.219127,0.9827361
0.219127,0.9827361
0.219127,0.9827361
0.2212935,0.9827361
0.2212935,0.9827361
0.2212935,0.9827361
0.2212935,0.9827361
0.2212935,0.9827361
0.2212935,0.9827361
0.2212935,0.9827361
0.2212935,0.9827361
0.2212935,0.9827361
0.2212935,0.9827361
0.1076871,0.9544116
0.1076871,0.9544116
0.1076871,0.9544116
0.1076871,0.9544116
0.1076871,0.9544116
0.1076871,0.9544116
0.1076871,0.9544116
0.1076871,0.9544116
0.1076871,0.9544116
0.1076871,0.9544116
0.1076871,0.9544116
0.1076871,0.9544116
0.1076871,0.9544116
0.1076871,0.9544116
0.1076871,0.9544116
0.1076871,0.9544116
0.1076871,0.9544116
0.1076871,0.9544116
0.1076871,0.9544116
0.1076871,0.9544116
0.1076871,0.9544116
0.1076871,0.9544116
0.1076871,0.9544116
0.1076871,0.9544116
0.1076871,0.9544116
0.1076871,0.9544116
0.1076871,0.9544116
0.1076871,0.9544116
0.1076871,0.9544116
0.1076871,0.9544116
0.1076871,0.9544116
0.1076871,0.9544116
0.1076871,0.9544116
0.1076871,0.9544116
0.1076871,0.9544116
0.1076871,0.9544116
0.04751509,0.5251845
0.04751509,0.5251845
0.04751509,0.5251845
0.04751509,0.5251845
0.04751509,0.5251845
0.04751509,0.5251845
0.04751509,0.5251845
0.04751509,0.5251845
0.04751509,0.5251845
0.04751509,0.5251845
0.04751509,0.5251845
0.04751509,0.5251845
0.04751509,0.5251845
0.04751509,0.5251845
0.590258,0.7814395
0.590258,0.7814395
0.590258,0.7814395
0.590258,0.7814395
0.590258,0.7814395
0.590258,0.7814395
0.590258,0.7814395
0.590258,0.7814395
0.590258,0.7814395
0.590258,0.7814395
0.590258,0.7814395
0.590258,0.7814395
0.1076871,0.966446
0.1076871,0.9664462
0.1076871,0.9664461
0.1076871,0.9664462
0.1076871,0.9664461
0.1076871,0.966446
0.1076871,0.966446
0.1076871,0.9664462
0.1076871,0.9664461
0.1076871,0.9664462
0.1076871,0.9664461
0.1076871,0.966446
0.1076871,0.966446
0.1076871,0.9664461
0.1076871,0.966446
0.1076871,0.966446
0.1531283,0.5319464
0.1531283,0.5319464
0.1531283,0.5319464
0.1531283,0.5319464
0.1531283,0.5319464
0.1531283,0.5319464
0.1531283,0.5319464
0.1531283,0.5319464
0.1531283,0.5319464
0.1531283,0.5319464
0.1531283,0.5319464
0.1531283,0.5319464
0.1598362,0.5211731
0.1598362,0.5211731
0.1598362,0.5211731
0.1598362,0.5211731
0.1598362,0.5211731
0.1598362,0.5211731
0.1598362,0.5211731
0.1598362,0.5211731
0.1598362,0.5211731
0.1598362,0.5211731
0.1598362,0.5211731
0.1598362,0.5211731
0.1598364,0.5211731
0.1598364,0.5211731
0.1598362,0.5211731
0.1598362,0.5211731
0.1598362,0.5211731
0.1598362,0.5211731
0.1598362,0.5211731
0.1598362,0.5211731
0.1598362,0.5211731
0.1598362,0.5211731
0.1598362,0.5211731
0.1598362,0.5211731
0.1598362,0.5211731
0.1598362,0.5211731
0.1598362,0.5211731
0.1598362,0.5211731
0.1598362,0.5211731
0.1531283,0.5319464
0.1531283,0.5319464
0.1531283,0.5319464
0.1531283,0.5319464
0.1531283,0.5319464
0.1531283,0.5319464
0.1531283,0.5319464
0.1531283,0.5319464
0.1531283,0.5319464
0.1531283,0.5319464
0.1531283,0.5319464
0.1531283,0.5319464
0.1531283,0.5319464
0.1531283,0.5319464
0.1531283,0.5319464
0.1531283,0.5319464
0.1531283,0.5319464
0.1531283,0.5319464
0.1531283,0.5319464
0.1531283,0.5319464
0.1598362,0.5211731
0.1598362,0.5211731
0.1598362,0.5211731
0.1598362,0.5211731
0.1531283,0.5319464
0.1531283,0.5319464
0.1531283,0.5319464
0.1531283,0.5319464
0.1531283,0.5319464
0.1531283,0.5319464
0.1531283,0.5319464
0.1531283,0.5319464
0.1531283,0.5319464
0.1531283,0.5319464
0.1598362,0.5211731
0.1598362,0.5211731
0.1598362,0.5211731
0.1598362,0.5211731
0.1531283,0.5319464
0.1531283,0.5319464
0.1531283,0.5319464
0.1531283,0.5319464
0.1531283,0.5319464
0.1531283,0.5319464
0.590258,0.7814395
0.590258,0.7814395
0.590258,0.7814395
0.590258,0.7814395
0.1598362,0.529196
0.1598362,0.529196
0.1598362,0.529196
0.1598362,0.529196
0.1598362,0.5211731
0.1598362,0.5211731
0.1598362,0.5211731
0.1598362,0.5211731
0.590258,0.7814395
0.590258,0.7814395
0.590258,0.7814395
0.590258,0.7814395
0.1598362,0.5211731
0.1598362,0.5211731
0.1598362,0.5211731
0.1598362,0.5211731
0.1598362,0.5211731
0.1598362,0.5211731
0.1598362,0.5211731
0.1598362,0.5211731
0.1598362,0.5211731
0.1598362,0.5211731
0.1598362,0.5211731
0.1598362,0.5211731
0.1598362,0.5211731
0.1598362,0.5211731
0.1598362,0.5211731
0.1598362,0.5211731
0.1598362,0.5211731
0.1598362,0.5211731
0.1598362,0.5211731
0.1598362,0.5211731
0.1598362,0.5211731
0.1598362,0.5211731
0.1598362,0.5211731
0.1598362,0.5211731
0.1598362,0.5211731
0.1598362,0.5211731
0.590258,0.7814395
0.590258,0.7814395
0.590258,0.7814395
0.590258,0.7814395
0.219127,0.9827361
0.219127,0.9827361
0.219127,0.9827361
0.219127,0.9827361
0.590258,0.7814395
0.590258,0.7814395
0.590258,0.7814395
0.590258,0.7814395
0.219127,0.9827361
0.219127,0.9827361
0.219127,0.9827361
0.219127,0.9827361
0.590258,0.7814395
0.590258,0.7814395
0.590258,0.7814395
0.590258,0.7814395
0.590258,0.7814395
0.590258,0.7814395
0.590258,0.7814395
0.590258,0.7814395
0.590258,0.7814395
0.590258,0.7814395
0.590258,0.7814395
0.590258,0.7814395
0.590258,0.7814395
0.590258,0.7814395
0.590258,0.7814395
0.590258,0.7814395
0.590258,0.7814395
0.590258,0.7814395
0.590258,0.7814395
0.590258,0.7814395
0.590258,0.7814395
0.590258,0.7814395
0.590258,0.7814395
0.590258,0.7814395
0.1009561,0.4472774
0.1009562,0.4472774
0.1009563,0.4472774
0.1009563,0.4472774
0.1009563,0.4472774
0.1009563,0.4472774
0.1009563,0.4472774
0.1009563,0.4472774
0.100956,0.4472774
0.100956,0.4472774
0.1009563,0.4472774
0.1009563,0.4472774
0.1009563,0.4472774
0.1531283,0.5319464
0.1531283,0.5319464
0.1531283,0.5319464
0.1531283,0.5319464
0.1531283,0.5319464
0.1531283,0.5319464
0.1531283,0.5319464
0.1531283,0.5319464
0.1531283,0.5319464
0.590258,0.7814395
0.590258,0.7814395
0.590258,0.7814395
0.590258,0.7814395
0.1598362,0.5211731
0.1598362,0.5211731
0.1598362,0.5211731
0.1598362,0.5211731
0.1598362,0.5211731
0.1009562,0.4472774
0.1009563,0.4472774
0.1009563,0.4472774
0.1009563,0.4472774
0.1009562,0.4472774
0.1009563,0.4472774
0.1009563,0.4472774
0.5902581,0.7814395
0.590258,0.7814395
0.590258,0.7814395
0.590258,0.7814395
0.590258,0.7814395
0.590258,0.7814395
0.590258,0.7814395
0.590258,0.7814395
0.590258,0.7814395
0.590258,0.7814395
0.590258,0.7814395
0.590258,0.7814395
0.590258,0.7814395
0.590258,0.7814395
0.590258,0.7814395
0.590258,0.7814395
0.590258,0.7814395
0.590258,0.7814395
0.590258,0.7814395
0.590258,0.7814395
0.590258,0.7814395
0.590258,0.7814395
0.590258,0.7814395
0.590258,0.7814395
0.590258,0.7814395
0.590258,0.7814395
0.590258,0.7814395
0.590258,0.7814395
0.590258,0.7814395
0.590258,0.7814395
0.590258,0.7814395
0.590258,0.7814395
0.590258,0.7814395
0.590258,0.7814395
0.590258,0.7814395
0.590258,0.7814395
0.590258,0.7814395
0.590258,0.7814395
0.590258,0.7814395
0.590258,0.7814395
0.590258,0.7814395
0.1009563,0.4472774
0.1009563,0.4472774
0.1009563,0.4472774
0.1009563,0.4472774
0.1009563,0.4472774
0.1009563,0.4472774
0.1009563,0.4472774
0.1009563,0.4472774
0.1009563,0.4472774
0.1009563,0.4472774
0.1009563,0.4472774
0.1009563,0.4472774
0.2217268,0.9827361
0.2217268,0.9827361
0.2217268,0.9827361
0.2217268,0.9827361
0.2217268,0.9827361
0.2217268,0.9827361
0.2217268,0.9827361
0.2217268,0.9827361
0.2217268,0.9827361
0.1036757,0.9544116
0.1036757,0.9544116
0.1036757,0.9544116
0.1036757,0.9544116
0.1036757,0.9544116
0.1036757,0.9544116
0.1036757,0.9544116
0.1036757,0.9544116
0.1036757,0.9544116
0.1036757,0.9544116
0.1036757,0.9544116
0.1036757,0.9544116
0.1036757,0.9544116
0.1036757,0.9544116
0.1036757,0.9544116
0.1036757,0.9544116
0.1036757,0.9544116
0.1036757,0.9544116
0.1036757,0.9544116
0.1036757,0.9544116
0.1036757,0.9544116
0.1036757,0.9544116
0.1036757,0.9544116
0.1036757,0.9544116
0.1036757,0.9544116
0.1036757,0.9544116
0.1036757,0.9544116
0.1036757,0.9544116
0.1036757,0.9544116
0.1036757,0.9544116
0.1036757,0.9544116
0.1036757,0.9544116
0.1598362,0.5211731
0.1598362,0.5211731
0.1598362,0.5211731
0.1598362,0.5211731
0.1598362,0.5211731
0.1598362,0.5211731
0.1598362,0.5211731
0.1598362,0.5211731
0.1598362,0.5211731
0.1598362,0.5211731
0.1598362,0.5211731
0.1598362,0.5211731
0.1598362,0.5211731
0.1598362,0.5211731
0.1598362,0.5211731
0.1598362,0.5211731
0.1598362,0.5211731
0.1598362,0.5211731
0.1598362,0.5211731
0.1598362,0.5211731
0.1598362,0.5211731
0.1598362,0.5211731
0.0836184,0.9584231
0.08361834,0.9584231
0.08361834,0.9584231
0.08361828,0.9584231
0.08361834,0.9584231
0.08361834,0.9584231
0.08361828,0.9584231
0.08361834,0.9584231
0.0836184,0.9584231
0.08361834,0.9584231
0.0836184,0.9584231
0.08361834,0.9584231
0.0836184,0.9584231
0.08361834,0.9584231
0.08361834,0.9584231
0.08361834,0.9584231
0.08361834,0.9584231
0.0836184,0.9584231
0.08361834,0.9584231
0.0836184,0.9584231
0.08361828,0.9584231
0.08361834,0.9584231
0.08361834,0.9584231
0.08361834,0.9584231
0.08361834,0.9584231
0.08361834,0.9584231
0.08361834,0.9584231
0.0836184,0.9584231
0.0836184,0.9584231
0.08361834,0.9584231
0.08361834,0.9584231
0.08361828,0.9584231
0.08762985,0.9584231
0.08762985,0.9584231
0.08762985,0.9584231
0.08762962,0.9584231
0.08762985,0.9584231
0.08762991,0.9584231
0.08762985,0.9584231
0.08762991,0.9584231
0.08762985,0.9584231
0.08762985,0.9584231
0.08762985,0.9584231
0.08762974,0.9584231
0.08762985,0.9584231
0.0876298,0.9584231
0.08762985,0.9584231
0.08762985,0.9584231
0.08762985,0.9584231
0.08762985,0.9584231
0.08762985,0.9584231
0.08762985,0.9584231
0.08762985,0.9584231
0.08762985,0.9584231
0.08762985,0.9584231
0.08762985,0.9584231
0.08762985,0.9584231
0.08762985,0.9584231
0.08762985,0.9584231
0.08762985,0.9584231
0.08762985,0.9584231
0.08762985,0.9584231
0.08762985,0.9584231
0.08762985,0.9584231
0.1598362,0.5211731
0.1598362,0.5211731
0.1598362,0.5211731
0.1598364,0.5211731
0.1531283,0.5319464
0.1531283,0.5319464
0.1531283,0.5319464
0.1531283,0.5319464
0.1531283,0.5319464
0.1531283,0.5319464
0.590258,0.7814395
0.590258,0.7814395
0.590258,0.7814395
0.590258,0.7814395
0.590258,0.7814395
0.590258,0.7814395
0.590258,0.7814395
0.590258,0.7814395
0.590258,0.7814395
0.590258,0.7814395
0.590258,0.7814395
0.590258,0.7814395
0.590258,0.7814395
0.590258,0.7814395
0.1598362,0.5211731
0.1598362,0.5211731
0.1598362,0.5211731
0.1598362,0.5211731
0.1531283,0.5319464
0.1531283,0.5319464
0.1531283,0.5319464
0.1531283,0.5319464
0.1531283,0.5319464
0.1531283,0.5319464
0.1531283,0.5319464
0.1531283,0.5319464
0.1531283,0.5319464
0.1531283,0.5319464
0.1531283,0.5319464
0.1531283,0.5319464
0.1531283,0.5319464
0.1531283,0.5319464
0.1531283,0.5319464
0.1620787,0.5189798
0.1620787,0.5189798
0.1620787,0.5189798
0.1620787,0.5189798
0.1531283,0.5319464
0.1531283,0.5319464
0.1531283,0.5319464
0.1531283,0.5319464
0.1531283,0.5319464
0.1531283,0.5319464
0.1531283,0.5319464
0.1531283,0.5319464
0.1531283,0.5319464
0.1620787,0.5189798
0.1620787,0.5189798
0.1620787,0.5189798
0.1620787,0.5189798
0.1620787,0.5189798
0.1620787,0.5189798
0.1620787,0.5189798
0.1620787,0.5189798
0.1389678,0.5296323
0.1389678,0.5296323
0.1389678,0.5296323
0.1389678,0.5296323
0.1389678,0.5296323
0.1389678,0.5296323
0.1389678,0.5296323
0.1389678,0.5296323
0.1389678,0.5296323
0.1389678,0.5296323
0.1389678,0.5296323
0.1389678,0.5296323
0.1389678,0.5296323
0.1389678,0.5296323
0.1389678,0.5296323
0.1389678,0.5296323
0.1389678,0.5296323
0.1389678,0.5296323
0.1389678,0.5296323
0.1389678,0.5296323
0.1389678,0.5296323
0.1389678,0.5296323
0.1389678,0.5296323
0.1389678,0.5296323
0.1598362,0.5211731
0.1598362,0.5211731
0.1598362,0.5211731
0.1598362,0.5211731
0.1598362,0.5211731
0.1598362,0.5211731
0.1598362,0.5211731
0.1598362,0.5211731
0.1598362,0.5211731
0.1598362,0.5211731
0.1598362,0.5211731
0.1598362,0.5211731
0.1758821,0.5211731
0.1758821,0.5211731
0.1758821,0.5211731
0.1758821,0.5211731
0.1598362,0.5211731
0.1598362,0.5211731
0.1598362,0.5211731
0.1598362,0.5211731
0.1758821,0.5211731
0.1758821,0.5211731
0.1758821,0.5211731
0.1758821,0.5211731
0.1758821,0.5211731
0.1758821,0.5211731
0.1758821,0.5211731
0.1758821,0.5211731
0.1758821,0.5211731
0.1758821,0.5211731
0.1758821,0.5211731
0.1758821,0.5211731
0.1598362,0.5211731
0.1598362,0.5211731
0.1598362,0.5211731
0.1598362,0.5211731
0.590258,0.7814395
0.590258,0.7814395
0.590258,0.7814395
0.590258,0.7814395
0.590258,0.7814395
0.590258,0.7814395
0.590258,0.7814395
0.590258,0.7814395
0.590258,0.7814395
0.590258,0.7814395
0.590258,0.7814395
0.590258,0.7814395
0.2217268,0.9827361
0.2217268,0.9827361
0.2217268,0.9827361
0.2217268,0.9827361
0.2217268,0.9827361
0.2217268,0.9827361
0.2217268,0.9827361
0.2217268,0.9827361
0.2217268,0.9827361
0.2217268,0.9827361
0.2217268,0.9827361
0.2217268,0.9827361
0.2217268,0.9827361
0.2217268,0.9827361
0.2217268,0.9827361
0.2217268,0.9827361
0.2217268,0.9827361
0.2217268,0.9827361
0.590258,0.7814395
0.590258,0.7814395
0.590258,0.7814395
0.590258,0.7814395
0.2208602,0.9849026
0.2208602,0.9849026
0.2208602,0.9849026
0.2208602,0.9849026
0.2217268,0.9827361
0.2217268,0.9827361
0.2217268,0.9827361
0.2217268,0.9827361
0.2217268,0.9827361
0.2217268,0.9827361
0.2217268,0.9827361
0.2217268,0.9827361
0.2217268,0.9827361
0.2217268,0.9827361
0.2217268,0.9827361
0.2217268,0.9827361
0.2217268,0.9827361
0.2217268,0.9827361
0.2217268,0.9827361
0.1505037,0.5349816
0.1505037,0.5349816
0.1505037,0.5349816
0.1505037,0.5349816
0.1505037,0.5349816
0.1505037,0.5349816
0.1505037,0.5349816
0.1505037,0.5349816
0.1505037,0.5349816
0.1505037,0.5349816
0.1505037,0.5349816
0.1505037,0.5349816
0.1505037,0.5349816
0.1505037,0.5349816
0.1505037,0.5349816
0.1505037,0.5349816
0.1505037,0.5349816
0.1505037,0.5349816
0.1505037,0.5349816
0.1505037,0.5349816
0.1505037,0.5349816
0.1505037,0.5349816
0.1505037,0.5349816
0.1505037,0.5349816
0.1505037,0.5349816
0.1505037,0.5349816
0.1505037,0.5349816
0.1505037,0.5349816
0.1505037,0.5349816
0.1505037,0.5349816
0.1505037,0.5349816
0.1505037,0.5349816
0.1505037,0.5349816
0.1505037,0.5349816
0.1505037,0.5349816
0.1505037,0.5349816
0.1505037,0.5349816
0.1505037,0.5349816
0.1505037,0.5349816
0.1505037,0.5349816
0.1505037,0.5349816
0.1505037,0.5349816
0.1505037,0.5349816
0.1505037,0.5349816
0.1505037,0.5349816
0.1505037,0.5349816
0.1505037,0.5349816
0.1505037,0.5349816
0.1505037,0.5349816
0.1505037,0.5349816
0.1505037,0.5349816
0.1505037,0.5349816
0.1505037,0.5349816
0.1505037,0.5349816
0.1505037,0.5349816
0.1505037,0.5349816
0.1505037,0.5349816
0.1505037,0.5349816
0.1505037,0.5349816
0.1505037,0.5349816
0.1505037,0.5349816
0.1505037,0.5349816
0.1505037,0.5349816
0.1505037,0.5349816
0.1505037,0.5349816
0.1505037,0.5349816
0.1505037,0.5349816
0.1505037,0.5349816
0.1505037,0.5349816
0.1505037,0.5349816
0.1505037,0.5349816
0.1505037,0.5349816
0.1505037,0.5349816
0.1505037,0.5349816
0.1505037,0.5349816
0.1505037,0.5349816
0.1505037,0.5349816
0.1505037,0.5349816
0.1505037,0.5349816
0.1505037,0.5349816
0.08984375,0.9628906
0.08984375,0.9628906
0.08984375,0.9628906
0.08984375,0.9628906
0.08984375,0.9628906
0.08984375,0.9628906
0.08984375,0.9628906
0.08984375,0.9628906
0.08984375,0.9628906
0.08984375,0.9628906
0.08984375,0.9628906
0.08984375,0.9628906
0.08984375,0.9628906
0.08984375,0.9628906
0.08984375,0.9628906
0.08984375,0.9628906
0.08984375,0.9628906
0.08984375,0.9628906
0.08984375,0.9628906
0.08984375,0.9628906
0.4003906,0.4733019
0.4003906,0.4733019
0.4003906,0.4733019
0.4003906,0.4733019
0.08984375,0.9628906
0.08984375,0.9628906
0.08984375,0.9628906
0.08984375,0.9628906
0.08984375,0.9628906
0.08984375,0.9628906
0.08984375,0.9628906
0.08984375,0.9628906
0.08984369,0.9628906
0.08984369,0.9628906
0.08984375,0.9628906
0.08984375,0.9628906
0.08984369,0.9628906
0.08984375,0.9628906
0.08984375,0.9628906
0.08984375,0.9628906
0.08984375,0.9628906
0.08984375,0.9628906
0.08984369,0.9628906
0.1598362,0.5211731
0.1598362,0.5211731
0.1598362,0.5211731
0.1598362,0.5211731
0.1598362,0.5211731
0.1598362,0.5211731
0.1598362,0.5211731
0.1598362,0.5211731
0.1598362,0.5211731
0.1598362,0.5211731
0.1598362,0.5211731
0.1598362,0.5211731
0.1598362,0.5211731
0.1598362,0.5211731
0.1531283,0.5319464
0.1531283,0.5319464
0.1531283,0.5319464
0.1531283,0.5319464
0.1531283,0.5319464
0.1531283,0.5319464
0.1531283,0.5319464
0.1531283,0.5319464
0.1531283,0.5319464
0.2208602,0.9849026
0.2208602,0.9849026
0.2208602,0.9849026
0.2208602,0.9849026
0.2208602,0.9849026
0.2217268,0.9827361
0.2217268,0.9827361
0.2217268,0.9827361
0.2217268,0.9827361
0.1009563,0.4472774
0.1009563,0.4472774
0.1009562,0.4472774
0.1009563,0.4472774
0.1009562,0.4472774
0.1009563,0.4472774
0.1009563,0.4472774
0.2217268,0.9827361
0.2217268,0.9827361
0.2217268,0.9827361
0.2217268,0.9827361
0.2217268,0.9827361
0.2217268,0.9827361
0.2217268,0.9827361
0.2217268,0.9827361
0.2217268,0.9827361
0.2217268,0.9827361
0.2217268,0.9827361
0.2217268,0.9827361
0.2217268,0.9827361
0.2217268,0.9827361
0.2217268,0.9827361
0.2217268,0.9827361
0.2217268,0.9827361
0.2217268,0.9827361
0.2217268,0.9827361
0.2217268,0.9827361
0.2217268,0.9827361
0.2217268,0.9827361
0.2217268,0.9827361
0.2217268,0.9827361
0.2217268,0.9827361
0.590258,0.7814395
0.590258,0.7814395
0.590258,0.7814395
0.590258,0.7814395
0.590258,0.7814395
0.590258,0.7814395
0.2217268,0.9827361
0.2217268,0.9827361
0.2217268,0.9827361
0.2217268,0.9827361
0.2217268,0.9827361
0.2217268,0.9827361
0.2217268,0.9827361
0.2217268,0.9827361
0.2208602,0.9849026
0.2208602,0.9849026
0.2208602,0.9849026
0.2208602,0.9849026
0.2217268,0.9827361
0.2217268,0.9827361
0.2217268,0.9827361
0.2217268,0.9827361
0.2217268,0.9827361
0.2217268,0.9827361
0.590258,0.7814395
0.590258,0.7814395
0.590258,0.7814395
0.590258,0.7814395
0.590258,0.7814395
0.590258,0.7814395
0.590258,0.7814395
0.590258,0.7814395
0.590258,0.7814395
0.590258,0.7814395
0.590258,0.7814395
0.590258,0.7814395
0.590258,0.7814395
0.590258,0.7814395
0.590258,0.7814395
0.590258,0.7814395
0.590258,0.7814395
0.590258,0.7814395
0.1598362,0.5211731
0.1598362,0.5211731
0.1598362,0.5211731
0.1598362,0.5211731
0.1598362,0.5211731
0.1598362,0.5211731
0.1598362,0.5211731
0.1598362,0.5211731
0.1598362,0.5211731
0.1598362,0.5211731
0.1598362,0.5211731
0.1598362,0.5211731
0.1598362,0.5211731
0.1598362,0.5211731
0.1531283,0.5319464
0.1531283,0.5319464
0.1531283,0.5319464
0.1531283,0.5319464
0.1598362,0.5211731
0.1598362,0.5211731
0.1598362,0.5211731
0.1598362,0.5211731
0.1531283,0.5319464
0.1531283,0.5319464
0.1531283,0.5319464
0.1531283,0.5319464
0.1531283,0.5319464
0.1531283,0.5319464
0.1598362,0.5211731
0.1598362,0.5211731
0.1598362,0.5211731
0.1598362,0.5211731
0.1531283,0.5319464
0.1531283,0.5319464
0.1531283,0.5319464
0.1531283,0.5319464
0.1531283,0.5319464
0.1531283,0.5319464
0.1598362,0.5211731
0.1598362,0.5211731
0.1598362,0.5211731
0.1598362,0.5211731
0.1531283,0.5319464
0.1531283,0.5319464
0.1531283,0.5319464
0.1531283,0.5319464
0.1531283,0.5319464
0.1531283,0.5319464
0.1598362,0.5211731
0.1598362,0.5211731
0.1598362,0.5211731
0.1598362,0.5211731
0.1598362,0.5211731
0.1598362,0.5211731
0.1598362,0.5211731
0.1598362,0.5211731
0.1598362,0.5211731
0.590258,0.7814395
0.590258,0.7814395
0.590258,0.7814395
0.590258,0.7814395
0.590258,0.7814395
0.590258,0.7814395
0.1531283,0.5319464
0.1531283,0.5319464
0.1531283,0.5319464
0.1531283,0.5319464
0.1531283,0.5319464
0.1531283,0.5319464
0.1598362,0.5211731
0.1598362,0.5211731
0.1598362,0.5211731
0.1598362,0.5211731
0.1598362,0.5211731
0.1598362,0.5211731
0.1598362,0.5211731
0.1598362,0.5211731
0.1598362,0.5211731
0.1598362,0.5211731
0.590258,0.7814395
0.590258,0.7814395
0.590258,0.7814395
0.590258,0.7814395
0.590258,0.7814395
0.590258,0.7814395
0.590258,0.7814395
0.590258,0.7814395
0.590258,0.7814395
0.590258,0.7814395
0.590258,0.7814395
0.590258,0.7814395
0.590258,0.7814395
0.590258,0.7814395
0.590258,0.7814395
0.590258,0.7814395
0.590258,0.7814395
0.590258,0.7814395
0.590258,0.7814395
0.590258,0.7814395
0.590258,0.7814395
0.590258,0.7814395
0.590258,0.7814395
0.590258,0.7814395
0.590258,0.7814395
0.590258,0.7814395
0.590258,0.7814395
0.590258,0.7814395
0.590258,0.7814395
0.590258,0.7814395
0.590258,0.7814395
0.590258,0.7814395
0.590258,0.7814395
0.590258,0.7814395
0.590258,0.7814395
0.590258,0.7814395
0.590258,0.7814395
0.590258,0.7814395
0.590258,0.7814395
0.590258,0.7814395
0.590258,0.7814395
0.590258,0.7814395
0.590258,0.7814395
0.590258,0.7814395
0.590258,0.7814395
0.590258,0.7814395
0.590258,0.7814395
0.590258,0.7814395
0.590258,0.7814395
0.590258,0.7814395
0.219127,0.9827361
0.219127,0.9827361
0.219127,0.9827361
0.219127,0.9827361
0.1076871,0.9544116
0.1076871,0.9544116
0.1076871,0.9544116
0.1076871,0.9544116
0.1076871,0.9544116
0.1076871,0.9544116
0.1076871,0.9544116
0.1076871,0.9544116
0.1076871,0.9544116
0.1076871,0.9544116
0.1076871,0.9544116
0.1076871,0.9544116
0.1076871,0.9544116
0.1076871,0.9544116
0.1076871,0.9544116
0.1076871,0.9544116
0.1076871,0.9544116
0.1076871,0.9544116
0.1076871,0.9544116
0.1076871,0.9544116
0.1076871,0.9544116
0.1076871,0.9544116
0.1076871,0.9544116
0.1076871,0.9544116
0.1076871,0.9544116
0.1076871,0.9544116
0.1076871,0.9544116
0.1076871,0.9544116
0.1076871,0.9544116
0.1076871,0.9544116
0.1076871,0.9544116
0.1076871,0.9544116
0.1076871,0.9544116
0.1076871,0.9544116
0.1076871,0.9544116
0.1076871,0.9544116
0.04751509,0.5251845
0.04751509,0.5251845
0.04751509,0.5251845
0.04751509,0.5251845
0.04751509,0.5251845
0.04751509,0.5251845
0.04751509,0.5251845
0.04751509,0.5251845
0.04751509,0.5251845
0.04751509,0.5251845
0.04751509,0.5251845
0.04751509,0.5251845
0.04751509,0.5251845
0.04751509,0.5251845
0.1076871,0.966446
0.1076871,0.9664462
0.1076871,0.9664461
0.1076871,0.9664462
0.1076871,0.9664461
0.1076871,0.9664462
0.1076871,0.966446
0.1076871,0.966446
0.1076871,0.9664461
0.1076871,0.966446
0.1076871,0.9664461
0.1076871,0.9664462
0.1076871,0.966446
0.1076871,0.966446
0.1076871,0.966446
0.1076871,0.9664461
0.1531283,0.5319464
0.1531283,0.5319464
0.1531283,0.5319464
0.1531283,0.5319464
0.1531283,0.5319464
0.1531283,0.5319464
0.1531283,0.5319464
0.1531283,0.5319464
0.1531283,0.5319464
0.1531283,0.5319464
0.1531283,0.5319464
0.1531283,0.5319464
0.1598362,0.5211731
0.1598362,0.5211731
0.1598362,0.5211731
0.1598362,0.5211731
0.1598362,0.5211731
0.1598362,0.5211731
0.1598362,0.5211731
0.1598362,0.5211731
0.1598362,0.5211731
0.1598362,0.5211731
0.1598362,0.5211731
0.1598362,0.5211731
0.1598364,0.5211731
0.1598364,0.5211731
0.1598362,0.5211731
0.1598362,0.5211731
0.1598362,0.5211731
0.1598362,0.5211731
0.1598362,0.5211731
0.1598362,0.5211731
0.1598362,0.5211731
0.1598362,0.5211731
0.1598362,0.5211731
0.1598362,0.5211731
0.1598362,0.5211731
0.1598362,0.5211731
0.1598362,0.5211731
0.1598362,0.5211731
0.1598362,0.5211731
0.1531283,0.5319464
0.1531283,0.5319464
0.1531283,0.5319464
0.1531283,0.5319464
0.1531283,0.5319464
0.1531283,0.5319464
0.1531283,0.5319464
0.1531283,0.5319464
0.1531283,0.5319464
0.1531283,0.5319464
0.1531283,0.5319464
0.1531283,0.5319464
0.1531283,0.5319464
0.1531283,0.5319464
0.1531283,0.5319464
0.1531283,0.5319464
0.1531283,0.5319464
0.1531283,0.5319464
0.1531283,0.5319464
0.1531283,0.5319464
0.1598362,0.5211731
0.1598362,0.5211731
0.1598362,0.5211731
0.1598362,0.5211731
0.1531283,0.5319464
0.1531283,0.5319464
0.1531283,0.5319464
0.1531283,0.5319464
0.1531283,0.5319464
0.1531283,0.5319464
0.1531283,0.5319464
0.1531283,0.5319464
0.1531283,0.5319464
0.1531283,0.5319464
0.1598362,0.5211731
0.1598362,0.5211731
0.1598362,0.5211731
0.1598362,0.5211731
0.1531283,0.5319464
0.1531283,0.5319464
0.1531283,0.5319464
0.1531283,0.5319464
0.1531283,0.5319464
0.1531283,0.5319464
0.590258,0.7814395
0.590258,0.7814395
0.590258,0.7814395
0.590258,0.7814395
0.1598362,0.529196
0.1598362,0.529196
0.1598362,0.529196
0.1598362,0.529196
0.1598362,0.5211731
0.1598362,0.5211731
0.1598362,0.5211731
0.1598362,0.5211731
0.590258,0.7814395
0.590258,0.7814395
0.590258,0.7814395
0.590258,0.7814395
0.1598362,0.5211731
0.1598362,0.5211731
0.1598362,0.5211731
0.1598362,0.5211731
0.1598362,0.5211731
0.1598362,0.5211731
0.1598362,0.5211731
0.1598362,0.5211731
0.1598362,0.5211731
0.1598362,0.5211731
0.1598362,0.5211731
0.1598362,0.5211731
0.1598362,0.5211731
0.1598362,0.5211731
0.1598362,0.5211731
0.1598362,0.5211731
0.219127,0.9827361
0.219127,0.9827361
0.219127,0.9827361
0.219127,0.9827361
0.590258,0.7814395
0.590258,0.7814395
0.590258,0.7814395
0.590258,0.7814395
0.219127,0.9827361
0.219127,0.9827361
0.219127,0.9827361
0.219127,0.9827361
0.590258,0.7814395
0.590258,0.7814395
0.590258,0.7814395
0.590258,0.7814395
0.590258,0.7814395
0.590258,0.7814395
0.590258,0.7814395
0.590258,0.7814395
0.590258,0.7814395
0.1009563,0.4472774
0.1009562,0.4472774
0.1009561,0.4472774
0.1009563,0.4472774
0.1009563,0.4472774
0.1009563,0.4472774
0.1009563,0.4472774
0.1009563,0.4472774
0.100956,0.4472774
0.1009563,0.4472774
0.1009563,0.4472774
0.100956,0.4472774
0.1009563,0.4472774
0.1531283,0.5319464
0.1531283,0.5319464
0.1531283,0.5319464
0.1531283,0.5319464
0.1531283,0.5319464
0.1531283,0.5319464
0.1531283,0.5319464
0.1531283,0.5319464
0.1531283,0.5319464
0.590258,0.7814395
0.590258,0.7814395
0.590258,0.7814395
0.590258,0.7814395
0.1598362,0.5211731
0.1598362,0.5211731
0.1598362,0.5211731
0.1598362,0.5211731
0.1598362,0.5211731
0.590258,0.7814395
0.590258,0.7814395
0.590258,0.7814395
0.590258,0.7814395
0.590258,0.7814395
0.590258,0.7814395
0.590258,0.7814395
0.1009563,0.4472774
0.1009563,0.4472774
0.1009563,0.4472774
0.1009563,0.4472774
0.1009563,0.4472774
0.1009563,0.4472774
0.1009563,0.4472774
0.1009563,0.4472774
0.1009563,0.4472774
0.1009563,0.4472774
0.1009563,0.4472774
0.1009563,0.4472774
0.2217268,0.9827361
0.2217268,0.9827361
0.2217268,0.9827361
0.2217268,0.9827361
0.2217268,0.9827361
0.2217268,0.9827361
0.2217268,0.9827361
0.2217268,0.9827361
0.2217268,0.9827361
0.1036757,0.9544116
0.1036757,0.9544116
0.1036757,0.9544116
0.1036757,0.9544116
0.1036757,0.9544116
0.1036757,0.9544116
0.1036757,0.9544116
0.1036757,0.9544116
0.1036757,0.9544116
0.1036757,0.9544116
0.1036757,0.9544116
0.1036757,0.9544116
0.1036757,0.9544116
0.1036757,0.9544116
0.1036757,0.9544116
0.1036757,0.9544116
0.1036757,0.9544116
0.1036757,0.9544116
0.1036757,0.9544116
0.1036757,0.9544116
0.1036757,0.9544116
0.1036757,0.9544116
0.1036757,0.9544116
0.1036757,0.9544116
0.1036757,0.9544116
0.1036757,0.9544116
0.1036757,0.9544116
0.1036757,0.9544116
0.1036757,0.9544116
0.1036757,0.9544116
0.1036757,0.9544116
0.1036757,0.9544116
0.1598362,0.5211731
0.1598362,0.5211731
0.1598362,0.5211731
0.1598362,0.5211731
0.1598362,0.5211731
0.1598362,0.5211731
0.1598362,0.5211731
0.1598362,0.5211731
0.1598362,0.5211731
0.1598362,0.5211731
0.1598362,0.5211731
0.1598362,0.5211731
0.08361828,0.9584231
0.08361834,0.9584231
0.08361834,0.9584231
0.08361834,0.9584231
0.08361834,0.9584231
0.0836184,0.9584231
0.08361834,0.9584231
0.08361834,0.9584231
0.0836184,0.9584231
0.08361828,0.9584231
0.08361834,0.9584231
0.08361834,0.9584231
0.08762985,0.9584231
0.08762985,0.9584231
0.08762985,0.9584231
0.08762962,0.9584231
0.08762985,0.9584231
0.08762991,0.9584231
0.08762985,0.9584231
0.08762991,0.9584231
0.08762985,0.9584231
0.08762985,0.9584231
0.08762985,0.9584231
0.08762974,0.9584231
0.08762985,0.9584231
0.0876298,0.9584231
0.08762985,0.9584231
0.08762985,0.9584231
0.08762985,0.9584231
0.08762985,0.9584231
0.08762985,0.9584231
0.08762985,0.9584231
0.08762985,0.9584231
0.08762985,0.9584231
0.08762985,0.9584231
0.08762985,0.9584231
0.08762985,0.9584231
0.08762985,0.9584231
0.08762985,0.9584231
0.08762985,0.9584231
0.08762985,0.9584231
0.08762985,0.9584231
0.08762985,0.9584231
0.08762985,0.9584231
0.1598362,0.5211731
0.1598364,0.5211731
0.1598362,0.5211731
0.1598362,0.5211731
0.1531283,0.5319464
0.1531283,0.5319464
0.1531283,0.5319464
0.1531283,0.5319464
0.1531283,0.5319464
0.1531283,0.5319464
0.590258,0.7814395
0.590258,0.7814395
0.590258,0.7814395
0.590258,0.7814395
0.590258,0.7814395
0.590258,0.7814395
0.590258,0.7814395
0.590258,0.7814395
0.590258,0.7814395
0.590258,0.7814395
0.590258,0.7814395
0.590258,0.7814395
0.590258,0.7814395
0.590258,0.7814395
0.1598362,0.5211731
0.1598362,0.5211731
0.1598362,0.5211731
0.1598362,0.5211731
0.1531283,0.5319464
0.1531283,0.5319464
0.1531283,0.5319464
0.1531283,0.5319464
0.1531283,0.5319464
0.1531283,0.5319464
0.1531283,0.5319464
0.1531283,0.5319464
0.1531283,0.5319464
0.1531283,0.5319464
0.1531283,0.5319464
0.1531283,0.5319464
0.1531283,0.5319464
0.1531283,0.5319464
0.1531283,0.5319464
0.1620787,0.5189798
0.1620787,0.5189798
0.1620787,0.5189798
0.1620787,0.5189798
0.1531283,0.5319464
0.1531283,0.5319464
0.1531283,0.5319464
0.1531283,0.5319464
0.1531283,0.5319464
0.1531283,0.5319464
0.1531283,0.5319464
0.1531283,0.5319464
0.1531283,0.5319464
0.1620787,0.5189798
0.1620787,0.5189798
0.1620787,0.5189798
0.1620787,0.5189798
0.1620787,0.5189798
0.1620787,0.5189798
0.1620787,0.5189798
0.1620787,0.5189798
0.1389678,0.5296323
0.1389678,0.5296323
0.1389678,0.5296323
0.1389678,0.5296323
0.1389678,0.5296323
0.1389678,0.5296323
0.1389678,0.5296323
0.1389678,0.5296323
0.1389678,0.5296323
0.1389678,0.5296323
0.1389678,0.5296323
0.1389678,0.5296323
0.1389678,0.5296323
0.1389678,0.5296323
0.1389678,0.5296323
0.1389678,0.5296323
0.1389678,0.5296323
0.1389678,0.5296323
0.1389678,0.5296323
0.1389678,0.5296323
0.1598362,0.5211731
0.1598362,0.5211731
0.1598362,0.5211731
0.1598362,0.5211731
0.1598362,0.5211731
0.1598362,0.5211731
0.1598362,0.5211731
0.1598362,0.5211731
0.1598362,0.5211731
0.1598362,0.5211731
0.1598362,0.5211731
0.1598362,0.5211731
0.1758821,0.5211731
0.1758821,0.5211731
0.1758821,0.5211731
0.1758821,0.5211731
0.1598362,0.5211731
0.1598362,0.5211731
0.1598362,0.5211731
0.1598362,0.5211731
0.1758821,0.5211731
0.1758821,0.5211731
0.1758821,0.5211731
0.1758821,0.5211731
0.1758821,0.5211731
0.1758821,0.5211731
0.1758821,0.5211731
0.1758821,0.5211731
0.1758821,0.5211731
0.1758821,0.5211731
0.1758821,0.5211731
0.1758821,0.5211731
0.2217268,0.9827361
0.2217268,0.9827361
0.2217268,0.9827361
0.2217268,0.9827361
0.2217268,0.9827361
0.2217268,0.9827361
0.2217268,0.9827361
0.2217268,0.9827361
0.2217268,0.9827361
0.2217268,0.9827361
0.2217268,0.9827361
0.2217268,0.9827361
0.590258,0.7814395
0.590258,0.7814395
0.590258,0.7814395
0.590258,0.7814395
0.2208602,0.9849026
0.2208602,0.9849026
0.2208602,0.9849026
0.2208602,0.9849026
0.1505037,0.5349816
0.1505037,0.5349816
0.1505037,0.5349816
0.1505037,0.5349816
0.1505037,0.5349816
0.1505037,0.5349816
0.1505037,0.5349816
0.1505037,0.5349816
0.1505037,0.5349816
0.1505037,0.5349816
0.1505037,0.5349816
0.1505037,0.5349816
0.1505037,0.5349816
0.1505037,0.5349816
0.1505037,0.5349816
0.1505037,0.5349816
0.1505037,0.5349816
0.1505037,0.5349816
0.1505037,0.5349816
0.1505037,0.5349816
0.1505037,0.5349816
0.1505037,0.5349816
0.1505037,0.5349816
0.1505037,0.5349816
0.1505037,0.5349816
0.1505037,0.5349816
0.1505037,0.5349816
0.1505037,0.5349816
0.1505037,0.5349816
0.1505037,0.5349816
0.1505037,0.5349816
0.1505037,0.5349816
0.1505037,0.5349816
0.1505037,0.5349816
0.1505037,0.5349816
0.1505037,0.5349816
0.1505037,0.5349816
0.1505037,0.5349816
0.1505037,0.5349816
0.1505037,0.5349816
0.1505037,0.5349816
0.1505037,0.5349816
0.1505037,0.5349816
0.1505037,0.5349816
0.1505037,0.5349816
0.1505037,0.5349816
0.1505037,0.5349816
0.1505037,0.5349816
0.1505037,0.5349816
0.1505037,0.5349816
0.1505037,0.5349816
0.1505037,0.5349816
0.1505037,0.5349816
0.1505037,0.5349816
0.1505037,0.5349816
0.1505037,0.5349816
0.1505037,0.5349816
0.1505037,0.5349816
0.1505037,0.5349816
0.1505037,0.5349816
0.1505037,0.5349816
0.1505037,0.5349816
0.1505037,0.5349816
0.1505037,0.5349816
0.1505037,0.5349816
0.1505037,0.5349816
0.1505037,0.5349816
0.1505037,0.5349816
0.1505037,0.5349816
0.1505037,0.5349816
0.1505037,0.5349816
0.1505037,0.5349816
0.1505037,0.5349816
0.1505037,0.5349816
0.1505037,0.5349816
0.1505037,0.5349816
0.08984375,0.9628906
0.08984375,0.9628906
0.08984375,0.9628906
0.08984375,0.9628906
0.08984375,0.9628906
0.08984375,0.9628906
0.08984375,0.9628906
0.08984375,0.9628906
0.08984375,0.9628906
0.08984375,0.9628906
0.08984375,0.9628906
0.08984375,0.9628906
0.08984375,0.9628906
0.08984375,0.9628906
0.08984375,0.9628906
0.08984375,0.9628906
0.08984375,0.9628906
0.08984375,0.9628906
0.08984375,0.9628906
0.08984375,0.9628906
0.08984375,0.9628906
0.08984375,0.9628906
0.08984375,0.9628906
0.08984375,0.9628906
0.08984375,0.9628906
0.08984375,0.9628906
0.08984375,0.9628906
0.08984375,0.9628906
0.4003906,0.4733019
0.4003906,0.4733019
0.4003906,0.4733019
0.4003906,0.4733019
0.08984375,0.9628906
0.08984375,0.9628906
0.08984375,0.9628906
0.08984375,0.9628906
0.08984375,0.9628906
0.08984375,0.9628906
0.08984375,0.9628906
0.08984375,0.9628906
0.08984369,0.9628906
0.08984375,0.9628906
0.08984375,0.9628906
0.08984369,0.9628906
0.08984369,0.9628906
0.08984375,0.9628906
0.08984375,0.9628906
0.08984375,0.9628906
0.08984375,0.9628906
0.08984375,0.9628906
0.08984369,0.9628906
0.1598362,0.5211731
0.1598362,0.5211731
0.1598362,0.5211731
0.1598362,0.5211731
0.1598362,0.5211731
0.1598362,0.5211731
0.1598362,0.5211731
0.1598362,0.5211731
0.1598362,0.5211731
0.1598362,0.5211731
0.1598362,0.5211731
0.1598362,0.5211731
0.1598362,0.5211731
0.1598362,0.5211731
0.1531283,0.5319464
0.1531283,0.5319464
0.1531283,0.5319464
0.1531283,0.5319464
0.1531283,0.5319464
0.1531283,0.5319464
0.1531283,0.5319464
0.1531283,0.5319464
0.1531283,0.5319464
0.590258,0.7814395
0.590258,0.7814395
0.590258,0.7814395
0.590258,0.7814395
0.590258,0.7814395
0.590258,0.7814395
0.590258,0.7814395
0.590258,0.7814395
0.590258,0.7814395
0.590258,0.7814395
0.590258,0.7814395
0.590258,0.7814395
0.590258,0.7814395
0.590258,0.7814395
0.590258,0.7814395
0.590258,0.7814395
0.590258,0.7814395
0.590258,0.7814395
0.1598362,0.5211731
0.1598362,0.5211731
0.1598362,0.5211731
0.1598362,0.5211731
0.1389678,0.5296323
0.1389678,0.5296323
0.1389678,0.5296323
0.1389678,0.5296323
0.1598362,0.5211731
0.1598362,0.5211731
0.1598362,0.5211731
0.1598362,0.5211731
0.1505037,0.5349816
0.1505037,0.5349816
0.1505037,0.5349816
0.1505037,0.5349816
0.2217268,0.9827361
0.2217268,0.9827361
0.2217268,0.9827361
0.2217268,0.9827361
0.2217268,0.9827361
0.2217268,0.9827361
0.2217268,0.9827361
0.2217268,0.9827361
0.2217268,0.9827361
0.2217268,0.9827361
0.2217268,0.9827361
0.2217268,0.9827361
0.2217268,0.9827361
0.2217268,0.9827361
0.2217268,0.9827361
0.2217268,0.9827361
0.2217268,0.9827361
0.2217268,0.9827361
0.2217268,0.9827361
0.590258,0.7814395
0.590258,0.7814395
0.590258,0.7814395
0.590258,0.7814395
0.590258,0.7814395
0.590258,0.7814395
0.590258,0.7814395
0.590258,0.7814395
0.590258,0.7814395
0.590258,0.7814395
0.590258,0.7814395
0.590258,0.7814395
0.590258,0.7814395
0.590258,0.7814395
0.590258,0.7814395
0.590258,0.7814395
0.590258,0.7814395
0.590258,0.7814395
0.590258,0.7814395
0.590258,0.7814395
0.590258,0.7814395
0.590258,0.7814395
0.590258,0.7814395
0.590258,0.7814395
0.590258,0.7814395
0.08984375,0.9628906
0.08984375,0.9628906
0.08984375,0.9628906
0.08984375,0.9628906
0.08984375,0.9628906
0.08984375,0.9628906
0.08984375,0.9628906
0.08984375,0.9628906
0.08984375,0.9628906
0.08984375,0.9628906
0.08984375,0.9628906
0.08984375,0.9628906
0.08984375,0.9628906
0.08984375,0.9628906
0.08984375,0.9628906
0.08984375,0.9628906
0.1076871,0.9544116
0.1076871,0.9544116
0.1076871,0.9544116
0.1076871,0.9544116
0.1076871,0.9544117
0.1076871,0.9544116
0.1076871,0.9544116
0.1076871,0.9544116
0.1076871,0.9544116
0.1076871,0.9544116
0.1076871,0.9544116
0.1076871,0.9544116
0.1598362,0.5251845
0.1598362,0.5251845
0.1598362,0.5251845
0.1598362,0.5251845
0.1598362,0.5251845
0.1598362,0.5251845
0.1598362,0.5251845
0.1598362,0.5251845
0.1598362,0.5251845
0.1598362,0.5251845
0.1598362,0.5251845
0.1598362,0.5251845
0.1036757,0.9865034
0.1036757,0.9865034
0.1036757,0.9865034
0.1036757,0.9865034
0.1036757,0.9865034
0.1036757,0.9865034
0.1036757,0.9865034
0.1036757,0.9865034
0.1036757,0.9865034
0.1036757,0.9865034
0.1036757,0.9865034
0.1036757,0.9865034
0.1036757,0.9865034
0.1036757,0.9865034
0.1036757,0.9865034
0.1036757,0.9865034
0.1036757,0.9865034
0.1036757,0.9865034
0.1036757,0.9865034
0.1036757,0.9865034
0.1036757,0.9865034
0.1036757,0.9865034
0.1036757,0.9865034
0.1036757,0.9865034
0.1036757,0.9865034
0.1036757,0.9865034
0.1036757,0.9865034
0.1036757,0.9865034
0.1317559,0.5251845
0.1317559,0.5251845
0.1317559,0.5251845
0.1317559,0.5251845
0.1317559,0.5251845
0.1317559,0.5251845
0.1317559,0.5251845
0.1317559,0.5251845
0.1317559,0.5251845
0.1317559,0.5251845
0.1317559,0.5251845
0.1317559,0.5251845
0.1317559,0.5251845
0.1317559,0.5251845
0.1317559,0.5251845
0.1317559,0.5251845
0.1317559,0.5251845
0.1317559,0.5251845
0.1317559,0.5251845
0.1317559,0.5251845
0.1317559,0.5251845
0.1317559,0.5251845
0.1317559,0.5251845
0.1317559,0.5251845
0.1317559,0.5251845
0.1317559,0.5251845
0.1317559,0.5251845
0.1317559,0.5251845
0.1317559,0.5251845
0.1317559,0.5251845
0.1317559,0.5251845
0.1317559,0.5251845
0.1317559,0.5251845
0.1317559,0.5251845
0.1317559,0.5251845
0.1317559,0.5251845
0.1317559,0.5251845
0.1317559,0.5251845
0.1317559,0.5251845
0.1317559,0.5251845
0.1317559,0.5251845
0.1317559,0.5251845
0.1317559,0.5251845
0.1317559,0.5251845
0.1317559,0.5251845
0.1317559,0.5251845
0.1317559,0.5251845
0.1317559,0.5251845
0.1317559,0.5251845
0.1317559,0.5251845
0.1598362,0.5251845
0.1598362,0.5251845
0.1598362,0.5251845
0.1598362,0.5251845
0.1598362,0.5251845
0.1598362,0.5251845
0.1598362,0.5251845
0.1598362,0.5251845
0.1598362,0.5251845
0.1598362,0.5251845
0.1598362,0.5251845
0.1598362,0.5251845
0.1076871,0.9544116
0.1076871,0.9544116
0.1076871,0.9544116
0.1076871,0.9544116
0.1076871,0.9544116
0.1076871,0.9544116
0.1076871,0.9544116
0.1076871,0.9544116
0.1076871,0.9544116
0.1076871,0.9544116
0.1076871,0.9544116
0.1076871,0.9544116
0.1076871,0.9544116
0.1076871,0.9544116
0.1076871,0.9544116
0.1076871,0.9544116
0.1076871,0.9544116
0.1076871,0.9544116
0.1076871,0.9544116
0.1076871,0.9544116
0.1076871,0.9544116
0.1076871,0.9544116
0.1076871,0.9544116
0.1076871,0.9544116
0.1076871,0.9544116
0.1076871,0.9544116
0.1076871,0.9544116
0.1076871,0.9544116
0.1076871,0.9544116
0.1076871,0.9544116
0.1076871,0.9544116
0.1076871,0.9544116
0.08984375,0.9628906
0.08984375,0.9628906
0.08984375,0.9628906
0.08984375,0.9628906
0.08984375,0.9628906
0.08984375,0.9628906
0.08984375,0.9628906
0.08984375,0.9628906
0.1076871,0.9544116
0.1076871,0.9544117
0.1076871,0.9544116
0.1076871,0.9544116
0.1076871,0.9544116
0.1076871,0.9544116
0.1076871,0.9544116
0.1076871,0.9544116
0.1076871,0.9544116
0.1076871,0.9544116
0.1076871,0.9544116
0.1076871,0.9544116
0.1598362,0.5251845
0.1598362,0.5251845
0.1598362,0.5251845
0.1598362,0.5251845
0.1598362,0.5251845
0.1598362,0.5251845
0.1598362,0.5251845
0.1598362,0.5251845
0.1598362,0.5251845
0.1598362,0.5251845
0.1598362,0.5251845
0.1598362,0.5251845
0.1036757,0.9865034
0.1036757,0.9865034
0.1036757,0.9865034
0.1036757,0.9865034
0.1036757,0.9865034
0.1036757,0.9865034
0.1036757,0.9865034
0.1036757,0.9865034
0.1036757,0.9865034
0.1036757,0.9865034
0.1036757,0.9865034
0.1036757,0.9865034
0.1036757,0.9865034
0.1036757,0.9865034
0.1036757,0.9865034
0.1036757,0.9865034
0.1036757,0.9865034
0.1036757,0.9865034
0.1036757,0.9865034
0.1036757,0.9865034
0.1036757,0.9865034
0.1036757,0.9865034
0.1036757,0.9865034
0.1036757,0.9865034
0.1036757,0.9865034
0.1036757,0.9865034
0.1036757,0.9865034
0.1036757,0.9865034
0.1598362,0.5251845
0.1598362,0.5251845
0.1598362,0.5251845
0.1598362,0.5251845
0.1598362,0.5251845
0.1598362,0.5251845
0.1598362,0.5251845
0.1598362,0.5251845
0.1598362,0.5251845
0.1598362,0.5251845
0.1598362,0.5251845
0.1598362,0.5251845
0.1076871,0.9544116
0.1076871,0.9544116
0.1076871,0.9544116
0.1076871,0.9544116
0.1076871,0.9544116
0.1076871,0.9544116
0.1076871,0.9544116
0.1076871,0.9544116
0.1076871,0.9544116
0.1076871,0.9544116
0.1076871,0.9544116
0.1076871,0.9544116
0.1076871,0.9544116
0.1076871,0.9544116
0.1076871,0.9544116
0.1076871,0.9544116
0.1076871,0.9544116
0.1076871,0.9544116
0.1076871,0.9544116
0.1076871,0.9544116
0.1076871,0.9544116
0.1076871,0.9544116
0.1076871,0.9544116
0.1076871,0.9544116
0.1076871,0.9544116
0.1076871,0.9544116
0.1076871,0.9544116
0.1076871,0.9544116
0.1076871,0.9544116
0.1076871,0.9544116
0.1076871,0.9544116
0.1076871,0.9544116
0.779297,0.02916455
0.7792971,0.02916461
0.7792971,0.02916461
0.2581194,0.9598985
0.2581194,0.9598985
0.2581194,0.9598984
0.7767687,0.02828169
0.7767686,0.02828169
0.7767687,0.02828169
0.7767687,0.02828169
0.7767687,0.02828169
0.7767687,0.02828169
0.779297,0.02916455
0.7792971,0.02916461
0.7792971,0.02916461
0.7767687,0.02828168
0.7767687,0.02828169
0.7767686,0.02828169
0.7767687,0.02828169
0.7767687,0.02828169
0.7767686,0.02828169
0.2581194,0.9598984
0.2581194,0.9598985
0.2581194,0.9598985
0.7689772,0.01879215
0.7689772,0.01879215
0.7689772,0.01879215
0.7689772,0.01879215
0.7689772,0.01879215
0.7689772,0.01879215
0.7689772,0.01879215
0.7689772,0.01879215
0.7689772,0.01879215
0.7689772,0.01879215
0.7689772,0.01879215
0.7689772,0.01879215
0.7689772,0.01879215
0.7689772,0.01879215
0.7792971,0.02916461
0.7792971,0.02916461
0.7792971,0.02916461
0.779297,0.02916455
0.7792971,0.02916461
0.779297,0.02916455
0.7792971,0.02916461
0.7792971,0.02916461
0.7792971,0.02916461
0.7792971,0.02916461
0.7792971,0.02916461
0.779297,0.02916455
0.7792971,0.02916461
0.779297,0.02916455
0.7792971,0.02916461
0.2581194,0.9598985
0.2581194,0.9598985
0.2581194,0.9598985
0.2581194,0.9598985
0.2581194,0.9598984
0.7767687,0.02828169
0.7767687,0.02828168
0.7767687,0.02828169
0.7767688,0.02828169
0.7767687,0.02828169
0.7767687,0.02828169
0.7767688,0.02828169
0.7767687,0.02828169
0.7767687,0.02828168
0.7767687,0.02828169
0.7767687,0.02828169
0.7767687,0.02828175
0.7767687,0.02828169
0.7767687,0.02828175
0.7767687,0.02828163
0.7767687,0.02828169
0.7767687,0.02828163
0.7767687,0.02828169
0.7767686,0.02828169
0.7689772,0.01879215
0.7689772,0.01879215
0.7689772,0.01879215
0.7689772,0.01879215
0.7689772,0.01879215
0.7689772,0.01879215
0.7689772,0.01879215
0.7689772,0.01879215
0.7689772,0.01879215
0.7689772,0.01879215
0.7689772,0.01879215
0.7689772,0.01879215
0.7689772,0.01879215
0.7689772,0.01879215
0.7792971,0.02916461
0.7792971,0.02916461
0.7792971,0.02916461
0.779297,0.02916455
0.7792971,0.02916461
0.779297,0.02916455
0.7792971,0.02916461
0.7792971,0.02916461
0.7792971,0.02916461
0.7792971,0.02916461
0.779297,0.02916455
0.779297,0.02916455
0.7792971,0.02916461
0.7792971,0.02916461
0.7792971,0.02916461
0.7767686,0.02828169
0.7767687,0.02828169
0.7767688,0.02828169
0.7767687,0.02828168
0.7767687,0.02828169
0.7767688,0.02828169
0.7767687,0.02828169
0.7767687,0.02828169
0.7767687,0.02828168
0.7767687,0.02828169
0.7767687,0.02828169
0.7767687,0.02828175
0.7767687,0.02828169
0.7767687,0.02828175
0.7767687,0.02828163
0.7767687,0.02828169
0.7767687,0.02828163
0.7767687,0.02828169
0.7767686,0.02828169
0.2581194,0.9598985
0.2581194,0.9598985
0.2581194,0.9598984
0.2581194,0.9598985
0.2581194,0.9598985
0.27702,0.9447781
0.27702,0.9447781
0.27702,0.9447781
0.27702,0.9447781
0.27702,0.9447781
0.27702,0.9447781
0.27702,0.9447781
0.27702,0.9447781
0.27702,0.9447781
0.27702,0.9447781
0.27702,0.9447781
0.27702,0.9447781
0.27702,0.9447781
0.27702,0.9447781
0.27702,0.9447781
0.27702,0.9447781
0.27702,0.9447781
0.27702,0.9447781
0.27702,0.9447781
0.27702,0.9447781
0.27702,0.9447781
0.27702,0.9447781
0.27702,0.9447781
0.27702,0.9447781
2
5016
0
1
2
3
4
5
6
7
8
9
10
11
12
10
13
12
13
14
15
12
14
15
16
12
15
17
16
15
18
17
17
18
19
17
19
20
21
22
20
23
24
25
26
27
28
29
30
31
32
33
34
35
36
37
38
39
40
41
42
38
41
43
42
44
43
41
45
43
44
41
46
44
46
47
44
44
47
48
45
44
48
49
46
41
50
46
49
49
41
51
49
51
52
50
49
53
53
49
54
53
54
55
48
56
45
45
56
57
45
57
58
59
57
56
59
56
48
59
60
57
48
61
59
48
62
61
59
61
63
61
62
64
65
63
61
61
64
65
66
65
64
67
66
64
66
68
65
66
69
68
67
70
66
70
71
66
70
72
71
73
74
63
73
75
74
75
73
76
77
78
79
79
80
77
80
81
77
82
83
84
82
84
85
86
87
88
86
89
87
90
89
86
90
91
89
90
92
91
90
93
92
93
94
92
93
95
94
96
97
98
98
99
96
99
100
96
100
101
96
96
101
102
96
102
103
96
104
105
96
105
106
96
106
107
107
108
96
108
109
96
108
110
109
111
112
113
113
114
111
114
115
111
111
115
116
111
116
117
117
118
111
119
120
121
119
122
120
123
124
122
123
122
125
126
127
128
126
129
127
130
129
126
130
131
129
132
131
130
132
133
131
132
134
133
132
135
134
135
136
134
135
137
136
137
138
136
137
139
138
140
141
142
140
142
143
144
145
146
144
146
147
148
144
147
148
147
149
150
149
147
150
147
151
151
147
146
151
146
152
153
154
155
153
155
156
157
153
156
157
158
153
159
160
161
159
162
160
159
163
162
159
164
163
165
166
167
165
167
168
169
170
171
169
171
172
173
174
175
173
175
176
177
178
179
177
180
178
181
180
177
181
182
180
183
184
185
183
186
184
187
186
183
187
188
186
189
188
187
189
190
188
191
190
189
191
192
190
193
194
195
193
195
196
197
198
199
197
199
200
201
202
203
201
204
202
205
204
201
205
206
204
207
206
205
207
208
206
209
208
207
209
210
208
211
210
209
211
209
212
213
211
212
213
214
211
215
216
217
215
217
218
219
220
221
219
221
222
223
224
225
223
225
226
226
227
223
226
228
227
229
230
231
229
231
232
233
234
235
233
235
236
236
237
233
236
238
237
239
240
241
239
241
242
243
244
245
243
245
246
246
247
243
246
248
247
249
250
251
251
252
249
252
253
249
254
255
256
254
256
257
258
259
260
258
260
261
262
263
264
262
264
265
264
266
265
264
267
266
268
269
270
268
271
269
272
271
268
272
268
273
274
275
276
274
276
277
277
276
278
277
278
279
279
278
280
279
280
281
281
280
282
281
282
283
284
283
282
284
282
285
286
284
285
286
285
287
288
286
287
288
287
289
290
288
289
290
289
291
292
293
294
292
294
295
295
296
292
295
297
296
298
299
300
298
301
299
302
301
298
302
303
301
304
303
302
304
305
303
306
305
304
306
307
305
306
308
307
306
309
308
309
310
308
309
311
310
311
312
310
311
313
312
313
314
312
313
315
314
316
317
318
316
319
317
319
316
320
319
320
321
321
320
322
323
324
322
323
322
325
326
327
328
328
329
326
329
328
330
331
329
330
332
331
330
330
333
332
333
330
334
334
335
333
330
336
334
330
337
336
330
338
337
338
339
337
340
337
339
340
339
341
341
342
340
343
344
345
345
346
343
346
347
343
348
347
346
346
349
348
349
350
348
351
350
349
349
352
351
352
353
351
353
352
354
354
355
353
354
356
355
357
358
359
357
359
360
361
362
363
361
363
364
365
366
367
365
367
368
369
370
371
369
371
372
372
371
373
372
373
374
375
374
373
375
373
376
377
375
376
377
376
378
379
380
381
379
381
382
382
381
383
382
383
384
385
386
387
385
387
388
389
390
391
389
391
392
392
391
393
392
393
394
395
396
397
395
397
398
399
400
401
399
401
402
403
404
405
403
405
406
407
408
409
407
409
410
411
412
413
411
413
414
415
416
417
415
418
416
419
418
415
419
420
418
421
420
419
421
422
420
423
422
421
423
424
422
425
424
423
425
426
424
427
426
425
427
428
426
429
430
431
429
432
430
429
433
432
429
434
433
435
436
437
435
437
438
439
438
437
439
437
440
441
442
443
441
443
444
445
446
447
445
447
448
449
450
451
449
451
452
453
454
455
453
455
456
457
458
459
457
459
460
460
461
457
460
462
461
463
464
465
463
465
466
466
467
463
466
468
467
469
470
471
469
471
472
473
474
475
473
476
474
476
477
474
476
478
477
479
477
480
479
480
481
482
483
484
482
484
485
485
484
486
485
486
487
487
486
488
487
488
489
489
488
490
489
490
491
491
490
492
491
492
493
493
492
494
493
494
495
495
494
496
495
496
497
498
499
500
498
500
501
501
502
498
501
503
502
504
505
506
504
506
507
507
508
504
507
509
508
510
511
512
510
513
511
514
513
510
514
510
515
516
514
515
516
517
514
518
519
520
518
520
521
522
523
524
522
524
525
526
527
528
526
528
529
529
530
526
529
531
530
532
533
534
532
534
535
536
537
538
536
538
539
539
540
536
539
541
540
542
543
544
542
544
545
546
547
548
546
548
549
550
551
552
550
552
553
554
555
556
554
556
557
558
559
560
558
560
561
562
563
564
562
564
565
566
567
568
566
568
569
570
571
572
570
573
571
573
574
571
573
575
574
576
574
575
576
577
574
578
577
576
578
579
577
580
581
582
580
582
583
584
585
586
584
586
587
588
589
590
588
590
591
592
593
594
592
594
595
596
597
598
596
598
599
600
601
602
602
603
600
603
604
600
605
606
607
605
607
608
609
610
611
612
609
611
612
613
609
614
613
612
614
615
613
614
616
615
617
614
612
617
612
618
614
619
616
617
619
614
617
620
619
619
621
616
619
622
621
621
622
623
624
625
626
626
627
624
626
628
627
628
629
627
629
630
627
630
631
627
631
632
627
633
634
635
634
636
635
637
638
639
637
639
640
640
641
637
640
639
642
640
643
641
640
642
644
644
643
640
644
645
643
646
647
648
646
648
649
650
651
652
652
653
650
652
654
653
655
656
657
655
658
656
659
660
658
659
661
660
662
663
664
662
665
663
665
662
666
666
667
665
666
668
667
668
669
667
668
670
669
671
666
672
671
672
673
671
674
666
671
673
675
676
677
674
678
676
674
679
678
674
679
674
680
680
681
679
682
675
683
683
684
682
684
685
682
685
686
682
686
687
682
688
673
689
689
690
688
688
690
691
688
691
692
689
693
690
689
694
693
689
695
694
696
697
698
698
699
696
699
700
696
699
698
701
701
702
699
703
704
705
705
706
703
705
707
706
705
708
707
708
709
707
709
710
707
710
711
707
710
712
711
712
713
711
712
714
713
715
716
717
717
718
715
718
719
715
715
719
720
721
720
719
720
722
715
722
723
715
724
725
726
724
726
727
727
726
728
727
728
729
729
728
730
729
730
731
731
730
732
731
732
733
733
732
734
733
734
735
736
737
738
736
738
739
740
741
742
740
742
743
743
742
744
743
744
745
745
744
746
745
746
747
747
746
748
747
748
749
749
748
750
749
750
751
752
753
754
752
754
755
756
757
758
756
758
759
756
759
760
756
760
761
762
763
764
762
764
765
766
767
768
766
768
769
770
771
772
770
772
773
774
775
776
774
776
777
778
779
780
778
780
781
781
780
782
781
782
783
784
783
782
784
782
785
786
784
785
786
785
787
788
789
790
788
791
789
792
791
788
792
793
791
792
794
793
792
795
794
795
796
794
795
797
796
798
799
800
798
800
801
802
803
804
802
804
805
806
807
808
806
808
809
810
811
812
810
812
813
813
812
814
813
814
815
815
814
816
815
816
817
817
816
818
817
818
819
819
818
820
819
820
821
821
820
822
821
822
823
823
822
824
823
824
825
826
827
828
826
828
829
830
831
832
830
832
833
834
835
836
834
836
837
838
839
840
838
840
841
842
843
844
842
844
845
846
847
848
846
849
847
849
850
847
849
851
850
852
853
854
852
854
855
856
857
858
856
858
859
860
861
862
860
863
861
860
864
863
860
865
864
866
867
868
866
868
869
870
871
872
870
872
873
873
874
870
873
875
874
876
877
878
878
879
876
879
880
876
879
881
880
881
882
880
881
883
882
881
884
883
885
886
887
885
887
888
889
890
891
891
892
889
891
893
892
891
894
893
894
895
893
894
896
895
896
897
895
898
899
900
898
900
901
902
903
904
902
904
905
906
907
908
906
908
909
910
911
912
910
912
913
914
915
916
914
916
917
918
919
920
918
920
921
922
923
924
922
924
925
926
927
928
926
928
929
930
931
932
930
933
931
934
933
930
934
935
933
936
937
938
936
938
939
939
938
940
939
940
941
942
943
944
942
944
945
946
947
948
946
948
949
950
951
952
950
952
953
954
955
956
954
956
957
958
959
960
958
960
961
962
963
964
962
964
965
966
967
968
966
969
967
970
969
966
966
971
970
966
972
971
971
972
973
974
971
973
973
975
974
973
976
975
973
977
976
978
979
980
978
980
981
982
983
984
982
984
985
986
987
988
986
988
989
990
991
992
990
992
993
994
993
992
994
992
995
996
997
998
996
998
999
1000
1001
1002
1000
1002
1003
1004
1005
1006
1007
1004
1006
1006
1008
1007
1008
1009
1007
1008
1010
1009
1008
1011
1010
1012
1013
1008
1014
1012
1008
1008
1015
1014
1015
1016
1014
1015
1017
1016
1015
1018
1017
1019
1020
1021
1019
1021
1022
1023
1024
1025
1023
1025
1026
1027
1028
1029
1029
1030
1027
1029
1031
1030
1031
1032
1030
1031
1033
1032
1033
1034
1032
1035
1036
1037
1035
1037
1038
1039
1040
1041
1039
1041
1042
1043
1044
1045
1043
1045
1046
1047
1048
1049
1047
1049
1050
1051
1052
1053
1051
1053
1054
1055
1056
1057
1055
1057
1058
1059
1060
1061
1059
1061
1062
1063
1064
1065
1063
1065
1066
1067
1068
1069
1069
1070
1067
1070
1071
1067
1070
1072
1071
1072
1073
1071
1072
1074
1073
1075
1076
1077
1075
1077
1078
1079
1080
1081
1079
1081
1082
1083
1084
1085
1083
1085
1086
1087
1088
1089
1087
1089
1090
1091
1092
1093
1091
1093
1094
1095
1096
1097
1095
1097
1098
1099
1100
1101
1099
1101
1102
1103
1104
1105
1103
1105
1106
1107
1108
1109
1107
1109
1110
1111
1112
1113
1111
1113
1114
1115
1116
1117
1115
1117
1118
1119
1120
1121
1119
1121
1122
1123
1124
1125
1123
1125
1126
1127
1128
1129
1127
1129
1130
1131
1132
1133
1131
1133
1134
1135
1136
1133
1135
1137
1136
1137
1138
1136
1137
1139
1138
1139
1140
1138
1139
1141
1140
1142
1143
1144
1142
1145
1143
1146
1145
1142
1146
1147
1145
1148
1149
1150
1148
1150
1151
1152
1153
1154
1152
1154
1155
1156
1157
1158
1156
1159
1157
1159
1156
1160
1159
1161
1157
1159
1160
1162
1159
1163
1161
1163
1159
1162
1163
1162
1164
1165
1166
1167
1167
1168
1165
1167
1169
1168
1170
1171
1172
1170
1172
1173
1174
1175
1176
1174
1176
1177
1178
1179
1177
1178
1177
1180
1181
1182
1183
1181
1184
1182
1185
1184
1181
1185
1181
1186
1187
1188
1189
1187
1190
1188
1190
1187
1191
1190
1191
1192
1193
1191
1187
1192
1194
1190
1187
1195
1193
1187
1196
1195
1196
1197
1195
1198
1190
1194
1196
1199
1197
1194
1200
1198
1201
1197
1199
1200
1202
1198
1199
1198
1202
1202
1201
1199
1202
1200
1203
1204
1201
1202
1203
1205
1202
1205
1204
1202
1206
1207
1208
1206
1208
1209
1206
1209
1210
1206
1210
1211
1212
1213
1214
1212
1214
1215
1216
1217
1218
1216
1218
1219
1220
1221
1222
1220
1222
1223
1224
1225
1226
1224
1226
1227
1228
1224
1227
1228
1227
1229
1230
1231
1232
1230
1232
1233
1234
1230
1233
1234
1233
1235
1236
1234
1235
1236
1235
1237
1238
1236
1237
1238
1237
1239
1240
1241
1242
1240
1242
1243
1244
1245
1246
1244
1246
1247
1248
1249
1250
1248
1250
1251
1252
1248
1251
1252
1251
1253
1254
1252
1253
1254
1253
1255
1256
1254
1255
1256
1255
1257
1258
1256
1257
1258
1259
1256
1260
1259
1258
1260
1258
1261
1262
1263
1264
1262
1264
1265
1266
1267
1268
1266
1268
1269
1270
1271
1272
1270
1273
1271
1273
1270
1274
1273
1274
1275
1276
1277
1278
1276
1278
1279
1280
1281
1282
1280
1283
1281
1283
1280
1284
1283
1284
1285
1286
1287
1288
1286
1288
1289
1290
1291
1292
1290
1293
1291
1293
1290
1294
1293
1294
1295
1296
1297
1298
1298
1299
1296
1299
1300
1296
1301
1302
1303
1301
1303
1304
1305
1306
1307
1305
1307
1308
1309
1305
1308
1309
1310
1305
1311
1312
1313
1311
1314
1312
1314
1311
1315
1314
1315
1316
1317
1318
1319
1317
1319
1320
1320
1321
1317
1320
1322
1321
1322
1323
1324
1325
1324
1323
1325
1323
1326
1327
1328
1329
1329
1330
1327
1331
1327
1330
1331
1330
1332
1331
1332
1333
1333
1334
1331
1335
1331
1334
1334
1336
1335
1335
1337
1331
1337
1338
1331
1338
1339
1331
1338
1340
1339
1340
1338
1341
1342
1340
1341
1341
1343
1342
1344
1345
1346
1344
1346
1347
1348
1349
1350
1348
1351
1349
1352
1351
1353
1353
1354
1352
1354
1355
1352
1356
1351
1352
1355
1357
1352
1355
1358
1357
1352
1359
1356
1359
1352
1357
1359
1360
1356
1358
1361
1357
1361
1358
1362
1362
1363
1356
1360
1364
1356
1362
1356
1364
1365
1364
1360
1364
1365
1366
1366
1367
1364
1367
1368
1364
1368
1362
1364
1367
1369
1368
1362
1368
1369
1362
1369
1370
1362
1370
1361
1361
1370
1371
1361
1371
1357
1371
1372
1357
1373
1374
1375
1373
1375
1376
1377
1378
1379
1377
1379
1380
1381
1382
1383
1381
1384
1382
1384
1385
1382
1384
1386
1385
1387
1388
1389
1387
1389
1390
1391
1392
1393
1391
1394
1392
1394
1395
1392
1394
1396
1395
1397
1398
1399
1397
1399
1400
1401
1402
1403
1401
1403
1404
1405
1406
1407
1405
1407
1408
1409
1410
1411
1409
1411
1412
1413
1414
1415
1413
1415
1416
1417
1418
1419
1417
1420
1418
1420
1421
1418
1420
1422
1421
1422
1423
1421
1422
1424
1423
1424
1425
1423
1424
1426
1425
1426
1427
1425
1426
1428
1427
1428
1429
1427
1428
1430
1429
1431
1432
1433
1431
1433
1434
1435
1436
1437
1435
1437
1438
1439
1440
1441
1439
1441
1442
1443
1444
1445
1443
1445
1446
1447
1448
1449
1447
1450
1448
1450
1447
1451
1450
1451
1452
1453
1454
1455
1453
1456
1454
1456
1453
1457
1456
1457
1458
1459
1460
1461
1459
1461
1462
1463
1464
1465
1463
1465
1466
1466
1465
1467
1466
1467
1468
1469
1470
1467
1469
1471
1470
1472
1473
1474
1472
1475
1473
1475
1476
1473
1475
1477
1476
1477
1478
1476
1477
1479
1478
1479
1480
1478
1479
1481
1480
1481
1482
1480
1481
1483
1482
1483
1484
1482
1483
1485
1484
1485
1486
1484
1485
1487
1486
1488
1489
1490
1488
1491
1489
1491
1488
1492
1491
1492
1493
1494
1495
1496
1494
1497
1495
1497
1494
1498
1497
1498
1499
1500
1501
1502
1500
1502
1503
1504
1500
1503
1504
1505
1500
1506
1505
1504
1506
1504
1507
1508
1509
1510
1508
1510
1511
1512
1513
1514
1512
1514
1515
1516
1517
1518
1516
1519
1517
1519
1516
1520
1519
1520
1521
1522
1523
1524
1522
1524
1525
1526
1527
1528
1526
1529
1527
1529
1526
1530
1529
1530
1531
1532
1533
1534
1532
1534
1535
1536
1537
1538
1536
1538
1539
1540
1541
1542
1540
1542
1543
1544
1545
1546
1544
1546
1547
1548
1549
1550
1548
1550
1551
1552
1553
1554
1552
1554
1555
1556
1557
1558
1556
1558
1559
1560
1561
1562
1560
1562
1563
1564
1565
1566
1564
1566
1567
1568
1569
1570
1568
1570
1571
1572
1573
1574
1572
1574
1575
1576
1577
1578
1578
1579
1576
1578
1580
1579
1581
1582
1583
1581
1583
1584
1585
1586
1587
1587
1588
1585
1588
1589
1585
1588
1590
1589
1588
1591
1590
1588
1592
1591
1588
1593
1592
1594
1595
1596
1594
1597
1595
1598
1599
1600
1598
1601
1599
1601
1598
1602
1601
1603
1599
1601
1602
1604
1601
1605
1603
1605
1601
1604
1605
1604
1606
1607
1608
1609
1607
1609
1610
1611
1612
1613
1613
1614
1611
1614
1615
1611
1616
1617
1618
1618
1619
1616
1619
1618
1620
1620
1621
1619
1618
1622
1620
1623
1624
1625
1625
1626
1623
1625
1627
1626
1627
1628
1626
1627
1629
1628
1629
1630
1628
1629
1631
1630
1631
1632
1630
1632
1633
1630
1633
1634
1630
1635
1636
1637
1635
1637
1638
1638
1639
1635
1640
1639
1638
1639
1640
1641
1642
1640
1638
1638
1643
1642
1644
1645
1646
1644
1647
1645
1647
1648
1645
1647
1649
1648
1649
1650
1648
1649
1651
1650
1651
1652
1650
1651
1653
1652
1653
1654
1652
1653
1655
1654
1656
1657
1658
1656
1658
1659
1660
1661
1662
1660
1663
1661
1663
1664
1661
1663
1665
1664
1665
1666
1664
1665
1667
1666
1667
1668
1666
1667
1669
1668
1669
1670
1668
1669
1671
1670
1672
1673
1674
1672
1674
1675
1676
1677
1678
1676
1678
1679
1680
1681
1682
1680
1682
1683
1684
1685
1686
1684
1686
1687
1688
1689
1690
1688
1690
1691
1692
1693
1694
1692
1694
1695
1696
1697
1698
1696
1698
1699
1700
1701
1702
1700
1703
1701
1703
1704
1701
1703
1705
1704
1705
1706
1704
1705
1707
1706
1707
1708
1706
1707
1709
1708
1709
1710
1708
1709
1711
1710
1711
1712
1710
1711
1713
1712
1713
1714
1712
1713
1715
1714
1716
1717
1718
1716
1718
1719
1720
1721
1722
1720
1722
1723
1724
1725
1726
1724
1726
1727
1728
1729
1730
1728
1730
1731
1732
1733
1734
1732
1734
1735
1736
1737
1738
1736
1738
1739
1739
1738
1740
1739
1740
1741
1742
1743
1744
1742
1744
1745
1746
1747
1748
1746
1748
1749
1750
1751
1752
1750
1752
1753
1750
1753
1754
1750
1754
1755
1756
1757
1758
1756
1758
1759
1760
1761
1762
1760
1763
1761
1763
1760
1764
1763
1764
1765
1766
1767
1768
1768
1769
1766
1768
1770
1769
1770
1771
1769
1770
1772
1771
1772
1773
1771
1773
1774
1771
1775
1776
1777
1775
1777
1778
1779
1780
1781
1781
1782
1779
1782
1783
1779
1783
1784
1779
1783
1785
1784
1785
1786
1784
1785
1787
1786
1788
1789
1790
1788
1790
1791
1792
1793
1794
1792
1794
1795
1796
1797
1798
1796
1798
1799
1800
1801
1802
1800
1802
1803
1804
1805
1806
1804
1806
1807
1808
1809
1810
1808
1810
1811
1812
1813
1814
1812
1814
1815
1816
1817
1818
1816
1818
1819
1820
1816
1819
1820
1819
1821
1822
1823
1824
1822
1825
1823
1825
1826
1823
1825
1827
1826
1828
1829
1830
1828
1830
1831
1832
1833
1834
1832
1834
1835
1836
1837
1838
1836
1838
1839
1840
1841
1842
1840
1842
1843
1844
1845
1846
1844
1846
1847
1848
1849
1850
1848
1850
1851
1852
1853
1854
1852
1854
1855
1856
1857
1858
1856
1858
1859
1860
1861
1862
1860
1862
1863
1864
1865
1866
1864
1866
1867
1868
1869
1870
1868
1870
1871
1872
1873
1874
1872
1874
1875
1876
1877
1878
1878
1879
1876
1879
1880
1876
1879
1881
1880
1881
1882
1880
1881
1883
1882
1884
1885
1886
1884
1886
1887
1888
1889
1890
1888
1890
1891
1892
1893
1894
1892
1894
1895
1896
1897
1898
1896
1898
1899
1900
1901
1902
1900
1902
1903
1904
1905
1906
1904
1906
1907
1908
1909
1910
1908
1910
1911
1912
1913
1914
1912
1914
1915
1916
1917
1918
1918
1919
1916
1919
1920
1916
1919
1921
1920
1921
1922
1920
1921
1923
1922
1924
1925
1926
1924
1926
1927
1928
1929
1930
1928
1930
1931
1932
1933
1934
1932
1934
1935
1936
1937
1938
1936
1938
1939
1940
1941
1942
1940
1942
1943
1944
1945
1946
1944
1946
1947
1948
1949
1950
1948
1950
1951
1952
1953
1954
1952
1954
1955
1956
1957
1958
1956
1958
1959
1960
1961
1962
1960
1962
1963
1964
1965
1966
1964
1966
1967
1968
1969
1970
1968
1970
1971
1972
1973
1974
1972
1974
1975
1976
1977
1978
1976
1978
1979
1980
1981
1982
1980
1982
1983
1984
1985
1986
1984
1986
1987
1988
1986
1989
1988
1989
1990
1990
1989
1991
1990
1991
1992
1992
1991
1993
1992
1993
1994
1995
1996
1997
1995
1997
1998
1999
1995
1998
1999
1998
2000
2001
2002
2003
2001
2003
2004
2005
2006
2007
2005
2007
2008
2009
2010
2011
2009
2011
2012
2012
2013
2009
2012
2011
2014
2012
2015
2013
2012
2014
2016
2016
2015
2012
2016
2017
2015
2018
2019
2020
2018
2020
2021
2022
2023
2024
2022
2024
2025
2026
2027
2028
2026
2029
2027
2027
2029
2030
2027
2030
2031
2032
2033
2034
2032
2034
2035
2036
2037
2038
2036
2038
2039
2040
2041
2042
2040
2042
2043
2044
2045
2046
2044
2046
2047
2048
2049
2050
2048
2050
2051
2052
2053
2054
2052
2054
2055
2055
2056
2052
2055
2057
2056
2058
2052
2056
2057
2055
2059
2052
2058
2060
2052
2060
2061
2061
2060
2062
2059
2055
2063
2061
2062
2064
2063
2065
2059
2064
2062
2066
2063
2067
2065
2067
2063
2064
2064
2066
2067
2068
2065
2067
2067
2066
2069
2070
2068
2067
2069
2070
2067
2071
2072
2073
2071
2073
2074
2075
2074
2076
2077
2075
2076
2078
2077
2076
2079
2078
2076
2080
2076
2074
2081
2080
2074
2080
2082
2076
2083
2081
2074
2074
2084
2083
2083
2084
2085
2086
2081
2083
2085
2087
2083
2088
2076
2082
2088
2079
2076
2088
2082
2089
2089
2090
2088
2088
2090
2091
2079
2088
2091
2079
2091
2092
2093
2086
2083
2087
2093
2083
2093
2087
2079
2079
2092
2093
2093
2094
2086
2095
2093
2092
2095
2094
2093
2096
2097
2098
2096
2098
2099
2100
2101
2102
2100
2102
2103
2104
2105
2106
2104
2106
2107
2108
2105
2104
2107
2106
2109
2108
2110
2105
2107
2109
2111
2111
2110
2108
2111
2109
2110
2112
2113
2114
2112
2114
2115
2113
2116
2114
2117
2112
2115
2113
2118
2116
2117
2115
2119
2118
2120
2116
2121
2117
2119
2118
2122
2120
2121
2119
2123
2122
2121
2123
2122
2123
2120
2124
2125
2126
2124
2126
2127
2125
2128
2126
2129
2124
2127
2125
2130
2128
2129
2127
2131
2130
2132
2128
2133
2129
2131
2130
2134
2132
2133
2131
2135
2134
2133
2135
2134
2135
2132
2136
2137
2138
2136
2138
2139
2137
2140
2138
2141
2136
2139
2137
2142
2140
2141
2139
2143
2142
2144
2140
2145
2141
2143
2142
2146
2144
2145
2143
2147
2146
2148
2144
2149
2145
2147
2146
2150
2148
2149
2147
2151
2150
2152
2148
2153
2149
2151
2150
2154
2152
2153
2151
2155
2154
2156
2152
2157
2153
2155
2154
2158
2156
2157
2155
2159
2158
2160
2156
2161
2157
2159
2158
2162
2160
2161
2159
2163
2162
2161
2163
2162
2163
2160
2164
2165
2166
2164
2166
2167
2168
2164
2167
2165
2169
2166
2168
2167
2170
2171
2170
2169
2165
2171
2169
2171
2168
2170
2171
2165
2172
2171
2172
2173
2165
2174
2172
2175
2171
2173
2165
2176
2174
2175
2173
2177
2176
2177
2174
2176
2175
2177
2175
2176
2178
2175
2178
2179
2176
2180
2178
2181
2175
2179
2176
2182
2180
2181
2179
2183
2182
2183
2180
2182
2181
2183
2181
2182
2184
2181
2184
2185
2182
2186
2184
2182
2187
2186
2187
2188
2186
2187
2189
2188
2189
2185
2188
2189
2181
2185
2190
2191
2181
2190
2192
2191
2193
2192
2190
2193
2194
2192
2195
2194
2193
2181
2191
2196
2195
2196
2194
2181
2196
2195
2195
2197
2181
2195
2198
2197
2181
2197
2199
2200
2198
2195
2181
2199
2201
2200
2202
2198
2201
2199
2202
2201
2202
2200
2200
2203
2201
2200
2204
2203
2201
2203
2205
2206
2204
2200
2201
2205
2207
2206
2208
2204
2207
2205
2208
2207
2208
2206
2206
2209
2207
2206
2210
2209
2207
2209
2211
2212
2210
2206
2207
2211
2168
2212
2213
2210
2168
2211
2213
2168
2213
2212
2214
2215
2216
2214
2216
2217
2215
2218
2216
2219
2214
2217
2215
2220
2218
2219
2217
2221
2220
2222
2218
2223
2219
2221
2220
2224
2222
2223
2221
2225
2224
2223
2225
2224
2225
2222
2226
2227
2228
2226
2228
2229
2227
2230
2228
2231
2226
2229
2227
2232
2230
2231
2229
2233
2232
2234
2230
2235
2231
2233
2232
2236
2234
2235
2233
2237
2236
2235
2237
2236
2237
2234
2238
2239
2240
2238
2240
2241
2239
2242
2240
2243
2238
2241
2239
2244
2242
2243
2241
2245
2244
2246
2242
2247
2243
2245
2244
2248
2246
2247
2245
2249
2248
2250
2246
2251
2247
2249
2248
2252
2250
2251
2249
2253
2252
2254
2250
2255
2251
2253
2252
2256
2254
2255
2253
2257
2256
2255
2257
2256
2257
2254
2258
2259
2260
2258
2261
2259
2262
2258
2260
2261
2263
2259
2262
2260
2264
2261
2265
2263
2265
2262
2264
2265
2264
2263
2266
2267
2268
2266
2269
2267
2268
2267
2270
2271
2269
2266
2268
2270
2272
2271
2273
2269
2272
2270
2274
2275
2273
2271
2272
2274
2276
2275
2277
2273
2276
2274
2277
2276
2277
2275
2278
2279
2280
2278
2280
2281
2282
2279
2278
2281
2280
2283
2282
2284
2279
2281
2283
2285
2286
2284
2282
2285
2283
2287
2286
2288
2284
2285
2287
2289
2289
2288
2286
2289
2287
2288
2290
2291
2292
2290
2293
2291
2292
2291
2294
2295
2293
2290
2292
2294
2296
2295
2297
2293
2296
2294
2298
2299
2297
2295
2296
2298
2300
2299
2301
2297
2300
2298
2302
2303
2301
2299
2300
2302
2304
2303
2305
2301
2304
2302
2306
2307
2305
2303
2304
2306
2308
2307
2309
2305
2308
2306
2310
2311
2309
2307
2308
2310
2312
2311
2313
2309
2312
2310
2314
2315
2313
2311
2312
2314
2316
2315
2317
2313
2316
2314
2317
2316
2317
2315
2318
2319
2320
2318
2321
2319
2320
2319
2322
2323
2321
2318
2320
2322
2324
2323
2325
2321
2324
2322
2326
2327
2325
2323
2324
2326
2328
2327
2329
2325
2328
2326
2329
2328
2329
2327
2330
2331
2332
2330
2333
2331
2332
2331
2334
2335
2333
2330
2332
2334
2336
2335
2337
2333
2336
2334
2338
2339
2337
2335
2336
2338
2340
2339
2341
2337
2340
2338
2341
2340
2341
2339
2342
2343
2344
2345
2343
2342
2342
2344
2346
2345
2347
2343
2346
2344
2348
2349
2347
2345
2346
2348
2350
2349
2351
2347
2350
2348
2352
2353
2351
2349
2350
2352
2354
2353
2355
2351
2354
2352
2356
2357
2355
2353
2354
2356
2358
2357
2359
2355
2358
2356
2360
2361
2359
2357
2358
2360
2361
2361
2360
2359
336
2362
2363
2364
2365
2366
2367
2368
2369
2370
2371
2372
2373
2374
2375
2376
2377
2378
2379
2380
2381
2382
2383
2384
2385
2386
2387
2388
2388
2389
2386
2389
2390
2386
2390
2391
2386
2391
2392
2386
2391
2393
2392
2393
2394
2392
2393
2395
2394
2395
2396
2394
2395
2397
2396
2397
2398
2396
2398
2399
2396
2400
2401
2402
2402
2403
2400
2403
2404
2400
2403
2405
2404
2405
2406
2404
2405
2407
2406
2408
2409
2410
2410
2411
2408
2411
2412
2408
2411
2413
2412
2413
2414
2412
2415
2416
2417
2417
2418
2415
2417
2419
2418
2420
2421
2422
2421
2423
2422
2424
2425
2426
2424
2426
2427
2428
2427
2426
2428
2429
2427
2430
2429
2428
2430
2431
2429
2432
2431
2430
2432
2433
2431
2434
2433
2432
2434
2435
2433
2436
2424
2437
2436
2437
2438
2439
2440
2441
2441
2442
2439
2442
2443
2439
2443
2444
2439
2443
2445
2444
2445
2446
2444
2445
2447
2446
2447
2448
2446
2447
2449
2448
2449
2450
2448
2449
2451
2450
2449
2452
2451
2453
2454
2455
2455
2456
2453
2455
2457
2456
2457
2458
2456
2457
2459
2458
2459
2460
2458
2461
2462
2463
2462
2464
2463
2462
2465
2464
2465
2466
2464
2465
2467
2466
2468
2469
2470
2470
2471
2468
2472
2473
2474
2472
2475
2473
2476
2473
2475
2476
2475
2477
2478
2476
2477
2478
2477
2479
2480
2478
2479
2480
2479
2481
2482
2480
2481
2482
2481
2483
2484
2485
2472
2484
2486
2485
2487
2488
2489
2488
2490
2489
2488
2491
2490
2492
2493
2494
2492
2495
2493
2496
2492
2494
2495
2497
2493
2496
2494
2498
2495
2499
2497
2498
2500
2496
2499
2501
2497
2498
2502
2500
2499
2503
2501
2503
2500
2502
2503
2502
2501
2504
2505
2506
2504
2506
2507
2508
2505
2504
2507
2506
2509
2508
2510
2505
2507
2509
2511
2512
2510
2508
2511
2509
2513
2512
2514
2510
2511
2513
2515
2514
2512
2515
2514
2515
2513
