MESH3
N_Muscle Car_10
2325
-0.7494952,0.9589806,-2.232801
-0.7078624,1.110854,-1.602752
-0.6175484,0.9638414,-2.232801
-0.6352457,0.9439332,1.879561
-0.5515189,0.8541099,2.210078
-0.2713557,0.8570625,2.259151
-0.3636519,0.9760025,0.8059756
-0.7890317,0.9894599,0.7170656
-0.6916419,0.9864024,0.733838
-0.2618916,0.7337208,2.251079
-0.2619313,0.6715983,2.2583
0,0.6724967,2.275716
-0.8932926,0.7657179,-1.552188
-0.8940424,0.728689,-1.63821
-0.8932926,0.7570882,-1.56618
-0.3166178,0.9019868,-2.20037
-0.3168513,0.6836327,-2.134575
-0.3167346,0.7928098,-2.167472
-0.6983955,0.2706006,-0.8912946
-0.6983899,0.2705888,-0.9126365
-0.6511508,0.3736317,-1.786021
0.7494952,0.9589806,-2.232801
0.6175484,0.9638414,-2.232801
0.7078624,1.110854,-1.602752
0.2713557,0.8570625,2.259151
0.5515189,0.8541099,2.210078
0.6352457,0.9439332,1.879561
0.3636519,0.9760025,0.8059756
0.6916419,0.9864024,0.733838
0.7890317,0.9894599,0.7170656
0.2619313,0.6715983,2.2583
0.2618354,0.8040679,2.243828
0.1765664,0.8049425,2.260729
0.2619313,0.6715983,2.2583
0.2618916,0.7337208,2.251079
0.2618354,0.8040679,2.243828
0.8932926,0.7657179,-1.552188
0.8932926,0.7570882,-1.56618
0.8940424,0.728689,-1.63821
0.3166178,0.9019868,-2.20037
0.3167346,0.7928098,-2.167472
0.3168513,0.6836327,-2.134575
0.6983955,0.2706006,-0.8912946
0.6511508,0.3736317,-1.786021
0.6983899,0.2705888,-0.9126365
-0.8992528,0.3398905,1.899512
-0.921738,0.3968393,2.071614
-0.9016551,0.4268893,2.025176
-0.8919125,0.5674949,1.852066
-0.8899566,0.6096837,2.037764
-0.8757333,0.7867854,2.053066
-0.8703632,0.8468771,1.841303
-0.2891287,1.02961,1.361434
-0.2778574,1.010438,1.712676
-0.03796569,1.011704,1.719218
-0.03796521,1.029442,1.368868
-0.8101633,0.9573058,1.429407
-0.8101633,0.9145784,1.88981
-0.6902729,0.9367455,1.887446
-0.70329,0.9908924,1.478676
-0.2677434,0.4343693,2.275545
-0.267691,0.4268921,2.275292
0,0.4268954,2.292266
0,0.4343737,2.292454
-0.883374,0.8852398,1.469715
-0.8703632,0.8468771,1.841303
-0.8101633,0.9145784,1.88981
-0.8101633,0.9573058,1.429407
-0.47065,0.4343705,2.21873
-0.5998427,0.4268898,2.182628
-0.267691,0.4268921,2.275292
-0.2677434,0.4343693,2.275545
-0.5803922,0.5962891,2.199564
-0.5998427,0.4268898,2.182628
-0.5996411,0.6159748,2.195319
-0.8133468,0.4268671,2.118272
-0.8133468,0.6159748,2.134827
-0.267478,0.5962908,2.279291
-0.5996411,0.6159748,2.195319
-0.2676056,0.6159748,2.279959
-0.883374,0.8952914,0.2888127
-0.8101633,0.9847976,0.6461889
-0.8101633,0.9723268,0.2888127
-0.883374,0.89263,0.6488022
-0.8101633,0.9573058,1.429407
-0.883374,0.8852398,1.469715
-0.8053549,0.9878878,0.2874488
-0.806193,0.9991899,0.6040968
-0.7588146,1.12922,0.445164
-0.7345588,1.271234,0.2783983
-0.800384,0.9943846,-0.5315268
-0.6954565,1.349286,-0.5402483
-0.7051827,1.348445,0.1413497
-0.6976175,1.370461,-0.1418606
-0.695142,1.361375,-0.4438699
-0.3798798,1.435517,0.1217737
-0.4110766,1.397089,0.2868558
0,1.401104,0.297608
0,1.439531,0.1317276
0.3798798,1.435517,0.1217737
0.4110766,1.397089,0.2868558
-0.883374,0.9533409,-1.165959
-0.883374,0.8952914,0.2888127
-0.8101633,0.9723268,0.2888127
-0.8049145,0.9789463,-0.5512025
-0.8047346,0.9798188,-0.5800024
-0.8010733,1.01069,-1.165959
-0.883374,0.9728209,-1.633252
-0.7078624,1.110854,-1.602752
-0.6983937,0.2748875,0.9072539
-0.8101633,0.2732875,0.9093305
-0.8992528,0.2732875,0.9093316
0.8992528,0.270589,0.2888129
-0.8992528,0.270589,0.2888129
0.6983937,0.2748875,0.9072539
-0.6710703,0.3010838,1.775756
0.6710703,0.3010838,1.775756
0.8992528,0.2732875,0.9093316
0.8101633,0.2732875,0.9093305
0.6983955,0.2706006,-0.8912946
0.8101633,0.2705888,-0.8958973
0.8932926,0.2705888,-0.8975651
0.913317,0.2705888,-0.9126365
0.6983899,0.2705888,-0.9126365
-0.6983955,0.2706006,-0.8912946
-0.8101633,0.2705888,-0.8958973
-0.8932926,0.2705888,-0.8975651
-0.6983899,0.2705888,-0.9126365
-0.913317,0.2705888,-0.9126365
-0.7078624,1.110854,-1.602752
-0.8010733,1.01069,-1.165959
-0.6525305,1.296784,-1.205865
-0.7558351,1.114087,-1.133907
-0.7094855,1.272397,-0.9704511
-0.6920478,1.340446,-0.7423986
-0.6624046,1.40261,-0.663976
-0.6911372,1.359515,-0.5893984
-0.6909665,1.363088,-0.5607259
-0.6903041,1.37696,-0.4494273
-0.6928039,1.38616,-0.143577
-0.6758921,1.419468,0.1006791
-0.6691483,1.427672,-0.2816484
-0.7005575,1.363696,0.1455114
-0.6990672,1.361259,0.2608129
-0.7305816,1.284193,0.2872993
-0.883374,0.9533409,-1.165959
-0.883374,0.9728209,-1.633252
-0.8858122,0.8854488,-1.634607
-0.8932926,0.8249994,-1.350376
-0.8932926,0.7674296,-1.135025
-0.883374,0.8952914,0.2888127
-0.8932926,0.6063799,-0.9676456
-0.8932926,0.7657179,-1.552188
-0.8919125,0.5593749,0.2888128
-0.8932926,0.4060115,-0.9096982
-0.883374,0.89263,0.6488022
-0.889303,0.7603537,-1.636546
-0.8940424,0.728689,-1.63821
-0.8733975,0.7750781,-2.131246
-0.8678494,0.8882189,-2.172949
-0.8992528,0.270589,0.2888129
-0.8932926,0.2705888,-0.8975651
-0.8919125,0.5576324,0.7986877
-0.8992528,0.2732875,0.9093316
-0.8932926,0.6065413,0.9618863
-0.8932926,0.2751992,0.9093315
-0.8932926,0.7599323,1.123341
-0.8932926,0.8129429,1.347637
-0.883374,0.8852398,1.469715
-0.8719811,0.65326,-2.097846
-0.889303,0.7603537,-1.636546
-0.8940424,0.728689,-1.63821
-0.8026268,0.5454246,-2.136193
-0.8860573,0.5458609,-2.0623
-0.8719811,0.65326,-2.097846
-0.7347931,0.6543906,-2.156251
-0.3087725,0.5451605,-2.144287
-0.6175484,0.5451524,-2.137406
-0.6175484,0.6543906,-2.16918
-0.3087725,0.6543906,-2.176058
0,0.5451632,-2.149016
-0.3088941,0.6758395,-2.182295
-0.6176205,0.6758396,-2.175417
0,0.6758394,-2.187026
0,0.6543906,-2.180787
0.3087725,0.6543906,-2.176058
0.3087725,0.5451605,-2.144287
0.3088941,0.6758395,-2.182295
0.6175484,0.6543906,-2.16918
0.6175484,0.5451524,-2.137406
0.6176205,0.6758396,-2.175417
-0.8553983,0.9165484,-2.165853
-0.883374,0.9728209,-1.633252
-0.7078624,1.110854,-1.602752
-0.7494952,0.9589806,-2.232801
-0.6175484,0.5451524,-2.137406
-0.8026268,0.5454246,-2.136193
-0.7347931,0.6543906,-2.156251
-0.6175484,0.6543906,-2.16918
-0.6175484,0.9638414,-2.232801
-0.7078624,1.110854,-1.602752
-0.3542124,1.110854,-1.609945
-0.3087725,0.9638414,-2.239679
0,1.110854,-1.61436
0,0.9638414,-2.244408
0.3087725,0.9638414,-2.239679
0.3542124,1.110854,-1.609945
0.6175484,0.9638414,-2.232801
0.7078624,1.110854,-1.602752
-0.688583,1.121685,-1.585375
-0.6382471,1.289374,-1.22383
-0.3193456,1.326184,-1.220688
-0.3546841,1.120172,-1.591452
0,1.325475,-1.2136
0,1.120754,-1.596351
0.3546841,1.120172,-1.591452
0.3193456,1.326184,-1.220688
0.688583,1.121685,-1.585375
0.6382471,1.289374,-1.22383
-0.6758921,1.419468,0.1006791
-0.6990672,1.361259,0.2608129
-0.4110766,1.397089,0.2868558
-0.3798798,1.435517,0.1217737
-0.6854363,1.354259,0.2727257
-0.7710846,1.0012,0.7073833
-0.3610862,0.9867731,0.7932886
-0.4097463,1.387528,0.3002227
0,0.9867554,0.8091751
0,1.391117,0.3109749
0.4097463,1.387528,0.3002227
0.3610862,0.9867731,0.7932886
0.6854363,1.354259,0.2727257
0.7710846,1.0012,0.7073833
-0.6566589,0.9911109,1.476115
-0.6352457,0.9439332,1.879561
-0.3146818,0.9638535,1.748927
-0.3283484,0.9869485,1.323014
-0.6525305,1.296784,-1.205865
-0.6624046,1.40261,-0.663976
-0.3486831,1.424313,-0.6690398
-0.3213533,1.334824,-1.202102
-0.7552278,1.140166,0.4568631
-0.8101633,0.9847976,0.6461889
-0.7890317,0.9894599,0.7170656
-0.6990672,1.361259,0.2608129
-0.7305816,1.284193,0.2872993
-0.6691483,1.427672,-0.2816484
-0.6758921,1.419468,0.1006791
-0.3798798,1.435517,0.1217737
-0.3642814,1.429915,-0.2736331
-0.6624046,1.40261,-0.663976
-0.3486831,1.424313,-0.6690398
0,1.439531,0.1317276
0,1.433929,-0.2640783
0,1.428328,-0.6598842
0.3486831,1.424313,-0.6690398
0.3642814,1.429915,-0.2736331
0.6624046,1.40261,-0.663976
0.3798798,1.435517,0.1217737
0.6691483,1.427672,-0.2816484
0.6758921,1.419468,0.1006791
-0.3213533,1.334824,-1.202102
-0.3486831,1.424313,-0.6690398
0,1.428328,-0.6598842
0,1.334824,-1.195623
0.3213533,1.334824,-1.202102
0.3486831,1.424313,-0.6690398
-0.6916419,0.9864024,0.733838
-0.6566589,0.9911109,1.476115
-0.3283484,0.9869485,1.323014
-0.3636519,0.9760025,0.8059756
0,0.9869485,1.332745
0,0.9760025,0.8213608
0.3636519,0.9760025,0.8059756
0.3283484,0.9869485,1.323014
0.6916419,0.9864024,0.733838
0.6566589,0.9911109,1.476115
-0.8101633,0.9847976,0.6461889
-0.8101633,0.9573058,1.429407
-0.70329,0.9908924,1.478676
-0.7890317,0.9894599,0.7170656
-0.3146818,0.9638535,1.748927
-0.1854847,0.8569916,2.27577
0,0.8565933,2.287494
0,0.9652923,1.757498
0.3146818,0.9638535,1.748927
0.1854847,0.8569916,2.27577
-0.1854847,0.8569916,2.27577
-0.3146818,0.9638535,1.748927
-0.6352457,0.9439332,1.879561
-0.2713557,0.8570625,2.259151
-0.8703632,0.8468771,1.841303
-0.8757333,0.7867854,2.053066
-0.8133468,0.8501154,2.155323
-0.8101633,0.9145784,1.88981
-0.8113786,0.3078153,1.775756
-0.8117551,0.3193468,1.912632
-0.8992528,0.3398905,1.899512
-0.8932926,0.3192634,1.775756
-0.4646419,0.4460816,2.201312
-0.2678187,0.4460808,2.256414
-0.2674081,0.5845793,2.259422
-0.5586328,0.5845733,2.185335
-0.8101633,0.4991752,-2.212209
-0.8101633,0.3666442,-1.782508
-0.8932926,0.3713171,-1.78375
-0.8885636,0.4985253,-2.136278
-0.3098716,0.4994103,-2.21925
0,0.4994215,-2.224016
0.3098716,0.4994103,-2.21925
-0.6197472,0.4993897,-2.212281
0.6197472,0.4993897,-2.212281
-0.8101633,0.4991752,-2.212209
0.8101633,0.4991752,-2.212209
-0.8101633,0.3666442,-1.782508
0.3410996,0.3946504,-1.82313
-0.6511508,0.3736317,-1.786021
0.8101633,0.3666442,-1.782508
0.6511508,0.3736317,-1.786021
-0.8117551,0.3193468,1.912632
-0.8320022,0.4097163,2.207084
-0.921738,0.3968393,2.071614
-0.8992528,0.3398905,1.899512
-0.2678187,0.4460808,2.256414
0,0.4460871,2.273251
0,0.5845729,2.276746
-0.2674081,0.5845793,2.259422
-0.8708604,0.6414126,2.065992
-0.8609395,0.6353843,2.045008
-0.8492153,0.7620354,2.04828
-0.8591362,0.7677239,2.075823
-0.8101633,0.9145784,1.88981
-0.8133468,0.8501154,2.155323
-0.6476117,0.8501154,2.198397
-0.6902729,0.9367455,1.887446
-0.6352457,0.9439332,1.879561
-0.5515189,0.8541099,2.210078
0,0.6459657,2.297794
-0.2618916,0.6510555,2.259111
-0.2620828,0.6459673,2.280981
0,0.6519439,2.276263
0.2618916,0.6510555,2.259111
0.2620828,0.6459673,2.280981
-0.2707192,0.8201229,2.27357
-0.2618916,0.8246118,2.243046
-0.1766059,0.8254866,2.259952
-0.1865268,0.8201206,2.290498
0,0.8260964,2.271626
0,0.8201244,2.302189
0.1865268,0.8201206,2.290498
0.1766059,0.8254866,2.259952
0.2707192,0.8201229,2.27357
0.2618916,0.8246118,2.243046
-0.8591362,0.7677239,2.075823
-0.8492153,0.7620354,2.04828
-0.7984402,0.8183885,2.129881
-0.8083611,0.8197726,2.160234
-0.8934926,0.5185,1.855997
-0.8919125,0.5674949,1.852066
-0.8899566,0.6096837,2.037764
-0.8934331,0.5553619,2.034023
-0.5996411,0.5599003,2.191596
-0.2676056,0.6159748,2.279959
-0.2676056,0.5599003,2.278544
-0.5996411,0.6159748,2.195319
-0.8133468,0.5599003,2.129918
-0.8133468,0.6159748,2.134827
-0.8934331,0.5553619,2.034023
-0.8899566,0.6096837,2.037764
-0.8133468,0.6159748,2.134827
-0.8133468,0.5599003,2.129918
-0.2737995,0.5585775,2.315927
0,0.5589463,2.333428
0,0.6150207,2.334843
-0.2737807,0.6146538,2.317345
-0.9191025,0.5229487,1.873002
-0.9303885,0.5560077,2.044916
-0.9257029,0.6099378,2.052039
-0.9172413,0.5723906,1.870071
-0.6099308,0.5576584,2.228053
-0.2737995,0.5585775,2.315927
-0.2737807,0.6146538,2.317345
-0.6099201,0.6137453,2.231779
-0.8351999,0.5579822,2.161094
-0.8343124,0.6139718,2.16658
-0.9303885,0.5560077,2.044916
-0.8351999,0.5579822,2.161094
-0.8343124,0.6139718,2.16658
-0.9257029,0.6099378,2.052039
-0.8934331,0.5553619,2.034023
-0.9303885,0.5560077,2.044916
-0.9191025,0.5229487,1.873002
-0.8934926,0.5185,1.855997
-0.5996411,0.5599003,2.191596
-0.8351999,0.5579822,2.161094
-0.8133468,0.5599003,2.129918
-0.6099308,0.5576584,2.228053
-0.2676056,0.5599003,2.278544
-0.2737995,0.5585775,2.315927
0,0.5599003,2.295622
0,0.5589463,2.333428
0.2737995,0.5585775,2.315927
0.2676056,0.5599003,2.278544
0.6099308,0.5576584,2.228053
0.5996411,0.5599003,2.191596
0.8351999,0.5579822,2.161094
0.8133468,0.5599003,2.129918
-0.8899566,0.6096837,2.037764
-0.9257029,0.6099378,2.052039
-0.8343124,0.6139718,2.16658
-0.8133468,0.6159748,2.134827
-0.8133468,0.5599003,2.129918
-0.8351999,0.5579822,2.161094
-0.9303885,0.5560077,2.044916
-0.8934331,0.5553619,2.034023
-0.8133468,0.6159748,2.134827
-0.8343124,0.6139718,2.16658
-0.6099201,0.6137453,2.231779
-0.5996411,0.6159748,2.195319
-0.2737807,0.6146538,2.317345
-0.2676056,0.6159748,2.279959
0,0.6150207,2.334843
0,0.6159748,2.297037
0.2676056,0.6159748,2.279959
0.2737807,0.6146538,2.317345
0.5996411,0.6159748,2.195319
0.6099201,0.6137453,2.231779
0.8133468,0.6159748,2.134827
0.8343124,0.6139718,2.16658
-0.8934926,0.5185,1.855997
-0.9191025,0.5229487,1.873002
-0.9172413,0.5723906,1.870071
-0.8919125,0.5674949,1.852066
-0.8919125,0.5674949,1.852066
-0.9172413,0.5723906,1.870071
-0.9257029,0.6099378,2.052039
-0.8899566,0.6096837,2.037764
-0.6511508,0.3736317,-1.786021
0.3410996,0.3946504,-1.82313
0.6511508,0.3736317,-1.786021
-0.6983955,0.2706006,-0.8912946
0.6983955,0.2706006,-0.8912946
0,0.5962862,2.29654
0,0.6159748,2.297037
-0.2676056,0.6159748,2.279959
-0.267478,0.5962908,2.279291
-0.4646419,0.4460816,2.201312
-0.47065,0.4343705,2.21873
-0.2677434,0.4343693,2.275545
-0.2678187,0.4460808,2.256414
-0.2678187,0.4460808,2.256414
-0.2677434,0.4343693,2.275545
0,0.4343737,2.292454
0,0.4460871,2.273251
-0.2674081,0.5845793,2.259422
-0.267478,0.5962908,2.279291
-0.5803922,0.5962891,2.199564
-0.5586328,0.5845733,2.185335
0,0.5845729,2.276746
0,0.5962862,2.29654
-0.267478,0.5962908,2.279291
-0.2674081,0.5845793,2.259422
-0.5586328,0.5845733,2.185335
-0.5803922,0.5962891,2.199564
-0.47065,0.4343705,2.21873
-0.4646419,0.4460816,2.201312
-0.6854363,1.354259,0.2727257
-0.7890317,0.9894599,0.7170656
-0.7710846,1.0012,0.7073833
-0.6990672,1.361259,0.2608129
-0.4097463,1.387528,0.3002227
-0.4110766,1.397089,0.2868558
-0.7710846,1.0012,0.7073833
-0.7890317,0.9894599,0.7170656
-0.3636519,0.9760025,0.8059756
-0.3610862,0.9867731,0.7932886
-0.688583,1.121685,-1.585375
-0.7078624,1.110854,-1.602752
-0.6525305,1.296784,-1.205865
-0.6382471,1.289374,-1.22383
-0.3213533,1.334824,-1.202102
-0.3193456,1.326184,-1.220688
-0.3546841,1.120172,-1.591452
-0.7078624,1.110854,-1.602752
-0.688583,1.121685,-1.585375
-0.3542124,1.110854,-1.609945
0,1.120754,-1.596351
0,1.110854,-1.61436
0.3542124,1.110854,-1.609945
0.3546841,1.120172,-1.591452
0.7078624,1.110854,-1.602752
0.688583,1.121685,-1.585375
-0.3610862,0.9867731,0.7932886
-0.3636519,0.9760025,0.8059756
0,0.9760025,0.8213608
0,0.9867554,0.8091751
0,1.391117,0.3109749
-0.4110766,1.397089,0.2868558
-0.4097463,1.387528,0.3002227
0,1.401104,0.297608
0.4110766,1.397089,0.2868558
0.4097463,1.387528,0.3002227
-0.3193456,1.326184,-1.220688
-0.3213533,1.334824,-1.202102
0,1.334824,-1.195623
0,1.325475,-1.2136
0.3193456,1.326184,-1.220688
0.3213533,1.334824,-1.202102
-0.796057,1.024911,-1.144291
-0.7988403,0.9958751,-0.5973749
-0.6971,1.342557,-0.6058663
-0.7586464,1.106692,-1.118776
-0.7144136,1.259,-0.9625599
-0.6974291,1.325593,-0.7406437
-0.8053549,0.9878878,0.2874488
-0.8101633,0.9847976,0.6461889
-0.806193,0.9991899,0.6040968
-0.8101633,0.9723268,0.2888127
-0.800384,0.9943846,-0.5315268
-0.8049145,0.9789463,-0.5512025
-0.6954565,1.349286,-0.5402483
-0.6909665,1.363088,-0.5607259
-0.695142,1.361375,-0.4438699
-0.8047346,0.9798188,-0.5800024
-0.6903041,1.37696,-0.4494273
-0.6911372,1.359515,-0.5893984
-0.7988403,0.9958751,-0.5973749
-0.6971,1.342557,-0.6058663
-0.6976175,1.370461,-0.1418606
-0.6928039,1.38616,-0.143577
-0.7051827,1.348445,0.1413497
-0.7005575,1.363696,0.1455114
-0.7345588,1.271234,0.2783983
-0.7305816,1.284193,0.2872993
-0.7144136,1.259,-0.9625599
-0.7558351,1.114087,-1.133907
-0.7586464,1.106692,-1.118776
-0.7094855,1.272397,-0.9704511
-0.6974291,1.325593,-0.7406437
-0.6920478,1.340446,-0.7423986
-0.6971,1.342557,-0.6058663
-0.6911372,1.359515,-0.5893984
-0.7586464,1.106692,-1.118776
-0.7558351,1.114087,-1.133907
-0.8010733,1.01069,-1.165959
-0.796057,1.024911,-1.144291
-0.806193,0.9991899,0.6040968
-0.8101633,0.9847976,0.6461889
-0.7552278,1.140166,0.4568631
-0.7588146,1.12922,0.445164
-0.7588146,1.12922,0.445164
-0.7552278,1.140166,0.4568631
-0.7305816,1.284193,0.2872993
-0.7345588,1.271234,0.2783983
-0.796057,1.024911,-1.144291
-0.8010733,1.01069,-1.165959
-0.8047346,0.9798188,-0.5800024
-0.7988403,0.9958751,-0.5973749
-0.1854847,0.8569916,2.27577
-0.186597,0.8501154,2.291037
0,0.8501154,2.302946
0,0.8565933,2.287494
-0.6916419,0.9864024,0.733838
-0.7890317,0.9894599,0.7170656
-0.70329,0.9908924,1.478676
-0.6566589,0.9911109,1.476115
-0.6566589,0.9911109,1.476115
-0.70329,0.9908924,1.478676
-0.6902729,0.9367455,1.887446
-0.6352457,0.9439332,1.879561
-0.5515189,0.8541099,2.210078
-0.6476117,0.8501154,2.198397
-0.5512819,0.8501154,2.221788
-0.271375,0.8501154,2.275385
-0.2713557,0.8570625,2.259151
-0.186597,0.8501154,2.291037
-0.1854847,0.8569916,2.27577
-0.8678494,0.8882189,-2.172949
-0.8553983,0.9165484,-2.165853
-0.7494952,0.9589806,-2.232801
-0.7347931,0.9317851,-2.236936
-0.7347931,0.9317851,-2.236936
-0.7494952,0.9589806,-2.232801
-0.6175484,0.9638414,-2.232801
-0.6175484,0.9312617,-2.249713
-0.6175484,0.9312617,-2.249713
-0.6175484,0.9638414,-2.232801
-0.3087725,0.9638414,-2.239679
-0.3087725,0.9314936,-2.256658
0,0.9638414,-2.244408
0,0.9312314,-2.261311
0.3087725,0.9314936,-2.256658
0.3087725,0.9638414,-2.239679
0.6175484,0.9312617,-2.249713
0.6175484,0.9638414,-2.232801
-0.8858122,0.8854488,-1.634607
-0.883374,0.9728209,-1.633252
-0.8553983,0.9165484,-2.165853
-0.8678494,0.8882189,-2.172949
-0.8330503,0.6755062,-2.122381
-0.8226061,0.683322,-2.076645
-0.7292157,0.6839137,-2.114003
-0.7358754,0.676141,-2.161452
-0.6175211,0.9098122,-2.243476
-0.7255841,0.9015263,-2.183444
-0.7321149,0.9095505,-2.233354
-0.6149132,0.9017703,-2.193661
-0.3086522,0.9100446,-2.250422
-0.3166178,0.9019868,-2.20037
0,0.9097826,-2.255072
0,0.9017426,-2.204861
0.3166178,0.9019868,-2.20037
0.3086522,0.9100446,-2.250422
0.6149132,0.9017703,-2.193661
0.6175211,0.9098122,-2.243476
0.7255841,0.9015263,-2.183444
0.7321149,0.9095505,-2.233354
-0.6176205,0.6758396,-2.175417
-0.6175484,0.6543906,-2.16918
-0.7347931,0.6543906,-2.156251
-0.7358754,0.676141,-2.161452
-0.7358754,0.676141,-2.161452
-0.7347931,0.6543906,-2.156251
-0.8719811,0.65326,-2.097846
-0.8330503,0.6755062,-2.122381
-0.8395216,0.8847367,-2.190625
-0.8678494,0.8882189,-2.172949
-0.7347931,0.9317851,-2.236936
-0.7321149,0.9095505,-2.233354
-0.7321149,0.9095505,-2.233354
-0.7347931,0.9317851,-2.236936
-0.6175484,0.9312617,-2.249713
-0.6175211,0.9098122,-2.243476
-0.6175211,0.9098122,-2.243476
-0.6175484,0.9312617,-2.249713
-0.3087725,0.9314936,-2.256658
-0.3086522,0.9100446,-2.250422
0,0.9312314,-2.261311
0,0.9097826,-2.255072
0.3086522,0.9100446,-2.250422
0.3087725,0.9314936,-2.256658
0.6175211,0.9098122,-2.243476
0.6175484,0.9312617,-2.249713
-0.842244,0.777833,-2.139978
-0.8733975,0.7750781,-2.131246
-0.8678494,0.8882189,-2.172949
-0.8395216,0.8847367,-2.190625
-0.6149611,0.7927016,-2.160797
-0.615009,0.6836327,-2.127933
-0.7292157,0.6839137,-2.114003
-0.7273999,0.79272,-2.148724
-0.7273999,0.79272,-2.148724
-0.7292157,0.6839137,-2.114003
-0.8226061,0.683322,-2.076645
-0.831247,0.7787232,-2.102562
-0.7321149,0.9095505,-2.233354
-0.7255841,0.9015263,-2.183444
-0.8293139,0.8783919,-2.142553
-0.8395216,0.8847367,-2.190625
-0.7358754,0.676141,-2.161452
-0.7292157,0.6839137,-2.114003
-0.615009,0.6836327,-2.127933
-0.6176205,0.6758396,-2.175417
-0.3168513,0.6836327,-2.134575
-0.3088941,0.6758395,-2.182295
0,0.6836325,-2.139144
0,0.6758394,-2.187026
0.3088941,0.6758395,-2.182295
0.3168513,0.6836327,-2.134575
0.6176205,0.6758396,-2.175417
0.615009,0.6836327,-2.127933
0.7358754,0.676141,-2.161452
0.7292157,0.6839137,-2.114003
-0.842244,0.777833,-2.139978
-0.831247,0.7787232,-2.102562
-0.8226061,0.683322,-2.076645
-0.8330503,0.6755062,-2.122381
-0.8395216,0.8847367,-2.190625
-0.8293139,0.8783919,-2.142553
-0.831247,0.7787232,-2.102562
-0.842244,0.777833,-2.139978
-0.7255841,0.9015263,-2.183444
-0.7273999,0.79272,-2.148724
-0.831247,0.7787232,-2.102562
-0.8293139,0.8783919,-2.142553
-0.6149132,0.9017703,-2.193661
-0.6149611,0.7927016,-2.160797
-0.7273999,0.79272,-2.148724
-0.7255841,0.9015263,-2.183444
-0.3166178,0.9019868,-2.20037
-0.6149611,0.7927016,-2.160797
-0.6149132,0.9017703,-2.193661
-0.3167346,0.7928098,-2.167472
-0.615009,0.6836327,-2.127933
-0.3168513,0.6836327,-2.134575
0,0.9017426,-2.204861
0,0.6836325,-2.139144
0.3168513,0.6836327,-2.134575
0.3166178,0.9019868,-2.20037
0.6149132,0.9017703,-2.193661
0.6149611,0.7927016,-2.160797
0.3167346,0.7928098,-2.167472
0.615009,0.6836327,-2.127933
-0.8330503,0.6755062,-2.122381
-0.8719811,0.65326,-2.097846
-0.8733975,0.7750781,-2.131246
-0.842244,0.777833,-2.139978
-0.8101633,0.4991752,-2.212209
-0.8026268,0.5454246,-2.136193
-0.6175484,0.5451524,-2.137406
-0.6197472,0.4993897,-2.212281
-0.3087725,0.5451605,-2.144287
-0.3098716,0.4994103,-2.21925
0,0.5451632,-2.149016
0,0.4994215,-2.224016
0.3098716,0.4994103,-2.21925
0.3087725,0.5451605,-2.144287
0.6197472,0.4993897,-2.212281
0.6175484,0.5451524,-2.137406
0.8101633,0.4991752,-2.212209
0.8026268,0.5454246,-2.136193
-0.8885636,0.4985253,-2.136278
-0.8860573,0.5458609,-2.0623
-0.8026268,0.5454246,-2.136193
-0.8101633,0.4991752,-2.212209
-0.8719811,0.65326,-2.097846
-0.8860573,0.5458609,-2.0623
-0.8932926,0.6060308,-1.718945
-0.8932926,0.7570882,-1.56618
-0.8320022,0.4097163,2.207084
-0.8133468,0.4268671,2.118272
-0.9016551,0.4268893,2.025176
-0.921738,0.3968393,2.071614
-0.6076003,0.4099385,2.271076
-0.8133468,0.4268671,2.118272
-0.8320022,0.4097163,2.207084
-0.5998427,0.4268898,2.182628
-0.2528214,0.4108819,2.364207
-0.267691,0.4268921,2.275292
0,0.4109423,2.381368
0,0.4268954,2.292266
0.267691,0.4268921,2.275292
0.2528214,0.4108819,2.364207
0.5998427,0.4268898,2.182628
0.6076003,0.4099385,2.271076
0.8133468,0.4268671,2.118272
0.8320022,0.4097163,2.207084
-0.9016551,0.4268893,2.025176
-0.8133468,0.4268671,2.118272
-0.8133468,0.6159748,2.134827
-0.8899566,0.6096837,2.037764
-0.2620828,0.6459673,2.280981
-0.2618916,0.6510555,2.259111
-0.5398195,0.6473492,2.188061
-0.5497405,0.6459481,2.209473
0,0.8201244,2.302189
0,0.8501154,2.302946
-0.186597,0.8501154,2.291037
-0.1865268,0.8201206,2.290498
-0.8083611,0.8197726,2.160234
-0.8133468,0.8501154,2.155323
-0.8757333,0.7867854,2.053066
-0.8591362,0.7677239,2.075823
-0.8591362,0.7677239,2.075823
-0.8757333,0.7867854,2.053066
-0.8899566,0.6096837,2.037764
-0.8708604,0.6414126,2.065992
-0.5510277,0.820135,2.220694
-0.5512819,0.8501154,2.221788
-0.6476117,0.8501154,2.198397
-0.6471455,0.8201692,2.196621
-0.5497405,0.6459481,2.209473
-0.5996411,0.6159748,2.195319
-0.2676056,0.6159748,2.279959
-0.2620828,0.6459673,2.280981
-0.2620828,0.6459673,2.280981
-0.2676056,0.6159748,2.279959
0,0.6159748,2.297037
0,0.6459657,2.297794
-0.6471455,0.8201692,2.196621
-0.6476117,0.8501154,2.198397
-0.8133468,0.8501154,2.155323
-0.8083611,0.8197726,2.160234
-0.2707192,0.8201229,2.27357
-0.5512819,0.8501154,2.221788
-0.5510277,0.820135,2.220694
-0.271375,0.8501154,2.275385
-0.1865268,0.8201206,2.290498
-0.186597,0.8501154,2.291037
-0.8708604,0.6414126,2.065992
-0.8899566,0.6096837,2.037764
-0.8133468,0.6159748,2.134827
-0.8143719,0.645991,2.135467
-0.8143719,0.645991,2.135467
-0.8133468,0.6159748,2.134827
-0.5996411,0.6159748,2.195319
-0.5497405,0.6459481,2.209473
-0.5206796,0.8015518,2.195215
-0.5200135,0.7338095,2.193642
-0.2618916,0.7337208,2.251079
-0.2618354,0.8040679,2.243828
0,0.6724967,2.275716
-0.2618354,0.8040679,2.243828
-0.2618916,0.7337208,2.251079
-0.1765664,0.8049425,2.260729
0,0.8055435,2.272174
-0.8492153,0.7620354,2.04828
-0.8609395,0.6353843,2.045008
-0.804451,0.6435569,2.114152
-0.801384,0.7337208,2.122177
-0.7984402,0.8183885,2.129881
-0.5200135,0.7338095,2.193642
-0.5193638,0.66815,2.192114
-0.2619313,0.6715983,2.2583
-0.2618916,0.7337208,2.251079
-0.8143719,0.645991,2.135467
-0.804451,0.6435569,2.114152
-0.8609395,0.6353843,2.045008
-0.8708604,0.6414126,2.065992
-0.8083611,0.8197726,2.160234
-0.7984402,0.8183885,2.129881
-0.6372246,0.8206702,2.166198
-0.6471455,0.8201692,2.196621
-0.6471455,0.8201692,2.196621
-0.6372246,0.8206702,2.166198
-0.5411068,0.8218836,2.19024
-0.5510277,0.820135,2.220694
-0.5497405,0.6459481,2.209473
-0.5398195,0.6473492,2.188061
-0.804451,0.6435569,2.114152
-0.8143719,0.645991,2.135467
-0.5510277,0.820135,2.220694
-0.5411068,0.8218836,2.19024
-0.2618916,0.8246118,2.243046
-0.2707192,0.8201229,2.27357
-0.5398195,0.6473492,2.188061
-0.5514491,0.658821,2.185496
-0.7924857,0.6553773,2.117917
-0.804451,0.6435569,2.114152
-0.804451,0.6435569,2.114152
-0.7924857,0.6553773,2.117917
-0.7904107,0.7220752,2.124559
-0.801384,0.7337208,2.122177
-0.801384,0.7337208,2.122177
-0.7904107,0.7220752,2.124559
-0.5516974,0.7220862,2.185532
-0.5404333,0.7337208,2.1891
-0.5516974,0.7220862,2.185532
-0.5514491,0.658821,2.185496
-0.5398195,0.6473492,2.188061
-0.7893307,0.7453699,2.125593
-0.801384,0.7337208,2.122177
-0.5521023,0.7453602,2.186695
-0.5411068,0.8218836,2.19024
-0.5524591,0.8100922,2.186991
-0.6372246,0.8206702,2.166198
-0.6369658,0.8090272,2.165804
-0.7984402,0.8183885,2.129881
-0.6369658,0.8090272,2.165804
-0.7874288,0.8068901,2.132131
-0.801384,0.7337208,2.122177
-0.7893307,0.7453699,2.125593
-0.7874288,0.8068901,2.132131
-0.7984402,0.8183885,2.129881
-0.8932926,0.581867,1.735273
-0.8932926,0.3192634,1.775756
-0.8992528,0.3398905,1.899512
-0.8919125,0.5674949,1.852066
-0.8932926,0.7643819,1.564989
-0.8932926,0.7643819,1.564989
-0.8919125,0.5674949,1.852066
-0.8703632,0.8468771,1.841303
-0.8932926,0.8129429,1.347637
-0.883374,0.8852398,1.469715
-0.913317,0.3165743,1.759623
-0.8932926,0.3192634,1.775756
-0.8932926,0.581867,1.735273
-0.913317,0.5795048,1.719953
-0.913317,0.7549925,1.552556
-0.6983899,0.7549925,1.552556
-0.6983899,0.5795048,1.719953
-0.913317,0.5795048,1.719953
-0.913317,0.7985013,1.342199
-0.913317,0.7470664,1.132288
-0.6983899,0.7470664,1.132288
-0.6983899,0.7985013,1.342199
-0.913317,0.7470664,1.132288
-0.8932926,0.7599323,1.123341
-0.8932926,0.6065413,0.9618863
-0.913317,0.5956352,0.9727924
-0.913317,0.5956352,0.9727924
-0.913317,0.2754414,0.9266456
-0.6983899,0.2754414,0.9266456
-0.6983899,0.5956352,0.9727924
-0.913317,0.7985013,1.342199
-0.6983899,0.7985013,1.342199
-0.6983899,0.7549925,1.552556
-0.913317,0.7549925,1.552556
-0.913317,0.7525888,-1.140351
-0.8932926,0.7674296,-1.135025
-0.8932926,0.8249994,-1.350376
-0.913317,0.809384,-1.350015
-0.913317,0.7439602,-1.558084
-0.6983899,0.7439602,-1.558084
-0.6983899,0.809384,-1.350015
-0.913317,0.809384,-1.350015
-0.913317,0.6017659,-1.703789
-0.6983899,0.6017659,-1.703789
-0.6983899,0.7439602,-1.558084
-0.913317,0.7439602,-1.558084
-0.913317,0.6017659,-1.703789
-0.8932926,0.6060308,-1.718945
-0.8932926,0.3713171,-1.78375
-0.913317,0.3664478,-1.767475
-0.913317,0.7525888,-1.140351
-0.6983899,0.7525888,-1.140351
-0.6983899,0.5979865,-0.9805855
-0.913317,0.5979865,-0.9805855
-0.6983899,0.4039652,-0.9251733
-0.913317,0.4039652,-0.9251733
-0.913317,0.2705888,-0.9126365
-0.8932926,0.2705888,-0.8975651
-0.8932926,0.4060115,-0.9096982
-0.913317,0.4039652,-0.9251733
-0.8885636,0.4985253,-2.136278
-0.8932926,0.3713171,-1.78375
-0.8932926,0.6060308,-1.718945
-0.8860573,0.5458609,-2.0623
-0.03796521,1.029442,1.368868
-0.3283484,0.9869485,1.323014
-0.2891287,1.02961,1.361434
0,0.9869485,1.332745
0.03796521,1.029442,1.368868
0.3283484,0.9869485,1.323014
0.2891287,1.02961,1.361434
-0.03796569,1.011704,1.719218
0,0.9652923,1.757498
0,0.9869485,1.332745
-0.03796521,1.029442,1.368868
-0.2891287,1.02961,1.361434
-0.3283484,0.9869485,1.323014
-0.3146818,0.9638535,1.748927
-0.2778574,1.010438,1.712676
-0.2964719,0.9718236,1.74311
-0.2964719,0.9718236,1.713328
-0.2721458,1.002583,1.689364
-0.2721458,1.002583,1.719146
-0.2721458,1.002583,1.689364
-0.2964719,0.9718236,1.713328
-0.01862986,0.9730892,1.720889
-0.04373556,1.00379,1.695595
-0.2721458,1.002583,1.719146
-0.2721458,1.002583,1.689364
-0.04373556,1.00379,1.695595
-0.04373556,1.00379,1.725378
-0.04373556,1.00379,1.725378
-0.04373556,1.00379,1.695595
-0.01862986,0.9730892,1.720889
-0.01862986,0.9730892,1.750671
-0.01862986,0.9730892,1.750671
-0.01862986,0.9730892,1.720889
-0.2964719,0.9718236,1.713328
-0.2964719,0.9718236,1.74311
-0.913317,0.5956352,0.9727924
-0.6983899,0.5956352,0.9727924
-0.6983899,0.7470664,1.132288
-0.913317,0.7470664,1.132288
-0.913317,0.4039652,-0.9251733
-0.6983899,0.4039652,-0.9251733
-0.6983899,0.2705888,-0.9126365
-0.913317,0.2705888,-0.9126365
-0.913317,0.5795048,1.719953
-0.6983899,0.5795048,1.719953
-0.6983899,0.3165743,1.759623
-0.913317,0.3165743,1.759623
-0.8932926,0.7657179,-1.552188
-0.8932926,0.7570882,-1.56618
-0.913317,0.7439602,-1.558084
-0.913317,0.809384,-1.350015
-0.8932926,0.8249994,-1.350376
-0.913317,0.5956352,0.9727924
-0.8932926,0.6065413,0.9618863
-0.8932926,0.2751992,0.9093315
-0.913317,0.2754414,0.9266456
-0.913317,0.7549925,1.552556
-0.8932926,0.7643819,1.564989
-0.8932926,0.8129429,1.347637
-0.913317,0.7985013,1.342199
-0.913317,0.3664478,-1.767475
-0.6511508,0.3736317,-1.786021
-0.6983899,0.6017659,-1.703789
-0.913317,0.6017659,-1.703789
-0.913317,0.7985013,1.342199
-0.8932926,0.8129429,1.347637
-0.8932926,0.7599323,1.123341
-0.913317,0.7470664,1.132288
-0.913317,0.809384,-1.350015
-0.6983899,0.809384,-1.350015
-0.6983899,0.7525888,-1.140351
-0.913317,0.7525888,-1.140351
-0.6983899,0.5956352,0.9727924
-0.6983899,0.2754414,0.9266456
-0.6983899,0.3165743,1.759623
-0.6983899,0.5795048,1.719953
-0.6983899,0.7549925,1.552556
-0.6983899,0.7470664,1.132288
-0.6983899,0.7985013,1.342199
-0.6511508,0.3736317,-1.786021
-0.6983899,0.2705888,-0.9126365
-0.6983899,0.4039652,-0.9251733
-0.6983899,0.6017659,-1.703789
-0.6983899,0.5979865,-0.9805855
-0.6983899,0.7525888,-1.140351
-0.6983899,0.7439602,-1.558084
-0.6983899,0.809384,-1.350015
-0.8932926,0.3713171,-1.78375
-0.8101633,0.3666442,-1.782508
-0.6511508,0.3736317,-1.786021
-0.913317,0.3664478,-1.767475
-0.8932926,0.3192634,1.775756
-0.913317,0.3165743,1.759623
-0.6983899,0.3165743,1.759623
-0.6710703,0.3010838,1.775756
-0.8113786,0.3078153,1.775756
-0.6983937,0.2748875,0.9072539
-0.6710703,0.3010838,1.775756
-0.6983899,0.3165743,1.759623
-0.6983899,0.2754414,0.9266456
-0.8101633,0.2732875,0.9093305
-0.6983937,0.2748875,0.9072539
-0.6983899,0.2754414,0.9266456
-0.8992528,0.2732875,0.9093316
-0.913317,0.2754414,0.9266456
-0.8735419,0.8164974,-0.3241747
-0.8735419,0.8164974,-0.5618812
-0.8701251,0.8595795,-0.5618812
-0.8701251,0.8595795,-0.3241747
-0.8735419,0.8164974,-0.5618812
-0.9078743,0.8221525,-0.5618812
-0.9044579,0.8652346,-0.5618812
-0.8701251,0.8595795,-0.5618812
-0.9078743,0.8221525,-0.5618812
-0.9078743,0.8221525,-0.3241747
-0.9044579,0.8652346,-0.3241747
-0.9044579,0.8652346,-0.5618812
-0.9078743,0.8221525,-0.3241747
-0.8735419,0.8164974,-0.3241747
-0.8701251,0.8595795,-0.3241747
-0.9044579,0.8652346,-0.3241747
-0.8735419,0.8164974,-0.5618812
-0.8735419,0.8164974,-0.3241747
-0.9078743,0.8221525,-0.3241747
-0.9078743,0.8221525,-0.5618812
-0.9044579,0.8652346,-0.5618812
-0.9044579,0.8652346,-0.3241747
-0.8701251,0.8595795,-0.3241747
-0.8701251,0.8595795,-0.5618812
-0.2676056,0.5599003,2.278544
-0.2676056,0.6159748,2.279959
0,0.6159748,2.297037
0,0.5599003,2.295622
-0.2619313,0.6715983,2.2583
-0.2618916,0.6510555,2.259111
0,0.6519439,2.276263
0,0.6724967,2.275716
-0.1765664,0.8049425,2.260729
-0.1766059,0.8254866,2.259952
-0.2618916,0.8246118,2.243046
-0.2618354,0.8040679,2.243828
-0.5193638,0.66815,2.192114
-0.5398195,0.6473492,2.188061
-0.2618916,0.6510555,2.259111
-0.2619313,0.6715983,2.2583
-0.2618354,0.8040679,2.243828
-0.2618916,0.8246118,2.243046
-0.5411068,0.8218836,2.19024
-0.5206796,0.8015518,2.195215
-0.5206796,0.8015518,2.195215
-0.5411068,0.8218836,2.19024
-0.5404333,0.7337208,2.1891
-0.5200135,0.7338095,2.193642
-0.5398195,0.6473492,2.188061
-0.5193638,0.66815,2.192114
0,0.8055435,2.272174
0,0.8260964,2.271626
-0.1766059,0.8254866,2.259952
-0.1765664,0.8049425,2.260729
-0.913317,0.5795048,1.719953
-0.8932926,0.581867,1.735273
-0.8932926,0.7643819,1.564989
-0.913317,0.7549925,1.552556
-0.913317,0.5979865,-0.9805855
-0.8932926,0.7674296,-1.135025
-0.913317,0.7525888,-1.140351
-0.8932926,0.6063799,-0.9676456
-0.913317,0.4039652,-0.9251733
-0.8932926,0.4060115,-0.9096982
-0.913317,0.7439602,-1.558084
-0.8932926,0.7570882,-1.56618
-0.8932926,0.6060308,-1.718945
-0.913317,0.6017659,-1.703789
-0.4534861,0.8262999,-2.103138
-0.454471,0.8706115,-2.11106
-0.7341644,0.8689507,-2.102982
-0.733833,0.823216,-2.094786
-0.733833,0.823216,-2.094786
-0.7400485,0.8101804,-2.180728
-0.4576551,0.8085678,-2.196554
-0.4534861,0.8262999,-2.103138
-0.454471,0.8706115,-2.11106
-0.4579044,0.8505243,-2.210559
-0.7396683,0.8535641,-2.195086
-0.7341644,0.8689507,-2.102982
-0.7341644,0.8689507,-2.102982
-0.7396683,0.8535641,-2.195086
-0.7400485,0.8101804,-2.180728
-0.733833,0.823216,-2.094786
-0.4543304,0.7407431,-2.076851
-0.4585002,0.7230198,-2.170519
-0.4587483,0.7651623,-2.184058
-0.4553152,0.7850548,-2.084774
-0.4543304,0.7407431,-2.076851
-0.4553152,0.7850548,-2.084774
-0.7350085,0.7833939,-2.076696
-0.7346771,0.7376592,-2.068499
-0.7346771,0.7376592,-2.068499
-0.7408945,0.7244263,-2.154676
-0.4585002,0.7230198,-2.170519
-0.4543304,0.7407431,-2.076851
-0.4553152,0.7850548,-2.084774
-0.4587483,0.7651623,-2.184058
-0.740512,0.7679986,-2.168552
-0.7350085,0.7833939,-2.076696
-0.7350085,0.7833939,-2.076696
-0.740512,0.7679986,-2.168552
-0.7408945,0.7244263,-2.154676
-0.7346771,0.7376592,-2.068499
-0.4534861,0.8262999,-2.103138
-0.4576551,0.8085678,-2.196554
-0.4579044,0.8505243,-2.210559
-0.454471,0.8706115,-2.11106
-0.6047629,0.4462799,-2.237708
-0.6429712,0.4325415,-2.229851
-0.6429712,0.5287553,-2.061611
-0.6047629,0.5424936,-2.069468
-0.6429712,0.4325415,-2.229851
-0.6587979,0.3993739,-2.210883
-0.6587979,0.4955877,-2.042643
-0.6429712,0.5287553,-2.061611
-0.6587979,0.3993739,-2.210883
-0.6429712,0.3662063,-2.191915
-0.6429712,0.4624201,-2.023675
-0.6587979,0.4955877,-2.042643
-0.6429712,0.3662063,-2.191915
-0.6047629,0.3524679,-2.184058
-0.6047629,0.4486817,-2.015818
-0.6429712,0.4624201,-2.023675
-0.6047629,0.3524679,-2.184058
-0.5665544,0.3662063,-2.191915
-0.5665544,0.4624201,-2.023675
-0.6047629,0.4486817,-2.015818
-0.5665544,0.3662063,-2.191915
-0.5507278,0.3993739,-2.210883
-0.5507278,0.4955877,-2.042643
-0.5665544,0.4624201,-2.023675
-0.6429712,0.5287553,-2.061611
-0.6587979,0.4955877,-2.042643
-0.6429712,0.4624201,-2.023675
-0.6047629,0.5424936,-2.069468
-0.6047629,0.4486817,-2.015818
-0.5665544,0.5287553,-2.061611
-0.5665544,0.4624201,-2.023675
-0.5507278,0.4955877,-2.042643
-0.5507278,0.3993739,-2.210883
-0.5665544,0.4325415,-2.229851
-0.5665544,0.5287553,-2.061611
-0.5507278,0.4955877,-2.042643
-0.5665544,0.4325415,-2.229851
-0.6047629,0.4462799,-2.237708
-0.6047629,0.5424936,-2.069468
-0.5665544,0.5287553,-2.061611
-0.6356471,0.3725642,-2.195551
-0.6484398,0.3993739,-2.210883
-0.6356471,0.4261836,-2.226215
-0.6047629,0.3614593,-2.1892
-0.6047629,0.4372884,-2.232566
-0.5738786,0.3725642,-2.195551
-0.5738786,0.4261836,-2.226215
-0.5610859,0.3993739,-2.210883
-0.8013437,0.9492401,0.7291133
-0.8013437,0.9492401,0.7088161
-0.8013437,0.9653594,0.7088161
-0.8013437,0.9653594,0.7291133
-0.8013437,0.9492401,0.7088161
-0.8589848,0.9808235,0.7055563
-0.8582538,1.008564,0.7055563
-0.8013437,0.9653594,0.7088161
-0.8589848,0.9808235,0.7258539
-0.8013437,0.9492401,0.7291133
-0.8013437,0.9653594,0.7291133
-0.8582538,1.008564,0.7258539
-0.8013437,0.9492401,0.7088161
-0.8013437,0.9492401,0.7291133
-0.8589848,0.9808235,0.7258539
-0.8589848,0.9808235,0.7055563
-0.8582538,1.008564,0.7055563
-0.8582538,1.008564,0.7258539
-0.8013437,0.9653594,0.7291133
-0.8013437,0.9653594,0.7088161
-0.8575758,1.045548,0.6867735
-1.014443,1.035068,0.6867735
-1.014443,1.035068,0.7446367
-0.8575758,1.045548,0.7446367
-1.014442,0.9620129,0.6867735
-1.014442,0.9620129,0.7446367
-1.014443,1.035068,0.7446367
-1.014443,1.035068,0.6867735
-0.8679089,0.9584048,0.6867735
-1.005998,0.9696465,0.6867735
-1.005999,1.027321,0.6867735
-0.8662138,1.036659,0.6867735
-0.8575758,1.045548,0.7446367
-1.014443,1.035068,0.7446367
-1.014442,0.9620129,0.7446367
-0.8596579,0.9494124,0.7446367
-0.8596579,0.9494124,0.7446367
-1.014442,0.9620129,0.7446367
-1.014442,0.9620129,0.6867735
-0.8596579,0.9494124,0.6867735
-0.8662138,1.036659,0.6867735
-0.8575758,1.045548,0.6867735
-0.8596579,0.9494124,0.6867735
-0.8679089,0.9584048,0.6867735
-0.8679089,0.9584048,0.6867735
-1.014442,0.9620129,0.6867735
-1.005998,0.9696465,0.6867735
-1.014443,1.035068,0.6867735
-1.005999,1.027321,0.6867735
-0.8575758,1.045548,0.6867735
-0.8662138,1.036659,0.6867735
0.9016551,0.4268893,2.025176
0.921738,0.3968393,2.071614
0.8992528,0.3398905,1.899512
0.8919125,0.5674949,1.852066
0.8899566,0.6096837,2.037764
0.8757333,0.7867854,2.053066
0.8703632,0.8468771,1.841303
0.2891287,1.02961,1.361434
0.03796521,1.029442,1.368868
0.03796569,1.011704,1.719218
0.2778574,1.010438,1.712676
0.8101633,0.9573058,1.429407
0.70329,0.9908924,1.478676
0.6902729,0.9367455,1.887446
0.8101633,0.9145784,1.88981
0.2677434,0.4343693,2.275545
0,0.4343737,2.292454
0,0.4268954,2.292266
0.267691,0.4268921,2.275292
0.883374,0.8852398,1.469715
0.8101633,0.9573058,1.429407
0.8101633,0.9145784,1.88981
0.8703632,0.8468771,1.841303
0.47065,0.4343705,2.21873
0.2677434,0.4343693,2.275545
0.267691,0.4268921,2.275292
0.5998427,0.4268898,2.182628
0.5803922,0.5962891,2.199564
0.5998427,0.4268898,2.182628
0.5996411,0.6159748,2.195319
0.8133468,0.4268671,2.118272
0.8133468,0.6159748,2.134827
0.267478,0.5962908,2.279291
0.5996411,0.6159748,2.195319
0.2676056,0.6159748,2.279959
0.883374,0.8952914,0.2888127
0.8101633,0.9723268,0.2888127
0.8101633,0.9847976,0.6461889
0.883374,0.89263,0.6488022
0.8101633,0.9573058,1.429407
0.883374,0.8852398,1.469715
0.8053549,0.9878878,0.2874488
0.7588146,1.12922,0.445164
0.806193,0.9991899,0.6040968
0.7345588,1.271234,0.2783983
0.800384,0.9943846,-0.5315268
0.6954565,1.349286,-0.5402483
0.7051827,1.348445,0.1413497
0.6976175,1.370461,-0.1418606
0.695142,1.361375,-0.4438699
0.8101633,0.9723268,0.2888127
0.883374,0.8952914,0.2888127
0.883374,0.9533409,-1.165959
0.8049145,0.9789463,-0.5512025
0.8047346,0.9798188,-0.5800024
0.8010733,1.01069,-1.165959
0.883374,0.9728209,-1.633252
0.7078624,1.110854,-1.602752
-0.8320022,0.4097163,2.207084
-0.8117551,0.3193468,1.912632
0.8117551,0.3193468,1.912632
0.8320022,0.4097163,2.207084
-0.6076003,0.4099385,2.271076
0.6076003,0.4099385,2.271076
-0.2528214,0.4108819,2.364207
0.2528214,0.4108819,2.364207
0,0.4109423,2.381368
0.7078624,1.110854,-1.602752
0.6525305,1.296784,-1.205865
0.8010733,1.01069,-1.165959
0.7558351,1.114087,-1.133907
0.7094855,1.272397,-0.9704511
0.6920478,1.340446,-0.7423986
0.6624046,1.40261,-0.663976
0.6911372,1.359515,-0.5893984
0.6909665,1.363088,-0.5607259
0.6903041,1.37696,-0.4494273
0.6928039,1.38616,-0.143577
0.6758921,1.419468,0.1006791
0.6691483,1.427672,-0.2816484
0.7005575,1.363696,0.1455114
0.6990672,1.361259,0.2608129
0.7305816,1.284193,0.2872993
0.8858122,0.8854488,-1.634607
0.883374,0.9728209,-1.633252
0.883374,0.9533409,-1.165959
0.8932926,0.8249994,-1.350376
0.8932926,0.7674296,-1.135025
0.883374,0.8952914,0.2888127
0.8932926,0.6063799,-0.9676456
0.8932926,0.7657179,-1.552188
0.8919125,0.5593749,0.2888128
0.8932926,0.4060115,-0.9096982
0.883374,0.89263,0.6488022
0.889303,0.7603537,-1.636546
0.8940424,0.728689,-1.63821
0.8733975,0.7750781,-2.131246
0.8678494,0.8882189,-2.172949
0.8992528,0.270589,0.2888129
0.8932926,0.2705888,-0.8975651
0.8919125,0.5576324,0.7986877
0.8992528,0.2732875,0.9093316
0.8932926,0.6065413,0.9618863
0.8932926,0.2751992,0.9093315
0.8932926,0.7599323,1.123341
0.8932926,0.8129429,1.347637
0.883374,0.8852398,1.469715
0.8719811,0.65326,-2.097846
0.889303,0.7603537,-1.636546
0.8940424,0.728689,-1.63821
0.8026268,0.5454246,-2.136193
0.7347931,0.6543906,-2.156251
0.8719811,0.65326,-2.097846
0.8860573,0.5458609,-2.0623
0.8553983,0.9165484,-2.165853
0.7494952,0.9589806,-2.232801
0.7078624,1.110854,-1.602752
0.883374,0.9728209,-1.633252
0.6175484,0.5451524,-2.137406
0.6175484,0.6543906,-2.16918
0.7347931,0.6543906,-2.156251
0.8026268,0.5454246,-2.136193
0.6758921,1.419468,0.1006791
0.3798798,1.435517,0.1217737
0.4110766,1.397089,0.2868558
0.6990672,1.361259,0.2608129
0.6566589,0.9911109,1.476115
0.3283484,0.9869485,1.323014
0.3146818,0.9638535,1.748927
0.6352457,0.9439332,1.879561
0.6525305,1.296784,-1.205865
0.3213533,1.334824,-1.202102
0.3486831,1.424313,-0.6690398
0.6624046,1.40261,-0.663976
0.7890317,0.9894599,0.7170656
0.8101633,0.9847976,0.6461889
0.7552278,1.140166,0.4568631
0.6990672,1.361259,0.2608129
0.7305816,1.284193,0.2872993
0.8101633,0.9847976,0.6461889
0.7890317,0.9894599,0.7170656
0.70329,0.9908924,1.478676
0.8101633,0.9573058,1.429407
0.6352457,0.9439332,1.879561
0.3146818,0.9638535,1.748927
0.1854847,0.8569916,2.27577
0.2713557,0.8570625,2.259151
0.8703632,0.8468771,1.841303
0.8101633,0.9145784,1.88981
0.8133468,0.8501154,2.155323
0.8757333,0.7867854,2.053066
-0.8113786,0.3078153,1.775756
-0.6710703,0.3010838,1.775756
0.6710703,0.3010838,1.775756
0.8113786,0.3078153,1.775756
-0.8117551,0.3193468,1.912632
0.8117551,0.3193468,1.912632
0.8113786,0.3078153,1.775756
0.8932926,0.3192634,1.775756
0.8992528,0.3398905,1.899512
0.8117551,0.3193468,1.912632
0.4646419,0.4460816,2.201312
0.5586328,0.5845733,2.185335
0.2674081,0.5845793,2.259422
0.2678187,0.4460808,2.256414
0.8101633,0.4991752,-2.212209
0.8885636,0.4985253,-2.136278
0.8932926,0.3713171,-1.78375
0.8101633,0.3666442,-1.782508
0.8117551,0.3193468,1.912632
0.8992528,0.3398905,1.899512
0.921738,0.3968393,2.071614
0.8320022,0.4097163,2.207084
0.2678187,0.4460808,2.256414
0.2674081,0.5845793,2.259422
0,0.5845729,2.276746
0,0.4460871,2.273251
0.8708604,0.6414126,2.065992
0.8591362,0.7677239,2.075823
0.8492153,0.7620354,2.04828
0.8609395,0.6353843,2.045008
0.8101633,0.9145784,1.88981
0.6476117,0.8501154,2.198397
0.8133468,0.8501154,2.155323
0.6902729,0.9367455,1.887446
0.6352457,0.9439332,1.879561
0.5515189,0.8541099,2.210078
0.8591362,0.7677239,2.075823
0.8083611,0.8197726,2.160234
0.7984402,0.8183885,2.129881
0.8492153,0.7620354,2.04828
0.8934926,0.5185,1.855997
0.8934331,0.5553619,2.034023
0.8899566,0.6096837,2.037764
0.8919125,0.5674949,1.852066
0.5996411,0.5599003,2.191596
0.2676056,0.5599003,2.278544
0.2676056,0.6159748,2.279959
0.5996411,0.6159748,2.195319
0.8133468,0.5599003,2.129918
0.8133468,0.6159748,2.134827
0.8934331,0.5553619,2.034023
0.8133468,0.5599003,2.129918
0.8133468,0.6159748,2.134827
0.8899566,0.6096837,2.037764
0.2737995,0.5585775,2.315927
0.2737807,0.6146538,2.317345
0,0.6150207,2.334843
0,0.5589463,2.333428
0.9191025,0.5229487,1.873002
0.9172413,0.5723906,1.870071
0.9257029,0.6099378,2.052039
0.9303885,0.5560077,2.044916
0.6099308,0.5576584,2.228053
0.2737807,0.6146538,2.317345
0.2737995,0.5585775,2.315927
0.6099201,0.6137453,2.231779
0.8351999,0.5579822,2.161094
0.8343124,0.6139718,2.16658
0.9303885,0.5560077,2.044916
0.9257029,0.6099378,2.052039
0.8343124,0.6139718,2.16658
0.8351999,0.5579822,2.161094
0.8934331,0.5553619,2.034023
0.8934926,0.5185,1.855997
0.9191025,0.5229487,1.873002
0.9303885,0.5560077,2.044916
0.8899566,0.6096837,2.037764
0.8133468,0.6159748,2.134827
0.8343124,0.6139718,2.16658
0.9257029,0.6099378,2.052039
0.8133468,0.5599003,2.129918
0.8934331,0.5553619,2.034023
0.9303885,0.5560077,2.044916
0.8351999,0.5579822,2.161094
0.8934926,0.5185,1.855997
0.8919125,0.5674949,1.852066
0.9172413,0.5723906,1.870071
0.9191025,0.5229487,1.873002
0.8919125,0.5674949,1.852066
0.8899566,0.6096837,2.037764
0.9257029,0.6099378,2.052039
0.9172413,0.5723906,1.870071
0,0.5962862,2.29654
0.267478,0.5962908,2.279291
0.2676056,0.6159748,2.279959
0,0.6159748,2.297037
0.4646419,0.4460816,2.201312
0.2678187,0.4460808,2.256414
0.2677434,0.4343693,2.275545
0.47065,0.4343705,2.21873
0.2678187,0.4460808,2.256414
0,0.4460871,2.273251
0,0.4343737,2.292454
0.2677434,0.4343693,2.275545
0.2674081,0.5845793,2.259422
0.5586328,0.5845733,2.185335
0.5803922,0.5962891,2.199564
0.267478,0.5962908,2.279291
0,0.5845729,2.276746
0.2674081,0.5845793,2.259422
0.267478,0.5962908,2.279291
0,0.5962862,2.29654
0.5586328,0.5845733,2.185335
0.4646419,0.4460816,2.201312
0.47065,0.4343705,2.21873
0.5803922,0.5962891,2.199564
0.6854363,1.354259,0.2727257
0.7710846,1.0012,0.7073833
0.7890317,0.9894599,0.7170656
0.6990672,1.361259,0.2608129
0.4097463,1.387528,0.3002227
0.4110766,1.397089,0.2868558
0.7710846,1.0012,0.7073833
0.3610862,0.9867731,0.7932886
0.3636519,0.9760025,0.8059756
0.7890317,0.9894599,0.7170656
0.688583,1.121685,-1.585375
0.6525305,1.296784,-1.205865
0.7078624,1.110854,-1.602752
0.6382471,1.289374,-1.22383
0.3213533,1.334824,-1.202102
0.3193456,1.326184,-1.220688
0.3610862,0.9867731,0.7932886
0,0.9867554,0.8091751
0,0.9760025,0.8213608
0.3636519,0.9760025,0.8059756
0.6971,1.342557,-0.6058663
0.7988403,0.9958751,-0.5973749
0.796057,1.024911,-1.144291
0.7586464,1.106692,-1.118776
0.7144136,1.259,-0.9625599
0.6974291,1.325593,-0.7406437
0.8053549,0.9878878,0.2874488
0.806193,0.9991899,0.6040968
0.8101633,0.9847976,0.6461889
0.8101633,0.9723268,0.2888127
0.800384,0.9943846,-0.5315268
0.8049145,0.9789463,-0.5512025
0.6954565,1.349286,-0.5402483
0.6909665,1.363088,-0.5607259
0.695142,1.361375,-0.4438699
0.8047346,0.9798188,-0.5800024
0.6903041,1.37696,-0.4494273
0.6911372,1.359515,-0.5893984
0.7988403,0.9958751,-0.5973749
0.6971,1.342557,-0.6058663
0.6976175,1.370461,-0.1418606
0.6928039,1.38616,-0.143577
0.7051827,1.348445,0.1413497
0.7005575,1.363696,0.1455114
0.7345588,1.271234,0.2783983
0.7305816,1.284193,0.2872993
0.7144136,1.259,-0.9625599
0.7586464,1.106692,-1.118776
0.7558351,1.114087,-1.133907
0.7094855,1.272397,-0.9704511
0.6974291,1.325593,-0.7406437
0.6920478,1.340446,-0.7423986
0.6971,1.342557,-0.6058663
0.6911372,1.359515,-0.5893984
0.7586464,1.106692,-1.118776
0.796057,1.024911,-1.144291
0.8010733,1.01069,-1.165959
0.7558351,1.114087,-1.133907
0.806193,0.9991899,0.6040968
0.7588146,1.12922,0.445164
0.7552278,1.140166,0.4568631
0.8101633,0.9847976,0.6461889
0.7588146,1.12922,0.445164
0.7345588,1.271234,0.2783983
0.7305816,1.284193,0.2872993
0.7552278,1.140166,0.4568631
0.796057,1.024911,-1.144291
0.7988403,0.9958751,-0.5973749
0.8047346,0.9798188,-0.5800024
0.8010733,1.01069,-1.165959
0.1854847,0.8569916,2.27577
0,0.8565933,2.287494
0,0.8501154,2.302946
0.186597,0.8501154,2.291037
0.6916419,0.9864024,0.733838
0.6566589,0.9911109,1.476115
0.70329,0.9908924,1.478676
0.7890317,0.9894599,0.7170656
0.6566589,0.9911109,1.476115
0.6352457,0.9439332,1.879561
0.6902729,0.9367455,1.887446
0.70329,0.9908924,1.478676
0.5515189,0.8541099,2.210078
0.5512819,0.8501154,2.221788
0.6476117,0.8501154,2.198397
0.271375,0.8501154,2.275385
0.2713557,0.8570625,2.259151
0.186597,0.8501154,2.291037
0.1854847,0.8569916,2.27577
0.8678494,0.8882189,-2.172949
0.7347931,0.9317851,-2.236936
0.7494952,0.9589806,-2.232801
0.8553983,0.9165484,-2.165853
0.7347931,0.9317851,-2.236936
0.6175484,0.9312617,-2.249713
0.6175484,0.9638414,-2.232801
0.7494952,0.9589806,-2.232801
0.8858122,0.8854488,-1.634607
0.8678494,0.8882189,-2.172949
0.8553983,0.9165484,-2.165853
0.883374,0.9728209,-1.633252
0.8330503,0.6755062,-2.122381
0.7358754,0.676141,-2.161452
0.7292157,0.6839137,-2.114003
0.8226061,0.683322,-2.076645
0.6176205,0.6758396,-2.175417
0.7358754,0.676141,-2.161452
0.7347931,0.6543906,-2.156251
0.6175484,0.6543906,-2.16918
0.7358754,0.676141,-2.161452
0.8330503,0.6755062,-2.122381
0.8719811,0.65326,-2.097846
0.7347931,0.6543906,-2.156251
0.8395216,0.8847367,-2.190625
0.7321149,0.9095505,-2.233354
0.7347931,0.9317851,-2.236936
0.8678494,0.8882189,-2.172949
0.7321149,0.9095505,-2.233354
0.6175211,0.9098122,-2.243476
0.6175484,0.9312617,-2.249713
0.7347931,0.9317851,-2.236936
0.842244,0.777833,-2.139978
0.8395216,0.8847367,-2.190625
0.8678494,0.8882189,-2.172949
0.8733975,0.7750781,-2.131246
0.6149611,0.7927016,-2.160797
0.7273999,0.79272,-2.148724
0.7292157,0.6839137,-2.114003
0.615009,0.6836327,-2.127933
0.7273999,0.79272,-2.148724
0.831247,0.7787232,-2.102562
0.8226061,0.683322,-2.076645
0.7292157,0.6839137,-2.114003
0.7321149,0.9095505,-2.233354
0.8395216,0.8847367,-2.190625
0.8293139,0.8783919,-2.142553
0.7255841,0.9015263,-2.183444
0.842244,0.777833,-2.139978
0.8330503,0.6755062,-2.122381
0.8226061,0.683322,-2.076645
0.831247,0.7787232,-2.102562
0.8395216,0.8847367,-2.190625
0.842244,0.777833,-2.139978
0.831247,0.7787232,-2.102562
0.8293139,0.8783919,-2.142553
0.7255841,0.9015263,-2.183444
0.8293139,0.8783919,-2.142553
0.831247,0.7787232,-2.102562
0.7273999,0.79272,-2.148724
0.6149132,0.9017703,-2.193661
0.7255841,0.9015263,-2.183444
0.7273999,0.79272,-2.148724
0.6149611,0.7927016,-2.160797
0.8330503,0.6755062,-2.122381
0.842244,0.777833,-2.139978
0.8733975,0.7750781,-2.131246
0.8719811,0.65326,-2.097846
0.8885636,0.4985253,-2.136278
0.8101633,0.4991752,-2.212209
0.8026268,0.5454246,-2.136193
0.8860573,0.5458609,-2.0623
0.8932926,0.6060308,-1.718945
0.8860573,0.5458609,-2.0623
0.8719811,0.65326,-2.097846
0.8932926,0.7570882,-1.56618
0.8320022,0.4097163,2.207084
0.921738,0.3968393,2.071614
0.9016551,0.4268893,2.025176
0.8133468,0.4268671,2.118272
0.9016551,0.4268893,2.025176
0.8899566,0.6096837,2.037764
0.8133468,0.6159748,2.134827
0.8133468,0.4268671,2.118272
0.2620828,0.6459673,2.280981
0.5497405,0.6459481,2.209473
0.5398195,0.6473492,2.188061
0.2618916,0.6510555,2.259111
0,0.8201244,2.302189
0.1865268,0.8201206,2.290498
0.186597,0.8501154,2.291037
0,0.8501154,2.302946
0.8083611,0.8197726,2.160234
0.8591362,0.7677239,2.075823
0.8757333,0.7867854,2.053066
0.8133468,0.8501154,2.155323
0.8591362,0.7677239,2.075823
0.8708604,0.6414126,2.065992
0.8899566,0.6096837,2.037764
0.8757333,0.7867854,2.053066
0.5510277,0.820135,2.220694
0.6471455,0.8201692,2.196621
0.6476117,0.8501154,2.198397
0.5512819,0.8501154,2.221788
0.5497405,0.6459481,2.209473
0.2620828,0.6459673,2.280981
0.2676056,0.6159748,2.279959
0.5996411,0.6159748,2.195319
0.2620828,0.6459673,2.280981
0,0.6459657,2.297794
0,0.6159748,2.297037
0.2676056,0.6159748,2.279959
0.6471455,0.8201692,2.196621
0.8083611,0.8197726,2.160234
0.8133468,0.8501154,2.155323
0.6476117,0.8501154,2.198397
0.2707192,0.8201229,2.27357
0.5510277,0.820135,2.220694
0.5512819,0.8501154,2.221788
0.271375,0.8501154,2.275385
0.1865268,0.8201206,2.290498
0.186597,0.8501154,2.291037
0.8708604,0.6414126,2.065992
0.8143719,0.645991,2.135467
0.8133468,0.6159748,2.134827
0.8899566,0.6096837,2.037764
0.8143719,0.645991,2.135467
0.5497405,0.6459481,2.209473
0.5996411,0.6159748,2.195319
0.8133468,0.6159748,2.134827
0.5206796,0.8015518,2.195215
0.2618354,0.8040679,2.243828
0.2618916,0.7337208,2.251079
0.5200135,0.7338095,2.193642
0.1765664,0.8049425,2.260729
0,0.8055435,2.272174
0,0.6724967,2.275716
0.2619313,0.6715983,2.2583
0.804451,0.6435569,2.114152
0.8609395,0.6353843,2.045008
0.8492153,0.7620354,2.04828
0.801384,0.7337208,2.122177
0.7984402,0.8183885,2.129881
0.5200135,0.7338095,2.193642
0.2618916,0.7337208,2.251079
0.2619313,0.6715983,2.2583
0.5193638,0.66815,2.192114
0.8143719,0.645991,2.135467
0.8708604,0.6414126,2.065992
0.8609395,0.6353843,2.045008
0.804451,0.6435569,2.114152
0.8083611,0.8197726,2.160234
0.6471455,0.8201692,2.196621
0.6372246,0.8206702,2.166198
0.7984402,0.8183885,2.129881
0.6471455,0.8201692,2.196621
0.5510277,0.820135,2.220694
0.5411068,0.8218836,2.19024
0.6372246,0.8206702,2.166198
0.5497405,0.6459481,2.209473
0.8143719,0.645991,2.135467
0.804451,0.6435569,2.114152
0.5398195,0.6473492,2.188061
0.5510277,0.820135,2.220694
0.2707192,0.8201229,2.27357
0.2618916,0.8246118,2.243046
0.5411068,0.8218836,2.19024
0.5398195,0.6473492,2.188061
0.804451,0.6435569,2.114152
0.7924857,0.6553773,2.117917
0.5514491,0.658821,2.185496
0.804451,0.6435569,2.114152
0.801384,0.7337208,2.122177
0.7904107,0.7220752,2.124559
0.7924857,0.6553773,2.117917
0.801384,0.7337208,2.122177
0.5516974,0.7220862,2.185532
0.7904107,0.7220752,2.124559
0.5404333,0.7337208,2.1891
0.5398195,0.6473492,2.188061
0.5514491,0.658821,2.185496
0.5516974,0.7220862,2.185532
0.801384,0.7337208,2.122177
0.7893307,0.7453699,2.125593
0.5521023,0.7453602,2.186695
0.5411068,0.8218836,2.19024
0.5524591,0.8100922,2.186991
0.6372246,0.8206702,2.166198
0.6369658,0.8090272,2.165804
0.7984402,0.8183885,2.129881
0.6369658,0.8090272,2.165804
0.7874288,0.8068901,2.132131
0.801384,0.7337208,2.122177
0.7984402,0.8183885,2.129881
0.7874288,0.8068901,2.132131
0.7893307,0.7453699,2.125593
0.8992528,0.3398905,1.899512
0.8932926,0.3192634,1.775756
0.8932926,0.581867,1.735273
0.8919125,0.5674949,1.852066
0.8932926,0.7643819,1.564989
0.8703632,0.8468771,1.841303
0.8919125,0.5674949,1.852066
0.8932926,0.7643819,1.564989
0.8932926,0.8129429,1.347637
0.883374,0.8852398,1.469715
0.913317,0.3165743,1.759623
0.913317,0.5795048,1.719953
0.8932926,0.581867,1.735273
0.8932926,0.3192634,1.775756
0.913317,0.7549925,1.552556
0.913317,0.5795048,1.719953
0.6983899,0.5795048,1.719953
0.6983899,0.7549925,1.552556
0.913317,0.7985013,1.342199
0.6983899,0.7985013,1.342199
0.6983899,0.7470664,1.132288
0.913317,0.7470664,1.132288
0.913317,0.7470664,1.132288
0.913317,0.5956352,0.9727924
0.8932926,0.6065413,0.9618863
0.8932926,0.7599323,1.123341
0.913317,0.5956352,0.9727924
0.6983899,0.5956352,0.9727924
0.6983899,0.2754414,0.9266456
0.913317,0.2754414,0.9266456
0.913317,0.7985013,1.342199
0.913317,0.7549925,1.552556
0.6983899,0.7549925,1.552556
0.6983899,0.7985013,1.342199
0.913317,0.7525888,-1.140351
0.913317,0.809384,-1.350015
0.8932926,0.8249994,-1.350376
0.8932926,0.7674296,-1.135025
0.913317,0.7439602,-1.558084
0.913317,0.809384,-1.350015
0.6983899,0.809384,-1.350015
0.6983899,0.7439602,-1.558084
0.913317,0.6017659,-1.703789
0.913317,0.7439602,-1.558084
0.6983899,0.7439602,-1.558084
0.6983899,0.6017659,-1.703789
0.913317,0.6017659,-1.703789
0.913317,0.3664478,-1.767475
0.8932926,0.3713171,-1.78375
0.8932926,0.6060308,-1.718945
0.913317,0.7525888,-1.140351
0.6983899,0.5979865,-0.9805855
0.6983899,0.7525888,-1.140351
0.913317,0.5979865,-0.9805855
0.6983899,0.4039652,-0.9251733
0.913317,0.4039652,-0.9251733
0.913317,0.2705888,-0.9126365
0.913317,0.4039652,-0.9251733
0.8932926,0.4060115,-0.9096982
0.8932926,0.2705888,-0.8975651
0.8885636,0.4985253,-2.136278
0.8860573,0.5458609,-2.0623
0.8932926,0.6060308,-1.718945
0.8932926,0.3713171,-1.78375
0.03796569,1.011704,1.719218
0.03796521,1.029442,1.368868
0,0.9869485,1.332745
0,0.9652923,1.757498
0.2891287,1.02961,1.361434
0.2778574,1.010438,1.712676
0.3146818,0.9638535,1.748927
0.3283484,0.9869485,1.323014
0.2964719,0.9718236,1.74311
0.2721458,1.002583,1.719146
0.2721458,1.002583,1.689364
0.2964719,0.9718236,1.713328
0.2721458,1.002583,1.689364
0.04373556,1.00379,1.695595
0.01862986,0.9730892,1.720889
0.2964719,0.9718236,1.713328
0.2721458,1.002583,1.719146
0.04373556,1.00379,1.725378
0.04373556,1.00379,1.695595
0.2721458,1.002583,1.689364
0.04373556,1.00379,1.725378
0.01862986,0.9730892,1.750671
0.01862986,0.9730892,1.720889
0.04373556,1.00379,1.695595
0.01862986,0.9730892,1.750671
0.2964719,0.9718236,1.74311
0.2964719,0.9718236,1.713328
0.01862986,0.9730892,1.720889
0.913317,0.5956352,0.9727924
0.913317,0.7470664,1.132288
0.6983899,0.7470664,1.132288
0.6983899,0.5956352,0.9727924
0.913317,0.4039652,-0.9251733
0.913317,0.2705888,-0.9126365
0.6983899,0.2705888,-0.9126365
0.6983899,0.4039652,-0.9251733
0.913317,0.5795048,1.719953
0.913317,0.3165743,1.759623
0.6983899,0.3165743,1.759623
0.6983899,0.5795048,1.719953
0.913317,0.7439602,-1.558084
0.8932926,0.7570882,-1.56618
0.8932926,0.7657179,-1.552188
0.913317,0.809384,-1.350015
0.8932926,0.8249994,-1.350376
0.913317,0.5956352,0.9727924
0.913317,0.2754414,0.9266456
0.8932926,0.2751992,0.9093315
0.8932926,0.6065413,0.9618863
0.913317,0.7549925,1.552556
0.913317,0.7985013,1.342199
0.8932926,0.8129429,1.347637
0.8932926,0.7643819,1.564989
0.913317,0.3664478,-1.767475
0.913317,0.6017659,-1.703789
0.6983899,0.6017659,-1.703789
0.6511508,0.3736317,-1.786021
0.913317,0.7985013,1.342199
0.913317,0.7470664,1.132288
0.8932926,0.7599323,1.123341
0.8932926,0.8129429,1.347637
0.913317,0.809384,-1.350015
0.913317,0.7525888,-1.140351
0.6983899,0.7525888,-1.140351
0.6983899,0.809384,-1.350015
0.6983899,0.3165743,1.759623
0.6983899,0.2754414,0.9266456
0.6983899,0.5956352,0.9727924
0.6983899,0.5795048,1.719953
0.6983899,0.7549925,1.552556
0.6983899,0.7470664,1.132288
0.6983899,0.7985013,1.342199
0.6983899,0.4039652,-0.9251733
0.6983899,0.2705888,-0.9126365
0.6511508,0.3736317,-1.786021
0.6983899,0.6017659,-1.703789
0.6983899,0.5979865,-0.9805855
0.6983899,0.7525888,-1.140351
0.6983899,0.7439602,-1.558084
0.6983899,0.809384,-1.350015
0.8932926,0.3713171,-1.78375
0.913317,0.3664478,-1.767475
0.6511508,0.3736317,-1.786021
0.8101633,0.3666442,-1.782508
0.6710703,0.3010838,1.775756
0.6983899,0.3165743,1.759623
0.913317,0.3165743,1.759623
0.8932926,0.3192634,1.775756
0.8113786,0.3078153,1.775756
0.6983937,0.2748875,0.9072539
0.6983899,0.2754414,0.9266456
0.6983899,0.3165743,1.759623
0.6710703,0.3010838,1.775756
0.6983899,0.2754414,0.9266456
0.6983937,0.2748875,0.9072539
0.8101633,0.2732875,0.9093305
0.8992528,0.2732875,0.9093316
0.913317,0.2754414,0.9266456
0.8735419,0.8164974,-0.3241747
0.8701251,0.8595795,-0.3241747
0.8701251,0.8595795,-0.5618812
0.8735419,0.8164974,-0.5618812
0.8735419,0.8164974,-0.5618812
0.8701251,0.8595795,-0.5618812
0.9044579,0.8652346,-0.5618812
0.9078743,0.8221525,-0.5618812
0.9078743,0.8221525,-0.5618812
0.9044579,0.8652346,-0.5618812
0.9044579,0.8652346,-0.3241747
0.9078743,0.8221525,-0.3241747
0.9078743,0.8221525,-0.3241747
0.9044579,0.8652346,-0.3241747
0.8701251,0.8595795,-0.3241747
0.8735419,0.8164974,-0.3241747
0.8735419,0.8164974,-0.5618812
0.9078743,0.8221525,-0.5618812
0.9078743,0.8221525,-0.3241747
0.8735419,0.8164974,-0.3241747
0.9044579,0.8652346,-0.5618812
0.8701251,0.8595795,-0.5618812
0.8701251,0.8595795,-0.3241747
0.9044579,0.8652346,-0.3241747
0.2676056,0.5599003,2.278544
0,0.5599003,2.295622
0,0.6159748,2.297037
0.2676056,0.6159748,2.279959
0.2619313,0.6715983,2.2583
0,0.6724967,2.275716
0,0.6519439,2.276263
0.2618916,0.6510555,2.259111
0.1765664,0.8049425,2.260729
0.2618354,0.8040679,2.243828
0.2618916,0.8246118,2.243046
0.1766059,0.8254866,2.259952
0.5193638,0.66815,2.192114
0.2619313,0.6715983,2.2583
0.2618916,0.6510555,2.259111
0.5398195,0.6473492,2.188061
0.2618354,0.8040679,2.243828
0.5206796,0.8015518,2.195215
0.5411068,0.8218836,2.19024
0.2618916,0.8246118,2.243046
0.5206796,0.8015518,2.195215
0.5404333,0.7337208,2.1891
0.5411068,0.8218836,2.19024
0.5200135,0.7338095,2.193642
0.5398195,0.6473492,2.188061
0.5193638,0.66815,2.192114
0,0.8055435,2.272174
0.1765664,0.8049425,2.260729
0.1766059,0.8254866,2.259952
0,0.8260964,2.271626
0.913317,0.5795048,1.719953
0.913317,0.7549925,1.552556
0.8932926,0.7643819,1.564989
0.8932926,0.581867,1.735273
0.913317,0.5979865,-0.9805855
0.913317,0.7525888,-1.140351
0.8932926,0.7674296,-1.135025
0.8932926,0.6063799,-0.9676456
0.913317,0.4039652,-0.9251733
0.8932926,0.4060115,-0.9096982
0.913317,0.7439602,-1.558084
0.913317,0.6017659,-1.703789
0.8932926,0.6060308,-1.718945
0.8932926,0.7570882,-1.56618
0.4534861,0.8262999,-2.103138
0.733833,0.823216,-2.094786
0.7341644,0.8689507,-2.102982
0.454471,0.8706115,-2.11106
0.733833,0.823216,-2.094786
0.4534861,0.8262999,-2.103138
0.4576551,0.8085678,-2.196554
0.7400485,0.8101804,-2.180728
0.454471,0.8706115,-2.11106
0.7341644,0.8689507,-2.102982
0.7396683,0.853564,-2.195086
0.4579044,0.8505244,-2.210559
0.7341644,0.8689507,-2.102982
0.733833,0.823216,-2.094786
0.7400485,0.8101804,-2.180728
0.7396683,0.853564,-2.195086
0.4543304,0.7407431,-2.076851
0.4553152,0.7850548,-2.084774
0.4587483,0.7651623,-2.184058
0.4585002,0.7230198,-2.170519
0.4543304,0.7407431,-2.076851
0.7346771,0.7376593,-2.068499
0.7350085,0.7833939,-2.076696
0.4553152,0.7850548,-2.084774
0.7346771,0.7376593,-2.068499
0.4543304,0.7407431,-2.076851
0.4585002,0.7230198,-2.170519
0.7408945,0.7244263,-2.154676
0.4553152,0.7850548,-2.084774
0.7350085,0.7833939,-2.076696
0.740512,0.7679986,-2.168552
0.4587483,0.7651623,-2.184058
0.7350085,0.7833939,-2.076696
0.7346771,0.7376593,-2.068499
0.7408945,0.7244263,-2.154676
0.740512,0.7679986,-2.168552
0.4534861,0.8262999,-2.103138
0.454471,0.8706115,-2.11106
0.4579044,0.8505244,-2.210559
0.4576551,0.8085678,-2.196554
0.6047629,0.4462799,-2.237708
0.6047629,0.5424936,-2.069468
0.6429712,0.5287553,-2.061611
0.6429712,0.4325415,-2.229851
0.6429712,0.4325415,-2.229851
0.6429712,0.5287553,-2.061611
0.6587979,0.4955877,-2.042643
0.6587979,0.3993739,-2.210883
0.6587979,0.3993739,-2.210883
0.6587979,0.4955877,-2.042643
0.6429712,0.4624201,-2.023675
0.6429712,0.3662063,-2.191915
0.6429712,0.3662063,-2.191915
0.6429712,0.4624201,-2.023675
0.6047629,0.4486817,-2.015818
0.6047629,0.3524679,-2.184058
0.6047629,0.3524679,-2.184058
0.6047629,0.4486817,-2.015818
0.5665544,0.4624201,-2.023675
0.5665544,0.3662063,-2.191915
0.5665544,0.3662063,-2.191915
0.5665544,0.4624201,-2.023675
0.5507278,0.4955877,-2.042643
0.5507278,0.3993739,-2.210883
0.5665544,0.5287553,-2.061611
0.5507278,0.4955877,-2.042643
0.5665544,0.4624201,-2.023675
0.6047629,0.5424936,-2.069468
0.6047629,0.4486817,-2.015818
0.6429712,0.5287553,-2.061611
0.6429712,0.4624201,-2.023675
0.6587979,0.4955877,-2.042643
0.5507278,0.3993739,-2.210883
0.5507278,0.4955877,-2.042643
0.5665544,0.5287553,-2.061611
0.5665544,0.4325415,-2.229851
0.5665544,0.4325415,-2.229851
0.5665544,0.5287553,-2.061611
0.6047629,0.5424936,-2.069468
0.6047629,0.4462799,-2.237708
0.5738786,0.3725642,-2.195551
0.5610859,0.3993739,-2.210883
0.5738786,0.4261836,-2.226215
0.6047629,0.3614593,-2.1892
0.6047629,0.4372884,-2.232566
0.6356471,0.3725642,-2.195551
0.6356471,0.4261836,-2.226215
0.6484398,0.3993739,-2.210883
0.8013437,0.9492401,0.7291133
0.8013437,0.9653594,0.7291133
0.8013437,0.9653594,0.7088161
0.8013437,0.9492401,0.7088161
0.8013437,0.9492401,0.7088161
0.8013437,0.9653594,0.7088161
0.8582538,1.008564,0.7055563
0.8589848,0.9808235,0.7055563
0.8589848,0.9808235,0.7258539
0.8582538,1.008564,0.7258539
0.8013437,0.9653594,0.7291133
0.8013437,0.9492401,0.7291133
0.8013437,0.9492401,0.7088161
0.8589848,0.9808235,0.7055563
0.8589848,0.9808235,0.7258539
0.8013437,0.9492401,0.7291133
0.8582538,1.008564,0.7055563
0.8013437,0.9653594,0.7088161
0.8013437,0.9653594,0.7291133
0.8582538,1.008564,0.7258539
0.8575758,1.045548,0.6867735
0.8575758,1.045548,0.7446367
1.014443,1.035068,0.7446367
1.014443,1.035068,0.6867735
1.014442,0.9620129,0.6867735
1.014443,1.035068,0.6867735
1.014443,1.035068,0.7446367
1.014442,0.9620129,0.7446367
0.8679089,0.9584048,0.6867735
0.8662138,1.036659,0.6867735
1.005999,1.027321,0.6867735
1.005998,0.9696465,0.6867735
0.8575758,1.045548,0.7446367
0.8596579,0.9494124,0.7446367
1.014442,0.9620129,0.7446367
1.014443,1.035068,0.7446367
0.8596579,0.9494124,0.7446367
0.8596579,0.9494124,0.6867735
1.014442,0.9620129,0.6867735
1.014442,0.9620129,0.7446367
0.8662138,1.036659,0.6867735
0.8679089,0.9584048,0.6867735
0.8596579,0.9494124,0.6867735
0.8575758,1.045548,0.6867735
0.8679089,0.9584048,0.6867735
1.014442,0.9620129,0.6867735
1.005998,0.9696465,0.6867735
1.014443,1.035068,0.6867735
1.005999,1.027321,0.6867735
0.8575758,1.045548,0.6867735
0.8662138,1.036659,0.6867735
0.8582538,1.008564,0.7055563
0.8575758,1.045548,0.7446367
0.8575758,1.045548,0.6867735
0.8582538,1.008564,0.7258539
0.8589848,0.9808235,0.7055563
0.8596579,0.9494124,0.7446367
0.8596579,0.9494124,0.6867735
0.8589848,0.9808235,0.7258539
0.5738786,0.4261836,-2.226215
0.5507278,0.3993739,-2.210883
0.5665544,0.4325415,-2.229851
0.5610859,0.3993739,-2.210883
0.6047629,0.4372884,-2.232566
0.5665544,0.3662063,-2.191915
0.6047629,0.4462799,-2.237708
0.5738786,0.3725642,-2.195551
0.6356471,0.4261836,-2.226215
0.6047629,0.3524679,-2.184058
0.6429712,0.4325415,-2.229851
0.6047629,0.3614593,-2.1892
0.6484398,0.3993739,-2.210883
0.6429712,0.3662063,-2.191915
0.6587979,0.3993739,-2.210883
0.6356471,0.3725642,-2.195551
0.04373556,1.00379,1.725378
0.2778574,1.010438,1.712676
0.03796569,1.011704,1.719218
0.2721458,1.002583,1.719146
0.01862986,0.9730892,1.750671
0.3146818,0.9638535,1.748927
0,0.9652923,1.757498
0.2964719,0.9718236,1.74311
-0.8582538,1.008564,0.7055563
-0.8575758,1.045548,0.6867735
-0.8575758,1.045548,0.7446367
-0.8582538,1.008564,0.7258539
-0.8589848,0.9808235,0.7055563
-0.8596579,0.9494124,0.7446367
-0.8596579,0.9494124,0.6867735
-0.8589848,0.9808235,0.7258539
-0.5738786,0.4261836,-2.226215
-0.5665544,0.4325415,-2.229851
-0.5507278,0.3993739,-2.210883
-0.5610859,0.3993739,-2.210883
-0.6047629,0.4372884,-2.232566
-0.5665544,0.3662063,-2.191915
-0.6047629,0.4462799,-2.237708
-0.5738786,0.3725642,-2.195551
-0.6356471,0.4261836,-2.226215
-0.6047629,0.3524679,-2.184058
-0.6429712,0.4325415,-2.229851
-0.6047629,0.3614593,-2.1892
-0.6484398,0.3993739,-2.210883
-0.6429712,0.3662063,-2.191915
-0.6587979,0.3993739,-2.210883
-0.6356471,0.3725642,-2.195551
-0.04373556,1.00379,1.725378
-0.2778574,1.010438,1.712676
-0.2721458,1.002583,1.719146
-0.03796569,1.011704,1.719218
-0.3146818,0.9638535,1.748927
-0.01862986,0.9730892,1.750671
-0.2964719,0.9718236,1.74311
0,0.9652923,1.757498
-0.5521023,0.7453602,2.186695
-0.5524591,0.8100922,2.186991
-0.6369658,0.8090272,2.165804
-0.7924857,0.6553773,2.117917
-0.5514491,0.658821,2.185496
-0.5516974,0.7220862,2.185532
-0.7904107,0.7220752,2.124559
-0.7874288,0.8068901,2.132131
-0.7893307,0.7453699,2.125593
-0.5521023,0.7453602,2.186695
-0.6369658,0.8090272,2.165804
-0.4635746,0.8131464,-2.203348
-0.7347128,0.8148907,-2.188162
-0.7343802,0.8470737,-2.198819
-0.4637182,0.8439901,-2.213641
-0.4644187,0.7276236,-2.177245
-0.7355571,0.7291576,-2.16204
-0.7352244,0.7614855,-2.172343
-0.4645623,0.7586075,-2.187196
-0.4576551,0.8085678,-2.196554
-0.4635746,0.8131464,-2.203348
-0.4637182,0.8439901,-2.213641
-0.4579044,0.8505243,-2.210559
-0.4579044,0.8505243,-2.210559
-0.4637182,0.8439901,-2.213641
-0.7343802,0.8470737,-2.198819
-0.7396683,0.8535641,-2.195086
-0.7396683,0.8535641,-2.195086
-0.7343802,0.8470737,-2.198819
-0.7347128,0.8148907,-2.188162
-0.7400485,0.8101804,-2.180728
-0.7400485,0.8101804,-2.180728
-0.7347128,0.8148907,-2.188162
-0.4635746,0.8131464,-2.203348
-0.4576551,0.8085678,-2.196554
-0.4585002,0.7230198,-2.170519
-0.4644187,0.7276236,-2.177245
-0.4645623,0.7586075,-2.187196
-0.4587483,0.7651623,-2.184058
-0.4587483,0.7651623,-2.184058
-0.4645623,0.7586075,-2.187196
-0.7352244,0.7614855,-2.172343
-0.740512,0.7679986,-2.168552
-0.740512,0.7679986,-2.168552
-0.7352244,0.7614855,-2.172343
-0.7355571,0.7291576,-2.16204
-0.7408945,0.7244263,-2.154676
-0.7408945,0.7244263,-2.154676
-0.7355571,0.7291576,-2.16204
-0.4644187,0.7276236,-2.177245
-0.4585002,0.7230198,-2.170519
0.7924857,0.6553773,2.117917
0.7904107,0.7220752,2.124559
0.5516974,0.7220862,2.185532
0.5514491,0.658821,2.185496
0.5524591,0.8100922,2.186991
0.5521023,0.7453602,2.186695
0.7893307,0.7453699,2.125593
0.6369658,0.8090272,2.165804
0.7874288,0.8068901,2.132131
0.4635746,0.8131464,-2.203348
0.4637182,0.8439901,-2.213641
0.7343802,0.8470737,-2.198819
0.7347128,0.8148907,-2.188162
0.4644187,0.7276236,-2.177245
0.4645623,0.7586075,-2.187196
0.7352244,0.7614856,-2.172343
0.7355571,0.7291576,-2.16204
0.4576551,0.8085678,-2.196554
0.4579044,0.8505244,-2.210559
0.4637182,0.8439901,-2.213641
0.4635746,0.8131464,-2.203348
0.4579044,0.8505244,-2.210559
0.7396683,0.853564,-2.195086
0.7343802,0.8470737,-2.198819
0.4637182,0.8439901,-2.213641
0.7396683,0.853564,-2.195086
0.7400485,0.8101804,-2.180728
0.7347128,0.8148907,-2.188162
0.7343802,0.8470737,-2.198819
0.7400485,0.8101804,-2.180728
0.4576551,0.8085678,-2.196554
0.4635746,0.8131464,-2.203348
0.7347128,0.8148907,-2.188162
0.4585002,0.7230198,-2.170519
0.4587483,0.7651623,-2.184058
0.4645623,0.7586075,-2.187196
0.4644187,0.7276236,-2.177245
0.4587483,0.7651623,-2.184058
0.740512,0.7679986,-2.168552
0.7352244,0.7614856,-2.172343
0.4645623,0.7586075,-2.187196
0.740512,0.7679986,-2.168552
0.7408945,0.7244263,-2.154676
0.7355571,0.7291576,-2.16204
0.7352244,0.7614856,-2.172343
0.7408945,0.7244263,-2.154676
0.4585002,0.7230198,-2.170519
0.4644187,0.7276236,-2.177245
0.7355571,0.7291576,-2.16204
2325
0.9192625,0.1093252
0.9192625,0.1093252
0.9192625,0.1093252
0.8282982,0.09351007
0.8282982,0.09350995
0.8282981,0.09350995
0.9192625,0.1093252
0.9192625,0.1093252
0.9192625,0.1093252
0.08903144,0.9551558
0.08903144,0.9551558
0.08903147,0.955156
0.9192625,0.1093252
0.9192625,0.109325
0.9192625,0.1093252
0.1129162,0.9502069
0.1129162,0.9502069
0.1129162,0.9502069
0.9192625,0.1093252
0.9192625,0.1093252
0.9192625,0.1093252
0.9192625,0.1093252
0.9192625,0.1093252
0.9192625,0.1093252
0.8282981,0.09350995
0.8282982,0.09350995
0.8282982,0.09351007
0.9192625,0.1093252
0.9192625,0.1093252
0.9192625,0.1093252
0.08903144,0.9551558
0.08903143,0.9551558
0.08903147,0.9551558
0.08903144,0.9551558
0.08903144,0.9551558
0.08903143,0.9551558
0.9192625,0.1093252
0.9192625,0.1093252
0.9192625,0.109325
0.1129162,0.9502069
0.1129162,0.9502069
0.1129162,0.9502069
0.9192625,0.1093252
0.9192625,0.1093252
0.9192625,0.1093252
0.9192625,0.1093252
0.9192625,0.1093252
0.9192625,0.1093252
0.9192625,0.1093252
0.9192625,0.1093252
0.9192625,0.1093252
0.9192625,0.1093252
0.8282981,0.09350995
0.8282982,0.09350995
0.8282982,0.09350995
0.8282982,0.09350995
0.9192625,0.1093252
0.9192625,0.1093252
0.9192625,0.1093252
0.9192625,0.1093252
0.9192625,0.1093252
0.9192625,0.1093252
0.9192625,0.1093252
0.9192625,0.1093252
0.9192625,0.1093252
0.9192625,0.1093252
0.9192625,0.1093252
0.9192625,0.1093252
0.9192625,0.1093252
0.9192625,0.1093252
0.9192625,0.1093252
0.9192625,0.1093252
0.9192625,0.1093252
0.9192625,0.1093252
0.9192625,0.1093252
0.9192625,0.1093252
0.9192625,0.1093252
0.9192625,0.1093252
0.9192625,0.1093252
0.9192625,0.1093252
0.9192625,0.1093252
0.9192625,0.1093252
0.9192625,0.1093252
0.9192625,0.1093252
0.9192625,0.1093252
0.9192625,0.1093252
0.1383178,0.4424568
0.1383178,0.4424568
0.1383178,0.4424568
0.1383178,0.4424568
0.1383178,0.4424568
0.1383177,0.4424568
0.1383178,0.4424568
0.1383178,0.4424568
0.1383178,0.4424568
0.19344,0.9591442
0.19344,0.9591442
0.19344,0.9591442
0.19344,0.9591442
0.19344,0.9591442
0.19344,0.9591442
0.9192625,0.1093252
0.9192625,0.1093252
0.9192625,0.1093252
0.9192625,0.1093252
0.9192625,0.1093252
0.9192625,0.1093252
0.9192625,0.1093252
0.9192625,0.1093252
0.9192625,0.1093252
0.9192625,0.1093252
0.9192625,0.1093252
0.9192625,0.1093252
0.9192625,0.1093252
0.9192625,0.1093252
0.9192625,0.1093252
0.9192625,0.1093252
0.9192625,0.1093252
0.9192625,0.1093252
0.9192625,0.1093252
0.9192625,0.1093252
0.9192625,0.1093252
0.9192625,0.1093252
0.9192625,0.1093252
0.9192625,0.1093252
0.9192625,0.1093252
0.9192625,0.1093252
0.9192625,0.1093252
0.9192625,0.1093252
0.19344,0.9591442
0.19344,0.9591442
0.19344,0.9591442
0.19344,0.9591442
0.19344,0.9591442
0.19344,0.9591442
0.19344,0.9591442
0.19344,0.9591442
0.19344,0.9591442
0.19344,0.9591442
0.19344,0.9591442
0.19344,0.9591442
0.19344,0.9591442
0.19344,0.9591442
0.19344,0.9591442
0.19344,0.9591442
0.9192625,0.1093252
0.9192625,0.1093252
0.9192625,0.1093252
0.9192625,0.1093252
0.9192625,0.1093252
0.9192625,0.1093252
0.9192625,0.1093252
0.9192625,0.1093252
0.9192625,0.1093252
0.9192625,0.1093252
0.9192625,0.1093252
0.9192625,0.1093252
0.9192625,0.109325
0.9192625,0.1093252
0.9192625,0.1093252
0.9192625,0.1093252
0.9192625,0.1093252
0.9192625,0.1093252
0.9192625,0.1093252
0.9192625,0.1093252
0.9192625,0.1093252
0.9192625,0.1093252
0.9192625,0.1093252
0.9192625,0.1093252
0.9192625,0.1093252
0.9192625,0.1093252
0.9192625,0.109325
0.9192625,0.1093252
0.9192625,0.1093252
0.9192625,0.1093252
0.9192626,0.1093252
0.9192625,0.1093252
0.9192625,0.1093252
0.9192625,0.1093252
0.9192625,0.1093252
0.9192625,0.1093252
0.9192625,0.1093252
0.9192625,0.1093252
0.9192625,0.1093252
0.9192625,0.1093252
0.9192625,0.1093252
0.9192625,0.1093252
0.9192625,0.1093252
0.9192625,0.1093252
0.9192625,0.1093252
0.9192625,0.1093252
0.9192625,0.1093252
0.9192625,0.1093252
0.9192625,0.1093252
0.9192625,0.1093252
0.9192625,0.1093252
0.9192625,0.1093252
0.9192626,0.1093252
0.9192625,0.1093252
0.8474014,0.08537154
0.8474014,0.08537154
0.8474014,0.08537154
0.8474014,0.08537154
0.8474014,0.08537154
0.8474014,0.08537154
0.8474014,0.08537154
0.8474014,0.08537154
0.8474014,0.08537154
0.8474014,0.08537154
0.1383178,0.4424568
0.1383178,0.4424568
0.1383178,0.4424568
0.1383177,0.4424568
0.1383178,0.4424568
0.1383177,0.4424568
0.1383177,0.4424568
0.1383178,0.4424568
0.1383178,0.4424568
0.1383178,0.4424568
0.19344,0.9591442
0.19344,0.9591442
0.19344,0.9591442
0.19344,0.9591442
0.1383178,0.4424568
0.1383178,0.4424568
0.1383178,0.4424568
0.1383178,0.4424568
0.1383178,0.4424568
0.1383178,0.4424568
0.1383178,0.4424568
0.1383178,0.4424568
0.1383178,0.4424568
0.1383178,0.4424568
0.8282982,0.09350995
0.8282982,0.09351007
0.8282982,0.09350995
0.8282981,0.09350995
0.19344,0.9591442
0.19344,0.9591442
0.19344,0.9591442
0.19344,0.9591442
0.19344,0.9591442
0.19344,0.9591442
0.19344,0.9591442
0.19344,0.9591442
0.19344,0.9591442
0.19344,0.9591442
0.19344,0.9591442
0.19344,0.9591442
0.19344,0.9591442
0.19344,0.9591442
0.19344,0.9591442
0.19344,0.9591442
0.19344,0.9591442
0.19344,0.9591442
0.19344,0.9591442
0.19344,0.9591442
0.19344,0.9591442
0.19344,0.9591442
0.19344,0.9591442
0.19344,0.9591442
0.19344,0.9591442
0.19344,0.9591442
0.19344,0.9591442
0.19344,0.9591442
0.19344,0.9591442
0.19344,0.9591442
0.8282981,0.09350995
0.8282982,0.09350995
0.8282981,0.09350995
0.8282981,0.09350995
0.8282981,0.09350995
0.8282981,0.09350995
0.8282981,0.09350995
0.8282981,0.09350995
0.8282981,0.09350995
0.8282982,0.09350995
0.9192625,0.1093252
0.9192625,0.1093252
0.9192625,0.1093252
0.9192625,0.1093252
0.8282982,0.09350995
0.8282981,0.09350995
0.8282981,0.09350995
0.8282981,0.09350995
0.8282982,0.09350995
0.8282981,0.09350995
0.8282981,0.09350995
0.8282982,0.09350995
0.8282982,0.09351007
0.8282981,0.09350995
0.9192625,0.1093252
0.9192625,0.1093252
0.9192625,0.1093252
0.9192625,0.1093252
0.9192625,0.1093252
0.9192625,0.1093252
0.9192625,0.1093252
0.9192625,0.1093252
0.07687974,0.979216
0.07687974,0.979216
0.07687974,0.979216
0.07687974,0.979216
0.9192625,0.1093252
0.9192625,0.1093252
0.9192625,0.1093252
0.9192625,0.1093252
0.9192625,0.1093252
0.9192625,0.1093252
0.9192625,0.1093252
0.9192625,0.1093252
0.9192625,0.1093252
0.9192625,0.1093252
0.9192625,0.1093252
0.9192625,0.1093252
0.9192625,0.1093252
0.9192625,0.1093252
0.9192625,0.1093252
0.9192625,0.1093252
0.9192625,0.1093252
0.9192625,0.1093252
0.9192625,0.1093252
0.9192625,0.1093252
0.07687974,0.979216
0.07687974,0.979216
0.07687974,0.979216
0.07687974,0.979216
0.131882,0.5529482
0.131882,0.5529482
0.131882,0.5529482
0.131882,0.5529482
0.9192625,0.1093252
0.9192625,0.1093252
0.9192625,0.1093252
0.9192625,0.1093252
0.9192625,0.1093251
0.9192625,0.1093252
0.1495613,0.5274115
0.1495613,0.5274114
0.1495613,0.5274114
0.1495613,0.5274115
0.1495613,0.5274114
0.1495613,0.5274114
0.1495613,0.5274114
0.1495613,0.5274114
0.1495614,0.5274114
0.1495614,0.5274114
0.1495613,0.5274115
0.1495613,0.5274115
0.1495614,0.5274114
0.1495614,0.5274114
0.1495613,0.5274114
0.1495613,0.5274114
0.131882,0.5529482
0.131882,0.5529482
0.131882,0.5529482
0.131882,0.5529482
0.09652346,0.5136609
0.09652346,0.5136609
0.09652346,0.5136609
0.09652346,0.5136609
0.09652346,0.5136609
0.09652346,0.5136609
0.09652346,0.5136609
0.09652346,0.5136609
0.09652346,0.5136609
0.09652346,0.5136609
0.09652346,0.5136609
0.09652346,0.5136609
0.09652346,0.5136609
0.09652346,0.5136609
0.09652346,0.5136609
0.09652346,0.5136609
0.09652346,0.5136609
0.09652346,0.5136609
0.09652346,0.5136609
0.09652346,0.5136609
0.09652346,0.5136609
0.09652346,0.5136609
0.09652346,0.5136609
0.09652346,0.5136609
0.09652346,0.5136609
0.09652346,0.5136609
0.09652346,0.5136609
0.09652346,0.5136609
0.09652346,0.5136609
0.09652346,0.5136609
0.09652346,0.5136609
0.09652346,0.5136609
0.09652346,0.5136609
0.09652346,0.5136609
0.09652346,0.5136609
0.09652346,0.5136609
0.09652346,0.5136609
0.09652346,0.5136609
0.09652346,0.5136609
0.09652346,0.5136609
0.09652346,0.5136609
0.09652346,0.5136609
0.09652346,0.5136609
0.09652346,0.5136609
0.09652346,0.5136609
0.09652346,0.5136609
0.09652346,0.5136609
0.09652346,0.5136609
0.09652346,0.5136609
0.09652346,0.5136609
0.09652346,0.5136609
0.09652346,0.5136609
0.09652346,0.5136609
0.09652346,0.5136609
0.09652346,0.5136609
0.09652346,0.5136609
0.09652346,0.5136609
0.09652346,0.5136609
0.09652346,0.5136609
0.09652346,0.5136609
0.09652346,0.5136609
0.09652346,0.5136609
0.09652346,0.5136609
0.09652346,0.5136609
0.09652346,0.5136609
0.09652346,0.5136609
0.09652346,0.5136609
0.09652346,0.5136609
0.09652346,0.5136609
0.09652346,0.5136609
0.09652346,0.5136609
0.09652346,0.5136609
0.09652346,0.5136609
0.09652346,0.5136609
0.09652346,0.5136609
0.09652346,0.5136609
0.09652346,0.5136609
0.09652346,0.5136609
0.09652346,0.5136609
0.09652346,0.5136609
0.9192625,0.1093252
0.9192625,0.1093252
0.9192625,0.1093252
0.9192625,0.1093252
0.9192625,0.1093252
0.9192625,0.1093252
0.9192625,0.1093252
0.9192625,0.1093252
0.9192625,0.1093252
0.08473726,0.9576079
0.08473726,0.9576079
0.08473726,0.9576079
0.08473726,0.9576079
0.08473726,0.9576079
0.08473726,0.9576079
0.08473726,0.9576079
0.08473726,0.9576079
0.08473726,0.9576079
0.08473726,0.9576079
0.08473726,0.9576079
0.08473726,0.9576079
0.08473726,0.9576079
0.08473726,0.9576079
0.08473726,0.9576079
0.08473726,0.9576079
0.08473726,0.9576079
0.08473726,0.9576079
0.08473726,0.9576079
0.08473726,0.9576079
0.19344,0.9591442
0.19344,0.9591442
0.19344,0.9591442
0.19344,0.9591442
0.19344,0.9591442
0.19344,0.9591442
0.19344,0.9591442
0.19344,0.9591442
0.19344,0.9591442
0.19344,0.9591442
0.19344,0.9591442
0.19344,0.9591442
0.19344,0.9591442
0.19344,0.9591442
0.19344,0.9591442
0.19344,0.9591442
0.19344,0.9591442
0.19344,0.9591442
0.19344,0.9591442
0.19344,0.9591442
0.19344,0.9591442
0.19344,0.9591442
0.19344,0.9591442
0.19344,0.9591442
0.19344,0.9591442
0.19344,0.9591442
0.19344,0.9591442
0.19344,0.9591442
0.19344,0.9591442
0.19344,0.9591442
0.19344,0.9591442
0.19344,0.9591442
0.19344,0.9591442
0.19344,0.9591442
0.19344,0.9591442
0.19344,0.9591442
0.19344,0.9591442
0.19344,0.9591442
0.19344,0.9591442
0.19344,0.9591442
0.19344,0.9591442
0.19344,0.9591442
0.1383178,0.4424568
0.1383178,0.4424569
0.1383178,0.4424568
0.1383178,0.4424568
0.1383178,0.4424568
0.1383178,0.4424568
0.19344,0.9591442
0.19344,0.9591442
0.19344,0.9591442
0.19344,0.9591442
0.19344,0.9591442
0.19344,0.9591442
0.19344,0.9591442
0.19344,0.9591442
0.19344,0.9591442
0.19344,0.9591442
0.19344,0.9591442
0.19344,0.9591442
0.19344,0.9591442
0.19344,0.9591442
0.19344,0.9591442
0.19344,0.9591442
0.19344,0.9591442
0.19344,0.9591442
0.19344,0.9591442
0.19344,0.9591442
0.19344,0.9591442
0.19344,0.9591442
0.19344,0.9591442
0.19344,0.9591442
0.19344,0.9591442
0.19344,0.9591442
0.19344,0.9591442
0.19344,0.9591442
0.19344,0.9591442
0.19344,0.9591442
0.19344,0.9591442
0.19344,0.9591442
0.19344,0.9591442
0.19344,0.9591442
0.19344,0.9591442
0.19344,0.9591442
0.19344,0.9591442
0.19344,0.9591442
0.19344,0.9591442
0.19344,0.9591442
0.19344,0.9591442
0.19344,0.9591442
0.19344,0.9591442
0.19344,0.9591442
0.9192625,0.1093252
0.9192625,0.1093252
0.9192625,0.1093252
0.9192625,0.1093252
0.9192625,0.1093252
0.9192625,0.1093252
0.9192625,0.1093252
0.9192625,0.1093252
0.9192625,0.1093252
0.9192625,0.1093252
0.9192625,0.1093252
0.9192625,0.1093251
0.9192625,0.1093252
0.9192625,0.1093252
0.9192625,0.1093252
0.9192625,0.1093251
0.9192625,0.1093252
0.9192625,0.1093252
0.9192625,0.1093252
0.9192625,0.1093252
0.9192625,0.1093252
0.9192625,0.1093252
0.9192625,0.1093252
0.9192625,0.1093252
0.9192625,0.1093252
0.9192625,0.1093252
0.9192625,0.1093252
0.9192625,0.1093252
0.9192625,0.1093252
0.9192625,0.1093252
0.9192625,0.1093252
0.9192625,0.1093252
0.9192625,0.1093252
0.9192625,0.1093252
0.9192625,0.1093252
0.9192625,0.1093252
0.9192625,0.1093252
0.9192625,0.1093252
0.9192625,0.1093252
0.9192625,0.1093252
0.9192625,0.1093252
0.1129163,0.9502069
0.1129164,0.9502069
0.1129165,0.9502069
0.1129164,0.9502069
0.1129164,0.9502069
0.1129163,0.9502069
0.1129163,0.9502069
0.1129164,0.9502069
0.1129162,0.9502069
0.1129162,0.9502069
0.1129163,0.9502069
0.1129163,0.9502069
0.1129162,0.9502069
0.1129162,0.9502069
0.1129164,0.9502069
0.1129164,0.9502069
0.1129163,0.9502069
0.1129163,0.9502069
0.9192625,0.1093252
0.9192625,0.1093252
0.9192626,0.1093252
0.9192625,0.1093252
0.9192625,0.1093252
0.9192626,0.1093252
0.9192625,0.1093252
0.9192625,0.1093252
0.9192625,0.1093252
0.9192625,0.1093252
0.9192625,0.1093252
0.9192625,0.1093252
0.9192625,0.1093252
0.9192625,0.1093252
0.9192625,0.1093252
0.9192625,0.1093252
0.9192625,0.1093252
0.9192625,0.1093252
0.9192625,0.1093252
0.9192625,0.1093252
0.9192625,0.1093252
0.9192625,0.1093252
0.9192625,0.1093252
0.9192625,0.1093252
0.9192625,0.1093252
0.9192625,0.1093252
0.9192625,0.1093252
0.9192625,0.1093252
0.9192625,0.1093252
0.9192625,0.1093252
0.1030166,0.9749563
0.1030166,0.9749563
0.1030168,0.9749563
0.1030167,0.9749563
0.1129164,0.9502069
0.1129165,0.9502069
0.1129164,0.9502069
0.1129163,0.9502069
0.1129163,0.9502069
0.1129163,0.9502069
0.1129163,0.9502069
0.1129163,0.9502069
0.1129164,0.9502069
0.1129165,0.9502069
0.1129163,0.9502069
0.1129163,0.9502069
0.1129162,0.9502069
0.1129162,0.9502069
0.1129163,0.9502069
0.1129163,0.9502069
0.1129162,0.9502069
0.1129162,0.9502069
0.1129163,0.9502069
0.1129163,0.9502069
0.1129164,0.9502069
0.1129165,0.9502069
0.1129163,0.9502069
0.1129163,0.9502069
0.1129164,0.9502069
0.1129163,0.9502069
0.1129163,0.9502069
0.1129163,0.9502069
0.1129163,0.9502069
0.1129163,0.9502069
0.1129163,0.9502069
0.1129164,0.9502069
0.1129163,0.9502069
0.1129163,0.9502069
0.1129164,0.9502069
0.1129163,0.9502069
0.1129164,0.9502069
0.1129163,0.9502069
0.1129162,0.9502069
0.1129163,0.9502069
0.1129164,0.9502069
0.1129162,0.9502069
0.1129163,0.9502069
0.1129162,0.9502069
0.1129163,0.9502069
0.1129163,0.9502069
0.1129162,0.9502069
0.1129162,0.9502069
0.1129164,0.9502069
0.1129163,0.9502069
0.1129162,0.9502069
0.1129163,0.9502069
0.9192625,0.1093252
0.9192625,0.1093252
0.9192625,0.1093252
0.9192625,0.1093252
0.9192625,0.1093252
0.9192625,0.1093252
0.9192625,0.1093252
0.9192625,0.1093252
0.9192625,0.1093252
0.9192625,0.1093252
0.9192625,0.1093252
0.9192625,0.1093252
0.9192625,0.1093252
0.9192625,0.1093252
0.9192625,0.1093252
0.9192625,0.1093252
0.9192625,0.1093252
0.9192625,0.1093252
0.9192625,0.1093252
0.9192625,0.1093252
0.9192625,0.1093252
0.9192625,0.1093252
0.9192625,0.1093252
0.9192625,0.1093252
0.9192625,0.1093252
0.9192625,0.1093252
0.9192625,0.1093252
0.9192625,0.1093252
0.9192625,0.1093252
0.9192625,0.1093252
0.9192625,0.1093252
0.9192625,0.1093252
0.9192625,0.1093252
0.9192625,0.1093252
0.9192625,0.1093252
0.9192625,0.1093252
0.9192625,0.1093252
0.9192625,0.1093252
0.9192625,0.1093252
0.9192625,0.1093252
0.9192625,0.1093252
0.9192625,0.1093252
0.9192625,0.1093252
0.9192625,0.1093252
0.9192625,0.1093252
0.9192625,0.1093252
0.9192625,0.1093252
0.9192625,0.1093252
0.1495613,0.5274114
0.1495613,0.5274114
0.1495613,0.5274115
0.1495613,0.5274115
0.9215389,0.1137322
0.9215389,0.1137322
0.9215389,0.1137322
0.9215389,0.1137322
0.9190565,0.1173179
0.9190565,0.1173179
0.9190565,0.1173179
0.9190565,0.1173179
0.9190565,0.1173179
0.9190565,0.1173179
0.9190565,0.1173179
0.9190565,0.1173179
0.9248489,0.1118013
0.9248489,0.1118013
0.9248489,0.1118013
0.9248489,0.1118013
0.9215389,0.1137322
0.9215389,0.1137322
0.9215389,0.1137322
0.9215389,0.1137322
0.9215389,0.1137322
0.9215389,0.1137322
0.9215389,0.1137322
0.9215389,0.1137322
0.9190565,0.1173179
0.9190565,0.1173179
0.9190565,0.1173179
0.9190565,0.1173179
0.9215389,0.1137322
0.9215389,0.1137322
0.9215389,0.1137322
0.9215389,0.113732
0.9215389,0.1137322
0.9215389,0.1137322
0.9190565,0.1173179
0.9190565,0.1173179
0.9190565,0.1173179
0.9190565,0.1173179
0.9190565,0.1173179
0.9190565,0.1173179
0.9190565,0.1173179
0.9190565,0.1173179
0.08903146,0.955156
0.08903146,0.955156
0.08903144,0.9551558
0.08903143,0.9551558
0.08903147,0.955156
0.08903143,0.9551558
0.08903144,0.9551558
0.08903147,0.9551558
0.08903147,0.955156
0.131882,0.5529482
0.131882,0.5529482
0.131882,0.5529483
0.131882,0.5529482
0.131882,0.5529482
0.08903146,0.955156
0.08903147,0.955156
0.08903144,0.9551558
0.08903144,0.9551558
0.131882,0.5529483
0.131882,0.5529483
0.131882,0.5529482
0.131882,0.5529482
0.131882,0.5529482
0.131882,0.5529482
0.131882,0.5529482
0.131882,0.5529482
0.1731338,0.513661
0.1731338,0.513661
0.1731338,0.5136609
0.1731338,0.5136609
0.131882,0.5529481
0.131882,0.5529481
0.131882,0.5529483
0.131882,0.5529483
0.1495613,0.5274115
0.1495613,0.5274115
0.1495613,0.5274114
0.1495613,0.5274114
0.131882,0.5529481
0.131882,0.5529481
0.131882,0.5529482
0.131882,0.5529483
0.131882,0.5529483
0.131882,0.5529482
0.131882,0.5529482
0.131882,0.5529482
0.131882,0.5529482
0.131882,0.5529482
0.131882,0.5529481
0.131882,0.5529481
0.131882,0.5529481
0.131882,0.5529481
0.131882,0.5529481
0.131882,0.5529482
0.131882,0.5529482
0.131882,0.5529481
0.131882,0.5529482
0.131882,0.5529482
0.131882,0.5529482
0.131882,0.5529482
0.131882,0.5529482
0.131882,0.5529482
0.131882,0.5529482
0.131882,0.5529482
0.131882,0.5529482
0.131882,0.5529482
0.131882,0.5529482
0.9192625,0.1093252
0.9192625,0.1093252
0.9192625,0.1093252
0.9192625,0.1093252
0.9192625,0.1093252
0.9192625,0.1093252
0.9192625,0.1093252
0.9192625,0.1093252
0.9192625,0.1093252
0.9192625,0.1093252
0.9192625,0.1093252
0.9192625,0.1093252
0.9192625,0.1093252
0.9192625,0.1093252
0.9192625,0.1093252
0.9192625,0.1093252
0.9192625,0.1093252
0.9192625,0.1093252
0.9192625,0.1093252
0.9192625,0.1093252
0.9192625,0.1093252
0.9192625,0.1093252
0.9192625,0.1093252
0.9192625,0.1093252
0.9192625,0.1093252
0.9192625,0.1093252
0.9192625,0.1093252
0.9192625,0.1093252
0.9192625,0.1093252
0.9192625,0.1093252
0.9192625,0.1093252
0.9192625,0.1093252
0.9192625,0.1093252
0.9192625,0.1093252
0.9192625,0.1093252
0.9192625,0.1093252
0.9192625,0.1093252
0.9192625,0.1093252
0.9192625,0.1093252
0.9192625,0.1093252
0.9192625,0.1093252
0.9192625,0.1093252
0.9192625,0.1093252
0.9192625,0.1093252
0.9192625,0.1093252
0.9192625,0.1093252
0.9192625,0.1093252
0.9192625,0.1093252
0.9192625,0.1093252
0.9192625,0.1093252
0.9192625,0.1093252
0.9192625,0.1093252
0.9192625,0.1093252
0.9192625,0.1093252
0.9192625,0.1093252
0.9192625,0.1093252
0.9192625,0.1093252
0.9192625,0.1093252
0.9192625,0.1093252
0.9192625,0.1093252
0.9192625,0.1093252
0.9192625,0.1093252
0.9192625,0.1093252
0.9192625,0.1093252
0.8282982,0.09350995
0.8282981,0.09350995
0.8282981,0.09350995
0.8282981,0.09350995
0.8282982,0.09350995
0.8282981,0.09350995
0.8282981,0.09350995
0.8282982,0.09350995
0.8282981,0.09350995
0.8282981,0.09350995
0.8282982,0.09350995
0.8282981,0.09350995
0.8282981,0.09350995
0.8282982,0.09350995
0.8282982,0.09350995
0.9138471,0.1106197
0.9138471,0.1106197
0.9138471,0.1106197
0.9138471,0.1106197
0.1525156,0.5312904
0.1525156,0.5312904
0.1525154,0.5312904
0.1525155,0.5312904
0.8282982,0.09350995
0.8282982,0.09350995
0.8282981,0.09350995
0.8282981,0.09350995
0.913847,0.1106197
0.913847,0.1106197
0.913847,0.1106197
0.913847,0.1106197
0.8282981,0.09350995
0.8282981,0.09350995
0.8282982,0.09350995
0.8282982,0.09350995
0.9192625,0.1093252
0.9192625,0.1093252
0.9192625,0.1093252
0.9192625,0.1093252
0.9192625,0.1093252
0.9192625,0.1093252
0.9192625,0.1093252
0.9192625,0.1093252
0.9192625,0.1093252
0.9192625,0.1093252
0.9192625,0.1093252
0.9192625,0.1093252
0.9192625,0.1093252
0.9192625,0.1093252
0.9192625,0.1093252
0.9192625,0.1093252
0.9192625,0.1093252
0.9192625,0.1093252
0.9192625,0.1093252
0.9192625,0.1093252
0.9192625,0.1093252
0.9192625,0.1093252
0.9192625,0.1093252
0.9192625,0.1093252
0.9192625,0.1093252
0.9192625,0.1093252
0.9192625,0.1093252
0.9192625,0.1093252
0.9192625,0.1093252
0.9192625,0.1093252
0.9192625,0.1093252
0.9192625,0.1093252
0.9192625,0.1093252
0.9192625,0.1093252
0.9192625,0.1093252
0.9192625,0.1093252
0.9192625,0.1093252
0.9192625,0.1093252
0.9192625,0.1093252
0.9192625,0.1093252
0.9192625,0.1093252
0.9192625,0.1093252
0.9192625,0.1093252
0.9192625,0.1093252
0.9192625,0.1093252
0.9192625,0.1093252
0.9192625,0.1093252
0.9192625,0.1093252
0.9192625,0.1093252
0.9192625,0.1093252
0.9192625,0.1093252
0.9192625,0.1093252
0.9192625,0.1093252
0.9192625,0.1093252
0.9192625,0.1093252
0.9192625,0.1093252
0.9192625,0.1093252
0.9192625,0.1093252
0.9192625,0.1093252
0.9192625,0.1093252
0.9192625,0.1093252
0.9192625,0.1093252
0.9192625,0.1093252
0.9192625,0.1093252
0.9192625,0.1093252
0.9192625,0.1093252
0.9192625,0.1093252
0.9192625,0.1093252
0.9192625,0.1093252
0.9192625,0.1093252
0.1562356,0.5357736
0.1562356,0.5357736
0.1562356,0.5357736
0.1562356,0.5357736
0.1562356,0.5357736
0.1562356,0.5357736
0.1562356,0.5357736
0.1562356,0.5357736
0.1562356,0.5357736
0.1562356,0.5357736
0.1562356,0.5357736
0.1562356,0.5357736
0.1562356,0.5357736
0.1562356,0.5357736
0.1562356,0.5357736
0.1562356,0.5357736
0.1562356,0.5357736
0.1562356,0.5357736
0.1562356,0.5357736
0.1562356,0.5357736
0.1562356,0.5357736
0.1562356,0.5357736
0.1562356,0.5357736
0.1562356,0.5357736
0.09652346,0.5136609
0.09652346,0.5136609
0.09652346,0.5136609
0.09652346,0.5136609
0.1535966,0.5422075
0.1535966,0.5422076
0.1535967,0.5422077
0.1535967,0.5422077
0.1535967,0.5422076
0.1535967,0.5422076
0.1535966,0.5422076
0.1535966,0.5422075
0.1535967,0.5422077
0.1535967,0.5422077
0.1535966,0.5422076
0.1535966,0.5422075
0.1535966,0.5422075
0.1535966,0.5422076
0.1535967,0.5422077
0.1535967,0.5422077
0.1535967,0.5422077
0.1535967,0.5422077
0.1535967,0.5422077
0.1535967,0.5422077
0.1535967,0.5422077
0.1535967,0.5422077
0.1535967,0.5422077
0.1535967,0.5422077
0.1535967,0.5422076
0.1535967,0.5422076
0.9192625,0.1093252
0.9192625,0.1093252
0.9192625,0.1093252
0.9192625,0.1093252
0.9192625,0.1093252
0.9192625,0.1093252
0.9192625,0.1093252
0.9192625,0.1093252
0.9192625,0.1093252
0.9192625,0.1093252
0.9192625,0.1093252
0.9192625,0.1093252
0.9192625,0.1093252
0.9192625,0.1093252
0.1092373,0.9490808
0.1092373,0.9490808
0.1092375,0.9490808
0.1092373,0.9490808
0.1092373,0.9490808
0.1092373,0.9490808
0.1092373,0.9490808
0.1092373,0.9490808
0.1092373,0.9490808
0.1092373,0.9490808
0.1092375,0.9490808
0.1092375,0.9490808
0.1092375,0.9490808
0.1092375,0.9490808
0.1092373,0.9490808
0.1092373,0.9490808
0.1092373,0.9490808
0.1092373,0.9490807
0.1092373,0.9490808
0.1092373,0.9490808
0.1092373,0.9490808
0.1092373,0.9490808
0.1092375,0.9490808
0.1092373,0.9490808
0.1092373,0.9490808
0.1092373,0.9490808
0.1092373,0.9490807
0.1092373,0.9490808
0.1092373,0.9490808
0.1092373,0.9490808
0.1092375,0.9490808
0.1092375,0.9490808
0.1092375,0.9490808
0.1092375,0.9490808
0.1092373,0.9490808
0.1092373,0.9490808
0.1092373,0.9490808
0.1092373,0.9490808
0.1092373,0.9490808
0.1092373,0.9490808
0.2218316,0.9550741
0.2218316,0.9550741
0.2218316,0.9550741
0.2218316,0.9550741
0.2218316,0.9550741
0.2218316,0.9550741
0.2218316,0.9550741
0.2218316,0.9550741
0.2218316,0.9550741
0.2218316,0.9550741
0.2218316,0.9550741
0.2218316,0.9550741
0.2218316,0.9550741
0.2218316,0.9550741
0.2218316,0.9550741
0.2218316,0.9550741
0.2218316,0.9550741
0.2218316,0.9550741
0.2218316,0.9550741
0.2218316,0.9550741
0.2218316,0.9550741
0.2218316,0.9550741
0.2218316,0.9550741
0.2218316,0.9550741
0.2218316,0.9550741
0.2218316,0.9550741
0.2218316,0.9550741
0.2218316,0.9550741
0.2218316,0.9550741
0.2218316,0.9550741
0.2218316,0.9550741
0.2218316,0.9550741
0.2218316,0.9550741
0.2218316,0.9550741
0.2218316,0.9550741
0.2218316,0.9550741
0.2218316,0.9550741
0.2218316,0.9550741
0.2218316,0.9550741
0.2218316,0.9550741
0.05003244,0.5191557
0.05003244,0.5191557
0.05003244,0.5191557
0.05003244,0.5191557
0.05003244,0.5191557
0.05003244,0.5191557
0.05003244,0.5191557
0.05003244,0.5191557
0.08984375,0.9628906
0.08984375,0.9628906
0.08984375,0.9628906
0.08984375,0.9628906
0.08984375,0.9628906
0.08984375,0.9628906
0.08984375,0.9628906
0.08984375,0.9628906
0.08984375,0.9628906
0.08984375,0.9628906
0.08984375,0.9628906
0.08984375,0.9628906
0.08984375,0.9628906
0.08984375,0.9628906
0.08984375,0.9628906
0.08984375,0.9628906
0.08984375,0.9628906
0.08984375,0.9628906
0.08984375,0.9628906
0.08984375,0.9628906
0.08984375,0.9628906
0.08984375,0.9628906
0.08984375,0.9628906
0.08984375,0.9628906
0.08984375,0.9628906
0.08984375,0.9628906
0.08984375,0.9628906
0.08984375,0.9628906
0.4003906,0.4733019
0.4003906,0.4733019
0.4003906,0.4733019
0.4003906,0.4733019
0.08984375,0.9628906
0.08984375,0.9628906
0.08984375,0.9628906
0.08984375,0.9628906
0.08984375,0.9628906
0.08984375,0.9628906
0.08984375,0.9628906
0.08984375,0.9628906
0.08984369,0.9628906
0.08984375,0.9628906
0.08984375,0.9628906
0.08984369,0.9628906
0.08984369,0.9628906
0.08984375,0.9628906
0.08984375,0.9628906
0.08984375,0.9628906
0.08984375,0.9628906
0.08984375,0.9628906
0.08984369,0.9628906
0.9192625,0.1093252
0.9192625,0.1093252
0.9192625,0.1093252
0.9192625,0.1093252
0.9192625,0.1093252
0.9192625,0.1093252
0.9192625,0.1093252
0.8282981,0.09350995
0.8282982,0.09350995
0.8282982,0.09350995
0.8282982,0.09350995
0.9192625,0.1093252
0.9192625,0.1093252
0.9192625,0.1093252
0.9192625,0.1093252
0.9192625,0.1093252
0.9192625,0.1093252
0.9192625,0.1093252
0.9192625,0.1093252
0.9192625,0.1093252
0.9192625,0.1093252
0.9192625,0.1093252
0.9192625,0.1093252
0.9192625,0.1093252
0.9192625,0.1093252
0.9192625,0.1093252
0.9192625,0.1093252
0.9192625,0.1093252
0.9192625,0.1093252
0.9192625,0.1093252
0.9192625,0.1093252
0.9192625,0.1093252
0.9192625,0.1093252
0.9192625,0.1093252
0.9192625,0.1093252
0.9192625,0.1093252
0.9192625,0.1093252
0.9192625,0.1093252
0.9192625,0.1093252
0.9192625,0.1093252
0.9192625,0.1093252
0.1383178,0.4424568
0.1383178,0.4424568
0.1383178,0.4424568
0.1383178,0.4424568
0.1383178,0.4424568
0.1383177,0.4424568
0.1383178,0.4424568
0.1383178,0.4424568
0.1383178,0.4424568
0.9192625,0.1093252
0.9192625,0.1093252
0.9192625,0.1093252
0.9192625,0.1093252
0.9192625,0.1093252
0.9192625,0.1093252
0.9192625,0.1093252
0.9192625,0.1093252
0.9192625,0.1093252
0.9192625,0.1093252
0.9192625,0.1093252
0.9192625,0.1093252
0.9192625,0.1093252
0.9192625,0.1093252
0.9192625,0.1093252
0.9192625,0.1093252
0.9192625,0.1093252
0.19344,0.9591442
0.19344,0.9591442
0.19344,0.9591442
0.19344,0.9591442
0.19344,0.9591442
0.19344,0.9591442
0.19344,0.9591442
0.19344,0.9591442
0.19344,0.9591442
0.19344,0.9591442
0.19344,0.9591442
0.19344,0.9591442
0.19344,0.9591442
0.19344,0.9591442
0.19344,0.9591442
0.19344,0.9591442
0.9192625,0.1093252
0.9192625,0.1093252
0.9192625,0.1093252
0.9192625,0.1093252
0.9192625,0.1093252
0.9192625,0.1093252
0.9192625,0.1093252
0.9192625,0.1093252
0.9192625,0.1093252
0.9192625,0.1093252
0.9192625,0.1093252
0.9192625,0.1093252
0.9192625,0.109325
0.9192625,0.1093252
0.9192625,0.1093252
0.9192625,0.1093252
0.9192625,0.1093252
0.9192625,0.1093252
0.9192625,0.1093252
0.9192625,0.1093252
0.9192625,0.1093252
0.9192625,0.1093252
0.9192625,0.1093252
0.9192625,0.1093252
0.9192625,0.1093252
0.9192625,0.1093252
0.9192625,0.109325
0.9192625,0.1093252
0.9192626,0.1093252
0.9192625,0.1093252
0.9192625,0.1093252
0.9192625,0.1093252
0.9192625,0.1093252
0.9192625,0.1093252
0.9192625,0.1093252
0.9192625,0.1093252
0.9192625,0.1093252
0.9192626,0.1093252
0.9192625,0.1093252
0.19344,0.9591442
0.19344,0.9591442
0.19344,0.9591442
0.19344,0.9591442
0.8282982,0.09350995
0.8282981,0.09350995
0.8282982,0.09350995
0.8282982,0.09351007
0.19344,0.9591442
0.19344,0.9591442
0.19344,0.9591442
0.19344,0.9591442
0.19344,0.9591442
0.19344,0.9591442
0.19344,0.9591442
0.19344,0.9591442
0.19344,0.9591442
0.9192625,0.1093252
0.9192625,0.1093252
0.9192625,0.1093252
0.9192625,0.1093252
0.8282982,0.09351007
0.8282982,0.09350995
0.8282981,0.09350995
0.8282981,0.09350995
0.9192625,0.1093252
0.9192625,0.1093252
0.9192625,0.1093252
0.9192625,0.1093252
0.9192625,0.1093252
0.9192625,0.1093252
0.9192625,0.1093252
0.9192625,0.1093252
0.9192625,0.1093252
0.9192625,0.1093252
0.9192625,0.1093252
0.9192625,0.1093252
0.9192625,0.1093252
0.9192625,0.1093252
0.07687974,0.979216
0.07687974,0.979216
0.07687974,0.979216
0.07687974,0.979216
0.9192625,0.1093252
0.9192625,0.1093252
0.9192625,0.1093252
0.9192625,0.1093252
0.9192625,0.1093252
0.9192625,0.1093252
0.9192625,0.1093252
0.9192625,0.1093252
0.07687974,0.979216
0.07687974,0.979216
0.07687974,0.979216
0.07687974,0.979216
0.131882,0.5529482
0.131882,0.5529482
0.131882,0.5529482
0.131882,0.5529482
0.9192625,0.1093252
0.9192625,0.1093252
0.9192625,0.1093252
0.9192625,0.1093252
0.9192625,0.1093251
0.9192625,0.1093252
0.131882,0.5529482
0.131882,0.5529482
0.131882,0.5529482
0.131882,0.5529482
0.09652346,0.5136609
0.09652346,0.5136609
0.09652346,0.5136609
0.09652346,0.5136609
0.09652346,0.5136609
0.09652346,0.5136609
0.09652346,0.5136609
0.09652346,0.5136609
0.09652346,0.5136609
0.09652346,0.5136609
0.09652346,0.5136609
0.09652346,0.5136609
0.09652346,0.5136609
0.09652346,0.5136609
0.09652346,0.5136609
0.09652346,0.5136609
0.09652346,0.5136609
0.09652346,0.5136609
0.09652346,0.5136609
0.09652346,0.5136609
0.09652346,0.5136609
0.09652346,0.5136609
0.09652346,0.5136609
0.09652346,0.5136609
0.09652346,0.5136609
0.09652346,0.5136609
0.09652346,0.5136609
0.09652346,0.5136609
0.09652346,0.5136609
0.09652346,0.5136609
0.09652346,0.5136609
0.09652346,0.5136609
0.09652346,0.5136609
0.09652346,0.5136609
0.09652346,0.5136609
0.09652346,0.5136609
0.09652346,0.5136609
0.09652346,0.5136609
0.09652346,0.5136609
0.09652346,0.5136609
0.09652346,0.5136609
0.09652346,0.5136609
0.09652346,0.5136609
0.09652346,0.5136609
0.09652346,0.5136609
0.09652346,0.5136609
0.09652346,0.5136609
0.09652346,0.5136609
0.09652346,0.5136609
0.09652346,0.5136609
0.09652346,0.5136609
0.09652346,0.5136609
0.9192625,0.1093252
0.9192625,0.1093252
0.9192625,0.1093252
0.9192625,0.1093252
0.08473726,0.9576079
0.08473726,0.9576079
0.08473726,0.9576079
0.08473726,0.9576079
0.08473726,0.9576079
0.08473726,0.9576079
0.08473726,0.9576079
0.08473726,0.9576079
0.08473726,0.9576079
0.08473726,0.9576079
0.08473726,0.9576079
0.08473726,0.9576079
0.08473726,0.9576079
0.08473726,0.9576079
0.08473726,0.9576079
0.08473726,0.9576079
0.08473726,0.9576079
0.08473726,0.9576079
0.08473726,0.9576079
0.08473726,0.9576079
0.19344,0.9591442
0.19344,0.9591442
0.19344,0.9591442
0.19344,0.9591442
0.19344,0.9591442
0.19344,0.9591442
0.19344,0.9591442
0.19344,0.9591442
0.19344,0.9591442
0.19344,0.9591442
0.19344,0.9591442
0.19344,0.9591442
0.19344,0.9591442
0.19344,0.9591442
0.19344,0.9591442
0.19344,0.9591442
0.19344,0.9591442
0.19344,0.9591442
0.19344,0.9591442
0.19344,0.9591442
0.1383178,0.4424568
0.1383178,0.4424569
0.1383178,0.4424568
0.1383178,0.4424568
0.1383178,0.4424568
0.1383178,0.4424568
0.19344,0.9591442
0.19344,0.9591442
0.19344,0.9591442
0.19344,0.9591442
0.19344,0.9591442
0.19344,0.9591442
0.19344,0.9591442
0.19344,0.9591442
0.19344,0.9591442
0.19344,0.9591442
0.19344,0.9591442
0.19344,0.9591442
0.19344,0.9591442
0.19344,0.9591442
0.19344,0.9591442
0.19344,0.9591442
0.19344,0.9591442
0.19344,0.9591442
0.19344,0.9591442
0.19344,0.9591442
0.19344,0.9591442
0.19344,0.9591442
0.19344,0.9591442
0.19344,0.9591442
0.19344,0.9591442
0.19344,0.9591442
0.19344,0.9591442
0.19344,0.9591442
0.19344,0.9591442
0.19344,0.9591442
0.19344,0.9591442
0.19344,0.9591442
0.19344,0.9591442
0.19344,0.9591442
0.19344,0.9591442
0.19344,0.9591442
0.19344,0.9591442
0.19344,0.9591442
0.19344,0.9591442
0.19344,0.9591442
0.19344,0.9591442
0.19344,0.9591442
0.19344,0.9591442
0.19344,0.9591442
0.9192625,0.1093252
0.9192625,0.1093252
0.9192625,0.1093252
0.9192625,0.1093252
0.9192625,0.1093252
0.9192625,0.1093252
0.9192625,0.1093252
0.9192625,0.1093252
0.9192625,0.1093252
0.9192625,0.1093251
0.9192625,0.1093252
0.9192625,0.1093252
0.9192625,0.1093252
0.9192625,0.1093252
0.9192625,0.1093252
0.9192625,0.1093251
0.9192625,0.1093252
0.9192625,0.1093252
0.9192625,0.1093252
0.9192625,0.1093252
0.9192625,0.1093252
0.9192625,0.1093252
0.9192625,0.1093252
0.9192625,0.1093252
0.9192625,0.1093252
0.9192625,0.1093252
0.9192625,0.1093252
0.9192625,0.1093252
0.9192625,0.1093252
0.9192625,0.1093252
0.9192625,0.1093252
0.1129163,0.9502069
0.1129164,0.9502069
0.1129165,0.9502069
0.1129164,0.9502069
0.9192625,0.1093252
0.9192625,0.1093252
0.9192626,0.1093252
0.9192625,0.1093252
0.9192625,0.1093252
0.9192625,0.1093252
0.9192625,0.1093252
0.9192626,0.1093252
0.9192625,0.1093252
0.9192625,0.1093252
0.9192625,0.1093252
0.9192625,0.1093252
0.9192625,0.1093252
0.9192625,0.1093252
0.9192625,0.1093252
0.9192625,0.1093252
0.9192625,0.1093252
0.9192625,0.1093252
0.9192625,0.1093252
0.9192625,0.1093252
0.1030166,0.9749563
0.1030167,0.9749563
0.1030168,0.9749563
0.1030166,0.9749563
0.1129164,0.9502069
0.1129163,0.9502069
0.1129164,0.9502069
0.1129165,0.9502069
0.1129163,0.9502069
0.1129163,0.9502069
0.1129163,0.9502069
0.1129163,0.9502069
0.1129163,0.9502069
0.1129163,0.9502069
0.1129164,0.9502069
0.1129163,0.9502069
0.1129163,0.9502069
0.1129163,0.9502069
0.1129163,0.9502069
0.1129163,0.9502069
0.1129163,0.9502069
0.1129163,0.9502069
0.1129163,0.9502069
0.1129164,0.9502069
0.1129164,0.9502069
0.1129163,0.9502069
0.1129164,0.9502069
0.1129163,0.9502069
0.9192625,0.1093252
0.9192625,0.1093252
0.9192625,0.1093252
0.9192625,0.1093252
0.9192625,0.1093252
0.9192625,0.1093252
0.9192625,0.1093252
0.9192625,0.1093252
0.9192625,0.1093252
0.9192625,0.1093252
0.9192625,0.1093252
0.9192625,0.1093252
0.9192625,0.1093252
0.9192625,0.1093252
0.9192625,0.1093252
0.9192625,0.1093252
0.9192625,0.1093252
0.9192625,0.1093252
0.9192625,0.1093252
0.9192625,0.1093252
0.1495613,0.5274114
0.1495613,0.5274115
0.1495613,0.5274115
0.1495613,0.5274114
0.9215389,0.1137322
0.9215389,0.1137322
0.9215389,0.1137322
0.9215389,0.1137322
0.9190565,0.1173179
0.9190565,0.1173179
0.9190565,0.1173179
0.9190565,0.1173179
0.9190565,0.1173179
0.9190565,0.1173179
0.9190565,0.1173179
0.9190565,0.1173179
0.9248489,0.1118013
0.9248489,0.1118013
0.9248489,0.1118013
0.9248489,0.1118013
0.9215389,0.1137322
0.9215389,0.1137322
0.9215389,0.1137322
0.9215389,0.1137322
0.9215389,0.1137322
0.9215389,0.1137322
0.9215389,0.1137322
0.9215389,0.1137322
0.9190565,0.1173179
0.9190565,0.1173179
0.9190565,0.1173179
0.9190565,0.1173179
0.9215389,0.1137322
0.9215389,0.1137322
0.9215389,0.1137322
0.9215389,0.113732
0.9215389,0.1137322
0.9215389,0.1137322
0.9190565,0.1173179
0.9190565,0.1173179
0.9190565,0.1173179
0.9190565,0.1173179
0.9190565,0.1173179
0.9190565,0.1173179
0.9190565,0.1173179
0.9190565,0.1173179
0.08903146,0.955156
0.08903143,0.9551558
0.08903144,0.9551558
0.08903146,0.955156
0.08903147,0.9551558
0.08903147,0.955156
0.08903147,0.955156
0.08903144,0.9551558
0.131882,0.5529483
0.131882,0.5529482
0.131882,0.5529482
0.131882,0.5529482
0.131882,0.5529482
0.08903146,0.955156
0.08903144,0.9551558
0.08903144,0.9551558
0.08903147,0.955156
0.131882,0.5529483
0.131882,0.5529482
0.131882,0.5529482
0.131882,0.5529483
0.131882,0.5529482
0.131882,0.5529482
0.131882,0.5529482
0.131882,0.5529482
0.1731338,0.513661
0.1731338,0.5136609
0.1731338,0.5136609
0.1731338,0.513661
0.131882,0.5529481
0.131882,0.5529483
0.131882,0.5529483
0.131882,0.5529481
0.1495613,0.5274115
0.1495613,0.5274114
0.1495613,0.5274114
0.1495613,0.5274115
0.131882,0.5529481
0.131882,0.5529483
0.131882,0.5529482
0.131882,0.5529481
0.131882,0.5529483
0.131882,0.5529482
0.131882,0.5529482
0.131882,0.5529482
0.131882,0.5529482
0.131882,0.5529481
0.131882,0.5529482
0.131882,0.5529481
0.131882,0.5529481
0.131882,0.5529481
0.131882,0.5529481
0.131882,0.5529482
0.131882,0.5529482
0.131882,0.5529481
0.131882,0.5529482
0.131882,0.5529482
0.131882,0.5529482
0.131882,0.5529482
0.131882,0.5529482
0.131882,0.5529482
0.131882,0.5529482
0.131882,0.5529482
0.131882,0.5529482
0.131882,0.5529482
0.131882,0.5529482
0.9192625,0.1093252
0.9192625,0.1093252
0.9192625,0.1093252
0.9192625,0.1093252
0.9192625,0.1093252
0.9192625,0.1093252
0.9192625,0.1093252
0.9192625,0.1093252
0.9192625,0.1093252
0.9192625,0.1093252
0.9192625,0.1093252
0.9192625,0.1093252
0.9192625,0.1093252
0.9192625,0.1093252
0.9192625,0.1093252
0.9192625,0.1093252
0.9192625,0.1093252
0.9192625,0.1093252
0.9192625,0.1093252
0.9192625,0.1093252
0.9192625,0.1093252
0.9192625,0.1093252
0.9192625,0.1093252
0.9192625,0.1093252
0.9192625,0.1093252
0.9192625,0.1093252
0.9192625,0.1093252
0.9192625,0.1093252
0.9192625,0.1093252
0.9192625,0.1093252
0.9192625,0.1093252
0.9192625,0.1093252
0.9192625,0.1093252
0.9192625,0.1093252
0.9192625,0.1093252
0.9192625,0.1093252
0.9192625,0.1093252
0.9192625,0.1093252
0.9192625,0.1093252
0.9192625,0.1093252
0.9192625,0.1093252
0.9192625,0.1093252
0.9192625,0.1093252
0.9192625,0.1093252
0.9192625,0.1093252
0.9192625,0.1093252
0.9192625,0.1093252
0.9192625,0.1093252
0.9192625,0.1093252
0.9192625,0.1093252
0.9192625,0.1093252
0.9192625,0.1093252
0.9192625,0.1093252
0.9192625,0.1093252
0.9192625,0.1093252
0.9192625,0.1093252
0.9192625,0.1093252
0.9192625,0.1093252
0.9192625,0.1093252
0.9192625,0.1093252
0.9192625,0.1093252
0.9192625,0.1093252
0.9192625,0.1093252
0.9192625,0.1093252
0.8282982,0.09350995
0.8282982,0.09350995
0.8282981,0.09350995
0.8282981,0.09350995
0.8282981,0.09350995
0.8282982,0.09350995
0.8282982,0.09350995
0.8282981,0.09350995
0.9138471,0.1106197
0.9138471,0.1106197
0.9138471,0.1106197
0.9138471,0.1106197
0.1525156,0.5312904
0.1525155,0.5312904
0.1525154,0.5312904
0.1525156,0.5312904
0.8282982,0.09350995
0.8282981,0.09350995
0.8282981,0.09350995
0.8282982,0.09350995
0.913847,0.1106197
0.913847,0.1106197
0.913847,0.1106197
0.913847,0.1106197
0.8282981,0.09350995
0.8282982,0.09350995
0.8282982,0.09350995
0.8282981,0.09350995
0.9192625,0.1093252
0.9192625,0.1093252
0.9192625,0.1093252
0.9192625,0.1093252
0.9192625,0.1093252
0.9192625,0.1093252
0.9192625,0.1093252
0.9192625,0.1093252
0.9192625,0.1093252
0.9192625,0.1093252
0.9192625,0.1093252
0.9192625,0.1093252
0.9192625,0.1093252
0.9192625,0.1093252
0.9192625,0.1093252
0.9192625,0.1093252
0.9192625,0.1093252
0.9192625,0.1093252
0.9192625,0.1093252
0.9192625,0.1093252
0.9192625,0.1093252
0.9192625,0.1093252
0.9192625,0.1093252
0.9192625,0.1093252
0.9192625,0.1093252
0.9192625,0.1093252
0.9192625,0.1093252
0.9192625,0.1093252
0.9192625,0.1093252
0.9192625,0.1093252
0.9192625,0.1093252
0.9192625,0.1093252
0.9192625,0.1093252
0.9192625,0.1093252
0.9192625,0.1093252
0.9192625,0.1093252
0.9192625,0.1093252
0.9192625,0.1093252
0.9192625,0.1093252
0.9192625,0.1093252
0.9192625,0.1093252
0.9192625,0.1093252
0.9192625,0.1093252
0.9192625,0.1093252
0.9192625,0.1093252
0.9192625,0.1093252
0.9192625,0.1093252
0.9192625,0.1093252
0.9192625,0.1093252
0.9192625,0.1093252
0.9192625,0.1093252
0.9192625,0.1093252
0.9192625,0.1093252
0.9192625,0.1093252
0.9192625,0.1093252
0.9192625,0.1093252
0.9192625,0.1093252
0.9192625,0.1093252
0.9192625,0.1093252
0.9192625,0.1093252
0.9192625,0.1093252
0.9192625,0.1093252
0.9192625,0.1093252
0.9192625,0.1093252
0.9192625,0.1093252
0.9192625,0.1093252
0.9192625,0.1093252
0.9192625,0.1093252
0.9192625,0.1093252
0.9192625,0.1093252
0.1562356,0.5357736
0.1562356,0.5357736
0.1562356,0.5357736
0.1562356,0.5357736
0.1562356,0.5357736
0.1562356,0.5357736
0.1562356,0.5357736
0.1562356,0.5357736
0.1562356,0.5357736
0.1562356,0.5357736
0.1562356,0.5357736
0.1562356,0.5357736
0.1562356,0.5357736
0.1562356,0.5357736
0.1562356,0.5357736
0.1562356,0.5357736
0.1562356,0.5357736
0.1562356,0.5357736
0.1562356,0.5357736
0.1562356,0.5357736
0.1562356,0.5357736
0.1562356,0.5357736
0.1562356,0.5357736
0.1562356,0.5357736
0.09652346,0.5136609
0.09652346,0.5136609
0.09652346,0.5136609
0.09652346,0.5136609
0.1535966,0.5422075
0.1535967,0.5422077
0.1535967,0.5422077
0.1535966,0.5422076
0.1535967,0.5422076
0.1535966,0.5422075
0.1535966,0.5422076
0.1535967,0.5422076
0.1535967,0.5422077
0.1535966,0.5422075
0.1535966,0.5422076
0.1535967,0.5422077
0.1535966,0.5422075
0.1535967,0.5422077
0.1535967,0.5422077
0.1535966,0.5422076
0.1535967,0.5422077
0.1535967,0.5422077
0.1535967,0.5422077
0.1535967,0.5422077
0.1535967,0.5422077
0.1535967,0.5422077
0.1535967,0.5422077
0.1535967,0.5422076
0.1535967,0.5422076
0.1535967,0.5422077
0.9192625,0.1093252
0.9192625,0.1093252
0.9192625,0.1093252
0.9192625,0.1093252
0.9192625,0.1093252
0.9192625,0.1093252
0.9192625,0.1093252
0.9192625,0.1093252
0.9192625,0.1093252
0.9192625,0.1093252
0.9192625,0.1093252
0.9192625,0.1093252
0.9192625,0.1093252
0.9192625,0.1093252
0.1092373,0.9490808
0.1092373,0.9490808
0.1092375,0.9490808
0.1092373,0.9490808
0.1092373,0.9490808
0.1092373,0.9490808
0.1092373,0.9490808
0.1092373,0.9490808
0.1092373,0.9490808
0.1092375,0.9490808
0.1092375,0.9490808
0.1092373,0.9490808
0.1092375,0.9490808
0.1092373,0.9490808
0.1092373,0.9490808
0.1092375,0.9490808
0.1092373,0.9490808
0.1092373,0.9490808
0.1092373,0.9490808
0.1092373,0.9490807
0.1092373,0.9490808
0.1092373,0.9490808
0.1092375,0.9490808
0.1092373,0.9490808
0.1092373,0.9490808
0.1092373,0.9490808
0.1092373,0.9490807
0.1092373,0.9490808
0.1092373,0.9490808
0.1092375,0.9490808
0.1092375,0.9490808
0.1092373,0.9490808
0.1092375,0.9490808
0.1092373,0.9490808
0.1092373,0.9490808
0.1092375,0.9490808
0.1092373,0.9490808
0.1092373,0.9490808
0.1092373,0.9490808
0.1092373,0.9490808
0.2218316,0.9550741
0.2218316,0.9550741
0.2218316,0.9550741
0.2218316,0.9550741
0.2218316,0.9550741
0.2218316,0.9550741
0.2218316,0.9550741
0.2218316,0.9550741
0.2218316,0.9550741
0.2218316,0.9550741
0.2218316,0.9550741
0.2218316,0.9550741
0.2218316,0.9550741
0.2218316,0.9550741
0.2218316,0.9550741
0.2218316,0.9550741
0.2218316,0.9550741
0.2218316,0.9550741
0.2218316,0.9550741
0.2218316,0.9550741
0.2218316,0.9550741
0.2218316,0.9550741
0.2218316,0.9550741
0.2218316,0.9550741
0.2218316,0.9550741
0.2218316,0.9550741
0.2218316,0.9550741
0.2218316,0.9550741
0.2218316,0.9550741
0.2218316,0.9550741
0.2218316,0.9550741
0.2218316,0.9550741
0.2218316,0.9550741
0.2218316,0.9550741
0.2218316,0.9550741
0.2218316,0.9550741
0.2218316,0.9550741
0.2218316,0.9550741
0.2218316,0.9550741
0.2218316,0.9550741
0.05003244,0.5191557
0.05003244,0.5191557
0.05003244,0.5191557
0.05003244,0.5191557
0.05003244,0.5191557
0.05003244,0.5191557
0.05003244,0.5191557
0.05003244,0.5191557
0.08984375,0.9628906
0.08984375,0.9628906
0.08984375,0.9628906
0.08984375,0.9628906
0.08984375,0.9628906
0.08984375,0.9628906
0.08984375,0.9628906
0.08984375,0.9628906
0.08984375,0.9628906
0.08984375,0.9628906
0.08984375,0.9628906
0.08984375,0.9628906
0.08984375,0.9628906
0.08984375,0.9628906
0.08984375,0.9628906
0.08984375,0.9628906
0.08984375,0.9628906
0.08984375,0.9628906
0.08984375,0.9628906
0.08984375,0.9628906
0.08984375,0.9628906
0.08984375,0.9628906
0.08984375,0.9628906
0.08984375,0.9628906
0.08984375,0.9628906
0.08984375,0.9628906
0.08984375,0.9628906
0.08984375,0.9628906
0.4003906,0.4733019
0.4003906,0.4733019
0.4003906,0.4733019
0.4003906,0.4733019
0.08984375,0.9628906
0.08984375,0.9628906
0.08984375,0.9628906
0.08984375,0.9628906
0.08984375,0.9628906
0.08984375,0.9628906
0.08984375,0.9628906
0.08984375,0.9628906
0.08984369,0.9628906
0.08984369,0.9628906
0.08984375,0.9628906
0.08984375,0.9628906
0.08984369,0.9628906
0.08984375,0.9628906
0.08984375,0.9628906
0.08984375,0.9628906
0.08984375,0.9628906
0.08984375,0.9628906
0.08984369,0.9628906
0.08984375,0.9628906
0.08984375,0.9628906
0.08984375,0.9628906
0.08984375,0.9628906
0.08984375,0.9628906
0.08984375,0.9628906
0.08984375,0.9628906
0.08984375,0.9628906
0.2218316,0.9550741
0.2218316,0.9550741
0.2218316,0.9550741
0.2218316,0.9550741
0.2218316,0.9550741
0.2218316,0.9550741
0.2218316,0.9550741
0.2218316,0.9550741
0.2218316,0.9550741
0.2218316,0.9550741
0.2218316,0.9550741
0.2218316,0.9550741
0.2218316,0.9550741
0.2218316,0.9550741
0.2218316,0.9550741
0.2218316,0.9550741
0.8282981,0.09350995
0.8282982,0.09350995
0.8282982,0.09350995
0.8282982,0.09350995
0.8282981,0.09350995
0.8282982,0.09350995
0.8282981,0.09350995
0.8282982,0.09350995
0.08984375,0.9628906
0.08984375,0.9628906
0.08984375,0.9628906
0.08984375,0.9628906
0.08984375,0.9628906
0.08984375,0.9628906
0.08984375,0.9628906
0.08984375,0.9628906
0.2218316,0.9550741
0.2218316,0.9550741
0.2218316,0.9550741
0.2218316,0.9550741
0.2218316,0.9550741
0.2218316,0.9550741
0.2218316,0.9550741
0.2218316,0.9550741
0.2218316,0.9550741
0.2218316,0.9550741
0.2218316,0.9550741
0.2218316,0.9550741
0.2218316,0.9550741
0.2218316,0.9550741
0.2218316,0.9550741
0.2218316,0.9550741
0.8282981,0.09350995
0.8282982,0.09350995
0.8282982,0.09350995
0.8282982,0.09350995
0.8282982,0.09350995
0.8282981,0.09350995
0.8282982,0.09350995
0.8282981,0.09350995
0.2621562,0.9676015
0.2621563,0.9676017
0.2621562,0.9676017
0.2621562,0.9676017
0.2621562,0.9676015
0.2621562,0.9676015
0.2621563,0.9676017
0.2621563,0.9676017
0.2621563,0.9676017
0.2621562,0.9676015
0.2621562,0.9676017
0.774907,0.01968515
0.774907,0.01968515
0.7749072,0.01968515
0.7749069,0.01968503
0.774907,0.01968509
0.7749069,0.01968503
0.7749071,0.01968509
0.7749069,0.01968509
0.774907,0.01968509
0.774907,0.01968515
0.7749069,0.01968503
0.7749069,0.01968509
0.7749069,0.01968509
0.7749069,0.01968503
0.7749072,0.01968515
0.7749072,0.01968509
0.7749072,0.01968503
0.7749072,0.01968515
0.774907,0.01968515
0.7749069,0.01968509
0.7749069,0.01968509
0.774907,0.01968515
0.774907,0.01968515
0.774907,0.01968509
0.774907,0.01968503
0.774907,0.01968509
0.7749069,0.01968509
0.7749069,0.01968509
0.7749069,0.01968509
0.7749069,0.01968509
0.7749071,0.01968509
0.7749072,0.01968509
0.7749072,0.01968509
0.7749071,0.01968509
0.7749069,0.01968503
0.7749069,0.01968509
0.7749069,0.01968509
0.7749069,0.01968503
0.774907,0.01968509
0.774907,0.01968509
0.2621562,0.9676017
0.2621563,0.9676017
0.2621562,0.9676015
0.2621562,0.9676015
0.2621563,0.9676017
0.2621562,0.9676015
0.2621563,0.9676017
0.2621562,0.9676017
0.2621563,0.9676017
0.774907,0.01968515
0.7749069,0.01968503
0.7749072,0.01968515
0.774907,0.01968515
0.774907,0.01968509
0.7749069,0.01968509
0.7749071,0.01968509
0.7749069,0.01968503
0.774907,0.01968509
0.7749069,0.01968509
0.7749069,0.01968503
0.774907,0.01968515
0.7749069,0.01968509
0.7749072,0.01968509
0.7749072,0.01968515
0.7749069,0.01968503
0.7749072,0.01968503
0.7749069,0.01968509
0.774907,0.01968515
0.7749072,0.01968515
0.7749069,0.01968509
0.774907,0.01968509
0.774907,0.01968515
0.774907,0.01968515
0.774907,0.01968503
0.7749069,0.01968509
0.7749069,0.01968509
0.774907,0.01968509
0.7749069,0.01968509
0.7749072,0.01968509
0.7749071,0.01968509
0.7749069,0.01968509
0.7749072,0.01968509
0.7749069,0.01968509
0.7749069,0.01968503
0.7749071,0.01968509
0.7749069,0.01968509
0.774907,0.01968509
0.774907,0.01968509
0.7749069,0.01968503
2
4116
0
1
2
3
4
5
6
7
8
9
10
11
12
13
14
15
16
17
18
19
20
21
22
23
24
25
26
27
28
29
30
31
32
33
34
35
36
37
38
39
40
41
42
43
44
45
46
47
47
48
45
47
49
48
48
49
50
48
50
51
52
53
54
52
54
55
56
57
58
56
58
59
60
61
62
60
62
63
64
65
66
64
66
67
68
69
70
68
70
71
72
73
68
72
74
73
75
73
74
75
74
76
77
78
72
77
79
78
80
81
82
80
83
81
83
84
81
83
85
84
86
87
88
86
88
89
90
86
89
89
91
90
89
92
91
92
93
91
93
94
91
95
96
97
95
97
98
99
98
97
99
97
100
101
102
103
103
104
101
104
105
101
105
106
101
107
101
106
107
106
108
109
110
111
112
109
111
112
111
113
114
109
112
115
109
114
114
116
115
112
117
114
117
118
114
112
113
119
112
119
120
120
121
112
122
121
120
122
120
119
119
123
122
124
119
113
125
124
113
113
126
125
127
124
125
127
125
126
126
128
127
129
130
131
131
130
132
132
133
131
133
134
131
134
135
131
134
136
135
136
137
135
137
138
135
138
139
135
140
135
139
140
141
135
140
139
142
143
140
142
142
144
143
145
146
147
145
147
148
148
149
145
150
145
149
150
149
151
152
148
147
151
153
150
153
151
154
153
155
150
152
147
156
156
157
152
158
156
147
158
147
159
160
153
154
154
161
160
160
162
153
153
162
155
160
163
162
163
164
162
155
162
164
163
165
164
164
166
155
166
167
155
167
168
155
169
170
158
169
171
170
172
173
174
172
174
175
176
177
178
176
178
179
180
176
179
181
179
178
181
178
182
183
179
181
180
179
184
183
184
179
180
184
185
183
185
184
180
185
186
183
187
185
186
185
188
187
188
185
186
188
189
187
190
188
191
192
193
191
193
194
195
196
197
195
197
198
199
200
201
199
201
202
202
201
203
202
203
204
205
204
203
205
203
206
207
205
206
207
206
208
209
210
211
209
211
212
212
211
213
212
213
214
215
214
213
215
213
216
217
215
216
217
216
218
219
220
221
219
221
222
223
224
225
223
225
226
226
225
227
226
227
228
229
228
227
229
227
230
231
229
230
231
230
232
233
234
235
233
235
236
237
238
239
237
239
240
241
242
243
243
244
241
244
245
241
246
247
248
246
248
249
250
246
249
250
249
251
249
248
252
251
249
253
249
252
253
251
253
254
255
254
253
256
253
252
255
253
256
257
255
256
256
252
258
257
256
259
259
256
258
259
258
260
261
262
263
261
263
264
265
264
263
265
263
266
267
268
269
267
269
270
270
269
271
270
271
272
273
272
271
273
271
274
275
273
274
275
274
276
277
278
279
277
279
280
281
282
283
281
283
284
285
284
283
285
283
286
287
288
289
289
290
287
291
292
293
291
293
294
295
296
297
295
297
298
299
300
301
299
301
302
303
304
305
303
305
306
307
308
309
309
310
307
309
311
310
311
312
310
311
313
312
313
314
312
313
315
314
315
316
314
315
313
317
317
318
315
319
320
321
319
321
322
323
324
325
323
325
326
327
328
329
327
329
330
331
332
333
331
333
334
335
334
333
335
333
336
337
338
339
337
340
338
337
341
340
337
342
341
343
344
345
343
345
346
346
345
347
346
347
348
349
348
347
349
347
350
351
349
350
351
350
352
353
354
355
353
355
356
357
358
359
357
359
360
361
362
363
361
364
362
365
364
361
365
366
364
367
368
369
367
369
370
371
372
373
371
373
374
375
376
377
375
377
378
379
380
381
379
381
382
383
379
382
383
382
384
385
386
387
385
387
388
389
390
391
389
391
392
393
394
395
393
396
394
397
396
393
397
398
396
399
398
397
399
400
398
399
401
400
399
402
401
402
403
401
402
404
403
404
405
403
404
406
405
407
408
409
407
409
410
411
412
413
411
413
414
415
416
417
415
417
418
418
417
419
418
419
420
420
419
421
420
421
422
423
422
421
423
421
424
425
423
424
425
424
426
427
425
426
427
426
428
429
430
431
429
431
432
433
434
435
433
435
436
437
438
439
439
440
437
439
441
440
442
443
444
442
444
445
446
447
448
446
448
449
450
451
452
450
452
453
454
455
456
454
456
457
458
459
460
458
460
461
462
463
464
462
464
465
466
467
468
466
469
467
470
469
466
470
471
469
472
473
474
472
474
475
476
477
478
476
478
479
479
478
480
479
480
481
482
483
484
482
485
483
486
485
482
486
487
485
486
488
487
486
489
488
489
490
488
489
491
490
492
493
494
492
494
495
496
497
498
496
499
497
496
500
499
496
501
500
502
503
504
502
504
505
506
505
504
506
504
507
508
509
510
510
511
508
510
512
511
510
513
512
514
515
516
514
517
515
518
517
514
518
519
517
520
519
518
520
521
519
522
521
520
521
523
519
522
524
521
521
525
523
526
523
525
526
525
527
528
524
522
528
529
524
530
529
528
530
531
529
532
531
530
532
533
531
534
535
536
534
537
535
538
537
534
538
539
537
540
539
538
540
541
539
542
543
544
542
544
545
546
547
548
546
548
549
550
551
552
550
552
553
554
555
556
554
556
557
558
559
560
558
560
561
562
563
564
562
564
565
566
567
568
566
568
569
570
571
572
570
572
573
570
573
574
574
573
575
574
575
576
577
578
579
577
579
580
581
582
583
581
583
584
585
586
587
585
587
588
588
587
589
588
589
590
591
590
589
591
589
592
593
591
592
593
592
594
595
596
597
595
597
598
599
600
601
599
601
602
603
604
605
603
606
604
607
606
603
607
608
606
609
608
607
609
610
608
609
611
610
609
612
611
612
613
611
612
614
613
614
615
613
614
616
615
617
618
619
617
619
620
621
622
623
621
623
624
625
626
627
625
627
628
629
630
631
629
631
632
633
634
635
633
635
636
636
635
637
636
637
638
639
638
637
639
637
640
641
639
640
641
640
642
643
644
645
643
645
646
647
648
649
647
649
650
651
652
653
651
653
654
655
656
657
655
657
658
659
660
661
659
661
662
662
661
663
662
663
664
664
663
665
664
665
666
667
666
665
667
665
668
669
667
668
669
668
670
671
669
670
671
670
672
673
674
675
673
675
676
677
678
679
677
679
680
681
682
683
681
683
684
685
686
687
685
687
688
689
690
691
689
692
690
692
693
690
692
694
693
695
694
689
695
696
694
695
697
696
695
698
697
698
699
700
698
700
701
701
702
697
701
700
702
703
704
705
703
705
706
707
708
709
707
709
710
710
709
711
710
711
712
712
711
713
712
713
714
715
714
713
715
713
716
717
715
716
717
716
718
719
717
718
719
718
720
721
722
723
721
723
724
725
726
727
727
157
725
727
728
157
729
730
731
729
731
732
733
734
735
733
736
734
737
736
733
737
738
736
739
738
737
739
740
738
739
741
740
739
742
741
742
743
741
742
744
743
744
745
743
744
746
745
747
748
749
747
749
750
751
752
753
751
753
754
755
756
757
755
757
758
759
760
761
759
761
762
763
764
765
763
765
766
767
768
769
767
769
770
771
772
773
771
773
774
775
776
777
775
777
778
779
780
781
779
781
782
783
784
785
783
786
784
787
786
783
787
788
786
789
790
791
789
791
792
793
794
795
793
795
796
797
798
799
797
799
800
801
802
803
801
804
802
801
805
804
806
807
808
808
809
806
809
810
806
811
812
813
811
813
814
815
816
817
815
817
818
819
820
821
819
821
822
823
824
825
823
825
826
827
828
829
827
829
830
831
832
833
831
833
834
835
836
837
835
837
838
839
840
841
839
841
842
843
844
845
843
845
846
846
847
848
846
848
849
846
850
851
846
852
850
853
852
846
853
854
852
855
854
853
855
856
854
857
858
855
857
859
858
860
861
862
860
862
863
864
865
866
866
867
864
867
868
864
869
870
871
871
872
869
871
873
872
874
875
876
874
876
877
878
879
880
878
880
881
882
883
884
882
884
885
886
887
888
886
888
889
890
891
892
890
892
893
894
895
896
894
896
897
898
899
900
898
900
901
902
903
904
902
904
905
906
907
908
906
908
909
910
911
912
910
912
913
914
915
916
914
916
917
917
916
918
917
918
919
920
921
922
920
922
923
924
925
926
924
926
927
928
929
930
928
931
929
932
933
931
932
934
933
935
936
937
935
937
938
939
940
941
939
941
942
943
944
945
943
945
946
947
948
949
947
949
950
951
952
953
951
953
954
955
956
957
955
957
958
959
960
961
959
961
962
963
964
965
963
965
966
967
968
969
967
969
970
971
972
973
971
973
974
975
976
977
977
978
975
978
979
975
980
981
982
980
982
983
984
985
986
984
986
987
988
989
990
988
990
991
992
993
994
992
994
995
996
997
998
996
998
999
1000
1001
1002
1002
1003
1000
1003
1004
1000
1004
1005
1000
1004
1006
1005
1007
1008
1009
1009
1010
1007
1009
1011
1010
1011
1012
1010
1012
1013
1010
1012
1014
1013
1015
1016
1017
1015
1017
1018
1019
1020
1021
1021
1022
1019
1022
1023
1019
1024
1025
1026
1024
1026
1027
1028
1029
1030
1030
1031
1028
1030
1032
1031
1033
1034
1035
1033
1035
1036
1037
1038
1039
1037
1039
1040
1041
1042
1043
1041
1043
1044
1045
1046
1047
1045
1047
1048
1049
1050
1051
1049
1051
1052
1053
1054
1055
1053
1055
1056
1057
1058
1059
1057
1059
1060
1061
1062
1063
1061
1063
1064
1065
1066
1067
1065
1067
1068
1069
1070
1071
1069
1071
1072
1073
1074
1075
1073
1075
1076
1077
1078
1079
1077
1079
1080
1080
1079
1081
1080
1081
1082
1083
1084
1085
1083
1085
1086
1087
1088
1089
1087
1089
1090
1091
1092
1093
1091
1094
1092
1095
1094
1091
1095
1096
1094
1097
1098
1099
1097
1099
1100
1101
1102
1103
1101
1103
1104
1105
1106
1107
1105
1107
1108
1109
1110
1111
1109
1111
1112
1113
1114
1115
1113
1115
1116
1117
1118
1119
1117
1119
1120
1121
1122
1123
1121
1123
1124
1125
1126
1127
1125
1127
1128
1129
1130
1131
1129
1131
1132
1133
1134
1135
1133
1135
1136
1137
1138
1139
1137
1139
1140
1141
1142
1143
1141
1143
1144
1145
1146
1147
1145
1147
1148
1149
1150
1151
1149
1151
1152
1153
1154
1155
1153
1155
1156
1157
1158
1159
1157
1159
1160
1161
1162
1163
1161
1163
1164
1165
1166
1167
1167
1168
1165
1167
1169
1168
1169
1170
1168
1169
1171
1170
1171
1172
1170
1173
1174
1175
1173
1175
1176
1177
1178
1179
1177
1179
1180
1181
1182
1183
1183
1184
1181
1183
1185
1184
1185
1186
1184
1185
1187
1186
1187
1188
1186
1189
1190
1191
1189
1191
1192
1193
1194
1195
1193
1195
1196
1197
1198
1199
1197
1199
1200
1201
1202
1203
1201
1203
1204
1205
1206
1207
1205
1207
1208
1209
1210
1211
1209
1211
1212
1213
1214
1215
1213
1215
1216
1217
1218
1219
1217
1219
1220
1221
1222
1223
1221
1223
1224
1225
1226
1227
1225
1227
1228
1229
1230
1231
1229
1231
1232
1233
1231
1234
1233
1234
1235
1235
1234
1236
1235
1236
1237
1237
1236
1238
1237
1238
1239
1240
1241
1242
1242
1243
1240
1243
1244
1240
1243
1245
1244
1243
1246
1245
1247
1248
1249
1247
1249
1250
1251
1252
1253
1251
1253
1254
1255
1256
1257
1255
1257
1258
1259
1260
1261
1259
1261
1262
1263
1264
1265
1263
1265
1266
1267
1263
1268
1267
1268
1269
1270
1269
1268
1270
1271
1269
1272
1267
1273
1272
1273
1274
1275
1276
1277
1275
1277
1278
1278
1277
1279
1278
1279
1280
1281
1282
1283
1281
1284
1282
1284
1281
1285
1285
1286
1284
1286
1287
1284
1286
1288
1287
1286
1289
1288
1290
1291
1292
1292
1293
1290
1292
1294
1293
1292
1295
1294
1296
1295
1292
1296
1297
1295
1298
1299
1300
1300
1301
1298
1301
1302
1298
1301
1303
1302
1303
1304
1302
1303
1305
1304
1305
1306
1304
1307
1308
1309
1310
1309
1308
1308
1311
1310
1308
1312
1311
1308
1313
1312
1313
1314
1312
1313
1315
1314
1313
1316
1315
1313
1317
1316
1317
1313
1318
1313
1319
1318
1320
1317
1318
1320
1318
1321
1321
1322
1320
1323
1324
1325
1326
1323
1325
1325
1327
1326
1327
1325
1328
1329
1327
1328
1323
1326
1330
1328
1331
1329
1332
1329
1331
1331
1328
1333
1334
1323
1330
1330
1335
1334
1336
1323
1334
1336
1337
1323
1332
1331
1338
1338
1339
1332
1338
1331
1340
1331
1333
1340
1338
1340
1341
1341
1340
1342
1342
1340
1333
1341
1342
1343
1333
1344
1342
1333
1345
1344
1333
1346
1345
1347
1336
1348
1347
1348
1349
1350
1351
1352
1350
1352
1353
1354
1355
1356
1354
1356
1357
1358
1359
1360
1358
1360
1361
1362
1363
1364
1362
1364
1365
1366
1367
1368
1366
1368
1369
1370
1371
1372
1370
1372
1373
1374
1375
1376
1376
1377
1374
1376
1378
1377
1379
1380
1381
1379
1381
1382
1383
1384
1385
1385
1386
1383
1387
1388
1389
1387
1389
1390
1391
1392
1393
1393
1394
1391
1394
1395
1391
1394
1396
1395
1397
1398
1399
1397
1399
1400
1401
1402
1403
1401
1403
1404
1405
1406
1407
1405
1407
1408
1409
1410
1411
1409
1411
1412
1413
1414
1415
1413
1415
1416
1417
1418
1419
1417
1419
1420
1421
1422
1423
1421
1424
1422
1425
1422
1424
1425
1426
1422
1427
1428
1429
1427
1429
1430
1431
1432
1433
1431
1433
1434
1435
1436
1437
1435
1437
1438
1439
1435
1438
1439
1438
1440
1441
1442
1443
1441
1443
1444
1445
1446
1447
1445
1447
1448
1449
1450
1451
1449
1451
1452
1453
1454
1455
1453
1456
1454
1457
1456
1453
1457
1458
1456
1459
1460
1461
1459
1461
1462
1463
1464
1465
1463
1465
1466
1467
1468
1469
1467
1469
1470
1471
1472
1473
1471
1473
1474
1475
1476
1477
1475
1477
1478
1479
1480
1481
1479
1481
1482
1483
1484
1485
1483
1485
1486
1487
1488
1489
1487
1489
1490
1491
1492
1493
1491
1493
1494
1495
1496
1497
1495
1497
1498
1499
1500
1501
1499
1501
1502
1503
1504
1505
1503
1505
1506
1507
1508
1509
1507
1509
1510
1511
1507
1510
1511
1510
1512
1513
1514
1515
1513
1515
1516
1517
1518
1519
1517
1520
1518
1520
1521
1518
1520
1522
1521
1523
1524
1525
1523
1525
1526
1527
1528
1529
1529
1530
1527
1530
1531
1527
1531
1532
1527
1533
1534
1535
1533
1535
1536
1537
1533
1536
1537
1536
1538
1539
1537
1538
1539
1538
1540
1541
1539
1540
1540
1538
1542
1541
1540
1543
1540
1542
1544
1545
1544
1542
1545
1546
1544
1547
1541
1543
1547
1543
1548
1549
1547
1548
1549
1548
1550
1551
1549
1550
1551
1550
1552
1553
1554
1555
1553
1555
1556
1557
1553
1556
1557
1556
1558
1559
1557
1558
1559
1558
1560
1561
1562
1563
1561
1563
1564
1565
1566
1567
1565
1567
1568
1569
1570
1571
1569
1571
1572
1573
1574
1575
1573
1575
1576
1577
1578
1579
1577
1579
1580
1581
1582
1583
1581
1583
1584
1585
1586
1587
1585
1587
1588
1589
1590
1591
1589
1592
1590
1589
1593
1592
1593
1594
1592
1593
1595
1594
1596
1597
1598
1596
1598
1599
1600
1601
1602
1600
1602
1603
1604
1605
1606
1604
1606
1607
1608
1609
1610
1608
1610
1611
1612
1613
1614
1612
1614
1615
1616
1617
1618
1616
1618
1619
1620
1621
1622
1620
1622
1623
1624
1625
1626
1624
1626
1627
1628
1629
1630
1628
1630
1631
1632
1633
1634
1632
1634
1635
1636
1637
1638
1636
1638
1639
1640
1641
1642
1640
1642
1643
1644
1645
1646
1644
1646
1647
1648
1649
1650
1648
1650
1651
1652
1653
1654
1652
1654
1655
1656
1657
1658
1656
1658
1659
1660
1661
1662
1660
1662
1663
1664
1665
1666
1664
1666
1667
1668
1669
1670
1670
1335
1668
1335
1671
1668
1672
1673
1674
1672
1674
1675
1676
1677
1678
1676
1678
1679
1680
1681
1682
1680
1682
1683
1684
1685
1686
1684
1686
1687
1688
1689
1690
1688
1690
1691
1692
1693
1694
1692
1694
1695
1696
1697
1698
1696
1698
1699
1700
1701
1702
1700
1702
1703
1704
1705
1706
1704
1706
1707
1708
1709
1710
1708
1710
1711
1712
1713
1714
1712
1714
1715
1716
1712
1715
1716
1715
1717
1718
1719
1720
1718
1720
1721
1722
1723
1724
1722
1724
1725
1726
1727
1728
1726
1728
1729
1730
1731
1732
1732
1733
1730
1734
1735
1736
1736
1737
1734
1736
1738
1737
1739
1740
1741
1739
1741
1742
1743
1744
1745
1743
1745
1746
1747
1748
1749
1747
1749
1750
1751
1752
1753
1751
1753
1754
1755
1756
1757
1755
1757
1758
1759
1760
1761
1759
1761
1762
1763
1764
1765
1763
1765
1766
1767
1768
1769
1767
1769
1770
1771
1772
1773
1771
1774
1772
1774
1775
1776
1774
1776
1777
1774
1778
1779
1774
1779
1780
1781
1774
1780
1781
1780
1782
1783
1781
1782
1783
1782
1784
1785
1783
1786
1785
1786
1787
1788
1789
1790
1788
1790
1791
1792
1793
1794
1794
1795
1792
1794
1796
1795
1797
1798
1799
1799
1800
1797
1800
1801
1797
1802
1803
1804
1802
1804
1805
1806
1807
1808
1806
1808
1809
1810
1811
1812
1810
1812
1813
1814
1815
1816
1814
1816
1817
1818
1819
1820
1818
1820
1821
1822
1823
1824
1822
1824
1825
1826
1827
1828
1826
1828
1829
1830
1831
1832
1830
1832
1833
1834
1835
1836
1834
1836
1837
1838
1839
1840
1838
1840
1841
1842
1843
1844
1842
1845
1843
1845
1846
1843
1845
1847
1846
1848
1849
1850
1848
1850
1851
1852
1853
1854
1852
1854
1855
1856
1857
1858
1856
1858
1859
1860
1861
1862
1860
1862
1863
1864
1865
1866
1864
1866
1867
1868
1869
1870
1868
1870
1871
1872
1873
1874
1872
1874
1875
1876
1877
1878
1876
1878
1879
1880
1881
1882
1880
1882
1883
1884
1885
1886
1884
1886
1887
1888
1889
1890
1888
1890
1891
1892
1893
1894
1892
1894
1895
1896
1897
1898
1898
1899
1896
1898
1900
1899
1901
1902
1903
1901
1903
1904
1905
1906
1907
1905
1907
1908
1909
1910
1911
1909
1911
1912
1913
1914
1915
1913
1915
1916
1917
1918
1919
1917
1919
1920
1921
1922
1923
1923
1924
1921
1923
1925
1924
1923
1926
1925
1926
1927
1925
1928
1929
1930
1930
1931
1928
1931
1932
1928
1931
1933
1932
1931
1934
1933
1934
1935
1933
1936
1937
1938
1936
1938
1939
1940
1941
1942
1942
1943
1940
1943
1944
1940
1945
1946
1947
1945
1947
1948
1949
1950
1951
1951
1952
1949
1952
1953
1949
1954
1955
1956
1954
1956
1957
1958
1959
1960
1958
1960
1961
1962
1963
1964
1962
1964
1965
1966
1967
1968
1966
1968
1969
1970
1971
1972
1970
1972
1973
1974
1975
1976
1974
1976
1977
1978
1979
1980
1978
1980
1981
1982
1983
1984
1982
1984
1985
1986
1987
1988
1986
1988
1989
1990
1991
1992
1990
1992
1993
1994
1995
1996
1994
1996
1997
1998
1999
2000
1998
2001
1999
2001
2002
1999
2001
2003
2002
2004
2005
2006
2004
2006
2007
2008
2009
2010
2008
2010
2011
2012
2013
2014
2012
2014
2015
2016
2012
2015
2016
2015
2017
2018
2019
2020
2018
2020
2021
2022
2023
2024
2022
2024
2025
2026
2027
2028
2026
2028
2029
2030
2031
2032
2030
2032
2033
2034
2035
2036
2034
2036
2037
2038
2039
2040
2038
2040
2041
2042
2043
2044
2042
2044
2045
2046
2047
2048
2046
2048
2049
2050
2051
2052
2050
2052
2053
2054
2055
2056
2054
2056
2057
2058
2059
2060
2058
2060
2061
2062
2063
2064
2062
2064
2065
2066
2067
2068
2066
2068
2069
2070
2071
2072
2070
2072
2073
2074
2075
2076
2074
2076
2077
2078
2079
2080
2078
2080
2081
2082
2083
2084
2082
2084
2085
2086
2087
2088
2088
2089
2086
2088
2090
2089
2090
2091
2089
2090
2092
2091
2092
2093
2091
2094
2095
2096
2094
2096
2097
2098
2099
2100
2098
2100
2101
2102
2103
2104
2104
2105
2102
2104
2106
2105
2106
2107
2105
2106
2108
2107
2108
2109
2107
2110
2111
2112
2110
2112
2113
2114
2115
2116
2114
2116
2117
2118
2119
2120
2118
2120
2121
2122
2123
2124
2122
2124
2125
2126
2127
2128
2126
2128
2129
2130
2131
2132
2130
2132
2133
2134
2135
2136
2134
2136
2137
2138
2139
2140
2138
2140
2141
2142
2143
2144
2142
2144
2145
2146
2147
2148
2146
2148
2149
2150
2151
2152
2150
2152
2153
2154
2155
2152
2154
2156
2155
2156
2157
2155
2156
2158
2157
2158
2159
2157
2158
2160
2159
2161
2162
2163
2161
2164
2162
2165
2161
2163
2164
2166
2162
2165
2163
2167
2164
2168
2166
2168
2165
2167
2168
2167
2166
2169
2170
2171
2169
2172
2170
2173
2169
2171
2172
2174
2170
2173
2171
2175
2172
2176
2174
2177
2173
2175
2176
2178
2174
2177
2175
2179
2176
2180
2178
2181
2177
2179
2180
2182
2178
2181
2179
2183
2180
2184
2182
2184
2181
2183
2184
2183
2182
2185
2186
2187
2185
2188
2186
2189
2185
2187
2188
2190
2186
2189
2187
2191
2188
2192
2190
2192
2189
2191
2192
2191
2190
2193
2194
2195
2193
2195
2196
2197
2194
2193
2196
2195
2198
2197
2199
2194
2196
2198
2200
2200
2199
2197
2200
2198
2199
2201
2202
2203
2201
2203
2204
2205
2202
2201
2204
2203
2206
2205
2207
2202
2204
2206
2208
2209
2207
2205
2208
2206
2210
2209
2211
2207
2208
2210
2212
2213
2211
2209
2212
2210
2214
2213
2215
2211
2212
2214
2216
2216
2215
2213
2216
2214
2215
2217
2218
2219
2217
2220
2218
2219
2218
2221
2222
2220
2217
2219
2221
2223
2222
2224
2220
2223
2221
2224
2223
2224
2222
150
2225
2226
2227
2228
2229
2230
2228
2230
2231
2232
2233
2234
2234
2235
2232
2236
2237
2238
2236
2238
2239
2240
2241
2242
2240
2242
2243
2244
2245
2246
2244
2246
2247
2248
2249
2250
2248
2250
2251
2252
2253
2254
2252
2254
2255
2256
2257
2258
2256
2258
2259
2260
2261
2262
2260
2262
2263
2264
2265
2266
2264
2266
2267
2268
2269
2270
2268
2270
2271
2272
2273
2274
2272
2274
2275
2276
2277
2278
2276
2278
2279
2280
2281
2282
2282
2283
2280
2282
2284
2283
2285
2286
2287
2285
2287
2288
2289
2290
2291
2289
2291
2292
2293
2294
2295
2293
2295
2296
2297
2298
2299
2297
2299
2300
2301
2302
2303
2301
2303
2304
2305
2306
2307
2305
2307
2308
2309
2310
2311
2309
2311
2312
2313
2314
2315
2313
2315
2316
2317
2318
2319
2317
2319
2320
2321
2322
2323
2321
2323
2324
