MESH3
PFB_Stove
2682
-0.4616789,0.9003612,0.4185257
-0.4439283,0.9003612,0.4362762
-0.4525071,0.9003612,0.4277078
0.4616789,0.9003612,0.4185257
0.452507,0.9003612,0.4277078
0.4439282,0.9003612,0.4362762
-0.1337749,0.8817388,-0.2530589
-0.1337749,0.8981373,-0.2530589
-0.1945141,0.8817388,-0.2727949
-0.1945141,0.8981373,-0.2727949
-0.1185173,0.8817388,-0.2322648
-0.1185173,0.8981373,-0.2322648
-0.1337749,0.8817388,-0.2530589
-0.1337749,0.8981373,-0.2530589
-0.09623606,0.8817388,-0.1375264
-0.09623606,0.8981373,-0.1375264
-0.09623606,0.8817388,-0.201391
-0.09623606,0.8981373,-0.201391
-0.1142778,0.8981373,-0.1127133
-0.09623606,0.8981373,-0.1375264
-0.09623606,0.8817388,-0.1375264
-0.1142778,0.8817388,-0.1127133
-0.116057,0.8981373,-0.1102279
-0.116057,0.8817388,-0.1102279
-0.1337749,0.8981373,-0.08585849
-0.1337749,0.8817388,-0.08585849
-0.1945141,0.8817388,-0.06612339
-0.1945141,0.8981373,-0.06612339
-0.1337749,0.8817388,-0.08585849
-0.1337749,0.8981373,-0.08585849
-0.2552532,0.8817388,-0.08585849
-0.2552532,0.8981373,-0.08585849
-0.1945141,0.8817388,-0.06612339
-0.1945141,0.8981373,-0.06612339
-0.274771,0.8817381,-0.1128729
-0.2747723,0.8981366,-0.1128747
-0.2552532,0.8817388,-0.08585849
-0.2552532,0.8981373,-0.08585849
-0.2927921,0.8817388,-0.201391
-0.2927921,0.8981373,-0.201391
-0.2927921,0.8817388,-0.1375264
-0.2927921,0.8981373,-0.1375264
-0.2746075,0.8981365,-0.2264516
-0.2927921,0.8981373,-0.201391
-0.2927921,0.8817388,-0.201391
-0.2746089,0.8817379,-0.2264496
-0.2732282,0.8981379,-0.2282931
-0.2732296,0.8817395,-0.2282911
-0.2552532,0.8981373,-0.2530589
-0.2552532,0.8817388,-0.2530589
-0.1945141,0.8817388,-0.2727949
-0.1945141,0.8981373,-0.2727949
-0.2552532,0.8817388,-0.2530589
-0.2552532,0.8981373,-0.2530589
-0.1337749,0.8981373,-0.2530589
-0.1270261,0.8981373,-0.2623479
-0.1945141,0.8981373,-0.2727949
-0.1945141,0.8981373,-0.284276
-0.1185173,0.8981373,-0.2322648
-0.1100089,0.8981373,-0.2391607
-0.1337749,0.8981373,-0.2530589
-0.1270261,0.8981373,-0.2623479
-0.09623606,0.8981373,-0.1375264
-0.08531633,0.8981373,-0.1339782
-0.09623606,0.8981373,-0.201391
-0.08531633,0.8981373,-0.2049397
-0.1142778,0.8981373,-0.1127133
-0.1053584,0.8981373,-0.1064139
-0.09623606,0.8981373,-0.1375264
-0.08531633,0.8981373,-0.1339782
-0.1945141,0.8981373,-0.06612339
-0.1945141,0.8981373,-0.05464184
-0.1337749,0.8981373,-0.08585849
-0.1270261,0.8981373,-0.07656953
-0.2552532,0.8981373,-0.08585849
-0.262002,0.8981373,-0.07656952
-0.1945141,0.8981373,-0.06612339
-0.1945141,0.8981373,-0.05464184
-0.2747723,0.8981366,-0.1128747
-0.2836595,0.8981365,-0.1065435
-0.2552532,0.8981373,-0.08585849
-0.262002,0.8981373,-0.07656952
-0.2927921,0.8981373,-0.201391
-0.3037118,0.8981373,-0.2049396
-0.2927921,0.8981373,-0.1375264
-0.3037118,0.8981373,-0.1339782
-0.2746075,0.8981365,-0.2264516
-0.2835429,0.8981364,-0.2327339
-0.2927921,0.8981373,-0.201391
-0.3037118,0.8981373,-0.2049396
-0.1945141,0.8981373,-0.2727949
-0.1945141,0.8981373,-0.284276
-0.2552532,0.8981373,-0.2530589
-0.262002,0.8981373,-0.2623479
-0.1270261,0.8981373,-0.2623479
-0.1270261,0.8817388,-0.2623479
-0.1945141,0.8981373,-0.284276
-0.1945141,0.8817388,-0.284276
-0.1100089,0.8981373,-0.2391607
-0.1100089,0.8817388,-0.2391607
-0.1270261,0.8981373,-0.2623479
-0.1270261,0.8817388,-0.2623479
-0.08531633,0.8981373,-0.1339782
-0.08531633,0.8817388,-0.1339782
-0.08531633,0.8981373,-0.2049397
-0.08531633,0.8817388,-0.2049397
-0.1053584,0.8817388,-0.1064139
-0.08531633,0.8817388,-0.1339782
-0.08531633,0.8981373,-0.1339782
-0.1053584,0.8981373,-0.1064139
-0.1073353,0.8817388,-0.1036525
-0.1073353,0.8981373,-0.1036525
-0.1270261,0.8817388,-0.07656953
-0.1270261,0.8981373,-0.07656953
-0.1945141,0.8981373,-0.05464184
-0.1945141,0.8817388,-0.05464184
-0.1270261,0.8981373,-0.07656953
-0.1270261,0.8817388,-0.07656953
-0.262002,0.8981373,-0.07656952
-0.262002,0.8817388,-0.07656952
-0.1945141,0.8981373,-0.05464184
-0.1945141,0.8817388,-0.05464184
-0.2836595,0.8981365,-0.1065435
-0.2836582,0.881738,-0.1065417
-0.262002,0.8981373,-0.07656952
-0.262002,0.8817388,-0.07656952
-0.3037118,0.8981373,-0.2049396
-0.3037118,0.8817388,-0.2049396
-0.3037118,0.8981373,-0.1339782
-0.3037118,0.8817388,-0.1339782
-0.2835444,0.8817379,-0.2327319
-0.3037118,0.8817388,-0.2049396
-0.3037118,0.8981373,-0.2049396
-0.2835429,0.8981364,-0.2327339
-0.2820118,0.8817396,-0.234778
-0.2820103,0.8981381,-0.23478
-0.262002,0.8817388,-0.2623479
-0.262002,0.8981373,-0.2623479
-0.1945141,0.8981373,-0.284276
-0.1945141,0.8817388,-0.284276
-0.262002,0.8981373,-0.2623479
-0.262002,0.8817388,-0.2623479
-0.1270261,0.8817388,-0.2623479
-0.1337749,0.8817388,-0.2530589
-0.1945141,0.8817388,-0.284276
-0.1945141,0.8817388,-0.2727949
-0.1270261,0.8817388,-0.2623479
-0.1100089,0.8817388,-0.2391607
-0.1337749,0.8817388,-0.2530589
-0.1185173,0.8817388,-0.2322648
-0.08531633,0.8817388,-0.1339782
-0.09623606,0.8817388,-0.1375264
-0.08531633,0.8817388,-0.2049397
-0.09623606,0.8817388,-0.201391
-0.08531633,0.8817388,-0.1339782
-0.1053584,0.8817388,-0.1064139
-0.09623606,0.8817388,-0.1375264
-0.1142778,0.8817388,-0.1127133
-0.116057,0.8817388,-0.1102279
-0.1073353,0.8817388,-0.1036525
-0.1337749,0.8817388,-0.08585849
-0.1270261,0.8817388,-0.07656953
-0.1945141,0.8817388,-0.06612339
-0.1945141,0.8817388,-0.05464184
-0.262002,0.8817388,-0.07656952
-0.2552532,0.8817388,-0.08585849
-0.1945141,0.8817388,-0.05464184
-0.1945141,0.8817388,-0.06612339
-0.262002,0.8817388,-0.07656952
-0.2836582,0.881738,-0.1065417
-0.2552532,0.8817388,-0.08585849
-0.274771,0.8817381,-0.1128729
-0.3037118,0.8817388,-0.2049396
-0.2927921,0.8817388,-0.201391
-0.3037118,0.8817388,-0.1339782
-0.2927921,0.8817388,-0.1375264
-0.3037118,0.8817388,-0.2049396
-0.2835444,0.8817379,-0.2327319
-0.2927921,0.8817388,-0.201391
-0.2746089,0.8817379,-0.2264496
-0.2820118,0.8817396,-0.234778
-0.2732296,0.8817395,-0.2282911
-0.2552532,0.8817388,-0.2530589
-0.262002,0.8817388,-0.2623479
-0.1945141,0.8817388,-0.284276
-0.1945141,0.8817388,-0.2727949
-0.262002,0.8817388,-0.2623479
-0.2552532,0.8817388,-0.2530589
-0.2732282,0.8981379,-0.2282931
-0.2552532,0.8981373,-0.2530589
-0.2820103,0.8981381,-0.23478
-0.262002,0.8981373,-0.2623479
-0.2732259,0.9242615,-0.2282963
-0.2820081,0.9242615,-0.2347832
-0.2746052,0.9242599,-0.2264548
-0.2835406,0.9242598,-0.2327371
-0.1168,0.8817388,-0.2294346
-0.1168,0.8981373,-0.2294346
-0.1185173,0.8817388,-0.2322648
-0.1185173,0.8981373,-0.2322648
-0.1100089,0.8817388,-0.2391607
-0.1081008,0.8817388,-0.2360162
-0.1185173,0.8817388,-0.2322648
-0.1168,0.8817388,-0.2294346
-0.1081008,0.8981373,-0.2360162
-0.1081008,0.8817388,-0.2360162
-0.1100089,0.8981373,-0.2391607
-0.1100089,0.8817388,-0.2391607
-0.1168001,0.9242608,-0.2294347
-0.1081008,0.9242608,-0.2360163
-0.1185173,0.9242608,-0.2322648
-0.110009,0.9242608,-0.2391607
-0.09623606,0.8817388,-0.201391
-0.09623606,0.8981373,-0.201391
-0.1168,0.8817388,-0.2294346
-0.1168,0.8981373,-0.2294346
-0.08531633,0.8817388,-0.2049397
-0.09623606,0.8817388,-0.201391
-0.1081008,0.8817388,-0.2360162
-0.1168,0.8817388,-0.2294346
-0.08531633,0.8981373,-0.2049397
-0.08531633,0.8817388,-0.2049397
-0.1081008,0.8981373,-0.2360162
-0.1081008,0.8817388,-0.2360162
-0.1168,0.8981373,-0.2294346
-0.09623606,0.8981373,-0.201391
-0.1081008,0.8981373,-0.2360162
-0.08531633,0.8981373,-0.2049397
-0.2927921,0.8817388,-0.1375264
-0.2927921,0.8981373,-0.1375264
-0.2767556,0.8817396,-0.1152924
-0.2767569,0.8981381,-0.1152943
-0.3037118,0.8817388,-0.1339782
-0.2927921,0.8817388,-0.1375264
-0.2858634,0.8817397,-0.1092301
-0.2767556,0.8817396,-0.1152924
-0.3037118,0.8981373,-0.1339782
-0.3037118,0.8817388,-0.1339782
-0.2858646,0.8981382,-0.1092319
-0.2858634,0.8817397,-0.1092301
-0.2767569,0.8981381,-0.1152943
-0.2927921,0.8981373,-0.1375264
-0.2858646,0.8981382,-0.1092319
-0.3037118,0.8981373,-0.1339782
-0.2767556,0.8817396,-0.1152924
-0.2767569,0.8981381,-0.1152943
-0.274771,0.8817381,-0.1128729
-0.2747723,0.8981366,-0.1128747
-0.2858634,0.8817397,-0.1092301
-0.2767556,0.8817396,-0.1152924
-0.2836582,0.881738,-0.1065417
-0.274771,0.8817381,-0.1128729
-0.2858646,0.8981382,-0.1092319
-0.2858634,0.8817397,-0.1092301
-0.2836595,0.8981365,-0.1065435
-0.2836582,0.881738,-0.1065417
-0.2858667,0.9242617,-0.1092349
-0.2836615,0.9242599,-0.1065465
-0.276759,0.9242615,-0.1152972
-0.2747743,0.92426,-0.1128777
-0.116057,0.8981373,-0.1102279
-0.1337749,0.8981373,-0.08585849
-0.1073353,0.8981373,-0.1036525
-0.1270261,0.8981373,-0.07656953
-0.1073355,0.9242608,-0.1036525
-0.1053586,0.9242608,-0.1064139
-0.1160571,0.9242608,-0.110228
-0.114278,0.9242608,-0.1127133
-0.2820103,0.8981381,-0.23478
-0.2820084,0.9208484,-0.2347828
-0.2732282,0.8981379,-0.2282931
-0.2732262,0.9208483,-0.2282958
-0.2820081,0.9242615,-0.2347832
-0.2732259,0.9242615,-0.2282963
-0.2434351,0.9233777,-0.2063679
-0.2434353,0.9212667,-0.2063677
-0.2732282,0.8981379,-0.2282931
-0.2732262,0.9208483,-0.2282958
-0.2746075,0.8981365,-0.2264516
-0.2746055,0.9208468,-0.2264544
-0.2746075,0.8981365,-0.2264516
-0.2746055,0.9208468,-0.2264544
-0.2835429,0.8981364,-0.2327339
-0.2835409,0.9208467,-0.2327367
-0.2746052,0.9242599,-0.2264548
-0.2835406,0.9242598,-0.2327371
-0.2442858,0.9233767,-0.2052324
-0.244286,0.9212658,-0.2052322
-0.2835429,0.8981364,-0.2327339
-0.2835409,0.9208467,-0.2327367
-0.2820103,0.8981381,-0.23478
-0.2820084,0.9208484,-0.2347828
-0.2835406,0.9242598,-0.2327371
-0.2820081,0.9242615,-0.2347832
-0.1081008,0.8981373,-0.2360162
-0.1081008,0.9196293,-0.2360163
-0.1168,0.8981373,-0.2294346
-0.1168001,0.9196293,-0.2294347
-0.1081008,0.9242608,-0.2360163
-0.1168001,0.9242608,-0.2294347
-0.1468622,0.9233772,-0.2069596
-0.1468622,0.9205129,-0.2069596
-0.1168,0.8981373,-0.2294346
-0.1168001,0.9196293,-0.2294347
-0.1185173,0.8981373,-0.2322648
-0.1185173,0.9196293,-0.2322648
-0.1185173,0.8981373,-0.2322648
-0.1185173,0.9196293,-0.2322648
-0.1100089,0.8981373,-0.2391607
-0.110009,0.9196293,-0.2391607
-0.1185173,0.9242608,-0.2322648
-0.110009,0.9242608,-0.2391607
-0.1479212,0.9205129,-0.2087048
-0.1479212,0.9233772,-0.2087048
-0.1100089,0.8981373,-0.2391607
-0.110009,0.9196293,-0.2391607
-0.1081008,0.8981373,-0.2360162
-0.1081008,0.9196293,-0.2360163
-0.110009,0.9242608,-0.2391607
-0.1081008,0.9242608,-0.2360163
-0.2858646,0.8981382,-0.1092319
-0.2858664,0.9209301,-0.1092345
-0.2767569,0.8981381,-0.1152943
-0.2767587,0.92093,-0.1152969
-0.2858667,0.9242617,-0.1092349
-0.276759,0.9242615,-0.1152972
-0.2454046,0.9233778,-0.136416
-0.2454045,0.9213173,-0.1364158
-0.2767569,0.8981381,-0.1152943
-0.2767587,0.92093,-0.1152969
-0.2747723,0.8981366,-0.1128747
-0.2747741,0.9209285,-0.1128773
-0.2747723,0.8981366,-0.1128747
-0.2747741,0.9209285,-0.1128773
-0.2836595,0.8981365,-0.1065435
-0.2836613,0.9209284,-0.1065461
-0.2747743,0.92426,-0.1128777
-0.2836615,0.9242599,-0.1065465
-0.2441807,0.9233768,-0.1349241
-0.2441805,0.9213163,-0.1349238
-0.2836595,0.8981365,-0.1065435
-0.2836613,0.9209284,-0.1065461
-0.2858646,0.8981382,-0.1092319
-0.2858664,0.9209301,-0.1092345
-0.2836615,0.9242599,-0.1065465
-0.2858667,0.9242617,-0.1092349
-0.1073353,0.8981373,-0.1036525
-0.1073355,0.9196403,-0.1036525
-0.116057,0.8981373,-0.1102279
-0.1160571,0.9196403,-0.110228
-0.1073355,0.9242608,-0.1036525
-0.1160571,0.9242608,-0.110228
-0.1466448,0.9233772,-0.1333808
-0.1466448,0.9205197,-0.1333808
-0.116057,0.8981373,-0.1102279
-0.1160571,0.9196403,-0.110228
-0.1142778,0.8981373,-0.1127133
-0.114278,0.9196403,-0.1127133
-0.1142778,0.8981373,-0.1127133
-0.114278,0.9196403,-0.1127133
-0.1053584,0.8981373,-0.1064139
-0.1053586,0.9196403,-0.1064139
-0.114278,0.9242608,-0.1127133
-0.1053586,0.9242608,-0.1064139
-0.1455477,0.9205197,-0.1349135
-0.1455477,0.9233772,-0.1349135
-0.1053584,0.8981373,-0.1064139
-0.1053586,0.9196403,-0.1064139
-0.1073353,0.8981373,-0.1036525
-0.1073355,0.9196403,-0.1036525
-0.1053586,0.9242608,-0.1064139
-0.1073355,0.9242608,-0.1036525
-0.1468622,0.9205129,-0.2069596
-0.1468622,0.9233772,-0.2069596
-0.1479212,0.9205129,-0.2087048
-0.1479212,0.9233772,-0.2087048
-0.1466448,0.9205197,-0.1333808
-0.1466448,0.9233772,-0.1333808
-0.1455477,0.9205197,-0.1349135
-0.1455477,0.9233772,-0.1349135
-0.2441805,0.9213163,-0.1349238
-0.2454045,0.9213173,-0.1364158
-0.2441807,0.9233768,-0.1349241
-0.2454046,0.9233778,-0.136416
-0.244286,0.9212658,-0.2052322
-0.2434353,0.9212667,-0.2063677
-0.2442858,0.9233767,-0.2052324
-0.2434351,0.9233777,-0.2063679
-0.1185173,0.9196293,-0.2322648
-0.1168001,0.9196293,-0.2294347
-0.1479212,0.9205129,-0.2087048
-0.1468622,0.9205129,-0.2069596
-0.1185173,0.9242608,-0.2322648
-0.1479212,0.9233772,-0.2087048
-0.1168001,0.9242608,-0.2294347
-0.1468622,0.9233772,-0.2069596
-0.1160571,0.9196403,-0.110228
-0.1466448,0.9205197,-0.1333808
-0.114278,0.9196403,-0.1127133
-0.1455477,0.9205197,-0.1349135
-0.1160571,0.9242608,-0.110228
-0.114278,0.9242608,-0.1127133
-0.1466448,0.9233772,-0.1333808
-0.1455477,0.9233772,-0.1349135
-0.2767587,0.92093,-0.1152969
-0.2454045,0.9213173,-0.1364158
-0.2747741,0.9209285,-0.1128773
-0.2441805,0.9213163,-0.1349238
-0.276759,0.9242615,-0.1152972
-0.2747743,0.92426,-0.1128777
-0.2454046,0.9233778,-0.136416
-0.2441807,0.9233768,-0.1349241
-0.2746055,0.9208468,-0.2264544
-0.2732262,0.9208483,-0.2282958
-0.244286,0.9212658,-0.2052322
-0.2434353,0.9212667,-0.2063677
-0.2746052,0.9242599,-0.2264548
-0.2442858,0.9233767,-0.2052324
-0.2732259,0.9242615,-0.2282963
-0.2434351,0.9233777,-0.2063679
-0.1697653,0.8822554,-0.1942075
-0.1697653,0.8976207,-0.1942075
-0.1595141,0.8822554,-0.1694587
-0.1595141,0.8976207,-0.1694587
-0.1595141,0.8822554,-0.1694587
-0.1595141,0.8976207,-0.1694587
-0.1697653,0.8822554,-0.1447099
-0.1697653,0.8976207,-0.1447099
-0.1697653,0.8822554,-0.1447099
-0.1697653,0.8976207,-0.1447099
-0.1945141,0.8822554,-0.1344587
-0.1945141,0.8976207,-0.1344587
-0.1945141,0.8822554,-0.1344587
-0.1945141,0.8976207,-0.1344587
-0.2192628,0.8822554,-0.1447099
-0.2192628,0.8976207,-0.1447099
-0.2192628,0.8822554,-0.1447099
-0.2192628,0.8976207,-0.1447099
-0.2295141,0.8822554,-0.1694587
-0.2295141,0.8976207,-0.1694587
-0.2295141,0.8822554,-0.1694587
-0.2295141,0.8976207,-0.1694587
-0.2192628,0.8822554,-0.1942075
-0.2192628,0.8976207,-0.1942075
-0.2192628,0.8822554,-0.1942075
-0.2192628,0.8976207,-0.1942075
-0.1945141,0.8822554,-0.2044587
-0.1945141,0.8976207,-0.2044587
-0.1945141,0.8822554,-0.2044587
-0.1945141,0.8976207,-0.2044587
-0.1697653,0.8822554,-0.1942075
-0.1697653,0.8976207,-0.1942075
-0.1821397,0.8976207,-0.181833
-0.1821397,0.9083081,-0.181833
-0.1770141,0.8976207,-0.1694587
-0.1770141,0.9083081,-0.1694587
-0.1770141,0.8976207,-0.1694587
-0.1770141,0.9083081,-0.1694587
-0.1821397,0.8976207,-0.1570844
-0.1821397,0.9083081,-0.1570844
-0.1821397,0.8976207,-0.1570844
-0.1821397,0.9083081,-0.1570844
-0.1945141,0.8976207,-0.1519587
-0.1945141,0.9083081,-0.1519587
-0.1945141,0.8976207,-0.1519587
-0.1945141,0.9083081,-0.1519587
-0.2068884,0.8976207,-0.1570844
-0.2068884,0.9083081,-0.1570844
-0.2068884,0.8976207,-0.1570844
-0.2068884,0.9083081,-0.1570844
-0.2120141,0.8976207,-0.1694587
-0.2120141,0.9083081,-0.1694587
-0.2120141,0.8976207,-0.1694587
-0.2120141,0.9083081,-0.1694587
-0.2068884,0.8976207,-0.181833
-0.2068884,0.9083081,-0.181833
-0.2068884,0.8976207,-0.181833
-0.2068884,0.9083081,-0.181833
-0.1945141,0.8976207,-0.1869587
-0.1945141,0.9083081,-0.1869587
-0.1945141,0.8976207,-0.1869587
-0.1945141,0.9083081,-0.1869587
-0.1821397,0.8976207,-0.181833
-0.1821397,0.9083081,-0.181833
-0.1337749,0.8817388,0.08278616
-0.1337749,0.8981373,0.08278616
-0.1945141,0.8817388,0.06305018
-0.1945141,0.8981373,0.06305018
-0.1185173,0.8817388,0.1035803
-0.1185173,0.8981373,0.1035803
-0.1337749,0.8817388,0.08278616
-0.1337749,0.8981373,0.08278616
-0.09623606,0.8817388,0.1983187
-0.09623606,0.8981373,0.1983187
-0.09623606,0.8817388,0.134454
-0.09623606,0.8981373,0.134454
-0.1142778,0.8981373,0.2231318
-0.09623606,0.8981373,0.1983187
-0.09623606,0.8817388,0.1983187
-0.1142778,0.8817388,0.2231318
-0.116057,0.8981373,0.2256172
-0.1160569,0.8817388,0.2256172
-0.1337749,0.8981373,0.2499866
-0.1337749,0.8817388,0.2499866
-0.1945141,0.8817388,0.2697217
-0.1945141,0.8981373,0.2697217
-0.1337749,0.8817388,0.2499866
-0.1337749,0.8981373,0.2499866
-0.2552532,0.8817388,0.2499866
-0.2552532,0.8981373,0.2499866
-0.1945141,0.8817388,0.2697217
-0.1945141,0.8981373,0.2697217
-0.274771,0.8817381,0.2229722
-0.2747723,0.8981366,0.2229704
-0.2552532,0.8817388,0.2499866
-0.2552532,0.8981373,0.2499866
-0.2927921,0.8817388,0.134454
-0.2927921,0.8981373,0.134454
-0.2927921,0.8817388,0.1983187
-0.2927921,0.8981373,0.1983187
-0.2746075,0.8981365,0.1093935
-0.2927921,0.8981373,0.134454
-0.2927921,0.8817388,0.134454
-0.2746089,0.8817379,0.1093955
-0.2732282,0.8981379,0.107552
-0.2732296,0.8817395,0.107554
-0.2552533,0.8981373,0.08278616
-0.2552533,0.8817388,0.08278616
-0.1945141,0.8817388,0.06305018
-0.1945141,0.8981373,0.06305018
-0.2552533,0.8817388,0.08278616
-0.2552533,0.8981373,0.08278616
-0.1337749,0.8981373,0.08278616
-0.1270261,0.8981373,0.0734972
-0.1945141,0.8981373,0.06305018
-0.1945141,0.8981373,0.05156906
-0.1185173,0.8981373,0.1035803
-0.1100089,0.8981373,0.09668436
-0.1337749,0.8981373,0.08278616
-0.1270261,0.8981373,0.0734972
-0.09623606,0.8981373,0.1983187
-0.08531633,0.8981373,0.2018669
-0.09623606,0.8981373,0.134454
-0.08531633,0.8981373,0.1309054
-0.1142778,0.8981373,0.2231318
-0.1053584,0.8981373,0.2294312
-0.09623606,0.8981373,0.1983187
-0.08531633,0.8981373,0.2018669
-0.1945141,0.8981373,0.2697217
-0.1945141,0.8981373,0.2812032
-0.1337749,0.8981373,0.2499866
-0.1270261,0.8981373,0.2592756
-0.2552532,0.8981373,0.2499866
-0.262002,0.8981373,0.2592756
-0.1945141,0.8981373,0.2697217
-0.1945141,0.8981373,0.2812032
-0.2747723,0.8981366,0.2229704
-0.2836595,0.8981365,0.2293015
-0.2552532,0.8981373,0.2499866
-0.262002,0.8981373,0.2592756
-0.2927921,0.8981373,0.134454
-0.3037118,0.8981373,0.1309054
-0.2927921,0.8981373,0.1983187
-0.3037118,0.8981373,0.2018669
-0.2746075,0.8981365,0.1093935
-0.2835429,0.8981364,0.1031112
-0.2927921,0.8981373,0.134454
-0.3037118,0.8981373,0.1309054
-0.1945141,0.8981373,0.06305018
-0.1945141,0.8981373,0.05156906
-0.2552533,0.8981373,0.08278616
-0.262002,0.8981373,0.0734972
-0.1270261,0.8981373,0.0734972
-0.1270261,0.8817388,0.0734972
-0.1945141,0.8981373,0.05156906
-0.1945141,0.8817388,0.05156906
-0.1100089,0.8981373,0.09668436
-0.1100089,0.8817388,0.09668437
-0.1270261,0.8981373,0.0734972
-0.1270261,0.8817388,0.0734972
-0.08531633,0.8981373,0.2018669
-0.08531633,0.8817388,0.2018669
-0.08531633,0.8981373,0.1309054
-0.08531633,0.8817388,0.1309054
-0.1053584,0.8817388,0.2294312
-0.08531633,0.8817388,0.2018669
-0.08531633,0.8981373,0.2018669
-0.1053584,0.8981373,0.2294312
-0.1073353,0.8817388,0.2321926
-0.1073353,0.8981373,0.2321926
-0.1270261,0.8817388,0.2592756
-0.1270261,0.8981373,0.2592756
-0.1945141,0.8981373,0.2812032
-0.1945141,0.8817388,0.2812032
-0.1270261,0.8981373,0.2592756
-0.1270261,0.8817388,0.2592756
-0.262002,0.8981373,0.2592756
-0.262002,0.8817388,0.2592756
-0.1945141,0.8981373,0.2812032
-0.1945141,0.8817388,0.2812032
-0.2836595,0.8981365,0.2293015
-0.2836582,0.881738,0.2293034
-0.262002,0.8981373,0.2592756
-0.262002,0.8817388,0.2592756
-0.3037118,0.8981373,0.1309054
-0.3037118,0.8817388,0.1309054
-0.3037118,0.8981373,0.2018669
-0.3037118,0.8817388,0.2018669
-0.2835444,0.8817379,0.1031132
-0.3037118,0.8817388,0.1309054
-0.3037118,0.8981373,0.1309054
-0.2835429,0.8981364,0.1031112
-0.2820118,0.8817396,0.101067
-0.2820104,0.8981381,0.101065
-0.262002,0.8817388,0.0734972
-0.262002,0.8981373,0.0734972
-0.1945141,0.8981373,0.05156906
-0.1945141,0.8817388,0.05156906
-0.262002,0.8981373,0.0734972
-0.262002,0.8817388,0.0734972
-0.1270261,0.8817388,0.0734972
-0.1337749,0.8817388,0.08278616
-0.1945141,0.8817388,0.05156906
-0.1945141,0.8817388,0.06305018
-0.1270261,0.8817388,0.0734972
-0.1100089,0.8817388,0.09668437
-0.1337749,0.8817388,0.08278616
-0.1185173,0.8817388,0.1035803
-0.08531633,0.8817388,0.2018669
-0.09623606,0.8817388,0.1983187
-0.08531633,0.8817388,0.1309054
-0.09623606,0.8817388,0.134454
-0.08531633,0.8817388,0.2018669
-0.1053584,0.8817388,0.2294312
-0.09623606,0.8817388,0.1983187
-0.1142778,0.8817388,0.2231318
-0.1160569,0.8817388,0.2256172
-0.1073353,0.8817388,0.2321926
-0.1337749,0.8817388,0.2499866
-0.1270261,0.8817388,0.2592756
-0.1945141,0.8817388,0.2697217
-0.1945141,0.8817388,0.2812032
-0.262002,0.8817388,0.2592756
-0.2552532,0.8817388,0.2499866
-0.1945141,0.8817388,0.2812032
-0.1945141,0.8817388,0.2697217
-0.262002,0.8817388,0.2592756
-0.2836582,0.881738,0.2293034
-0.2552532,0.8817388,0.2499866
-0.274771,0.8817381,0.2229722
-0.3037118,0.8817388,0.1309054
-0.2927921,0.8817388,0.134454
-0.3037118,0.8817388,0.2018669
-0.2927921,0.8817388,0.1983187
-0.3037118,0.8817388,0.1309054
-0.2835444,0.8817379,0.1031132
-0.2927921,0.8817388,0.134454
-0.2746089,0.8817379,0.1093955
-0.2820118,0.8817396,0.101067
-0.2732296,0.8817395,0.107554
-0.2552533,0.8817388,0.08278616
-0.262002,0.8817388,0.0734972
-0.1945141,0.8817388,0.05156906
-0.1945141,0.8817388,0.06305018
-0.262002,0.8817388,0.0734972
-0.2552533,0.8817388,0.08278616
-0.2732282,0.8981379,0.107552
-0.2552533,0.8981373,0.08278616
-0.2820104,0.8981381,0.101065
-0.262002,0.8981373,0.0734972
-0.2732259,0.9242615,0.1075488
-0.2820081,0.9242615,0.1010618
-0.2746052,0.9242599,0.1093903
-0.2835406,0.9242598,0.103108
-0.1168,0.8817388,0.1064105
-0.1168,0.8981373,0.1064105
-0.1185173,0.8817388,0.1035803
-0.1185173,0.8981373,0.1035803
-0.1100089,0.8817388,0.09668437
-0.1081008,0.8817388,0.09982885
-0.1185173,0.8817388,0.1035803
-0.1168,0.8817388,0.1064105
-0.1081008,0.8981373,0.09982884
-0.1081008,0.8817388,0.09982885
-0.1100089,0.8981373,0.09668436
-0.1100089,0.8817388,0.09668437
-0.1168001,0.9242608,0.1064104
-0.1081009,0.9242608,0.09982882
-0.1185173,0.9242608,0.1035803
-0.110009,0.9242608,0.09668432
-0.09623606,0.8817388,0.134454
-0.09623606,0.8981373,0.134454
-0.1168,0.8817388,0.1064105
-0.1168,0.8981373,0.1064105
-0.08531633,0.8817388,0.1309054
-0.09623606,0.8817388,0.134454
-0.1081008,0.8817388,0.09982885
-0.1168,0.8817388,0.1064105
-0.08531633,0.8981373,0.1309054
-0.08531633,0.8817388,0.1309054
-0.1081008,0.8981373,0.09982884
-0.1081008,0.8817388,0.09982885
-0.1168,0.8981373,0.1064105
-0.09623606,0.8981373,0.134454
-0.1081008,0.8981373,0.09982884
-0.08531633,0.8981373,0.1309054
-0.2927921,0.8817388,0.1983187
-0.2927921,0.8981373,0.1983187
-0.2767556,0.8817396,0.2205527
-0.2767569,0.8981381,0.2205508
-0.3037118,0.8817388,0.2018669
-0.2927921,0.8817388,0.1983187
-0.2858634,0.8817397,0.226615
-0.2767556,0.8817396,0.2205527
-0.3037118,0.8981373,0.2018669
-0.3037118,0.8817388,0.2018669
-0.2858646,0.8981382,0.2266131
-0.2858634,0.8817397,0.226615
-0.2767569,0.8981381,0.2205508
-0.2927921,0.8981373,0.1983187
-0.2858646,0.8981382,0.2266131
-0.3037118,0.8981373,0.2018669
-0.2767556,0.8817396,0.2205527
-0.2767569,0.8981381,0.2205508
-0.274771,0.8817381,0.2229722
-0.2747723,0.8981366,0.2229704
-0.2858634,0.8817397,0.226615
-0.2767556,0.8817396,0.2205527
-0.2836582,0.881738,0.2293034
-0.274771,0.8817381,0.2229722
-0.2858646,0.8981382,0.2266131
-0.2858634,0.8817397,0.226615
-0.2836595,0.8981365,0.2293015
-0.2836582,0.881738,0.2293034
-0.2858666,0.9242617,0.2266102
-0.2836615,0.9242599,0.2292986
-0.276759,0.9242615,0.2205478
-0.2747743,0.92426,0.2229674
-0.116057,0.8981373,0.2256172
-0.1337749,0.8981373,0.2499866
-0.1073353,0.8981373,0.2321926
-0.1270261,0.8981373,0.2592756
-0.1073355,0.9242608,0.2321925
-0.1053586,0.9242608,0.2294312
-0.1160571,0.9242608,0.2256171
-0.114278,0.9242608,0.2231318
-0.2820104,0.8981381,0.101065
-0.2820083,0.9208484,0.1010623
-0.2732282,0.8981379,0.107552
-0.2732262,0.9208483,0.1075492
-0.2820081,0.9242615,0.1010618
-0.2732259,0.9242615,0.1075488
-0.2434352,0.9233777,0.1294771
-0.2434354,0.9212667,0.1294774
-0.2732282,0.8981379,0.107552
-0.2732262,0.9208483,0.1075492
-0.2746075,0.8981365,0.1093935
-0.2746055,0.9208468,0.1093907
-0.2746075,0.8981365,0.1093935
-0.2746055,0.9208468,0.1093907
-0.2835429,0.8981364,0.1031112
-0.2835409,0.9208467,0.1031084
-0.2746052,0.9242599,0.1093903
-0.2835406,0.9242598,0.103108
-0.2442858,0.9233767,0.1306127
-0.244286,0.9212658,0.1306129
-0.2835429,0.8981364,0.1031112
-0.2835409,0.9208467,0.1031084
-0.2820104,0.8981381,0.101065
-0.2820083,0.9208484,0.1010623
-0.2835406,0.9242598,0.103108
-0.2820081,0.9242615,0.1010618
-0.1081008,0.8981373,0.09982884
-0.1081009,0.9196293,0.09982882
-0.1168,0.8981373,0.1064105
-0.1168001,0.9196293,0.1064104
-0.1081009,0.9242608,0.09982882
-0.1168001,0.9242608,0.1064104
-0.1468622,0.9233772,0.1288855
-0.1468622,0.9205129,0.1288855
-0.1168,0.8981373,0.1064105
-0.1168001,0.9196293,0.1064104
-0.1185173,0.8981373,0.1035803
-0.1185173,0.9196293,0.1035803
-0.1185173,0.8981373,0.1035803
-0.1185173,0.9196293,0.1035803
-0.1100089,0.8981373,0.09668436
-0.110009,0.9196293,0.09668434
-0.1185173,0.9242608,0.1035803
-0.110009,0.9242608,0.09668432
-0.1479212,0.9205129,0.1271402
-0.1479212,0.9233772,0.1271402
-0.1100089,0.8981373,0.09668436
-0.110009,0.9196293,0.09668434
-0.1081008,0.8981373,0.09982884
-0.1081009,0.9196293,0.09982882
-0.110009,0.9242608,0.09668432
-0.1081009,0.9242608,0.09982882
-0.2858646,0.8981382,0.2266131
-0.2858664,0.9209301,0.2266105
-0.2767569,0.8981381,0.2205508
-0.2767587,0.92093,0.2205482
-0.2858666,0.9242617,0.2266102
-0.276759,0.9242615,0.2205478
-0.2454046,0.9233778,0.199429
-0.2454045,0.9213173,0.1994292
-0.2767569,0.8981381,0.2205508
-0.2767587,0.92093,0.2205482
-0.2747723,0.8981366,0.2229704
-0.2747741,0.9209285,0.2229678
-0.2747723,0.8981366,0.2229704
-0.2747741,0.9209285,0.2229678
-0.2836595,0.8981365,0.2293015
-0.2836613,0.9209284,0.2292989
-0.2747743,0.92426,0.2229674
-0.2836615,0.9242599,0.2292986
-0.2441807,0.9233768,0.200921
-0.2441805,0.9213163,0.2009212
-0.2836595,0.8981365,0.2293015
-0.2836613,0.9209284,0.2292989
-0.2858646,0.8981382,0.2266131
-0.2858664,0.9209301,0.2266105
-0.2836615,0.9242599,0.2292986
-0.2858666,0.9242617,0.2266102
-0.1073353,0.8981373,0.2321926
-0.1073355,0.9196403,0.2321925
-0.116057,0.8981373,0.2256172
-0.1160571,0.9196403,0.2256171
-0.1073355,0.9242608,0.2321925
-0.1160571,0.9242608,0.2256171
-0.1466448,0.9233772,0.2024643
-0.1466448,0.9205197,0.2024643
-0.116057,0.8981373,0.2256172
-0.1160571,0.9196403,0.2256171
-0.1142778,0.8981373,0.2231318
-0.114278,0.9196403,0.2231318
-0.1142778,0.8981373,0.2231318
-0.114278,0.9196403,0.2231318
-0.1053584,0.8981373,0.2294312
-0.1053586,0.9196403,0.2294312
-0.114278,0.9242608,0.2231318
-0.1053586,0.9242608,0.2294312
-0.1455477,0.9205197,0.2009316
-0.1455477,0.9233772,0.2009316
-0.1053584,0.8981373,0.2294312
-0.1053586,0.9196403,0.2294312
-0.1073353,0.8981373,0.2321926
-0.1073355,0.9196403,0.2321925
-0.1053586,0.9242608,0.2294312
-0.1073355,0.9242608,0.2321925
-0.1468622,0.9205129,0.1288855
-0.1468622,0.9233772,0.1288855
-0.1479212,0.9205129,0.1271402
-0.1479212,0.9233772,0.1271402
-0.1466448,0.9205197,0.2024643
-0.1466448,0.9233772,0.2024643
-0.1455477,0.9205197,0.2009316
-0.1455477,0.9233772,0.2009316
-0.2441805,0.9213163,0.2009212
-0.2454045,0.9213173,0.1994292
-0.2441807,0.9233768,0.200921
-0.2454046,0.9233778,0.199429
-0.244286,0.9212658,0.1306129
-0.2434354,0.9212667,0.1294774
-0.2442858,0.9233767,0.1306127
-0.2434352,0.9233777,0.1294771
-0.1185173,0.9196293,0.1035803
-0.1168001,0.9196293,0.1064104
-0.1479212,0.9205129,0.1271402
-0.1468622,0.9205129,0.1288855
-0.1185173,0.9242608,0.1035803
-0.1479212,0.9233772,0.1271402
-0.1168001,0.9242608,0.1064104
-0.1468622,0.9233772,0.1288855
-0.1160571,0.9196403,0.2256171
-0.1466448,0.9205197,0.2024643
-0.114278,0.9196403,0.2231318
-0.1455477,0.9205197,0.2009316
-0.1160571,0.9242608,0.2256171
-0.114278,0.9242608,0.2231318
-0.1466448,0.9233772,0.2024643
-0.1455477,0.9233772,0.2009316
-0.2767587,0.92093,0.2205482
-0.2454045,0.9213173,0.1994292
-0.2747741,0.9209285,0.2229678
-0.2441805,0.9213163,0.2009212
-0.276759,0.9242615,0.2205478
-0.2747743,0.92426,0.2229674
-0.2454046,0.9233778,0.199429
-0.2441807,0.9233768,0.200921
-0.2746055,0.9208468,0.1093907
-0.2732262,0.9208483,0.1075492
-0.244286,0.9212658,0.1306129
-0.2434354,0.9212667,0.1294774
-0.2746052,0.9242599,0.1093903
-0.2442858,0.9233767,0.1306127
-0.2732259,0.9242615,0.1075488
-0.2434352,0.9233777,0.1294771
-0.1697653,0.8822554,0.1416375
-0.1697653,0.8976207,0.1416375
-0.1595141,0.8822554,0.1663864
-0.1595141,0.8976207,0.1663864
-0.1595141,0.8822554,0.1663864
-0.1595141,0.8976207,0.1663864
-0.1697653,0.8822554,0.1911352
-0.1697653,0.8976207,0.1911352
-0.1697653,0.8822554,0.1911352
-0.1697653,0.8976207,0.1911352
-0.1945141,0.8822554,0.2013864
-0.1945141,0.8976207,0.2013864
-0.1945141,0.8822554,0.2013864
-0.1945141,0.8976207,0.2013864
-0.2192628,0.8822554,0.1911352
-0.2192628,0.8976207,0.1911352
-0.2192628,0.8822554,0.1911352
-0.2192628,0.8976207,0.1911352
-0.2295141,0.8822554,0.1663864
-0.2295141,0.8976207,0.1663864
-0.2295141,0.8822554,0.1663864
-0.2295141,0.8976207,0.1663864
-0.2192628,0.8822554,0.1416375
-0.2192628,0.8976207,0.1416375
-0.2192628,0.8822554,0.1416375
-0.2192628,0.8976207,0.1416375
-0.1945141,0.8822554,0.1313864
-0.1945141,0.8976207,0.1313864
-0.1945141,0.8822554,0.1313864
-0.1945141,0.8976207,0.1313864
-0.1697653,0.8822554,0.1416375
-0.1697653,0.8976207,0.1416375
-0.1821397,0.8976207,0.1540121
-0.1821397,0.9083081,0.1540121
-0.1770141,0.8976207,0.1663864
-0.1770141,0.9083081,0.1663864
-0.1770141,0.8976207,0.1663864
-0.1770141,0.9083081,0.1663864
-0.1821397,0.8976207,0.1787606
-0.1821397,0.9083081,0.1787606
-0.1821397,0.8976207,0.1787606
-0.1821397,0.9083081,0.1787606
-0.1945141,0.8976207,0.1838864
-0.1945141,0.9083081,0.1838864
-0.1945141,0.8976207,0.1838864
-0.1945141,0.9083081,0.1838864
-0.2068884,0.8976207,0.1787606
-0.2068884,0.9083081,0.1787606
-0.2068884,0.8976207,0.1787606
-0.2068884,0.9083081,0.1787606
-0.2120141,0.8976207,0.1663864
-0.2120141,0.9083081,0.1663864
-0.2120141,0.8976207,0.1663864
-0.2120141,0.9083081,0.1663864
-0.2068884,0.8976207,0.1540121
-0.2068884,0.9083081,0.1540121
-0.2068884,0.8976207,0.1540121
-0.2068884,0.9083081,0.1540121
-0.1945141,0.8976207,0.1488864
-0.1945141,0.9083081,0.1488864
-0.1945141,0.8976207,0.1488864
-0.1945141,0.9083081,0.1488864
-0.1821397,0.8976207,0.1540121
-0.1821397,0.9083081,0.1540121
0.2853187,0.8817388,0.08278614
0.2853187,0.8981373,0.08278614
0.2245795,0.8817388,0.06305017
0.2245795,0.8981373,0.06305017
0.3005764,0.8817388,0.1035803
0.3005763,0.8981373,0.1035803
0.2853187,0.8817388,0.08278614
0.2853187,0.8981373,0.08278614
0.3228576,0.8817388,0.1983187
0.3228576,0.8981373,0.1983187
0.3228576,0.8817388,0.134454
0.3228576,0.8981373,0.134454
0.3048158,0.8981373,0.2231317
0.3228576,0.8981373,0.1983187
0.3228576,0.8817388,0.1983187
0.3048158,0.8817388,0.2231318
0.3030366,0.8981373,0.2256172
0.3030367,0.8817388,0.2256171
0.2853187,0.8981373,0.2499866
0.2853187,0.8817388,0.2499866
0.2245795,0.8817388,0.2697217
0.2245795,0.8981373,0.2697217
0.2853187,0.8817388,0.2499866
0.2853187,0.8981373,0.2499866
0.1638404,0.8817388,0.2499866
0.1638404,0.8981373,0.2499866
0.2245795,0.8817388,0.2697217
0.2245795,0.8981373,0.2697217
0.1443226,0.8817381,0.2229722
0.1443213,0.8981366,0.2229704
0.1638404,0.8817388,0.2499866
0.1638404,0.8981373,0.2499866
0.1263016,0.8817388,0.134454
0.1263016,0.8981373,0.134454
0.1263016,0.8817388,0.1983187
0.1263016,0.8981373,0.1983187
0.1444861,0.8981365,0.1093935
0.1263016,0.8981373,0.134454
0.1263016,0.8817388,0.134454
0.1444847,0.8817379,0.1093955
0.1458654,0.8981379,0.107552
0.145864,0.8817395,0.107554
0.1638404,0.8981373,0.08278616
0.1638404,0.8817388,0.08278616
0.2245795,0.8817388,0.06305017
0.2245795,0.8981373,0.06305017
0.1638404,0.8817388,0.08278616
0.1638404,0.8981373,0.08278616
0.2853187,0.8981373,0.08278614
0.2920675,0.8981373,0.07349718
0.2245795,0.8981373,0.06305017
0.2245795,0.8981373,0.05156906
0.3005763,0.8981373,0.1035803
0.3090847,0.8981373,0.09668434
0.2853187,0.8981373,0.08278614
0.2920675,0.8981373,0.07349718
0.3228576,0.8981373,0.1983187
0.3337773,0.8981373,0.2018669
0.3228576,0.8981373,0.134454
0.3337773,0.8981373,0.1309054
0.3048158,0.8981373,0.2231317
0.3137352,0.8981373,0.2294312
0.3228576,0.8981373,0.1983187
0.3337773,0.8981373,0.2018669
0.2245795,0.8981373,0.2697217
0.2245795,0.8981373,0.2812032
0.2853187,0.8981373,0.2499866
0.2920675,0.8981373,0.2592755
0.1638404,0.8981373,0.2499866
0.1570916,0.8981373,0.2592756
0.2245795,0.8981373,0.2697217
0.2245795,0.8981373,0.2812032
0.1443213,0.8981366,0.2229704
0.1354341,0.8981365,0.2293016
0.1638404,0.8981373,0.2499866
0.1570916,0.8981373,0.2592756
0.1263016,0.8981373,0.134454
0.1153818,0.8981373,0.1309054
0.1263016,0.8981373,0.1983187
0.1153818,0.8981373,0.2018669
0.1444861,0.8981365,0.1093935
0.1355507,0.8981364,0.1031112
0.1263016,0.8981373,0.134454
0.1153818,0.8981373,0.1309054
0.2245795,0.8981373,0.06305017
0.2245795,0.8981373,0.05156906
0.1638404,0.8981373,0.08278616
0.1570916,0.8981373,0.0734972
0.2920675,0.8981373,0.07349718
0.2920675,0.8817388,0.07349718
0.2245795,0.8981373,0.05156906
0.2245795,0.8817388,0.05156906
0.3090847,0.8981373,0.09668434
0.3090847,0.8817388,0.09668436
0.2920675,0.8981373,0.07349718
0.2920675,0.8817388,0.07349718
0.3337773,0.8981373,0.2018669
0.3337773,0.8817388,0.2018669
0.3337773,0.8981373,0.1309054
0.3337773,0.8817388,0.1309054
0.3137352,0.8817388,0.2294312
0.3337773,0.8817388,0.2018669
0.3337773,0.8981373,0.2018669
0.3137352,0.8981373,0.2294312
0.3117583,0.8817388,0.2321926
0.3117582,0.8981373,0.2321926
0.2920675,0.8817388,0.2592755
0.2920675,0.8981373,0.2592755
0.2245795,0.8981373,0.2812032
0.2245795,0.8817388,0.2812032
0.2920675,0.8981373,0.2592755
0.2920675,0.8817388,0.2592755
0.1570916,0.8981373,0.2592756
0.1570916,0.8817388,0.2592756
0.2245795,0.8981373,0.2812032
0.2245795,0.8817388,0.2812032
0.1354341,0.8981365,0.2293016
0.1354354,0.881738,0.2293034
0.1570916,0.8981373,0.2592756
0.1570916,0.8817388,0.2592756
0.1153818,0.8981373,0.1309054
0.1153818,0.8817388,0.1309054
0.1153818,0.8981373,0.2018669
0.1153818,0.8817388,0.2018669
0.1355493,0.8817379,0.1031132
0.1153818,0.8817388,0.1309054
0.1153818,0.8981373,0.1309054
0.1355507,0.8981364,0.1031112
0.1370818,0.8817396,0.101067
0.1370832,0.8981381,0.101065
0.1570916,0.8817388,0.0734972
0.1570916,0.8981373,0.0734972
0.2245795,0.8981373,0.05156906
0.2245795,0.8817388,0.05156906
0.1570916,0.8981373,0.0734972
0.1570916,0.8817388,0.0734972
0.2920675,0.8817388,0.07349718
0.2853187,0.8817388,0.08278614
0.2245795,0.8817388,0.05156906
0.2245795,0.8817388,0.06305017
0.2920675,0.8817388,0.07349718
0.3090847,0.8817388,0.09668436
0.2853187,0.8817388,0.08278614
0.3005764,0.8817388,0.1035803
0.3337773,0.8817388,0.2018669
0.3228576,0.8817388,0.1983187
0.3337773,0.8817388,0.1309054
0.3228576,0.8817388,0.134454
0.3337773,0.8817388,0.2018669
0.3137352,0.8817388,0.2294312
0.3228576,0.8817388,0.1983187
0.3048158,0.8817388,0.2231318
0.3030367,0.8817388,0.2256171
0.3117583,0.8817388,0.2321926
0.2853187,0.8817388,0.2499866
0.2920675,0.8817388,0.2592755
0.2245795,0.8817388,0.2697217
0.2245795,0.8817388,0.2812032
0.1570916,0.8817388,0.2592756
0.1638404,0.8817388,0.2499866
0.2245795,0.8817388,0.2812032
0.2245795,0.8817388,0.2697217
0.1570916,0.8817388,0.2592756
0.1354354,0.881738,0.2293034
0.1638404,0.8817388,0.2499866
0.1443226,0.8817381,0.2229722
0.1153818,0.8817388,0.1309054
0.1263016,0.8817388,0.134454
0.1153818,0.8817388,0.2018669
0.1263016,0.8817388,0.1983187
0.1153818,0.8817388,0.1309054
0.1355493,0.8817379,0.1031132
0.1263016,0.8817388,0.134454
0.1444847,0.8817379,0.1093955
0.1370818,0.8817396,0.101067
0.145864,0.8817395,0.107554
0.1638404,0.8817388,0.08278616
0.1570916,0.8817388,0.0734972
0.2245795,0.8817388,0.05156906
0.2245795,0.8817388,0.06305017
0.1570916,0.8817388,0.0734972
0.1638404,0.8817388,0.08278616
0.1458654,0.8981379,0.107552
0.1638404,0.8981373,0.08278616
0.1370832,0.8981381,0.101065
0.1570916,0.8981373,0.0734972
0.1458678,0.9242615,0.1075488
0.1370855,0.9242615,0.1010618
0.1444884,0.9242599,0.1093903
0.135553,0.9242598,0.103108
0.3022936,0.8817388,0.1064105
0.3022936,0.8981373,0.1064104
0.3005764,0.8817388,0.1035803
0.3005763,0.8981373,0.1035803
0.3090847,0.8817388,0.09668436
0.3109928,0.8817388,0.09982883
0.3005764,0.8817388,0.1035803
0.3022936,0.8817388,0.1064105
0.3109928,0.8981373,0.09982883
0.3109928,0.8817388,0.09982883
0.3090847,0.8981373,0.09668434
0.3090847,0.8817388,0.09668436
0.3022936,0.9242608,0.1064104
0.3109928,0.9242608,0.09982879
0.3005763,0.9242608,0.1035803
0.3090847,0.9242608,0.09668432
0.3228576,0.8817388,0.134454
0.3228576,0.8981373,0.134454
0.3022936,0.8817388,0.1064105
0.3022936,0.8981373,0.1064104
0.3337773,0.8817388,0.1309054
0.3228576,0.8817388,0.134454
0.3109928,0.8817388,0.09982883
0.3022936,0.8817388,0.1064105
0.3337773,0.8981373,0.1309054
0.3337773,0.8817388,0.1309054
0.3109928,0.8981373,0.09982883
0.3109928,0.8817388,0.09982883
0.3022936,0.8981373,0.1064104
0.3228576,0.8981373,0.134454
0.3109928,0.8981373,0.09982883
0.3337773,0.8981373,0.1309054
0.1263016,0.8817388,0.1983187
0.1263016,0.8981373,0.1983187
0.142338,0.8817396,0.2205526
0.1423367,0.8981381,0.2205508
0.1153818,0.8817388,0.2018669
0.1263016,0.8817388,0.1983187
0.1332303,0.8817397,0.226615
0.142338,0.8817396,0.2205526
0.1153818,0.8981373,0.2018669
0.1153818,0.8817388,0.2018669
0.133229,0.8981382,0.2266131
0.1332303,0.8817397,0.226615
0.1423367,0.8981381,0.2205508
0.1263016,0.8981373,0.1983187
0.133229,0.8981382,0.2266131
0.1153818,0.8981373,0.2018669
0.142338,0.8817396,0.2205526
0.1423367,0.8981381,0.2205508
0.1443226,0.8817381,0.2229722
0.1443213,0.8981366,0.2229704
0.1332303,0.8817397,0.226615
0.142338,0.8817396,0.2205526
0.1354354,0.881738,0.2293034
0.1443226,0.8817381,0.2229722
0.133229,0.8981382,0.2266131
0.1332303,0.8817397,0.226615
0.1354341,0.8981365,0.2293016
0.1354354,0.881738,0.2293034
0.1332269,0.9242617,0.2266101
0.1354321,0.9242599,0.2292986
0.1423347,0.9242615,0.2205478
0.1443193,0.92426,0.2229674
0.3030366,0.8981373,0.2256172
0.2853187,0.8981373,0.2499866
0.3117582,0.8981373,0.2321926
0.2920675,0.8981373,0.2592755
0.3117581,0.9242608,0.2321925
0.313735,0.9242608,0.2294312
0.3030365,0.9242608,0.2256171
0.3048157,0.9242608,0.2231318
0.1370832,0.8981381,0.101065
0.1370852,0.9208484,0.1010623
0.1458654,0.8981379,0.107552
0.1458674,0.9208483,0.1075492
0.1370855,0.9242615,0.1010618
0.1458678,0.9242615,0.1075488
0.1756585,0.9233777,0.1294771
0.1756583,0.9212667,0.1294774
0.1458654,0.8981379,0.107552
0.1458674,0.9208483,0.1075492
0.1444861,0.8981365,0.1093935
0.1444881,0.9208468,0.1093907
0.1444861,0.8981365,0.1093935
0.1444881,0.9208468,0.1093907
0.1355507,0.8981364,0.1031112
0.1355527,0.9208467,0.1031084
0.1444884,0.9242599,0.1093903
0.135553,0.9242598,0.103108
0.1748078,0.9233767,0.1306127
0.1748076,0.9212658,0.1306129
0.1355507,0.8981364,0.1031112
0.1355527,0.9208467,0.1031084
0.1370832,0.8981381,0.101065
0.1370852,0.9208484,0.1010623
0.135553,0.9242598,0.103108
0.1370855,0.9242615,0.1010618
0.3109928,0.8981373,0.09982883
0.3109928,0.9196293,0.09982879
0.3022936,0.8981373,0.1064104
0.3022936,0.9196293,0.1064104
0.3109928,0.9242608,0.09982879
0.3022936,0.9242608,0.1064104
0.2722314,0.9233772,0.1288855
0.2722314,0.9205129,0.1288855
0.3022936,0.8981373,0.1064104
0.3022936,0.9196293,0.1064104
0.3005763,0.8981373,0.1035803
0.3005763,0.9196293,0.1035803
0.3005763,0.8981373,0.1035803
0.3005763,0.9196293,0.1035803
0.3090847,0.8981373,0.09668434
0.3090847,0.9196293,0.09668432
0.3005763,0.9242608,0.1035803
0.3090847,0.9242608,0.09668432
0.2711724,0.9205129,0.1271402
0.2711724,0.9233772,0.1271402
0.3090847,0.8981373,0.09668434
0.3090847,0.9196293,0.09668432
0.3109928,0.8981373,0.09982883
0.3109928,0.9196293,0.09982879
0.3090847,0.9242608,0.09668432
0.3109928,0.9242608,0.09982879
0.133229,0.8981382,0.2266131
0.1332272,0.9209301,0.2266105
0.1423367,0.8981381,0.2205508
0.1423349,0.92093,0.2205482
0.1332269,0.9242617,0.2266101
0.1423347,0.9242615,0.2205478
0.173689,0.9233778,0.199429
0.1736892,0.9213173,0.1994292
0.1423367,0.8981381,0.2205508
0.1423349,0.92093,0.2205482
0.1443213,0.8981366,0.2229704
0.1443195,0.9209285,0.2229678
0.1443213,0.8981366,0.2229704
0.1443195,0.9209285,0.2229678
0.1354341,0.8981365,0.2293016
0.1354323,0.9209284,0.229299
0.1443193,0.92426,0.2229674
0.1354321,0.9242599,0.2292986
0.1749129,0.9233768,0.200921
0.1749131,0.9213163,0.2009212
0.1354341,0.8981365,0.2293016
0.1354323,0.9209284,0.229299
0.133229,0.8981382,0.2266131
0.1332272,0.9209301,0.2266105
0.1354321,0.9242599,0.2292986
0.1332269,0.9242617,0.2266101
0.3117582,0.8981373,0.2321926
0.3117581,0.9196403,0.2321925
0.3030366,0.8981373,0.2256172
0.3030365,0.9196403,0.2256171
0.3117581,0.9242608,0.2321925
0.3030365,0.9242608,0.2256171
0.2724488,0.9233772,0.2024643
0.2724488,0.9205197,0.2024643
0.3030366,0.8981373,0.2256172
0.3030365,0.9196403,0.2256171
0.3048158,0.8981373,0.2231317
0.3048157,0.9196403,0.2231318
0.3048158,0.8981373,0.2231317
0.3048157,0.9196403,0.2231318
0.3137352,0.8981373,0.2294312
0.313735,0.9196403,0.2294312
0.3048157,0.9242608,0.2231318
0.313735,0.9242608,0.2294312
0.273546,0.9205197,0.2009316
0.273546,0.9233772,0.2009316
0.3137352,0.8981373,0.2294312
0.313735,0.9196403,0.2294312
0.3117582,0.8981373,0.2321926
0.3117581,0.9196403,0.2321925
0.313735,0.9242608,0.2294312
0.3117581,0.9242608,0.2321925
0.2722314,0.9205129,0.1288855
0.2722314,0.9233772,0.1288855
0.2711724,0.9205129,0.1271402
0.2711724,0.9233772,0.1271402
0.2724488,0.9205197,0.2024643
0.2724488,0.9233772,0.2024643
0.273546,0.9205197,0.2009316
0.273546,0.9233772,0.2009316
0.1749131,0.9213163,0.2009212
0.1736892,0.9213173,0.1994292
0.1749129,0.9233768,0.200921
0.173689,0.9233778,0.199429
0.1748076,0.9212658,0.1306129
0.1756583,0.9212667,0.1294774
0.1748078,0.9233767,0.1306127
0.1756585,0.9233777,0.1294771
0.3005763,0.9196293,0.1035803
0.3022936,0.9196293,0.1064104
0.2711724,0.9205129,0.1271402
0.2722314,0.9205129,0.1288855
0.3005763,0.9242608,0.1035803
0.2711724,0.9233772,0.1271402
0.3022936,0.9242608,0.1064104
0.2722314,0.9233772,0.1288855
0.3030365,0.9196403,0.2256171
0.2724488,0.9205197,0.2024643
0.3048157,0.9196403,0.2231318
0.273546,0.9205197,0.2009316
0.3030365,0.9242608,0.2256171
0.3048157,0.9242608,0.2231318
0.2724488,0.9233772,0.2024643
0.273546,0.9233772,0.2009316
0.1423349,0.92093,0.2205482
0.1736892,0.9213173,0.1994292
0.1443195,0.9209285,0.2229678
0.1749131,0.9213163,0.2009212
0.1423347,0.9242615,0.2205478
0.1443193,0.92426,0.2229674
0.173689,0.9233778,0.199429
0.1749129,0.9233768,0.200921
0.1444881,0.9208468,0.1093907
0.1458674,0.9208483,0.1075492
0.1748076,0.9212658,0.1306129
0.1756583,0.9212667,0.1294774
0.1444884,0.9242599,0.1093903
0.1748078,0.9233767,0.1306127
0.1458678,0.9242615,0.1075488
0.1756585,0.9233777,0.1294771
0.2493283,0.8822554,0.1416375
0.2493283,0.8976207,0.1416375
0.2595795,0.8822554,0.1663864
0.2595795,0.8976207,0.1663864
0.2595795,0.8822554,0.1663864
0.2595795,0.8976207,0.1663864
0.2493283,0.8822554,0.1911352
0.2493283,0.8976207,0.1911352
0.2493283,0.8822554,0.1911352
0.2493283,0.8976207,0.1911352
0.2245795,0.8822554,0.2013864
0.2245795,0.8976207,0.2013864
0.2245795,0.8822554,0.2013864
0.2245795,0.8976207,0.2013864
0.1998308,0.8822554,0.1911352
0.1998308,0.8976207,0.1911352
0.1998308,0.8822554,0.1911352
0.1998308,0.8976207,0.1911352
0.1895795,0.8822554,0.1663864
0.1895795,0.8976207,0.1663864
0.1895795,0.8822554,0.1663864
0.1895795,0.8976207,0.1663864
0.1998308,0.8822554,0.1416375
0.1998308,0.8976207,0.1416375
0.1998308,0.8822554,0.1416375
0.1998308,0.8976207,0.1416375
0.2245795,0.8822554,0.1313864
0.2245795,0.8976207,0.1313864
0.2245795,0.8822554,0.1313864
0.2245795,0.8976207,0.1313864
0.2493283,0.8822554,0.1416375
0.2493283,0.8976207,0.1416375
0.2369539,0.8976207,0.1540121
0.2369539,0.9083081,0.1540121
0.2420795,0.8976207,0.1663864
0.2420795,0.9083081,0.1663864
0.2420795,0.8976207,0.1663864
0.2420795,0.9083081,0.1663864
0.2369539,0.8976207,0.1787607
0.2369539,0.9083081,0.1787607
0.2369539,0.8976207,0.1787607
0.2369539,0.9083081,0.1787607
0.2245795,0.8976207,0.1838864
0.2245795,0.9083081,0.1838864
0.2245795,0.8976207,0.1838864
0.2245795,0.9083081,0.1838864
0.2122052,0.8976207,0.1787607
0.2122052,0.9083081,0.1787607
0.2122052,0.8976207,0.1787607
0.2122052,0.9083081,0.1787607
0.2070795,0.8976207,0.1663864
0.2070795,0.9083081,0.1663864
0.2070795,0.8976207,0.1663864
0.2070795,0.9083081,0.1663864
0.2122052,0.8976207,0.1540121
0.2122052,0.9083081,0.1540121
0.2122052,0.8976207,0.1540121
0.2122052,0.9083081,0.1540121
0.2245795,0.8976207,0.1488864
0.2245795,0.9083081,0.1488864
0.2245795,0.8976207,0.1488864
0.2245795,0.9083081,0.1488864
0.2369539,0.8976207,0.1540121
0.2369539,0.9083081,0.1540121
0.2853187,0.8817388,-0.2530589
0.2853187,0.8981373,-0.2530589
0.2245795,0.8817388,-0.2727949
0.2245795,0.8981373,-0.2727949
0.3005764,0.8817388,-0.2322648
0.3005763,0.8981373,-0.2322648
0.2853187,0.8817388,-0.2530589
0.2853187,0.8981373,-0.2530589
0.3228576,0.8817388,-0.1375264
0.3228576,0.8981373,-0.1375264
0.3228576,0.8817388,-0.201391
0.3228576,0.8981373,-0.201391
0.3048158,0.8981373,-0.1127133
0.3228576,0.8981373,-0.1375264
0.3228576,0.8817388,-0.1375264
0.3048158,0.8817388,-0.1127133
0.3030367,0.8981373,-0.1102279
0.3030366,0.8817388,-0.1102279
0.2853187,0.8981373,-0.08585849
0.2853187,0.8817388,-0.08585849
0.2245795,0.8817388,-0.06612339
0.2245795,0.8981373,-0.06612339
0.2853187,0.8817388,-0.08585849
0.2853187,0.8981373,-0.08585849
0.1638404,0.8817388,-0.08585849
0.1638404,0.8981373,-0.08585849
0.2245795,0.8817388,-0.06612339
0.2245795,0.8981373,-0.06612339
0.1443226,0.8817381,-0.1128729
0.1443213,0.8981366,-0.1128747
0.1638404,0.8817388,-0.08585849
0.1638404,0.8981373,-0.08585849
0.1263016,0.8817388,-0.201391
0.1263016,0.8981373,-0.201391
0.1263016,0.8817388,-0.1375264
0.1263016,0.8981373,-0.1375264
0.1444861,0.8981365,-0.2264516
0.1263016,0.8981373,-0.201391
0.1263016,0.8817388,-0.201391
0.1444847,0.8817379,-0.2264496
0.1458654,0.8981379,-0.2282931
0.145864,0.8817395,-0.2282911
0.1638404,0.8981373,-0.2530589
0.1638404,0.8817388,-0.2530589
0.2245795,0.8817388,-0.2727949
0.2245795,0.8981373,-0.2727949
0.1638404,0.8817388,-0.2530589
0.1638404,0.8981373,-0.2530589
0.2853187,0.8981373,-0.2530589
0.2920675,0.8981373,-0.2623479
0.2245795,0.8981373,-0.2727949
0.2245795,0.8981373,-0.284276
0.3005763,0.8981373,-0.2322648
0.3090847,0.8981373,-0.2391607
0.2853187,0.8981373,-0.2530589
0.2920675,0.8981373,-0.2623479
0.3228576,0.8981373,-0.1375264
0.3337773,0.8981373,-0.1339782
0.3228576,0.8981373,-0.201391
0.3337773,0.8981373,-0.2049397
0.3048158,0.8981373,-0.1127133
0.3137352,0.8981373,-0.1064139
0.3228576,0.8981373,-0.1375264
0.3337773,0.8981373,-0.1339782
0.2245795,0.8981373,-0.06612339
0.2245795,0.8981373,-0.05464184
0.2853187,0.8981373,-0.08585849
0.2920675,0.8981373,-0.07656953
0.1638404,0.8981373,-0.08585849
0.1570916,0.8981373,-0.07656953
0.2245795,0.8981373,-0.06612339
0.2245795,0.8981373,-0.05464184
0.1443213,0.8981366,-0.1128747
0.1354341,0.8981365,-0.1065435
0.1638404,0.8981373,-0.08585849
0.1570916,0.8981373,-0.07656953
0.1263016,0.8981373,-0.201391
0.1153818,0.8981373,-0.2049397
0.1263016,0.8981373,-0.1375264
0.1153818,0.8981373,-0.1339782
0.1444861,0.8981365,-0.2264516
0.1355507,0.8981364,-0.2327339
0.1263016,0.8981373,-0.201391
0.1153818,0.8981373,-0.2049397
0.2245795,0.8981373,-0.2727949
0.2245795,0.8981373,-0.284276
0.1638404,0.8981373,-0.2530589
0.1570916,0.8981373,-0.2623479
0.2920675,0.8981373,-0.2623479
0.2920675,0.8817388,-0.2623479
0.2245795,0.8981373,-0.284276
0.2245795,0.8817388,-0.284276
0.3090847,0.8981373,-0.2391607
0.3090847,0.8817388,-0.2391607
0.2920675,0.8981373,-0.2623479
0.2920675,0.8817388,-0.2623479
0.3337773,0.8981373,-0.1339782
0.3337773,0.8817388,-0.1339782
0.3337773,0.8981373,-0.2049397
0.3337773,0.8817388,-0.2049397
0.3137352,0.8817388,-0.1064139
0.3337773,0.8817388,-0.1339782
0.3337773,0.8981373,-0.1339782
0.3137352,0.8981373,-0.1064139
0.3117582,0.8817388,-0.1036525
0.3117582,0.8981373,-0.1036525
0.2920675,0.8817388,-0.07656953
0.2920675,0.8981373,-0.07656953
0.2245795,0.8981373,-0.05464184
0.2245795,0.8817388,-0.05464184
0.2920675,0.8981373,-0.07656953
0.2920675,0.8817388,-0.07656953
0.1570916,0.8981373,-0.07656953
0.1570916,0.8817388,-0.07656953
0.2245795,0.8981373,-0.05464184
0.2245795,0.8817388,-0.05464184
0.1354341,0.8981365,-0.1065435
0.1354354,0.881738,-0.1065417
0.1570916,0.8981373,-0.07656953
0.1570916,0.8817388,-0.07656953
0.1153818,0.8981373,-0.2049397
0.1153818,0.8817388,-0.2049397
0.1153818,0.8981373,-0.1339782
0.1153818,0.8817388,-0.1339782
0.1355493,0.8817379,-0.2327319
0.1153818,0.8817388,-0.2049397
0.1153818,0.8981373,-0.2049397
0.1355507,0.8981364,-0.2327339
0.1370818,0.8817396,-0.234778
0.1370833,0.8981381,-0.23478
0.1570916,0.8817388,-0.2623479
0.1570916,0.8981373,-0.2623479
0.2245795,0.8981373,-0.284276
0.2245795,0.8817388,-0.284276
0.1570916,0.8981373,-0.2623479
0.1570916,0.8817388,-0.2623479
0.2920675,0.8817388,-0.2623479
0.2853187,0.8817388,-0.2530589
0.2245795,0.8817388,-0.284276
0.2245795,0.8817388,-0.2727949
0.2920675,0.8817388,-0.2623479
0.3090847,0.8817388,-0.2391607
0.2853187,0.8817388,-0.2530589
0.3005764,0.8817388,-0.2322648
0.3337773,0.8817388,-0.1339782
0.3228576,0.8817388,-0.1375264
0.3337773,0.8817388,-0.2049397
0.3228576,0.8817388,-0.201391
0.3337773,0.8817388,-0.1339782
0.3137352,0.8817388,-0.1064139
0.3228576,0.8817388,-0.1375264
0.3048158,0.8817388,-0.1127133
0.3030366,0.8817388,-0.1102279
0.3117582,0.8817388,-0.1036525
0.2853187,0.8817388,-0.08585849
0.2920675,0.8817388,-0.07656953
0.2245795,0.8817388,-0.06612339
0.2245795,0.8817388,-0.05464184
0.1570916,0.8817388,-0.07656953
0.1638404,0.8817388,-0.08585849
0.2245795,0.8817388,-0.05464184
0.2245795,0.8817388,-0.06612339
0.1570916,0.8817388,-0.07656953
0.1354354,0.881738,-0.1065417
0.1638404,0.8817388,-0.08585849
0.1443226,0.8817381,-0.1128729
0.1153818,0.8817388,-0.2049397
0.1263016,0.8817388,-0.201391
0.1153818,0.8817388,-0.1339782
0.1263016,0.8817388,-0.1375264
0.1153818,0.8817388,-0.2049397
0.1355493,0.8817379,-0.2327319
0.1263016,0.8817388,-0.201391
0.1444847,0.8817379,-0.2264496
0.1370818,0.8817396,-0.234778
0.145864,0.8817395,-0.2282911
0.1638404,0.8817388,-0.2530589
0.1570916,0.8817388,-0.2623479
0.2245795,0.8817388,-0.284276
0.2245795,0.8817388,-0.2727949
0.1570916,0.8817388,-0.2623479
0.1638404,0.8817388,-0.2530589
0.1458654,0.8981379,-0.2282931
0.1638404,0.8981373,-0.2530589
0.1370833,0.8981381,-0.23478
0.1570916,0.8981373,-0.2623479
0.1458677,0.9242615,-0.2282963
0.1370855,0.9242615,-0.2347832
0.1444884,0.9242599,-0.2264548
0.135553,0.9242598,-0.2327371
0.3022936,0.8817388,-0.2294346
0.3022936,0.8981373,-0.2294346
0.3005764,0.8817388,-0.2322648
0.3005763,0.8981373,-0.2322648
0.3090847,0.8817388,-0.2391607
0.3109928,0.8817388,-0.2360162
0.3005764,0.8817388,-0.2322648
0.3022936,0.8817388,-0.2294346
0.3109928,0.8981373,-0.2360162
0.3109928,0.8817388,-0.2360162
0.3090847,0.8981373,-0.2391607
0.3090847,0.8817388,-0.2391607
0.3022935,0.9242608,-0.2294346
0.3109928,0.9242608,-0.2360163
0.3005763,0.9242608,-0.2322648
0.3090847,0.9242608,-0.2391608
0.3228576,0.8817388,-0.201391
0.3228576,0.8981373,-0.201391
0.3022936,0.8817388,-0.2294346
0.3022936,0.8981373,-0.2294346
0.3337773,0.8817388,-0.2049397
0.3228576,0.8817388,-0.201391
0.3109928,0.8817388,-0.2360162
0.3022936,0.8817388,-0.2294346
0.3337773,0.8981373,-0.2049397
0.3337773,0.8817388,-0.2049397
0.3109928,0.8981373,-0.2360162
0.3109928,0.8817388,-0.2360162
0.3022936,0.8981373,-0.2294346
0.3228576,0.8981373,-0.201391
0.3109928,0.8981373,-0.2360162
0.3337773,0.8981373,-0.2049397
0.1263016,0.8817388,-0.1375264
0.1263016,0.8981373,-0.1375264
0.142338,0.8817396,-0.1152924
0.1423367,0.8981381,-0.1152943
0.1153818,0.8817388,-0.1339782
0.1263016,0.8817388,-0.1375264
0.1332303,0.8817397,-0.1092301
0.142338,0.8817396,-0.1152924
0.1153818,0.8981373,-0.1339782
0.1153818,0.8817388,-0.1339782
0.133229,0.8981382,-0.109232
0.1332303,0.8817397,-0.1092301
0.1423367,0.8981381,-0.1152943
0.1263016,0.8981373,-0.1375264
0.133229,0.8981382,-0.109232
0.1153818,0.8981373,-0.1339782
0.142338,0.8817396,-0.1152924
0.1423367,0.8981381,-0.1152943
0.1443226,0.8817381,-0.1128729
0.1443213,0.8981366,-0.1128747
0.1332303,0.8817397,-0.1092301
0.142338,0.8817396,-0.1152924
0.1354354,0.881738,-0.1065417
0.1443226,0.8817381,-0.1128729
0.133229,0.8981382,-0.109232
0.1332303,0.8817397,-0.1092301
0.1354341,0.8981365,-0.1065435
0.1354354,0.881738,-0.1065417
0.1332269,0.9242617,-0.1092349
0.1354321,0.9242599,-0.1065465
0.1423347,0.9242615,-0.1152973
0.1443193,0.92426,-0.1128777
0.3030367,0.8981373,-0.1102279
0.2853187,0.8981373,-0.08585849
0.3117582,0.8981373,-0.1036525
0.2920675,0.8981373,-0.07656953
0.3117581,0.9242608,-0.1036525
0.313735,0.9242608,-0.1064139
0.3030365,0.9242608,-0.110228
0.3048157,0.9242608,-0.1127133
0.1370833,0.8981381,-0.23478
0.1370852,0.9208484,-0.2347828
0.1458654,0.8981379,-0.2282931
0.1458674,0.9208483,-0.2282959
0.1370855,0.9242615,-0.2347832
0.1458677,0.9242615,-0.2282963
0.1756585,0.9233777,-0.2063679
0.1756583,0.9212667,-0.2063677
0.1458654,0.8981379,-0.2282931
0.1458674,0.9208483,-0.2282959
0.1444861,0.8981365,-0.2264516
0.1444881,0.9208468,-0.2264544
0.1444861,0.8981365,-0.2264516
0.1444881,0.9208468,-0.2264544
0.1355507,0.8981364,-0.2327339
0.1355527,0.9208467,-0.2327367
0.1444884,0.9242599,-0.2264548
0.135553,0.9242598,-0.2327371
0.1748078,0.9233767,-0.2052324
0.1748076,0.9212658,-0.2052322
0.1355507,0.8981364,-0.2327339
0.1355527,0.9208467,-0.2327367
0.1370833,0.8981381,-0.23478
0.1370852,0.9208484,-0.2347828
0.135553,0.9242598,-0.2327371
0.1370855,0.9242615,-0.2347832
0.3109928,0.8981373,-0.2360162
0.3109928,0.9196293,-0.2360163
0.3022936,0.8981373,-0.2294346
0.3022935,0.9196293,-0.2294346
0.3109928,0.9242608,-0.2360163
0.3022935,0.9242608,-0.2294346
0.2722314,0.9233772,-0.2069596
0.2722314,0.9205129,-0.2069596
0.3022936,0.8981373,-0.2294346
0.3022935,0.9196293,-0.2294346
0.3005763,0.8981373,-0.2322648
0.3005764,0.9196293,-0.2322648
0.3005763,0.8981373,-0.2322648
0.3005764,0.9196293,-0.2322648
0.3090847,0.8981373,-0.2391607
0.3090847,0.9196293,-0.2391607
0.3005763,0.9242608,-0.2322648
0.3090847,0.9242608,-0.2391608
0.2711724,0.9205129,-0.2087048
0.2711724,0.9233772,-0.2087048
0.3090847,0.8981373,-0.2391607
0.3090847,0.9196293,-0.2391607
0.3109928,0.8981373,-0.2360162
0.3109928,0.9196293,-0.2360163
0.3090847,0.9242608,-0.2391608
0.3109928,0.9242608,-0.2360163
0.133229,0.8981382,-0.109232
0.1332272,0.9209301,-0.1092345
0.1423367,0.8981381,-0.1152943
0.1423349,0.92093,-0.1152969
0.1332269,0.9242617,-0.1092349
0.1423347,0.9242615,-0.1152973
0.173689,0.9233778,-0.1364161
0.1736892,0.9213173,-0.1364158
0.1423367,0.8981381,-0.1152943
0.1423349,0.92093,-0.1152969
0.1443213,0.8981366,-0.1128747
0.1443195,0.9209285,-0.1128773
0.1443213,0.8981366,-0.1128747
0.1443195,0.9209285,-0.1128773
0.1354341,0.8981365,-0.1065435
0.1354323,0.9209284,-0.1065461
0.1443193,0.92426,-0.1128777
0.1354321,0.9242599,-0.1065465
0.1749129,0.9233768,-0.1349241
0.1749131,0.9213163,-0.1349239
0.1354341,0.8981365,-0.1065435
0.1354323,0.9209284,-0.1065461
0.133229,0.8981382,-0.109232
0.1332272,0.9209301,-0.1092345
0.1354321,0.9242599,-0.1065465
0.1332269,0.9242617,-0.1092349
0.3117582,0.8981373,-0.1036525
0.3117581,0.9196403,-0.1036525
0.3030367,0.8981373,-0.1102279
0.3030365,0.9196403,-0.110228
0.3117581,0.9242608,-0.1036525
0.3030365,0.9242608,-0.110228
0.2724488,0.9233772,-0.1333808
0.2724488,0.9205197,-0.1333808
0.3030367,0.8981373,-0.1102279
0.3030365,0.9196403,-0.110228
0.3048158,0.8981373,-0.1127133
0.3048157,0.9196403,-0.1127133
0.3048158,0.8981373,-0.1127133
0.3048157,0.9196403,-0.1127133
0.3137352,0.8981373,-0.1064139
0.313735,0.9196403,-0.1064139
0.3048157,0.9242608,-0.1127133
0.313735,0.9242608,-0.1064139
0.273546,0.9205197,-0.1349135
0.273546,0.9233772,-0.1349135
0.3137352,0.8981373,-0.1064139
0.313735,0.9196403,-0.1064139
0.3117582,0.8981373,-0.1036525
0.3117581,0.9196403,-0.1036525
0.313735,0.9242608,-0.1064139
0.3117581,0.9242608,-0.1036525
0.2722314,0.9205129,-0.2069596
0.2722314,0.9233772,-0.2069596
0.2711724,0.9205129,-0.2087048
0.2711724,0.9233772,-0.2087048
0.2724488,0.9205197,-0.1333808
0.2724488,0.9233772,-0.1333808
0.273546,0.9205197,-0.1349135
0.273546,0.9233772,-0.1349135
0.1749131,0.9213163,-0.1349239
0.1736892,0.9213173,-0.1364158
0.1749129,0.9233768,-0.1349241
0.173689,0.9233778,-0.1364161
0.1748076,0.9212658,-0.2052322
0.1756583,0.9212667,-0.2063677
0.1748078,0.9233767,-0.2052324
0.1756585,0.9233777,-0.2063679
0.3005764,0.9196293,-0.2322648
0.3022935,0.9196293,-0.2294346
0.2711724,0.9205129,-0.2087048
0.2722314,0.9205129,-0.2069596
0.3005763,0.9242608,-0.2322648
0.2711724,0.9233772,-0.2087048
0.3022935,0.9242608,-0.2294346
0.2722314,0.9233772,-0.2069596
0.3030365,0.9196403,-0.110228
0.2724488,0.9205197,-0.1333808
0.3048157,0.9196403,-0.1127133
0.273546,0.9205197,-0.1349135
0.3030365,0.9242608,-0.110228
0.3048157,0.9242608,-0.1127133
0.2724488,0.9233772,-0.1333808
0.273546,0.9233772,-0.1349135
0.1423349,0.92093,-0.1152969
0.1736892,0.9213173,-0.1364158
0.1443195,0.9209285,-0.1128773
0.1749131,0.9213163,-0.1349239
0.1423347,0.9242615,-0.1152973
0.1443193,0.92426,-0.1128777
0.173689,0.9233778,-0.1364161
0.1749129,0.9233768,-0.1349241
0.1444881,0.9208468,-0.2264544
0.1458674,0.9208483,-0.2282959
0.1748076,0.9212658,-0.2052322
0.1756583,0.9212667,-0.2063677
0.1444884,0.9242599,-0.2264548
0.1748078,0.9233767,-0.2052324
0.1458677,0.9242615,-0.2282963
0.1756585,0.9233777,-0.2063679
0.2493283,0.886161,-0.1942075
0.2493283,0.9015262,-0.1942075
0.2595795,0.886161,-0.1694587
0.2595795,0.9015262,-0.1694587
0.2595795,0.886161,-0.1694587
0.2595795,0.9015262,-0.1694587
0.2493283,0.886161,-0.1447099
0.2493283,0.9015262,-0.1447099
0.2493283,0.886161,-0.1447099
0.2493283,0.9015262,-0.1447099
0.2245795,0.886161,-0.1344587
0.2245795,0.9015262,-0.1344587
0.2245795,0.886161,-0.1344587
0.2245795,0.9015262,-0.1344587
0.1998308,0.886161,-0.1447099
0.1998308,0.9015262,-0.1447099
0.1998308,0.886161,-0.1447099
0.1998308,0.9015262,-0.1447099
0.1895795,0.886161,-0.1694587
0.1895795,0.9015262,-0.1694587
0.1895795,0.886161,-0.1694587
0.1895795,0.9015262,-0.1694587
0.1998308,0.886161,-0.1942075
0.1998308,0.9015262,-0.1942075
0.1998308,0.886161,-0.1942075
0.1998308,0.9015262,-0.1942075
0.2245795,0.886161,-0.2044587
0.2245795,0.9015262,-0.2044587
0.2245795,0.886161,-0.2044587
0.2245795,0.9015262,-0.2044587
0.2493283,0.886161,-0.1942075
0.2493283,0.9015262,-0.1942075
0.2369539,0.9015262,-0.181833
0.2369539,0.9122137,-0.181833
0.2420795,0.9015262,-0.1694587
0.2420795,0.9122137,-0.1694587
0.2420795,0.9015262,-0.1694587
0.2420795,0.9122137,-0.1694587
0.2369539,0.9015262,-0.1570844
0.2369539,0.9122137,-0.1570844
0.2369539,0.9015262,-0.1570844
0.2369539,0.9122137,-0.1570844
0.2245795,0.9015262,-0.1519587
0.2245795,0.9122137,-0.1519587
0.2245795,0.9015262,-0.1519587
0.2245795,0.9122137,-0.1519587
0.2122052,0.9015262,-0.1570844
0.2122052,0.9122137,-0.1570844
0.2122052,0.9015262,-0.1570844
0.2122052,0.9122137,-0.1570844
0.2070795,0.9015262,-0.1694587
0.2070795,0.9122137,-0.1694587
0.2070795,0.9015262,-0.1694587
0.2070795,0.9122137,-0.1694587
0.2122052,0.9015262,-0.181833
0.2122052,0.9122137,-0.181833
0.2122052,0.9015262,-0.181833
0.2122052,0.9122137,-0.181833
0.2245795,0.9015262,-0.1869587
0.2245795,0.9122137,-0.1869587
0.2245795,0.9015262,-0.1869587
0.2245795,0.9122137,-0.1869587
0.2369539,0.9015262,-0.181833
0.2369539,0.9122137,-0.181833
-0.45,0.8871379,0.3809717
0.45,0.8871379,0.3809717
-0.45,0.8871379,-0.406795
0.45,0.8871379,-0.406795
-0.4616789,0.9003612,0.3809717
-0.4616789,0.9003612,-0.406795
-0.4616789,0.8810297,-0.406795
-0.4616789,0.8810297,0.3809717
-0.4616789,0.9003612,0.4185257
-0.4616789,0.8810297,0.4185205
0.4616789,0.8810297,0.3809717
0.4616789,0.8810297,-0.406795
0.4616789,0.9003612,-0.406795
0.4616789,0.9003612,0.3809717
0.4616789,0.9003612,0.4185257
0.4616789,0.8810297,0.4185205
-0.45,1.08787,-0.4353471
0.45,1.08787,-0.4353471
-0.45,1.08787,-0.4670115
0.45,1.08787,-0.4670115
0.45,1.08787,-0.4746344
-0.45,1.08787,-0.4746344
-0.45,0.0003612304,-0.4746344
-0.45,0.01328006,-0.4746344
0.45,0.0003612304,-0.4746344
0.45,0.01328006,-0.4746344
-0.45,0.07858678,-0.4746344
0.45,0.07858678,-0.4746344
-0.45,0.7350714,-0.4746344
0.45,0.7350714,-0.4746344
-0.45,0.7408203,-0.4746344
0.45,0.7408203,-0.4746344
-0.45,0.7431055,-0.4746344
0.45,0.7431055,-0.4746344
-0.45,0.8810297,-0.4746344
0.45,0.8810297,-0.4746344
-0.45,0.9003612,-0.4746344
0.45,0.9003612,-0.4746344
-0.45,1.08787,-0.4746344
0.45,1.08787,-0.4746344
0.45,0.9003612,-0.406795
0.45,1.08787,-0.4353471
-0.45,0.9003612,-0.406795
-0.45,1.08787,-0.4353471
-0.4616789,0.8810297,0.3809717
-0.4616789,0.8810297,-0.406795
-0.45,0.8810297,-0.406795
-0.45,0.8810297,0.3809717
-0.45,0.8810297,0.4076099
-0.4616789,0.8810297,0.3809717
-0.4616789,0.8810297,0.4185205
-0.45,0.8810297,-0.406795
-0.4616789,0.8810297,-0.406795
-0.45,0.9003612,-0.406795
-0.4616789,0.9003612,-0.406795
-0.45,0.9003612,-0.406795
-0.4616789,0.9003612,-0.406795
-0.45,0.9003612,0.3809717
-0.4616789,0.9003612,0.3809717
0.45,0.9003612,0.3809717
0.4616789,0.9003612,0.3809717
0.45,0.9003612,-0.406795
0.4616789,0.9003612,-0.406795
0.45,0.9003612,-0.406795
0.4616789,0.9003612,-0.406795
0.45,0.8810297,-0.406795
0.4616789,0.8810297,-0.406795
0.45,0.8810297,-0.406795
0.4616789,0.8810297,-0.406795
0.45,0.8810297,0.3809717
0.4616789,0.8810297,0.3809717
0.45,0.8810297,0.4076099
0.4616789,0.8810297,0.4185205
-0.45,0.9003612,0.3809717
-0.45,0.8871379,0.3809717
-0.45,0.9003612,-0.406795
-0.45,0.8871379,-0.406795
-0.45,0.9003612,-0.406795
-0.45,0.8871379,-0.406795
0.45,0.9003612,-0.406795
0.45,0.8871379,-0.406795
0.45,0.9003612,-0.406795
0.45,0.8871379,-0.406795
0.45,0.9003612,0.3809717
0.45,0.8871379,0.3809717
0.45,0.9003612,0.3809717
0.45,0.8871379,0.3809717
-0.45,0.9003612,0.3809717
-0.45,0.8871379,0.3809717
0.4322493,0.0003612304,0.4253656
-0.4322494,0.0003612304,0.4253656
-0.45,0.0003612304,0.407615
-0.45,0.0003612304,0.3809717
0.45,0.0003612304,0.407615
0.45,0.0003612304,0.3809717
0.45,0.0003612304,-0.406795
-0.45,0.0003612304,-0.406795
-0.45,0.0003612304,-0.4614717
0.45,0.0003612304,-0.4614717
-0.45,0.0003612304,-0.4746344
0.45,0.0003612304,-0.4746344
-0.4322494,0.0003612304,0.4253656
-0.4322494,0.01328006,0.4253656
-0.45,0.0003612304,0.407615
-0.45,0.01328006,0.407615
-0.4322494,0.07858678,0.4253656
-0.45,0.07858678,0.407615
-0.4374259,0.07858678,0.4392035
-0.4374259,0.7350714,0.4392035
-0.4553891,0.07858678,0.4214529
-0.4553891,0.7350714,0.4214529
0.45,0.7350714,0.4005479
0.45,0.7408203,0.4005478
0.4322493,0.7350714,0.4182985
0.4322491,0.7408203,0.4182985
0.4374258,0.7350714,0.4392035
0.4374258,0.07858678,0.4392035
0.4553891,0.7350714,0.4214529
0.4553891,0.07858678,0.4214529
0.4322493,0.01328006,0.4253656
0.4322493,0.0003612304,0.4253656
0.45,0.01328006,0.407615
0.45,0.0003612304,0.407615
0.4322493,0.01328006,0.4253656
0.45,0.07858678,0.407615
0.4322493,0.07858678,0.4253656
-0.4322494,0.7350714,0.4182985
-0.4322491,0.7408203,0.4182985
-0.45,0.7350714,0.4005479
-0.45,0.7408203,0.4005477
-0.4322442,0.8810297,0.4253656
-0.4439232,0.8810297,0.4362762
-0.45,0.8810297,0.4076099
-0.4616789,0.8810297,0.4185205
0.4439232,0.8810297,0.4362762
-0.4322442,0.8810297,0.4253656
0.4322442,0.8810297,0.4253656
0.4322442,0.8810297,0.4253656
0.45,0.8810297,0.4076099
0.4616789,0.8810297,0.4185205
0.4616789,0.8810297,0.4185205
0.4616789,0.9003612,0.4185257
0.4439232,0.8810297,0.4362762
0.4439282,0.9003612,0.4362762
-0.4439232,0.8810297,0.4362762
-0.4439283,0.9003612,0.4362762
-0.4616789,0.8810297,0.4185205
-0.4616789,0.9003612,0.4185257
0.4439232,0.8810297,0.4362762
0.4439282,0.9003612,0.4362762
-0.4439232,0.8810297,0.4362762
-0.4439283,0.9003612,0.4362762
0.4374258,0.07858678,0.4392035
0.4374258,0.7350714,0.4392035
-0.4374259,0.07858678,0.4392035
-0.4374259,0.7350714,0.4392035
-0.4322494,0.01328006,0.4253656
-0.4322494,0.0003612304,0.4253656
0.4322493,0.0003612304,0.4253656
0.4322493,0.01328006,0.4253656
-0.4322494,0.07858678,0.4253656
0.4322493,0.07858678,0.4253656
-0.4553891,0.07858678,0.4214529
-0.4553891,0.7350714,0.4214529
-0.4553891,0.07858678,0.3948096
-0.4553891,0.7350714,0.3948096
0.4553891,0.7350714,0.4214529
0.4553891,0.07858678,0.4214529
0.4553891,0.7350714,0.3948096
0.4553891,0.07858678,0.3948096
0.4322493,0.7350714,0.4182985
0.4322491,0.7408203,0.4182985
-0.4322494,0.7350714,0.4182985
-0.4322491,0.7408203,0.4182985
-0.45,0.7350714,0.4005479
-0.45,0.7408203,0.4005477
-0.45,0.7350714,0.3809717
-0.45,0.7408203,0.3809717
-0.45,0.7431055,0.3809717
-0.45,0.7431055,0.4076147
-0.45,0.8810297,0.4076099
-0.45,0.8810297,0.3809717
-0.45,0.7431055,-0.406795
-0.45,0.8810297,-0.406795
-0.45,0.7408203,-0.406795
-0.45,0.7350714,-0.406795
-0.45,0.07858678,-0.406795
-0.45,0.07858678,0.3809717
-0.45,0.7350714,-0.4614717
-0.45,0.7408203,-0.4614717
-0.45,0.07858678,-0.4614717
-0.45,0.8810297,-0.4614717
-0.45,0.7431055,-0.4614717
-0.45,0.9003612,-0.4614717
-0.45,0.9003612,-0.406795
-0.45,1.08787,-0.4353471
-0.45,1.08787,-0.4670115
-0.45,0.9003612,-0.4746344
-0.45,1.08787,-0.4746344
-0.45,0.8810297,-0.4746344
-0.45,0.7431055,-0.4746344
-0.45,0.7408203,-0.4746344
-0.45,0.7350714,-0.4746344
-0.45,0.07858678,-0.4746344
-0.45,0.01328006,-0.4746344
-0.45,0.01328006,-0.4614717
-0.45,0.0003612304,-0.4746344
-0.45,0.0003612304,-0.4614717
-0.45,0.01328006,-0.406795
-0.45,0.0003612304,-0.406795
-0.45,0.01328006,0.3809717
-0.45,0.0003612304,0.3809717
-0.45,0.0003612304,0.407615
-0.45,0.01328006,0.407615
-0.45,0.07858678,0.407615
-0.45,0.07858678,0.3809717
-0.45,0.07858678,0.407615
-0.4553891,0.07858678,0.3948096
-0.4553891,0.07858678,0.4214529
-0.4322494,0.07858678,0.4253656
-0.4374259,0.07858678,0.4392035
0.4374258,0.07858678,0.4392035
0.4322493,0.07858678,0.4253656
0.4553891,0.07858678,0.4214529
0.45,0.07858678,0.407615
0.45,0.07858678,0.3809717
0.4553891,0.07858678,0.3948096
0.4553891,0.07858678,0.4214529
-0.45,0.07858678,0.3809717
-0.4553891,0.07858678,0.3948096
-0.45,0.7350714,0.3809717
-0.4553891,0.7350714,0.3948096
-0.45,0.7350714,0.3809717
-0.4553891,0.7350714,0.3948096
-0.45,0.7350714,0.4005479
-0.4553891,0.7350714,0.4214529
-0.4553891,0.7350714,0.4214529
-0.4322494,0.7350714,0.4182985
-0.4374259,0.7350714,0.4392035
0.4322493,0.7350714,0.4182985
0.4374258,0.7350714,0.4392035
0.4553891,0.7350714,0.4214529
0.45,0.7350714,0.4005479
0.4553891,0.7350714,0.3948096
0.45,0.7350714,0.3809717
0.45,0.7350714,0.3809717
0.4553891,0.7350714,0.3948096
0.45,0.07858678,0.3809717
0.4553891,0.07858678,0.3948096
0.45,0.7431055,0.4076148
0.45,0.8810297,0.4076099
0.432249,0.7431055,0.4253656
0.4322442,0.8810297,0.4253656
0.45,0.8810297,0.4076099
0.45,0.7431055,0.4076148
0.45,0.8810297,0.3809717
0.45,0.7431055,0.3809717
0.45,0.7408203,0.4005478
0.45,0.8810297,-0.406795
0.45,0.7408203,0.3809717
0.45,0.7350714,0.4005479
0.45,0.7350714,0.3809717
0.45,0.7431055,-0.406795
0.45,0.7408203,-0.406795
0.45,0.8810297,-0.4614717
0.45,0.9003612,-0.406795
0.45,0.7431055,-0.4614717
0.45,0.9003612,-0.4614717
0.45,1.08787,-0.4353471
0.45,1.08787,-0.4670115
0.45,0.9003612,-0.4746344
0.45,1.08787,-0.4746344
0.45,0.8810297,-0.4746344
0.45,0.7431055,-0.4746344
0.45,0.7408203,-0.4614717
0.45,0.7408203,-0.4746344
0.45,0.7350714,-0.4746344
0.45,0.7350714,-0.4614717
0.45,0.07858678,-0.4746344
0.45,0.7350714,-0.406795
0.45,0.07858678,-0.4614717
0.45,0.07858678,-0.406795
0.45,0.07858678,0.3809717
0.45,0.01328006,-0.4614717
0.45,0.01328006,-0.4746344
0.45,0.0003612304,-0.4746344
0.45,0.0003612304,-0.4614717
0.45,0.01328006,-0.406795
0.45,0.0003612304,-0.406795
0.45,0.0003612304,0.3809717
0.45,0.01328006,0.3809717
0.45,0.0003612304,0.407615
0.45,0.01328006,0.407615
0.45,0.07858678,0.407615
-0.4322491,0.7431055,0.4253656
-0.4322442,0.8810297,0.4253656
-0.45,0.7431055,0.4076147
-0.45,0.8810297,0.4076099
0.432249,0.7431055,0.4253656
0.4322442,0.8810297,0.4253656
-0.4322491,0.7431055,0.4253656
-0.4322442,0.8810297,0.4253656
0.45,0.7408203,0.4005478
0.45,0.7431055,0.4076148
0.4322491,0.7408203,0.4182985
0.432249,0.7431055,0.4253656
-0.45,0.7408203,0.4005477
-0.4322491,0.7408203,0.4182985
-0.45,0.7431055,0.4076147
-0.4322491,0.7431055,0.4253656
0.4322491,0.7408203,0.4182985
0.432249,0.7431055,0.4253656
-0.4322491,0.7408203,0.4182985
-0.4322491,0.7431055,0.4253656
0.3554388,0.8400016,0.4220069
0.3554388,0.8400016,0.439669
0.3659126,0.8255859,0.422007
0.3659126,0.8255859,0.439669
0.3659126,0.8255859,0.422007
0.3659126,0.8255859,0.439669
0.3659125,0.8077671,0.4220069
0.3659125,0.8077671,0.439669
0.3659125,0.8077671,0.4220069
0.3659125,0.8077671,0.439669
0.3554388,0.7933514,0.4220069
0.3554388,0.7933514,0.439669
0.3554388,0.7933514,0.4220069
0.3554388,0.7933514,0.439669
0.3384922,0.7878451,0.422007
0.3384922,0.7878451,0.439669
0.3384922,0.7878451,0.422007
0.3384922,0.7878451,0.439669
0.3215455,0.7933514,0.4220069
0.3215455,0.7933514,0.439669
0.3215455,0.7933514,0.4220069
0.3215455,0.7933514,0.439669
0.3110718,0.8077671,0.4220069
0.3110718,0.8077671,0.439669
0.3110718,0.8077671,0.4220069
0.3110718,0.8077671,0.439669
0.3110718,0.8255859,0.4220069
0.3110718,0.8255859,0.439669
0.3110718,0.8255859,0.4220069
0.3110718,0.8255859,0.439669
0.3215455,0.8400016,0.4220069
0.3215455,0.8400016,0.439669
0.3215455,0.8400016,0.4220069
0.3215455,0.8400016,0.439669
0.3384922,0.8455079,0.422007
0.3384922,0.8455079,0.439669
0.3384922,0.8455079,0.422007
0.3384922,0.8455079,0.439669
0.3554388,0.8400016,0.4220069
0.3554388,0.8400016,0.439669
0.2486981,0.8400016,0.422007
0.2486981,0.8400016,0.439669
0.2591717,0.8255859,0.422007
0.2591717,0.8255859,0.439669
0.2591717,0.8255859,0.422007
0.2591717,0.8255859,0.439669
0.2591717,0.8077671,0.422007
0.2591717,0.8077671,0.439669
0.2591717,0.8077671,0.422007
0.2591717,0.8077671,0.439669
0.2486981,0.7933514,0.422007
0.2486981,0.7933514,0.439669
0.2486981,0.7933514,0.422007
0.2486981,0.7933514,0.439669
0.2317514,0.7878451,0.4220069
0.2317514,0.7878451,0.439669
0.2317514,0.7878451,0.4220069
0.2317514,0.7878451,0.439669
0.2148047,0.7933514,0.422007
0.2148047,0.7933514,0.439669
0.2148047,0.7933514,0.422007
0.2148047,0.7933514,0.439669
0.2043311,0.8077671,0.4220069
0.2043311,0.8077671,0.439669
0.2043311,0.8077671,0.4220069
0.2043311,0.8077671,0.439669
0.2043311,0.8255859,0.4220069
0.2043311,0.8255859,0.439669
0.2043311,0.8255859,0.4220069
0.2043311,0.8255859,0.439669
0.2148047,0.8400016,0.4220069
0.2148047,0.8400016,0.439669
0.2148047,0.8400016,0.4220069
0.2148047,0.8400016,0.439669
0.2317514,0.8455079,0.4220069
0.2317514,0.8455079,0.439669
0.2317514,0.8455079,0.4220069
0.2317514,0.8455079,0.439669
0.2486981,0.8400016,0.422007
0.2486981,0.8400016,0.439669
-0.3269265,0.8400016,0.422007
-0.3269265,0.8400016,0.439669
-0.3164529,0.8255859,0.422007
-0.3164529,0.8255859,0.439669
-0.3164529,0.8255859,0.422007
-0.3164529,0.8255859,0.439669
-0.3164529,0.8077671,0.422007
-0.3164529,0.8077671,0.439669
-0.3164529,0.8077671,0.422007
-0.3164529,0.8077671,0.439669
-0.3269265,0.7933514,0.422007
-0.3269265,0.7933514,0.439669
-0.3269265,0.7933514,0.422007
-0.3269265,0.7933514,0.439669
-0.3438732,0.7878451,0.422007
-0.3438732,0.7878451,0.439669
-0.3438732,0.7878451,0.422007
-0.3438732,0.7878451,0.439669
-0.3608199,0.7933514,0.422007
-0.3608198,0.7933514,0.439669
-0.3608199,0.7933514,0.422007
-0.3608198,0.7933514,0.439669
-0.3712935,0.8077671,0.422007
-0.3712935,0.8077671,0.439669
-0.3712935,0.8077671,0.422007
-0.3712935,0.8077671,0.439669
-0.3712935,0.8255859,0.422007
-0.3712935,0.8255859,0.439669
-0.3712935,0.8255859,0.422007
-0.3712935,0.8255859,0.439669
-0.3608199,0.8400016,0.422007
-0.3608198,0.8400016,0.439669
-0.3608199,0.8400016,0.422007
-0.3608198,0.8400016,0.439669
-0.3438732,0.8455079,0.422007
-0.3438732,0.8455079,0.439669
-0.3438732,0.8455079,0.422007
-0.3438732,0.8455079,0.439669
-0.3269265,0.8400016,0.422007
-0.3269265,0.8400016,0.439669
-0.3712935,0.8077671,0.439669
-0.3438732,0.8166764,0.439669
-0.3712935,0.8255859,0.439669
-0.3608198,0.7933514,0.439669
-0.3438732,0.7878451,0.439669
-0.3269265,0.7933514,0.439669
-0.3164529,0.8077671,0.439669
-0.3164529,0.8255859,0.439669
-0.3269265,0.8400016,0.439669
-0.3438732,0.8455079,0.439669
-0.3608198,0.8400016,0.439669
-0.3712935,0.8255859,0.439669
-0.2201857,0.8400016,0.422007
-0.2201858,0.8400016,0.439669
-0.2097121,0.8255859,0.422007
-0.2097121,0.8255859,0.439669
-0.2097121,0.8255859,0.422007
-0.2097121,0.8255859,0.439669
-0.2097121,0.8077671,0.422007
-0.2097121,0.8077671,0.439669
-0.2097121,0.8077671,0.422007
-0.2097121,0.8077671,0.439669
-0.2201857,0.7933514,0.422007
-0.2201858,0.7933514,0.439669
-0.2201857,0.7933514,0.422007
-0.2201858,0.7933514,0.439669
-0.2371324,0.7878451,0.422007
-0.2371324,0.7878451,0.439669
-0.2371324,0.7878451,0.422007
-0.2371324,0.7878451,0.439669
-0.2540792,0.7933514,0.422007
-0.2540791,0.7933514,0.439669
-0.2540792,0.7933514,0.422007
-0.2540791,0.7933514,0.439669
-0.2645527,0.8077671,0.422007
-0.2645528,0.8077671,0.439669
-0.2645527,0.8077671,0.422007
-0.2645528,0.8077671,0.439669
-0.2645527,0.8255859,0.422007
-0.2645528,0.8255859,0.439669
-0.2645527,0.8255859,0.422007
-0.2645528,0.8255859,0.439669
-0.2540791,0.8400016,0.422007
-0.2540791,0.8400016,0.439669
-0.2540791,0.8400016,0.422007
-0.2540791,0.8400016,0.439669
-0.2371324,0.8455079,0.422007
-0.2371324,0.8455079,0.439669
-0.2371324,0.8455079,0.422007
-0.2371324,0.8455079,0.439669
-0.2201857,0.8400016,0.422007
-0.2201858,0.8400016,0.439669
0.01696205,0.816599,0.422007
0.01696205,0.816599,0.439669
0.02743568,0.8021832,0.422007
0.02743568,0.8021832,0.439669
0.02743568,0.8021832,0.422007
0.02743568,0.8021832,0.439669
0.02743568,0.7843645,0.422007
0.02743568,0.7843645,0.439669
0.02743568,0.7843645,0.422007
0.02743568,0.7843645,0.439669
0.01696205,0.7699488,0.422007
0.01696205,0.7699488,0.439669
0.01696205,0.7699488,0.422007
0.01696205,0.7699488,0.439669
1.533508E-05,0.7644424,0.4220069
1.533508E-05,0.7644424,0.439669
1.533508E-05,0.7644424,0.4220069
1.533508E-05,0.7644424,0.439669
-0.01693134,0.7699488,0.4220069
-0.01693134,0.7699488,0.439669
-0.01693134,0.7699488,0.4220069
-0.01693134,0.7699488,0.439669
-0.02740498,0.7843645,0.4220069
-0.02740498,0.7843645,0.439669
-0.02740498,0.7843645,0.4220069
-0.02740498,0.7843645,0.439669
-0.02740498,0.8021832,0.4220069
-0.02740498,0.8021832,0.439669
-0.02740498,0.8021832,0.4220069
-0.02740498,0.8021832,0.439669
-0.01693134,0.816599,0.4220069
-0.01693134,0.816599,0.439669
-0.01693134,0.816599,0.4220069
-0.01693134,0.816599,0.439669
1.537323E-05,0.8221053,0.422007
1.537323E-05,0.8221053,0.439669
1.537323E-05,0.8221053,0.422007
1.537323E-05,0.8221053,0.439669
0.01696205,0.816599,0.422007
0.01696205,0.816599,0.439669
0.237788,0.6394399,0.4612831
0.237788,0.6526963,0.4612831
0.2035474,0.6394399,0.4746343
0.2035474,0.6526963,0.4746343
0.2035474,0.6394399,0.4746343
0.2035474,0.6526963,0.4746343
-0.2039832,0.6394399,0.4746344
-0.2039832,0.6526963,0.4746344
-0.2039832,0.6394399,0.4746344
-0.2039832,0.6526963,0.4746344
-0.2382238,0.6394399,0.4612831
-0.2382238,0.6526963,0.4612831
0.237788,0.6526963,0.4612831
0.2508692,0.6526963,0.4512831
0.2035474,0.6526963,0.4650851
0.2035474,0.6526963,0.4746343
-0.2039832,0.6526963,0.4746344
-0.2039832,0.6526963,0.4650851
-0.2382238,0.6526963,0.4612831
-0.2513048,0.6526963,0.4512831
0.2508692,0.6526963,0.4377518
0.2508692,0.6394399,0.4377518
0.2035474,0.6526963,0.4377518
0.2035474,0.6394399,0.4377518
0.2035474,0.6526963,0.4650851
0.2035474,0.6394399,0.4650851
-0.2039832,0.6526963,0.4650851
-0.2039832,0.6394399,0.4650851
-0.2039832,0.6526963,0.4377518
-0.2039832,0.6394399,0.4377518
-0.2513048,0.6526963,0.4377518
-0.2513048,0.6394399,0.4377518
0.2508692,0.6394399,0.4512831
0.237788,0.6394399,0.4612831
0.2035474,0.6394399,0.4650851
0.2035474,0.6394399,0.4746343
0.2035474,0.6394399,0.4746343
-0.2039832,0.6394399,0.4746344
-0.2039832,0.6394399,0.4650851
0.2035474,0.6394399,0.4650851
0.2035474,0.6394399,0.4377518
0.2508692,0.6394399,0.4512831
0.2508692,0.6394399,0.4377518
-0.2513048,0.6394399,0.4512831
-0.2039832,0.6394399,0.4377518
-0.2513048,0.6394399,0.4377518
-0.2513048,0.6394399,0.4512831
-0.2039832,0.6394399,0.4650851
-0.2382238,0.6394399,0.4612831
-0.2039832,0.6394399,0.4746344
-0.2382238,0.6394399,0.4612831
-0.2382238,0.6526963,0.4612831
-0.2513048,0.6394399,0.4512831
-0.2513048,0.6526963,0.4512831
0.2508692,0.6394399,0.4512831
0.2508692,0.6526963,0.4512831
0.237788,0.6394399,0.4612831
0.237788,0.6526963,0.4612831
0.2035474,0.6526963,0.4650851
0.2508692,0.6526963,0.4512831
0.2035474,0.6526963,0.4377518
0.2508692,0.6526963,0.4377518
0.2035474,0.6526963,0.4650851
0.2035474,0.6526963,0.4377518
0.2035474,0.6394399,0.4650851
0.2035474,0.6394399,0.4377518
0.2508692,0.6394399,0.4512831
0.2508692,0.6394399,0.4377518
0.2508692,0.6526963,0.4512831
0.2508692,0.6526963,0.4377518
-0.2039832,0.6526963,0.4650851
-0.2039832,0.6526963,0.4377518
-0.2513048,0.6526963,0.4512831
-0.2513048,0.6526963,0.4377518
-0.2513048,0.6526963,0.4512831
-0.2513048,0.6526963,0.4377518
-0.2513048,0.6394399,0.4512831
-0.2513048,0.6394399,0.4377518
-0.2039832,0.6394399,0.4650851
-0.2039832,0.6394399,0.4377518
-0.2039832,0.6526963,0.4650851
-0.2039832,0.6526963,0.4377518
-0.01693134,0.816599,0.439669
1.537323E-05,0.7932738,0.439669
1.537323E-05,0.8221053,0.439669
-0.02740498,0.8021832,0.439669
0.01696205,0.816599,0.439669
-0.02740498,0.7843645,0.439669
0.02743568,0.8021832,0.439669
-0.01693134,0.7699488,0.439669
0.02743568,0.7843645,0.439669
1.533508E-05,0.7644424,0.439669
0.01696205,0.7699488,0.439669
-0.2540791,0.8400016,0.439669
-0.2371324,0.8166764,0.439669
-0.2371324,0.8455079,0.439669
-0.2645528,0.8255859,0.439669
-0.2201858,0.8400016,0.439669
-0.2645528,0.8077671,0.439669
-0.2097121,0.8255859,0.439669
-0.2540791,0.7933514,0.439669
-0.2097121,0.8077671,0.439669
-0.2371324,0.7878451,0.439669
-0.2201858,0.7933514,0.439669
0.2148047,0.8400016,0.439669
0.2317514,0.8166764,0.439669
0.2317514,0.8455079,0.439669
0.2043311,0.8255859,0.439669
0.2486981,0.8400016,0.439669
0.2043311,0.8077671,0.439669
0.2591717,0.8255859,0.439669
0.2148047,0.7933514,0.439669
0.2591717,0.8077671,0.439669
0.2317514,0.7878451,0.439669
0.2486981,0.7933514,0.439669
0.3215455,0.8400016,0.439669
0.3384922,0.8166764,0.439669
0.3384922,0.8455079,0.439669
0.3110718,0.8255859,0.439669
0.3554388,0.8400016,0.439669
0.3110718,0.8077671,0.439669
0.3659126,0.8255859,0.439669
0.3215455,0.7933514,0.439669
0.3659125,0.8077671,0.439669
0.3384922,0.7878451,0.439669
0.3554388,0.7933514,0.439669
-0.45,0.9003612,0.3809717
-0.4616789,0.9003612,0.3809717
-0.45,0.9003612,0.4253656
-0.4616789,0.9003612,0.4185257
-0.4525071,0.9003612,0.4277078
-0.4439283,0.9003612,0.4362762
0.4439282,0.9003612,0.4362762
0.45,0.9003612,0.4253656
0.45,0.9003612,0.3809717
0.452507,0.9003612,0.4277078
0.4616789,0.9003612,0.3809717
0.4616789,0.9003612,0.4185257
0.2122052,0.9122137,-0.181833
0.2245795,0.9122136,-0.1694587
0.2245795,0.9122137,-0.1869587
0.2070795,0.9122137,-0.1694587
0.2369539,0.9122137,-0.181833
0.2122052,0.9122137,-0.1570844
0.2420795,0.9122137,-0.1694587
0.2245795,0.9122137,-0.1519587
0.2369539,0.9122137,-0.1570844
0.2122052,0.9083081,0.1540121
0.2245795,0.9083081,0.1663864
0.2245795,0.9083081,0.1488864
0.2070795,0.9083081,0.1663864
0.2369539,0.9083081,0.1540121
0.2122052,0.9083081,0.1787607
0.2420795,0.9083081,0.1663864
0.2245795,0.9083081,0.1838864
0.2369539,0.9083081,0.1787607
-0.2068884,0.9083081,0.1540121
-0.1945141,0.9083081,0.1663864
-0.1945141,0.9083081,0.1488864
-0.2120141,0.9083081,0.1663864
-0.1821397,0.9083081,0.1540121
-0.2068884,0.9083081,0.1787606
-0.1770141,0.9083081,0.1663864
-0.1945141,0.9083081,0.1838864
-0.1821397,0.9083081,0.1787606
-0.2068884,0.9083081,-0.181833
-0.1945141,0.9083081,-0.1694587
-0.1945141,0.9083081,-0.1869587
-0.2120141,0.9083081,-0.1694587
-0.1821397,0.9083081,-0.181833
-0.2068884,0.9083081,-0.1570844
-0.1770141,0.9083081,-0.1694587
-0.1945141,0.9083081,-0.1519587
-0.1821397,0.9083081,-0.1570844
0.1998308,0.9015262,-0.1942075
0.2122052,0.9015262,-0.181833
0.2245795,0.9015262,-0.2044587
0.2070795,0.9015262,-0.1694587
0.2245795,0.9015262,-0.1869587
0.1895795,0.9015262,-0.1694587
0.2493283,0.9015262,-0.1942075
0.2122052,0.9015262,-0.1570844
0.2369539,0.9015262,-0.181833
0.1998308,0.9015262,-0.1447099
0.2595795,0.9015262,-0.1694587
0.2245795,0.9015262,-0.1519587
0.2420795,0.9015262,-0.1694587
0.2245795,0.9015262,-0.1344587
0.2493283,0.9015262,-0.1447099
0.2369539,0.9015262,-0.1570844
0.1998308,0.8976207,0.1416375
0.2122052,0.8976207,0.1540121
0.2245795,0.8976207,0.1313864
0.2070795,0.8976207,0.1663864
0.2245795,0.8976207,0.1488864
0.1895795,0.8976207,0.1663864
0.2493283,0.8976207,0.1416375
0.2122052,0.8976207,0.1787607
0.2369539,0.8976207,0.1540121
0.1998308,0.8976207,0.1911352
0.2595795,0.8976207,0.1663864
0.2245795,0.8976207,0.1838864
0.2420795,0.8976207,0.1663864
0.2245795,0.8976207,0.2013864
0.2493283,0.8976207,0.1911352
0.2369539,0.8976207,0.1787607
-0.2192628,0.8976207,0.1416375
-0.2068884,0.8976207,0.1540121
-0.1945141,0.8976207,0.1313864
-0.2120141,0.8976207,0.1663864
-0.1945141,0.8976207,0.1488864
-0.2295141,0.8976207,0.1663864
-0.1697653,0.8976207,0.1416375
-0.2068884,0.8976207,0.1787606
-0.1821397,0.8976207,0.1540121
-0.2192628,0.8976207,0.1911352
-0.1595141,0.8976207,0.1663864
-0.1945141,0.8976207,0.1838864
-0.1770141,0.8976207,0.1663864
-0.1945141,0.8976207,0.2013864
-0.1697653,0.8976207,0.1911352
-0.1821397,0.8976207,0.1787606
-0.2192628,0.8976207,-0.1942075
-0.2068884,0.8976207,-0.181833
-0.1945141,0.8976207,-0.2044587
-0.2120141,0.8976207,-0.1694587
-0.1945141,0.8976207,-0.1869587
-0.2295141,0.8976207,-0.1694587
-0.1697653,0.8976207,-0.1942075
-0.2068884,0.8976207,-0.1570844
-0.1821397,0.8976207,-0.181833
-0.2192628,0.8976207,-0.1447099
-0.1595141,0.8976207,-0.1694587
-0.1945141,0.8976207,-0.1519587
-0.1770141,0.8976207,-0.1694587
-0.1945141,0.8976207,-0.1344587
-0.1697653,0.8976207,-0.1447099
-0.1821397,0.8976207,-0.1570844
2682
0.5761021,0.6591679
0.5715858,0.6591607
0.573754,0.6591659
0.3810748,0.662596
0.3830158,0.6606682
0.384827,0.6588652
0.2998232,0.8837824
0.2998232,0.8636054
0.2917522,0.8837824
0.2917522,0.8636054
0.3026345,0.8837824
0.3026345,0.8636054
0.2998232,0.8837824
0.2998232,0.8636054
0.3159647,0.8837824
0.3159647,0.8636054
0.3078939,0.8837824
0.3078939,0.8636054
0.3193154,0.8636054
0.3159647,0.8636054
0.3159647,0.8837824
0.3193154,0.8837824
0.3207006,0.8636054
0.3207006,0.8837824
0.3240354,0.8636054
0.3240354,0.8837824
0.3321064,0.8837824
0.3321064,0.8636054
0.3240354,0.8837824
0.3240354,0.8636054
0.3401772,0.8837824
0.3401772,0.8636054
0.3321064,0.8837824
0.3321064,0.8636054
0.3438984,0.8837824
0.3438984,0.8636054
0.3401772,0.8837824
0.3401772,0.8636054
0.356319,0.8837824
0.356319,0.8636054
0.3482479,0.8837824
0.3482479,0.8636054
0.359693,0.8636054
0.356319,0.8636054
0.356319,0.8837824
0.359693,0.8837824
0.3609619,0.8636054
0.3609619,0.8837824
0.3643897,0.8636054
0.3643897,0.8837824
0.3724607,0.8837824
0.3724607,0.8636054
0.3643897,0.8837824
0.3643897,0.8636054
0.2998232,0.8636054
0.2998232,0.8434283
0.2917522,0.8636054
0.2917522,0.8434283
0.3026345,0.8636054
0.3026345,0.8434283
0.2998232,0.8636054
0.2998232,0.8434283
0.3159647,0.8636054
0.3159647,0.8434283
0.3078939,0.8636054
0.3078939,0.8434283
0.3193154,0.8636054
0.3193154,0.8434283
0.3159647,0.8636054
0.3159647,0.8434283
0.3321064,0.8636054
0.3321064,0.8434283
0.3240354,0.8636054
0.3240354,0.8434283
0.3401772,0.8636054
0.3401772,0.8434283
0.3321064,0.8636054
0.3321064,0.8434283
0.3438984,0.8636054
0.3438984,0.8434283
0.3401772,0.8636054
0.3401772,0.8434283
0.356319,0.8636054
0.356319,0.8434283
0.3482479,0.8636054
0.3482479,0.8434283
0.359693,0.8636054
0.359693,0.8434283
0.356319,0.8636054
0.356319,0.8434283
0.3724607,0.8636054
0.3724607,0.8434283
0.3643897,0.8636054
0.3643897,0.8434283
0.2998232,0.8434283
0.2998232,0.8232512
0.2917522,0.8434283
0.2917522,0.8232512
0.3026345,0.8434283
0.3026345,0.8232512
0.2998232,0.8434283
0.2998232,0.8232512
0.3159647,0.8434283
0.3159647,0.8232512
0.3078939,0.8434283
0.3078939,0.8232512
0.3193154,0.8232512
0.3159647,0.8232512
0.3159647,0.8434283
0.3193154,0.8434283
0.3207006,0.8232512
0.3207006,0.8434283
0.3240354,0.8232512
0.3240354,0.8434283
0.3321064,0.8434283
0.3321064,0.8232512
0.3240354,0.8434283
0.3240354,0.8232512
0.3401772,0.8434283
0.3401772,0.8232512
0.3321064,0.8434283
0.3321064,0.8232512
0.3438984,0.8434283
0.3438984,0.8232512
0.3401772,0.8434283
0.3401772,0.8232512
0.356319,0.8434283
0.356319,0.8232512
0.3482479,0.8434283
0.3482479,0.8232512
0.359693,0.8232512
0.356319,0.8232512
0.356319,0.8434283
0.359693,0.8434283
0.3609619,0.8232512
0.3609619,0.8434283
0.3643897,0.8232512
0.3643897,0.8434283
0.3724607,0.8434283
0.3724607,0.8232512
0.3643897,0.8434283
0.3643897,0.8232512
0.2998232,0.8232512
0.2998232,0.803074
0.2917522,0.8232512
0.2917522,0.803074
0.2998232,0.8232512
0.3026345,0.8232512
0.2998232,0.803074
0.3026345,0.803074
0.3159647,0.8232512
0.3159647,0.803074
0.3078939,0.8232512
0.3078939,0.803074
0.3159647,0.8232512
0.3193154,0.8232512
0.3159647,0.803074
0.3193154,0.803074
0.3207006,0.803074
0.3207006,0.8232512
0.3240354,0.803074
0.3240354,0.8232512
0.3321064,0.803074
0.3321064,0.8232512
0.3401772,0.8232512
0.3401772,0.803074
0.3321064,0.8232512
0.3321064,0.803074
0.3401772,0.8232512
0.3438984,0.8232512
0.3401772,0.803074
0.3438984,0.803074
0.356319,0.8232512
0.356319,0.803074
0.3482479,0.8232512
0.3482479,0.803074
0.356319,0.8232512
0.359693,0.8232512
0.356319,0.803074
0.359693,0.803074
0.3609619,0.8232512
0.3609619,0.803074
0.3643897,0.803074
0.3643897,0.8232512
0.3724607,0.8232512
0.3724607,0.803074
0.3643897,0.8232512
0.3643897,0.803074
0.3609619,0.8636054
0.3643897,0.8636054
0.3609619,0.8434283
0.3643897,0.8434283
0.3609619,0.8636054
0.3609619,0.8434283
0.359693,0.8636054
0.359693,0.8434283
0.3040663,0.8837824
0.3040663,0.8636054
0.3026345,0.8837824
0.3026345,0.8636054
0.3026345,0.8232512
0.3040663,0.8232512
0.3026345,0.803074
0.3040663,0.803074
0.3040663,0.8434283
0.3040663,0.8232512
0.3026345,0.8434283
0.3026345,0.8232512
0.3040663,0.8636054
0.3040663,0.8434283
0.3026345,0.8636054
0.3026345,0.8434283
0.3078939,0.8837824
0.3078939,0.8636054
0.3040663,0.8837824
0.3040663,0.8636054
0.3078939,0.8232512
0.3078939,0.803074
0.3040663,0.8232512
0.3040663,0.803074
0.3078939,0.8434283
0.3078939,0.8232512
0.3040663,0.8434283
0.3040663,0.8232512
0.3040663,0.8636054
0.3078939,0.8636054
0.3040663,0.8434283
0.3078939,0.8434283
0.3482479,0.8837824
0.3482479,0.8636054
0.3453126,0.8837824
0.3453126,0.8636054
0.3482479,0.8232512
0.3482479,0.803074
0.3453126,0.8232512
0.3453126,0.803074
0.3482479,0.8434283
0.3482479,0.8232512
0.3453126,0.8434283
0.3453126,0.8232512
0.3453126,0.8636054
0.3482479,0.8636054
0.3453126,0.8434283
0.3482479,0.8434283
0.3453126,0.8837824
0.3453126,0.8636054
0.3438984,0.8837824
0.3438984,0.8636054
0.3453126,0.8232512
0.3453126,0.803074
0.3438984,0.8232512
0.3438984,0.803074
0.3453126,0.8434283
0.3453126,0.8232512
0.3438984,0.8434283
0.3438984,0.8232512
0.3453126,0.8434283
0.3438984,0.8434283
0.3453126,0.8636054
0.3438984,0.8636054
0.3207006,0.8636054
0.3240354,0.8636054
0.3207006,0.8434283
0.3240354,0.8434283
0.3207006,0.8434283
0.3193154,0.8434283
0.3207006,0.8636054
0.3193154,0.8636054
0.3609619,0.8434283
0.3609619,0.8434283
0.3609619,0.8636054
0.3609619,0.8636054
0.3609619,0.8434283
0.3609619,0.8636054
0.3609619,0.8636054
0.3609619,0.8636054
0.3609619,0.8636054
0.3609619,0.8636054
0.359693,0.8636054
0.359693,0.8636054
0.359693,0.8636054
0.359693,0.8636054
0.359693,0.8434283
0.359693,0.8434283
0.359693,0.8636054
0.359693,0.8434283
0.359693,0.8636054
0.359693,0.8636054
0.359693,0.8434283
0.359693,0.8434283
0.3609619,0.8434283
0.3609619,0.8434283
0.359693,0.8434283
0.3609619,0.8434283
0.3040663,0.8434283
0.3040663,0.8434283
0.3040663,0.8636054
0.3040663,0.8636054
0.3040663,0.8434283
0.3040663,0.8636054
0.3040663,0.8636054
0.3040663,0.8636054
0.3040663,0.8636054
0.3040663,0.8636054
0.3026345,0.8636054
0.3026345,0.8636054
0.3026345,0.8636054
0.3026345,0.8636054
0.3026345,0.8434283
0.3026345,0.8434283
0.3026345,0.8636054
0.3026345,0.8434283
0.3026345,0.8636054
0.3026345,0.8636054
0.3026345,0.8434283
0.3026345,0.8434283
0.3040663,0.8434283
0.3040663,0.8434283
0.3026345,0.8434283
0.3040663,0.8434283
0.3453126,0.8434283
0.3453126,0.8434283
0.3453126,0.8636054
0.3453126,0.8636054
0.3453126,0.8434283
0.3453126,0.8636054
0.3453126,0.8636054
0.3453126,0.8636054
0.3453126,0.8636054
0.3453126,0.8636054
0.3438984,0.8636054
0.3438984,0.8636054
0.3438984,0.8636054
0.3438984,0.8636054
0.3438984,0.8434283
0.3438984,0.8434283
0.3438984,0.8636054
0.3438984,0.8434283
0.3438984,0.8636054
0.3438984,0.8636054
0.3438984,0.8434283
0.3438984,0.8434283
0.3453126,0.8434283
0.3453126,0.8434283
0.3438984,0.8434283
0.3453126,0.8434283
0.3207006,0.8434283
0.3207006,0.8434283
0.3207006,0.8636054
0.3207006,0.8636054
0.3207006,0.8434283
0.3207006,0.8636054
0.3207006,0.8636054
0.3207006,0.8636054
0.3207006,0.8636054
0.3207006,0.8636054
0.3193154,0.8636054
0.3193154,0.8636054
0.3193154,0.8636054
0.3193154,0.8636054
0.3193154,0.8434283
0.3193154,0.8434283
0.3193154,0.8636054
0.3193154,0.8434283
0.3193154,0.8636054
0.3193154,0.8636054
0.3193154,0.8434283
0.3193154,0.8434283
0.3207006,0.8434283
0.3207006,0.8434283
0.3193154,0.8434283
0.3207006,0.8434283
0.3040663,0.8636054
0.3040663,0.8636054
0.3026345,0.8636054
0.3026345,0.8636054
0.3207006,0.8636054
0.3207006,0.8636054
0.3193154,0.8636054
0.3193154,0.8636054
0.3438984,0.8636054
0.3453126,0.8636054
0.3438984,0.8636054
0.3453126,0.8636054
0.359693,0.8636054
0.3609619,0.8636054
0.359693,0.8636054
0.3609619,0.8636054
0.3026345,0.8636054
0.3040663,0.8636054
0.3026345,0.8636054
0.3040663,0.8636054
0.3026345,0.8636054
0.3026345,0.8636054
0.3040663,0.8636054
0.3040663,0.8636054
0.3207006,0.8636054
0.3207006,0.8636054
0.3193154,0.8636054
0.3193154,0.8636054
0.3207006,0.8636054
0.3193154,0.8636054
0.3207006,0.8636054
0.3193154,0.8636054
0.3453126,0.8636054
0.3453126,0.8636054
0.3438984,0.8636054
0.3438984,0.8636054
0.3453126,0.8636054
0.3438984,0.8636054
0.3453126,0.8636054
0.3438984,0.8636054
0.359693,0.8636054
0.3609619,0.8636054
0.359693,0.8636054
0.3609619,0.8636054
0.359693,0.8636054
0.359693,0.8636054
0.3609619,0.8636054
0.3609619,0.8636054
0.4870206,0.9512767
0.4393506,0.9508564
0.4869856,0.9552388
0.4393156,0.9548186
0.4869856,0.9552388
0.4393156,0.9548186
0.4869507,0.9592012
0.4392808,0.958781
0.4869507,0.9592012
0.4392808,0.958781
0.4869157,0.963164
0.4392458,0.9627438
0.4869157,0.963164
0.4392458,0.9627438
0.4868808,0.9671265
0.439211,0.9667063
0.4868808,0.9671265
0.439211,0.9667063
0.4868458,0.9710891
0.4391761,0.9706689
0.4868458,0.9710891
0.4391761,0.9706689
0.4868108,0.9750515
0.4391411,0.9746313
0.4868108,0.9750515
0.4391411,0.9746313
0.4867759,0.9790145
0.4391061,0.9785942
0.4867759,0.9790145
0.4391061,0.9785942
0.4867409,0.982977
0.4390712,0.9825568
0.4124505,0.9734759
0.4124505,0.9734759
0.4096105,0.9664454
0.4096105,0.9664454
0.4096105,0.9664454
0.4096105,0.9664454
0.4125741,0.9594662
0.4125741,0.9594662
0.4125741,0.9594662
0.4125741,0.9594662
0.4196045,0.9566265
0.4196045,0.9566265
0.4196045,0.9566265
0.4196045,0.9566265
0.4265837,0.9595896
0.4265837,0.9595896
0.4265837,0.9595896
0.4265837,0.9595896
0.4294235,0.96662
0.4294235,0.96662
0.4294235,0.96662
0.4294235,0.96662
0.4264603,0.9735994
0.4264603,0.9735994
0.4264603,0.9735994
0.4264603,0.9735994
0.4194298,0.9764389
0.4194298,0.9764389
0.4194298,0.9764389
0.4194298,0.9764389
0.4124505,0.9734759
0.4124505,0.9734759
0.2147484,0.8833679
0.2147484,0.8631908
0.2066775,0.8833679
0.2066775,0.8631908
0.2175595,0.8833679
0.2175595,0.8631908
0.2147484,0.8833679
0.2147484,0.8631908
0.2308902,0.8833679
0.2308902,0.8631908
0.2228192,0.8833679
0.2228192,0.8631908
0.2342409,0.8631908
0.2308902,0.8631908
0.2308902,0.8833679
0.2342409,0.8833679
0.2356261,0.8631908
0.2356261,0.8833679
0.238961,0.8631908
0.238961,0.8833679
0.2470317,0.8833679
0.2470317,0.8631908
0.238961,0.8833679
0.238961,0.8631908
0.2551027,0.8833679
0.2551027,0.8631908
0.2470317,0.8833679
0.2470317,0.8631908
0.2588236,0.8833679
0.2588236,0.8631908
0.2551027,0.8833679
0.2551027,0.8631908
0.2712444,0.8833679
0.2712444,0.8631908
0.2631735,0.8833679
0.2631735,0.8631908
0.2746186,0.8631908
0.2712444,0.8631908
0.2712444,0.8833679
0.2746186,0.8833679
0.2758873,0.8631908
0.2758873,0.8833679
0.2793152,0.8631908
0.2793152,0.8833679
0.2873859,0.8833679
0.2873859,0.8631908
0.2793152,0.8833679
0.2793152,0.8631908
0.2147484,0.8631908
0.2147484,0.8430138
0.2066775,0.8631908
0.2066775,0.8430138
0.2175595,0.8631908
0.2175595,0.8430138
0.2147484,0.8631908
0.2147484,0.8430138
0.2308902,0.8631908
0.2308902,0.8430138
0.2228192,0.8631908
0.2228192,0.8430138
0.2342409,0.8631908
0.2342409,0.8430138
0.2308902,0.8631908
0.2308902,0.8430138
0.2470317,0.8631908
0.2470317,0.8430138
0.238961,0.8631908
0.238961,0.8430138
0.2551027,0.8631908
0.2551027,0.8430138
0.2470317,0.8631908
0.2470317,0.8430138
0.2588236,0.8631908
0.2588236,0.8430138
0.2551027,0.8631908
0.2551027,0.8430138
0.2712444,0.8631908
0.2712444,0.8430138
0.2631735,0.8631908
0.2631735,0.8430138
0.2746186,0.8631908
0.2746186,0.8430138
0.2712444,0.8631908
0.2712444,0.8430138
0.2873859,0.8631908
0.2873859,0.8430138
0.2793152,0.8631908
0.2793152,0.8430138
0.2147484,0.8430138
0.2147484,0.8228366
0.2066775,0.8430138
0.2066775,0.8228366
0.2175595,0.8430138
0.2175595,0.8228366
0.2147484,0.8430138
0.2147484,0.8228366
0.2308902,0.8430138
0.2308902,0.8228366
0.2228192,0.8430138
0.2228192,0.8228366
0.2342409,0.8228366
0.2308902,0.8228366
0.2308902,0.8430138
0.2342409,0.8430138
0.2356261,0.8228366
0.2356261,0.8430138
0.238961,0.8228366
0.238961,0.8430138
0.2470317,0.8430138
0.2470317,0.8228366
0.238961,0.8430138
0.238961,0.8228366
0.2551027,0.8430138
0.2551027,0.8228366
0.2470317,0.8430138
0.2470317,0.8228366
0.2588236,0.8430138
0.2588236,0.8228366
0.2551027,0.8430138
0.2551027,0.8228366
0.2712444,0.8430138
0.2712444,0.8228366
0.2631735,0.8430138
0.2631735,0.8228366
0.2746186,0.8228366
0.2712444,0.8228366
0.2712444,0.8430138
0.2746186,0.8430138
0.2758873,0.8228366
0.2758873,0.8430138
0.2793152,0.8228366
0.2793152,0.8430138
0.2873859,0.8430138
0.2873859,0.8228366
0.2793152,0.8430138
0.2793152,0.8228366
0.2147484,0.8228366
0.2147484,0.8026595
0.2066775,0.8228366
0.2066775,0.8026595
0.2147484,0.8228366
0.2175595,0.8228366
0.2147484,0.8026595
0.2175595,0.8026595
0.2308902,0.8228366
0.2308902,0.8026595
0.2228192,0.8228366
0.2228192,0.8026595
0.2308902,0.8228366
0.2342409,0.8228366
0.2308902,0.8026595
0.2342409,0.8026595
0.2356261,0.8026595
0.2356261,0.8228366
0.238961,0.8026595
0.238961,0.8228366
0.2470317,0.8026595
0.2470317,0.8228366
0.2551027,0.8228366
0.2551027,0.8026595
0.2470317,0.8228366
0.2470317,0.8026595
0.2551027,0.8228366
0.2588236,0.8228366
0.2551027,0.8026595
0.2588236,0.8026595
0.2712444,0.8228366
0.2712444,0.8026595
0.2631735,0.8228366
0.2631735,0.8026595
0.2712444,0.8228366
0.2746186,0.8228366
0.2712444,0.8026595
0.2746186,0.8026595
0.2758873,0.8228366
0.2758873,0.8026595
0.2793152,0.8026595
0.2793152,0.8228366
0.2873859,0.8228366
0.2873859,0.8026595
0.2793152,0.8228366
0.2793152,0.8026595
0.2758873,0.8631908
0.2793152,0.8631908
0.2758873,0.8430138
0.2793152,0.8430138
0.2758873,0.8631908
0.2758873,0.8430138
0.2746186,0.8631908
0.2746186,0.8430138
0.2189918,0.8833679
0.2189918,0.8631908
0.2175595,0.8833679
0.2175595,0.8631908
0.2175595,0.8228366
0.2189918,0.8228366
0.2175595,0.8026595
0.2189918,0.8026595
0.2189918,0.8430138
0.2189918,0.8228366
0.2175595,0.8430138
0.2175595,0.8228366
0.2189918,0.8631908
0.2189918,0.8430138
0.2175595,0.8631908
0.2175595,0.8430138
0.2228192,0.8833679
0.2228192,0.8631908
0.2189918,0.8833679
0.2189918,0.8631908
0.2228192,0.8228366
0.2228192,0.8026595
0.2189918,0.8228366
0.2189918,0.8026595
0.2228192,0.8430138
0.2228192,0.8228366
0.2189918,0.8430138
0.2189918,0.8228366
0.2189918,0.8631908
0.2228192,0.8631908
0.2189918,0.8430138
0.2228192,0.8430138
0.2631735,0.8833679
0.2631735,0.8631908
0.2602382,0.8833679
0.2602382,0.8631908
0.2631735,0.8228366
0.2631735,0.8026595
0.2602382,0.8228366
0.2602382,0.8026595
0.2631735,0.8430138
0.2631735,0.8228366
0.2602382,0.8430138
0.2602382,0.8228366
0.2602382,0.8631908
0.2631735,0.8631908
0.2602382,0.8430138
0.2631735,0.8430138
0.2602382,0.8833679
0.2602382,0.8631908
0.2588236,0.8833679
0.2588236,0.8631908
0.2602382,0.8228366
0.2602382,0.8026595
0.2588236,0.8228366
0.2588236,0.8026595
0.2602382,0.8430138
0.2602382,0.8228366
0.2588236,0.8430138
0.2588236,0.8228366
0.2602382,0.8430138
0.2588236,0.8430138
0.2602382,0.8631908
0.2588236,0.8631908
0.2356261,0.8631908
0.238961,0.8631908
0.2356261,0.8430138
0.238961,0.8430138
0.2356261,0.8430138
0.2342409,0.8430138
0.2356261,0.8631908
0.2342409,0.8631908
0.2758873,0.8430138
0.2758873,0.8430138
0.2758873,0.8631908
0.2758873,0.8631908
0.2758873,0.8430138
0.2758873,0.8631908
0.2758873,0.8631908
0.2758873,0.8631908
0.2758873,0.8631908
0.2758873,0.8631908
0.2746186,0.8631908
0.2746186,0.8631908
0.2746186,0.8631908
0.2746186,0.8631908
0.2746186,0.8430138
0.2746186,0.8430138
0.2746186,0.8631908
0.2746186,0.8430138
0.2746186,0.8631908
0.2746186,0.8631908
0.2746186,0.8430138
0.2746186,0.8430138
0.2758873,0.8430138
0.2758873,0.8430138
0.2746186,0.8430138
0.2758873,0.8430138
0.2189918,0.8430138
0.2189918,0.8430138
0.2189918,0.8631908
0.2189918,0.8631908
0.2189918,0.8430138
0.2189918,0.8631908
0.2189918,0.8631908
0.2189918,0.8631908
0.2189918,0.8631908
0.2189918,0.8631908
0.2175595,0.8631908
0.2175595,0.8631908
0.2175595,0.8631908
0.2175595,0.8631908
0.2175595,0.8430138
0.2175595,0.8430138
0.2175595,0.8631908
0.2175595,0.8430138
0.2175595,0.8631908
0.2175595,0.8631908
0.2175595,0.8430138
0.2175595,0.8430138
0.2189918,0.8430138
0.2189918,0.8430138
0.2175595,0.8430138
0.2189918,0.8430138
0.2602382,0.8430138
0.2602382,0.8430138
0.2602382,0.8631908
0.2602382,0.8631908
0.2602382,0.8430138
0.2602382,0.8631908
0.2602382,0.8631908
0.2602382,0.8631908
0.2602382,0.8631908
0.2602382,0.8631908
0.2588236,0.8631908
0.2588236,0.8631908
0.2588236,0.8631908
0.2588236,0.8631908
0.2588236,0.8430138
0.2588236,0.8430138
0.2588236,0.8631908
0.2588236,0.8430138
0.2588236,0.8631908
0.2588236,0.8631908
0.2588236,0.8430138
0.2588236,0.8430138
0.2602382,0.8430138
0.2602382,0.8430138
0.2588236,0.8430138
0.2602382,0.8430138
0.2356261,0.8430138
0.2356261,0.8430138
0.2356261,0.8631908
0.2356261,0.8631908
0.2356261,0.8430138
0.2356261,0.8631908
0.2356261,0.8631908
0.2356261,0.8631908
0.2356261,0.8631908
0.2356261,0.8631908
0.2342409,0.8631908
0.2342409,0.8631908
0.2342409,0.8631908
0.2342409,0.8631908
0.2342409,0.8430138
0.2342409,0.8430138
0.2342409,0.8631908
0.2342409,0.8430138
0.2342409,0.8631908
0.2342409,0.8631908
0.2342409,0.8430138
0.2342409,0.8430138
0.2356261,0.8430138
0.2356261,0.8430138
0.2342409,0.8430138
0.2356261,0.8430138
0.2189918,0.8631908
0.2189918,0.8631908
0.2175595,0.8631908
0.2175595,0.8631908
0.2356261,0.8631908
0.2356261,0.8631908
0.2342409,0.8631908
0.2342409,0.8631908
0.2588236,0.8631908
0.2602382,0.8631908
0.2588236,0.8631908
0.2602382,0.8631908
0.2746186,0.8631908
0.2758873,0.8631908
0.2746186,0.8631908
0.2758873,0.8631908
0.2175595,0.8631908
0.2189918,0.8631908
0.2175595,0.8631908
0.2189918,0.8631908
0.2175595,0.8631908
0.2175595,0.8631908
0.2189918,0.8631908
0.2189918,0.8631908
0.2356261,0.8631908
0.2356261,0.8631908
0.2342409,0.8631908
0.2342409,0.8631908
0.2356261,0.8631908
0.2342409,0.8631908
0.2356261,0.8631908
0.2342409,0.8631908
0.2602382,0.8631908
0.2602382,0.8631908
0.2588236,0.8631908
0.2588236,0.8631908
0.2602382,0.8631908
0.2588236,0.8631908
0.2602382,0.8631908
0.2588236,0.8631908
0.2746186,0.8631908
0.2758873,0.8631908
0.2746186,0.8631908
0.2758873,0.8631908
0.2746186,0.8631908
0.2746186,0.8631908
0.2758873,0.8631908
0.2758873,0.8631908
0.490179,0.9027534
0.5378504,0.9030091
0.4902003,0.8987907
0.5378716,0.8990463
0.4902003,0.8987907
0.5378716,0.8990463
0.4902215,0.8948282
0.5378929,0.8950838
0.4902215,0.8948282
0.5378929,0.8950838
0.4902427,0.8908656
0.5379142,0.8911211
0.4902427,0.8908656
0.5379142,0.8911211
0.4902642,0.8869029
0.5379354,0.8871585
0.4902642,0.8869029
0.5379354,0.8871585
0.4902855,0.8829399
0.5379566,0.8831956
0.4902855,0.8829399
0.5379566,0.8831956
0.4903067,0.8789772
0.5379778,0.8792329
0.4903067,0.8789772
0.5379778,0.8792329
0.490328,0.8750148
0.537999,0.8752705
0.490328,0.8750148
0.537999,0.8752705
0.4903492,0.8710523
0.5380203,0.8713079
0.5646723,0.8802964
0.5646723,0.8802964
0.5675361,0.8873173
0.5675361,0.8873173
0.5675361,0.8873173
0.5675361,0.8873173
0.564597,0.8943062
0.564597,0.8943062
0.564597,0.8943062
0.564597,0.8943062
0.5575762,0.8971708
0.5575762,0.8971708
0.5575762,0.8971708
0.5575762,0.8971708
0.5505868,0.8942311
0.5505868,0.8942311
0.5505868,0.8942311
0.5505868,0.8942311
0.5477229,0.887211
0.5477229,0.887211
0.5477229,0.887211
0.5477229,0.887211
0.5506622,0.8802212
0.5506622,0.8802212
0.5506622,0.8802212
0.5506622,0.8802212
0.5576824,0.8773576
0.5576824,0.8773576
0.5576824,0.8773576
0.5576824,0.8773576
0.5646723,0.8802964
0.5646723,0.8802964
0.3002238,0.9668171
0.3002238,0.9466401
0.2921531,0.9668171
0.2921531,0.9466401
0.3030351,0.9668171
0.3030351,0.9466401
0.3002238,0.9668171
0.3002238,0.9466401
0.3163658,0.9668171
0.3163658,0.9466401
0.3082948,0.9668171
0.3082948,0.9466401
0.3197165,0.9466401
0.3163658,0.9466401
0.3163658,0.9668171
0.3197165,0.9668171
0.3211018,0.9466401
0.3211018,0.9668171
0.3244363,0.9466401
0.3244363,0.9668171
0.332507,0.9668171
0.332507,0.9466401
0.3244363,0.9668171
0.3244363,0.9466401
0.3405781,0.9668171
0.3405781,0.9466401
0.332507,0.9668171
0.332507,0.9466401
0.344299,0.9668171
0.344299,0.9466401
0.3405781,0.9668171
0.3405781,0.9466401
0.3567198,0.9668171
0.3567198,0.9466401
0.3486488,0.9668171
0.3486488,0.9466401
0.3600937,0.9466401
0.3567198,0.9466401
0.3567198,0.9668171
0.3600937,0.9668171
0.3613627,0.9466401
0.3613627,0.9668171
0.3647909,0.9466401
0.3647909,0.9668171
0.3728613,0.9668171
0.3728613,0.9466401
0.3647909,0.9668171
0.3647909,0.9466401
0.3002238,0.9466401
0.3002238,0.9264631
0.2921531,0.9466401
0.2921531,0.9264631
0.3030351,0.9466401
0.3030351,0.9264631
0.3002238,0.9466401
0.3002238,0.9264631
0.3163658,0.9466401
0.3163658,0.9264631
0.3082948,0.9466401
0.3082948,0.9264631
0.3197165,0.9466401
0.3197165,0.9264631
0.3163658,0.9466401
0.3163658,0.9264631
0.332507,0.9466401
0.332507,0.9264631
0.3244363,0.9466401
0.3244363,0.9264631
0.3405781,0.9466401
0.3405781,0.9264631
0.332507,0.9466401
0.332507,0.9264631
0.344299,0.9466401
0.344299,0.9264631
0.3405781,0.9466401
0.3405781,0.9264631
0.3567198,0.9466401
0.3567198,0.9264631
0.3486488,0.9466401
0.3486488,0.9264631
0.3600937,0.9466401
0.3600937,0.9264631
0.3567198,0.9466401
0.3567198,0.9264631
0.3728613,0.9466401
0.3728613,0.9264631
0.3647909,0.9466401
0.3647909,0.9264631
0.3002238,0.9264631
0.3002238,0.9062859
0.2921531,0.9264631
0.2921531,0.9062859
0.3030351,0.9264631
0.3030351,0.9062859
0.3002238,0.9264631
0.3002238,0.9062859
0.3163658,0.9264631
0.3163658,0.9062859
0.3082948,0.9264631
0.3082948,0.9062859
0.3197165,0.9062859
0.3163658,0.9062859
0.3163658,0.9264631
0.3197165,0.9264631
0.3211018,0.9062859
0.3211018,0.9264631
0.3244363,0.9062859
0.3244363,0.9264631
0.332507,0.9264631
0.332507,0.9062859
0.3244363,0.9264631
0.3244363,0.9062859
0.3405781,0.9264631
0.3405781,0.9062859
0.332507,0.9264631
0.332507,0.9062859
0.344299,0.9264631
0.344299,0.9062859
0.3405781,0.9264631
0.3405781,0.9062859
0.3567198,0.9264631
0.3567198,0.9062859
0.3486488,0.9264631
0.3486488,0.9062859
0.3600937,0.9062859
0.3567198,0.9062859
0.3567198,0.9264631
0.3600937,0.9264631
0.3613627,0.9062859
0.3613627,0.9264631
0.3647909,0.9062859
0.3647909,0.9264631
0.3728613,0.9264631
0.3728613,0.9062859
0.3647909,0.9264631
0.3647909,0.9062859
0.3002238,0.9062859
0.3002238,0.8861089
0.2921531,0.9062859
0.2921531,0.8861089
0.3002238,0.9062859
0.3030351,0.9062859
0.3002238,0.8861089
0.3030351,0.8861089
0.3163658,0.9062859
0.3163658,0.8861089
0.3082948,0.9062859
0.3082948,0.8861089
0.3163658,0.9062859
0.3197165,0.9062859
0.3163658,0.8861089
0.3197165,0.8861089
0.3211018,0.8861089
0.3211018,0.9062859
0.3244363,0.8861089
0.3244363,0.9062859
0.332507,0.8861089
0.332507,0.9062859
0.3405781,0.9062859
0.3405781,0.8861089
0.332507,0.9062859
0.332507,0.8861089
0.3405781,0.9062859
0.344299,0.9062859
0.3405781,0.8861089
0.344299,0.8861089
0.3567198,0.9062859
0.3567198,0.8861089
0.3486488,0.9062859
0.3486488,0.8861089
0.3567198,0.9062859
0.3600937,0.9062859
0.3567198,0.8861089
0.3600937,0.8861089
0.3613627,0.9062859
0.3613627,0.8861089
0.3647909,0.8861089
0.3647909,0.9062859
0.3728613,0.9062859
0.3728613,0.8861089
0.3647909,0.9062859
0.3647909,0.8861089
0.3613627,0.9466401
0.3647909,0.9466401
0.3613627,0.9264631
0.3647909,0.9264631
0.3613627,0.9466401
0.3613627,0.9264631
0.3600937,0.9466401
0.3600937,0.9264631
0.3044674,0.9668171
0.3044674,0.9466401
0.3030351,0.9668171
0.3030351,0.9466401
0.3030351,0.9062859
0.3044674,0.9062859
0.3030351,0.8861089
0.3044674,0.8861089
0.3044674,0.9264631
0.3044674,0.9062859
0.3030351,0.9264631
0.3030351,0.9062859
0.3044674,0.9466401
0.3044674,0.9264631
0.3030351,0.9466401
0.3030351,0.9264631
0.3082948,0.9668171
0.3082948,0.9466401
0.3044674,0.9668171
0.3044674,0.9466401
0.3082948,0.9062859
0.3082948,0.8861089
0.3044674,0.9062859
0.3044674,0.8861089
0.3082948,0.9264631
0.3082948,0.9062859
0.3044674,0.9264631
0.3044674,0.9062859
0.3044674,0.9466401
0.3082948,0.9466401
0.3044674,0.9264631
0.3082948,0.9264631
0.3486488,0.9668171
0.3486488,0.9466401
0.3457136,0.9668171
0.3457136,0.9466401
0.3486488,0.9062859
0.3486488,0.8861089
0.3457136,0.9062859
0.3457136,0.8861089
0.3486488,0.9264631
0.3486488,0.9062859
0.3457136,0.9264631
0.3457136,0.9062859
0.3457136,0.9466401
0.3486488,0.9466401
0.3457136,0.9264631
0.3486488,0.9264631
0.3457136,0.9668171
0.3457136,0.9466401
0.344299,0.9668171
0.344299,0.9466401
0.3457136,0.9062859
0.3457136,0.8861089
0.344299,0.9062859
0.344299,0.8861089
0.3457136,0.9264631
0.3457136,0.9062859
0.344299,0.9264631
0.344299,0.9062859
0.3457136,0.9264631
0.344299,0.9264631
0.3457136,0.9466401
0.344299,0.9466401
0.3211018,0.9466401
0.3244363,0.9466401
0.3211018,0.9264631
0.3244363,0.9264631
0.3211018,0.9264631
0.3197165,0.9264631
0.3211018,0.9466401
0.3197165,0.9466401
0.3613627,0.9264631
0.3613627,0.9264631
0.3613627,0.9466401
0.3613627,0.9466401
0.3613627,0.9264631
0.3613627,0.9466401
0.3613627,0.9466401
0.3613627,0.9466401
0.3613627,0.9466401
0.3613627,0.9466401
0.3600937,0.9466401
0.3600937,0.9466401
0.3600937,0.9466401
0.3600937,0.9466401
0.3600937,0.9264631
0.3600937,0.9264631
0.3600937,0.9466401
0.3600937,0.9264631
0.3600937,0.9466401
0.3600937,0.9466401
0.3600937,0.9264631
0.3600937,0.9264631
0.3613627,0.9264631
0.3613627,0.9264631
0.3600937,0.9264631
0.3613627,0.9264631
0.3044674,0.9264631
0.3044674,0.9264631
0.3044674,0.9466401
0.3044674,0.9466401
0.3044674,0.9264631
0.3044674,0.9466401
0.3044674,0.9466401
0.3044674,0.9466401
0.3044674,0.9466401
0.3044674,0.9466401
0.3030351,0.9466401
0.3030351,0.9466401
0.3030351,0.9466401
0.3030351,0.9466401
0.3030351,0.9264631
0.3030351,0.9264631
0.3030351,0.9466401
0.3030351,0.9264631
0.3030351,0.9466401
0.3030351,0.9466401
0.3030351,0.9264631
0.3030351,0.9264631
0.3044674,0.9264631
0.3044674,0.9264631
0.3030351,0.9264631
0.3044674,0.9264631
0.3457136,0.9264631
0.3457136,0.9264631
0.3457136,0.9466401
0.3457136,0.9466401
0.3457136,0.9264631
0.3457136,0.9466401
0.3457136,0.9466401
0.3457136,0.9466401
0.3457136,0.9466401
0.3457136,0.9466401
0.344299,0.9466401
0.344299,0.9466401
0.344299,0.9466401
0.344299,0.9466401
0.344299,0.9264631
0.344299,0.9264631
0.344299,0.9466401
0.344299,0.9264631
0.344299,0.9466401
0.344299,0.9466401
0.344299,0.9264631
0.344299,0.9264631
0.3457136,0.9264631
0.3457136,0.9264631
0.344299,0.9264631
0.3457136,0.9264631
0.3211018,0.9264631
0.3211018,0.9264631
0.3211018,0.9466401
0.3211018,0.9466401
0.3211018,0.9264631
0.3211018,0.9466401
0.3211018,0.9466401
0.3211018,0.9466401
0.3211018,0.9466401
0.3211018,0.9466401
0.3197165,0.9466401
0.3197165,0.9466401
0.3197165,0.9466401
0.3197165,0.9466401
0.3197165,0.9264631
0.3197165,0.9264631
0.3197165,0.9466401
0.3197165,0.9264631
0.3197165,0.9466401
0.3197165,0.9466401
0.3197165,0.9264631
0.3197165,0.9264631
0.3211018,0.9264631
0.3211018,0.9264631
0.3197165,0.9264631
0.3211018,0.9264631
0.3044674,0.9466401
0.3044674,0.9466401
0.3030351,0.9466401
0.3030351,0.9466401
0.3211018,0.9466401
0.3211018,0.9466401
0.3197165,0.9466401
0.3197165,0.9466401
0.344299,0.9466401
0.3457136,0.9466401
0.344299,0.9466401
0.3457136,0.9466401
0.3600937,0.9466401
0.3613627,0.9466401
0.3600937,0.9466401
0.3613627,0.9466401
0.3030351,0.9466401
0.3044674,0.9466401
0.3030351,0.9466401
0.3044674,0.9466401
0.3030351,0.9466401
0.3030351,0.9466401
0.3044674,0.9466401
0.3044674,0.9466401
0.3211018,0.9466401
0.3211018,0.9466401
0.3197165,0.9466401
0.3197165,0.9466401
0.3211018,0.9466401
0.3197165,0.9466401
0.3211018,0.9466401
0.3197165,0.9466401
0.3457136,0.9466401
0.3457136,0.9466401
0.344299,0.9466401
0.344299,0.9466401
0.3457136,0.9466401
0.344299,0.9466401
0.3457136,0.9466401
0.344299,0.9466401
0.3600937,0.9466401
0.3613627,0.9466401
0.3600937,0.9466401
0.3613627,0.9466401
0.3600937,0.9466401
0.3600937,0.9466401
0.3613627,0.9466401
0.3613627,0.9466401
0.577679,0.9494722
0.5300074,0.9496397
0.577693,0.9534353
0.5300213,0.9536027
0.577693,0.9534353
0.5300213,0.9536027
0.577707,0.957398
0.5300354,0.9575654
0.577707,0.957398
0.5300354,0.9575654
0.577721,0.9613607
0.5300491,0.9615281
0.577721,0.9613607
0.5300491,0.9615281
0.5777347,0.9653232
0.530063,0.9654908
0.5777347,0.9653232
0.530063,0.9654908
0.5777487,0.9692862
0.530077,0.9694538
0.5777487,0.9692862
0.530077,0.9694538
0.5777626,0.9732489
0.530091,0.9734164
0.5777626,0.9732489
0.530091,0.9734164
0.5777766,0.9772115
0.530105,0.977379
0.5777766,0.9772115
0.530105,0.977379
0.5777906,0.9811743
0.5301187,0.981342
0.5033884,0.97259
0.5033884,0.97259
0.5004621,0.9655947
0.5004621,0.9655947
0.5004621,0.9655947
0.5004621,0.9655947
0.5033393,0.9585796
0.5033393,0.9585796
0.5033393,0.9585796
0.5033393,0.9585796
0.510334,0.9556537
0.510334,0.9556537
0.510334,0.9556537
0.510334,0.9556537
0.5173494,0.9585304
0.5173494,0.9585304
0.5173494,0.9585304
0.5173494,0.9585304
0.5202755,0.9655252
0.5202755,0.9655252
0.5202755,0.9655252
0.5202755,0.9655252
0.5173986,0.9725408
0.5173986,0.9725408
0.5173986,0.9725408
0.5173986,0.9725408
0.5104036,0.9754668
0.5104036,0.9754668
0.5104036,0.9754668
0.5104036,0.9754668
0.5033884,0.97259
0.5033884,0.97259
0.214849,0.9673995
0.214849,0.9472224
0.2067781,0.9673995
0.2067781,0.9472224
0.2176603,0.9673995
0.2176603,0.9472224
0.214849,0.9673995
0.214849,0.9472224
0.2309905,0.9673995
0.2309905,0.9472224
0.2229197,0.9673995
0.2229197,0.9472224
0.2343414,0.9472224
0.2309905,0.9472224
0.2309905,0.9673995
0.2343414,0.9673995
0.2357267,0.9472224
0.2357267,0.9673995
0.2390615,0.9472224
0.2390615,0.9673995
0.2471325,0.9673995
0.2471325,0.9472224
0.2390615,0.9673995
0.2390615,0.9472224
0.255203,0.9673995
0.255203,0.9472224
0.2471325,0.9673995
0.2471325,0.9472224
0.2589242,0.9673995
0.2589242,0.9472224
0.255203,0.9673995
0.255203,0.9472224
0.271345,0.9673995
0.271345,0.9472224
0.263274,0.9673995
0.263274,0.9472224
0.2747188,0.9472224
0.271345,0.9472224
0.271345,0.9673995
0.2747188,0.9673995
0.2759877,0.9472224
0.2759877,0.9673995
0.2794158,0.9472224
0.2794158,0.9673995
0.2874865,0.9673995
0.2874865,0.9472224
0.2794158,0.9673995
0.2794158,0.9472224
0.214849,0.9472224
0.214849,0.9270453
0.2067781,0.9472224
0.2067781,0.9270453
0.2176603,0.9472224
0.2176603,0.9270453
0.214849,0.9472224
0.214849,0.9270453
0.2309905,0.9472224
0.2309905,0.9270453
0.2229197,0.9472224
0.2229197,0.9270453
0.2343414,0.9472224
0.2343414,0.9270453
0.2309905,0.9472224
0.2309905,0.9270453
0.2471325,0.9472224
0.2471325,0.9270453
0.2390615,0.9472224
0.2390615,0.9270453
0.255203,0.9472224
0.255203,0.9270453
0.2471325,0.9472224
0.2471325,0.9270453
0.2589242,0.9472224
0.2589242,0.9270453
0.255203,0.9472224
0.255203,0.9270453
0.271345,0.9472224
0.271345,0.9270453
0.263274,0.9472224
0.263274,0.9270453
0.2747188,0.9472224
0.2747188,0.9270453
0.271345,0.9472224
0.271345,0.9270453
0.2874865,0.9472224
0.2874865,0.9270453
0.2794158,0.9472224
0.2794158,0.9270453
0.214849,0.9270453
0.214849,0.9068682
0.2067781,0.9270453
0.2067781,0.9068682
0.2176603,0.9270453
0.2176603,0.9068682
0.214849,0.9270453
0.214849,0.9068682
0.2309905,0.9270453
0.2309905,0.9068682
0.2229197,0.9270453
0.2229197,0.9068682
0.2343414,0.9068682
0.2309905,0.9068682
0.2309905,0.9270453
0.2343414,0.9270453
0.2357267,0.9068682
0.2357267,0.9270453
0.2390615,0.9068682
0.2390615,0.9270453
0.2471325,0.9270453
0.2471325,0.9068682
0.2390615,0.9270453
0.2390615,0.9068682
0.255203,0.9270453
0.255203,0.9068682
0.2471325,0.9270453
0.2471325,0.9068682
0.2589242,0.9270453
0.2589242,0.9068682
0.255203,0.9270453
0.255203,0.9068682
0.271345,0.9270453
0.271345,0.9068682
0.263274,0.9270453
0.263274,0.9068682
0.2747188,0.9068682
0.271345,0.9068682
0.271345,0.9270453
0.2747188,0.9270453
0.2759877,0.9068682
0.2759877,0.9270453
0.2794158,0.9068682
0.2794158,0.9270453
0.2874865,0.9270453
0.2874865,0.9068682
0.2794158,0.9270453
0.2794158,0.9068682
0.214849,0.9068682
0.214849,0.8866911
0.2067781,0.9068682
0.2067781,0.8866911
0.214849,0.9068682
0.2176603,0.9068682
0.214849,0.8866911
0.2176603,0.8866911
0.2309905,0.9068682
0.2309905,0.8866911
0.2229197,0.9068682
0.2229197,0.8866911
0.2309905,0.9068682
0.2343414,0.9068682
0.2309905,0.8866911
0.2343414,0.8866911
0.2357267,0.8866911
0.2357267,0.9068682
0.2390615,0.8866911
0.2390615,0.9068682
0.2471325,0.8866911
0.2471325,0.9068682
0.255203,0.9068682
0.255203,0.8866911
0.2471325,0.9068682
0.2471325,0.8866911
0.255203,0.9068682
0.2589242,0.9068682
0.255203,0.8866911
0.2589242,0.8866911
0.271345,0.9068682
0.271345,0.8866911
0.263274,0.9068682
0.263274,0.8866911
0.271345,0.9068682
0.2747188,0.9068682
0.271345,0.8866911
0.2747188,0.8866911
0.2759877,0.9068682
0.2759877,0.8866911
0.2794158,0.8866911
0.2794158,0.9068682
0.2874865,0.9068682
0.2874865,0.8866911
0.2794158,0.9068682
0.2794158,0.8866911
0.2759877,0.9472224
0.2794158,0.9472224
0.2759877,0.9270453
0.2794158,0.9270453
0.2759877,0.9472224
0.2759877,0.9270453
0.2747188,0.9472224
0.2747188,0.9270453
0.2190922,0.9673995
0.2190922,0.9472224
0.2176603,0.9673995
0.2176603,0.9472224
0.2176603,0.9068682
0.2190922,0.9068682
0.2176603,0.8866911
0.2190922,0.8866911
0.2190922,0.9270453
0.2190922,0.9068682
0.2176603,0.9270453
0.2176603,0.9068682
0.2190922,0.9472224
0.2190922,0.9270453
0.2176603,0.9472224
0.2176603,0.9270453
0.2229197,0.9673995
0.2229197,0.9472224
0.2190922,0.9673995
0.2190922,0.9472224
0.2229197,0.9068682
0.2229197,0.8866911
0.2190922,0.9068682
0.2190922,0.8866911
0.2229197,0.9270453
0.2229197,0.9068682
0.2190922,0.9270453
0.2190922,0.9068682
0.2190922,0.9472224
0.2229197,0.9472224
0.2190922,0.9270453
0.2229197,0.9270453
0.263274,0.9673995
0.263274,0.9472224
0.2603387,0.9673995
0.2603387,0.9472224
0.263274,0.9068682
0.263274,0.8866911
0.2603387,0.9068682
0.2603387,0.8866911
0.263274,0.9270453
0.263274,0.9068682
0.2603387,0.9270453
0.2603387,0.9068682
0.2603387,0.9472224
0.263274,0.9472224
0.2603387,0.9270453
0.263274,0.9270453
0.2603387,0.9673995
0.2603387,0.9472224
0.2589242,0.9673995
0.2589242,0.9472224
0.2603387,0.9068682
0.2603387,0.8866911
0.2589242,0.9068682
0.2589242,0.8866911
0.2603387,0.9270453
0.2603387,0.9068682
0.2589242,0.9270453
0.2589242,0.9068682
0.2603387,0.9270453
0.2589242,0.9270453
0.2603387,0.9472224
0.2589242,0.9472224
0.2357267,0.9472224
0.2390615,0.9472224
0.2357267,0.9270453
0.2390615,0.9270453
0.2357267,0.9270453
0.2343414,0.9270453
0.2357267,0.9472224
0.2343414,0.9472224
0.2759877,0.9270453
0.2759877,0.9270453
0.2759877,0.9472224
0.2759877,0.9472224
0.2759877,0.9270453
0.2759877,0.9472224
0.2759877,0.9472224
0.2759877,0.9472224
0.2759877,0.9472224
0.2759877,0.9472224
0.2747188,0.9472224
0.2747188,0.9472224
0.2747188,0.9472224
0.2747188,0.9472224
0.2747188,0.9270453
0.2747188,0.9270453
0.2747188,0.9472224
0.2747188,0.9270453
0.2747188,0.9472224
0.2747188,0.9472224
0.2747188,0.9270453
0.2747188,0.9270453
0.2759877,0.9270453
0.2759877,0.9270453
0.2747188,0.9270453
0.2759877,0.9270453
0.2190922,0.9270453
0.2190922,0.9270453
0.2190922,0.9472224
0.2190922,0.9472224
0.2190922,0.9270453
0.2190922,0.9472224
0.2190922,0.9472224
0.2190922,0.9472224
0.2190922,0.9472224
0.2190922,0.9472224
0.2176603,0.9472224
0.2176603,0.9472224
0.2176603,0.9472224
0.2176603,0.9472224
0.2176603,0.9270453
0.2176603,0.9270453
0.2176603,0.9472224
0.2176603,0.9270453
0.2176603,0.9472224
0.2176603,0.9472224
0.2176603,0.9270453
0.2176603,0.9270453
0.2190922,0.9270453
0.2190922,0.9270453
0.2176603,0.9270453
0.2190922,0.9270453
0.2603387,0.9270453
0.2603387,0.9270453
0.2603387,0.9472224
0.2603387,0.9472224
0.2603387,0.9270453
0.2603387,0.9472224
0.2603387,0.9472224
0.2603387,0.9472224
0.2603387,0.9472224
0.2603387,0.9472224
0.2589242,0.9472224
0.2589242,0.9472224
0.2589242,0.9472224
0.2589242,0.9472224
0.2589242,0.9270453
0.2589242,0.9270453
0.2589242,0.9472224
0.2589242,0.9270453
0.2589242,0.9472224
0.2589242,0.9472224
0.2589242,0.9270453
0.2589242,0.9270453
0.2603387,0.9270453
0.2603387,0.9270453
0.2589242,0.9270453
0.2603387,0.9270453
0.2357267,0.9270453
0.2357267,0.9270453
0.2357267,0.9472224
0.2357267,0.9472224
0.2357267,0.9270453
0.2357267,0.9472224
0.2357267,0.9472224
0.2357267,0.9472224
0.2357267,0.9472224
0.2357267,0.9472224
0.2343414,0.9472224
0.2343414,0.9472224
0.2343414,0.9472224
0.2343414,0.9472224
0.2343414,0.9270453
0.2343414,0.9270453
0.2343414,0.9472224
0.2343414,0.9270453
0.2343414,0.9472224
0.2343414,0.9472224
0.2343414,0.9270453
0.2343414,0.9270453
0.2357267,0.9270453
0.2357267,0.9270453
0.2343414,0.9270453
0.2357267,0.9270453
0.2190922,0.9472224
0.2190922,0.9472224
0.2176603,0.9472224
0.2176603,0.9472224
0.2357267,0.9472224
0.2357267,0.9472224
0.2343414,0.9472224
0.2343414,0.9472224
0.2589242,0.9472224
0.2603387,0.9472224
0.2589242,0.9472224
0.2603387,0.9472224
0.2747188,0.9472224
0.2759877,0.9472224
0.2747188,0.9472224
0.2759877,0.9472224
0.2176603,0.9472224
0.2190922,0.9472224
0.2176603,0.9472224
0.2190922,0.9472224
0.2176603,0.9472224
0.2176603,0.9472224
0.2190922,0.9472224
0.2190922,0.9472224
0.2357267,0.9472224
0.2357267,0.9472224
0.2343414,0.9472224
0.2343414,0.9472224
0.2357267,0.9472224
0.2343414,0.9472224
0.2357267,0.9472224
0.2343414,0.9472224
0.2603387,0.9472224
0.2603387,0.9472224
0.2589242,0.9472224
0.2589242,0.9472224
0.2603387,0.9472224
0.2589242,0.9472224
0.2603387,0.9472224
0.2589242,0.9472224
0.2747188,0.9472224
0.2759877,0.9472224
0.2747188,0.9472224
0.2759877,0.9472224
0.2747188,0.9472224
0.2747188,0.9472224
0.2759877,0.9472224
0.2759877,0.9472224
0.5686296,0.9103572
0.5209595,0.9099101
0.5685922,0.91432
0.5209224,0.913873
0.5685922,0.91432
0.5209224,0.913873
0.5685551,0.9182822
0.5208853,0.9178351
0.5685551,0.9182822
0.5208853,0.9178351
0.5685179,0.922245
0.5208483,0.9217979
0.5685179,0.922245
0.5208483,0.9217979
0.5684809,0.9262072
0.5208108,0.9257601
0.5684809,0.9262072
0.5208108,0.9257601
0.5684435,0.9301696
0.5207738,0.9297225
0.5684435,0.9301696
0.5207738,0.9297225
0.5684064,0.9341326
0.5207367,0.9336855
0.5684064,0.9341326
0.5207367,0.9336855
0.5683693,0.938095
0.5206995,0.9376479
0.5683693,0.938095
0.5206995,0.9376479
0.5683322,0.9420578
0.5206624,0.9416108
0.4940467,0.9325151
0.4940467,0.9325151
0.491211,0.9254825
0.491211,0.9254825
0.491211,0.9254825
0.491211,0.9254825
0.4941782,0.9185054
0.4941782,0.9185054
0.4941782,0.9185054
0.4941782,0.9185054
0.5012103,0.9156692
0.5012103,0.9156692
0.5012103,0.9156692
0.5012103,0.9156692
0.5081881,0.9186367
0.5081881,0.9186367
0.5081881,0.9186367
0.5081881,0.9186367
0.5110239,0.9256683
0.5110239,0.9256683
0.5110239,0.9256683
0.5110239,0.9256683
0.5080566,0.9326466
0.5080566,0.9326466
0.5080566,0.9326466
0.5080566,0.9326466
0.5010245,0.935482
0.5010245,0.935482
0.5010245,0.935482
0.5010245,0.935482
0.4940467,0.9325151
0.4940467,0.9325151
0.4619398,0.6838312
0.4619398,0.864037
0.5791551,0.6838312
0.5791551,0.864037
0.3406346,0.7874486
0.3408975,0.6214
0.3368229,0.6213928
0.3365601,0.7874421
0.3406221,0.7953644
0.3365474,0.7953569
0.3292757,0.7872303
0.3295387,0.6211811
0.3254638,0.6211747
0.325201,0.7872237
0.3251884,0.7951396
0.3292631,0.7951448
0.5087435,0.6157249
0.5087118,0.4319342
0.5022773,0.6157261
0.5022458,0.4319353
0.500689,0.4319355
0.5007204,0.6157264
0.2786383,0.6157643
0.2812766,0.6157638
0.2786067,0.4319737
0.2812449,0.4319733
0.294613,0.6157618
0.2945812,0.431971
0.428675,0.6157387
0.4286435,0.431948
0.4298489,0.6157386
0.4298174,0.4319476
0.4303155,0.6157385
0.4302839,0.4319475
0.4584814,0.6157335
0.4584496,0.4319429
0.462429,0.615733
0.4623975,0.4319422
0.5007204,0.6157264
0.500689,0.4319355
0.547003,0.4319274
0.5087118,0.4319342
0.547035,0.6157182
0.5087435,0.6157249
0.3365601,0.7874421
0.3368229,0.6213928
0.3343612,0.6213896
0.3340982,0.7874382
0.3340864,0.7949243
0.3365601,0.7874421
0.3365474,0.7953567
0.3368273,0.6189309
0.3368229,0.6213928
0.3409021,0.6189383
0.3408975,0.6214
0.3552513,0.7845131
0.3577133,0.784517
0.3555142,0.6184642
0.357976,0.6184679
0.3469993,0.6193659
0.3445375,0.6193621
0.3467363,0.7854149
0.3442745,0.785411
0.2073511,0.9736837
0.2073506,0.9712986
0.2034034,0.9736844
0.203403,0.9712994
0.3320004,0.6211854
0.3295387,0.6211811
0.3317375,0.7872339
0.3292757,0.7872303
0.3317256,0.7947202
0.3292631,0.7951447
0.3555142,0.6184642
0.3527271,0.6184598
0.3552513,0.7845131
0.3524641,0.7845086
0.547035,0.6157182
0.5497357,0.6157176
0.547003,0.4319274
0.5497037,0.431927
0.3467363,0.7854149
0.3495235,0.7854193
0.3469993,0.6193659
0.3497867,0.6193703
0.3835286,0.6705203
0.3835243,0.6733077
0.5732343,0.6708208
0.57323,0.673608
0.3224028,0.7977268
0.322381,0.6722028
0.3198031,0.6696258
0.3159345,0.6696264
0.3198258,0.8003045
0.3159572,0.8003053
0.2015745,0.8003251
0.2015519,0.6696463
0.1936129,0.6696478
0.1936356,0.8003265
0.1917018,0.6696481
0.1917243,0.8003268
0.02060533,0.625564
0.02323505,0.62518
0.01950961,0.6208553
0.02199483,0.6204048
0.03652948,0.6232388
0.03455865,0.6181276
0.0393824,0.6225921
0.1729288,0.6227727
0.03945169,0.6180111
0.1731197,0.6180386
0.180406,0.8045067
0.1814089,0.8040113
0.1779549,0.7999831
0.179134,0.7998004
0.1736398,0.8004355
0.03765652,0.800034
0.1735552,0.8051112
0.03876624,0.8050529
0.02304891,0.7997595
0.02070484,0.799852
0.0229136,0.8035356
0.0207054,0.8034768
0.02304891,0.7997595
0.03407651,0.8038327
0.03489906,0.7992916
0.1771955,0.6233439
0.1783591,0.6234816
0.1792219,0.6184923
0.1802935,0.6188942
0.5695204,0.6527829
0.5719783,0.6550865
0.573266,0.6509175
0.575727,0.6513499
0.3848345,0.6547902
0.5695204,0.6527829
0.3872999,0.6524941
0.3872999,0.6524941
0.3835603,0.6506169
0.3810978,0.6510415
0.3810918,0.6547843
0.3810853,0.658859
0.3848345,0.6547902
0.384827,0.6588652
0.5719783,0.6550865
0.5715858,0.6591607
0.5757211,0.6550924
0.5761021,0.6591679
0.3848345,0.6547902
0.384827,0.6588652
0.5719783,0.6550865
0.5715858,0.6591607
0.03765652,0.800034
0.1736398,0.8004355
0.0393824,0.6225921
0.1729288,0.6227727
0.02323505,0.62518
0.02060533,0.625564
0.02070484,0.799852
0.02304891,0.7997595
0.03652948,0.6232388
0.03489906,0.7992916
0.03945169,0.6180111
0.1731197,0.6180386
0.03947327,0.6131418
0.1733728,0.6130123
0.1735552,0.8051112
0.03876624,0.8050529
0.1735132,0.8100666
0.03985128,0.8102739
0.1779549,0.7999831
0.179134,0.7998004
0.1771955,0.6233439
0.1783591,0.6234816
0.1733923,0.6140162
0.174563,0.614019
0.1733864,0.6100182
0.1745632,0.610029
0.1750308,0.6100333
0.1750284,0.6154612
0.203342,0.6157275
0.2033411,0.6102877
0.1751477,0.4494212
0.2033133,0.4494162
0.174681,0.4494212
0.173507,0.4494213
0.03944507,0.4494444
0.0394727,0.6103158
0.1735051,0.4382558
0.1746791,0.4382557
0.03944322,0.4382789
0.2033116,0.4382507
0.1751458,0.4382556
0.2072593,0.43825
0.2072612,0.4494157
0.2455518,0.4435783
0.2455506,0.4371122
0.2072588,0.435562
0.2455503,0.4355554
0.2033111,0.4355628
0.1751452,0.4355676
0.1746786,0.4355677
0.1735045,0.4355678
0.03944266,0.435591
0.02610621,0.4355933
0.02610677,0.4382813
0.02346802,0.4355938
0.02346858,0.4382817
0.02610862,0.4494469
0.0234704,0.4494474
0.02613625,0.6103182
0.02349806,0.6103186
0.02349898,0.6157596
0.02613717,0.6157591
0.03947362,0.6157568
0.02958211,0.6166005
0.03455865,0.6181276
0.03249419,0.6163306
0.03744993,0.6178459
0.03652948,0.6232388
0.0393824,0.6225921
0.03765652,0.800034
0.03489906,0.7992916
0.03640047,0.8036208
0.03407651,0.8038327
0.03004196,0.8058653
0.0325613,0.8056666
0.03640047,0.8036208
0.0394727,0.6103158
0.03947327,0.6131418
0.1733864,0.6100182
0.1733728,0.6130123
0.1827607,0.6171193
0.1798707,0.6171105
0.1792219,0.6184923
0.1751707,0.6189387
0.1751707,0.6189387
0.1771955,0.6233439
0.1729288,0.6227727
0.1779549,0.7999831
0.1736398,0.8004355
0.1760731,0.8046278
0.180406,0.8045067
0.1812365,0.805836
0.1842025,0.8054002
0.1734861,0.8130552
0.1735132,0.8100666
0.03972152,0.813235
0.03985128,0.8102739
0.3836063,0.6215453
0.3835603,0.6506169
0.387345,0.6234219
0.3872999,0.6524941
0.2033748,0.8073732
0.1750848,0.8075857
0.2033757,0.8128131
0.1751272,0.8130399
0.1746283,0.8090371
0.2034034,0.9736844
0.1746606,0.8130441
0.1734516,0.8090476
0.1734861,0.8130552
0.1752376,0.9736891
0.1747709,0.9736891
0.2034052,0.98485
0.2073511,0.9736837
0.1752394,0.9848547
0.207353,0.9848495
0.2456437,0.9795078
0.2456448,0.985974
0.2073535,0.9875374
0.2456451,0.9875307
0.2034058,0.987538
0.17524,0.9875426
0.1747728,0.9848548
0.1747733,0.9875429
0.1735994,0.9875432
0.1735989,0.9848552
0.03953722,0.9875661
0.1735969,0.9736894
0.03953683,0.9848782
0.03953502,0.9737124
0.03972152,0.813235
0.02620041,0.9848804
0.02620095,0.9875684
0.02356276,0.9875689
0.02356219,0.9848808
0.02619857,0.9737147
0.02356035,0.9737152
0.02353087,0.8132159
0.02620465,0.813219
0.02353621,0.8077017
0.02621016,0.8077047
0.03972688,0.8077201
0.5695674,0.6237105
0.5695204,0.6527829
0.573312,0.6218458
0.573266,0.6509175
0.387345,0.6234219
0.3872999,0.6524941
0.5695674,0.6237105
0.5695204,0.6527829
0.3836117,0.6181848
0.3836063,0.6215453
0.3873474,0.6219324
0.387345,0.6234219
0.5733174,0.6184855
0.5695701,0.622221
0.573312,0.6218458
0.5695674,0.6237105
0.3873474,0.6219324
0.387345,0.6234219
0.5695701,0.622221
0.5695674,0.6237105
0.3794291,0.7794676
0.3794291,0.8328847
0.3829812,0.7794676
0.3829812,0.8328847
0.3829812,0.7794676
0.3829812,0.8328847
0.3865333,0.7794676
0.3865333,0.8328847
0.3865333,0.7794676
0.3865333,0.8328847
0.3900858,0.7794676
0.3900858,0.8328847
0.3900858,0.7794676
0.3900858,0.8328847
0.3936379,0.7794676
0.3936379,0.8328847
0.3936379,0.7794676
0.3936379,0.8328847
0.39719,0.7794676
0.39719,0.8328847
0.39719,0.7794676
0.39719,0.8328847
0.4007421,0.7794676
0.4007421,0.8328847
0.4007421,0.7794676
0.4007421,0.8328847
0.404132,0.7787432
0.4041317,0.83352
0.404132,0.7787432
0.4041317,0.83352
0.4078467,0.7794676
0.4078467,0.8328847
0.4078467,0.7794676
0.4078467,0.8328847
0.4113989,0.7794676
0.4113989,0.8328847
0.4113989,0.7794676
0.4113989,0.8328847
0.4149512,0.7794676
0.4149512,0.8328847
0.4195951,0.6769338
0.4195951,0.7303509
0.4231475,0.6769338
0.4231475,0.7303509
0.4231475,0.6769338
0.4231475,0.7303509
0.4267001,0.6769338
0.4267001,0.7303509
0.4267001,0.6769338
0.4267001,0.7303509
0.4302522,0.6769338
0.4302522,0.7303509
0.4302522,0.6769338
0.4302522,0.7303509
0.4338042,0.6769338
0.4338042,0.7303509
0.4338042,0.6769338
0.4338042,0.7303509
0.4373566,0.6769338
0.4373566,0.7303509
0.4373566,0.6769338
0.4373566,0.7303509
0.4409089,0.6769338
0.4409089,0.7303509
0.4409089,0.6769338
0.4409089,0.7303509
0.4442984,0.6762094
0.4442981,0.7309862
0.4442984,0.6762094
0.4442981,0.7309862
0.4480133,0.6769338
0.4480133,0.7303509
0.4480133,0.6769338
0.4480133,0.7303509
0.4515657,0.6769338
0.4515657,0.7303509
0.4515657,0.6769338
0.4515657,0.7303509
0.4551175,0.6769338
0.4551175,0.7303509
0.4208884,0.7988127
0.4208884,0.8522297
0.424441,0.7988127
0.424441,0.8522297
0.424441,0.7988127
0.424441,0.8522297
0.4279931,0.7988127
0.4279931,0.8522297
0.4279931,0.7988127
0.4279931,0.8522297
0.4315455,0.7988127
0.4315455,0.8522297
0.4315455,0.7988127
0.4315455,0.8522297
0.4350975,0.7988127
0.4350975,0.8522297
0.4350975,0.7988127
0.4350975,0.8522297
0.4386502,0.7988127
0.4386502,0.8522297
0.4386502,0.7988127
0.4386502,0.8522297
0.4422017,0.7988127
0.4422017,0.8522297
0.4422017,0.7988127
0.4422017,0.8522297
0.4455916,0.7980883
0.4455919,0.8528651
0.4455916,0.7980883
0.4455919,0.8528651
0.4493066,0.7988127
0.4493066,0.8522297
0.4493066,0.7988127
0.4493066,0.8522297
0.452859,0.7988127
0.452859,0.8522297
0.452859,0.7988127
0.452859,0.8522297
0.4564108,0.7988127
0.4564108,0.8522297
0.4317893,0.8531827
0.4386502,0.8734096
0.4455919,0.8528651
0.4206884,0.861248
0.4164482,0.8742977
0.4206884,0.8873473
0.4317893,0.8954124
0.4455104,0.8954124
0.4566111,0.8873473
0.4608512,0.8742977
0.4566111,0.861248
0.4455919,0.8528651
0.3703025,0.6767935
0.3703025,0.7302105
0.3738547,0.6767935
0.3738547,0.7302105
0.3738547,0.6767935
0.3738547,0.7302105
0.3774067,0.6767935
0.3774067,0.7302105
0.3774067,0.6767935
0.3774067,0.7302105
0.3809592,0.6767935
0.3809592,0.7302105
0.3809592,0.6767935
0.3809592,0.7302105
0.3845113,0.6767935
0.3845113,0.7302105
0.3845113,0.6767935
0.3845113,0.7302105
0.3880637,0.6767935
0.3880637,0.7302105
0.3880637,0.6767935
0.3880637,0.7302105
0.391616,0.6767935
0.391616,0.7302105
0.391616,0.6767935
0.391616,0.7302105
0.3950056,0.6760691
0.3950056,0.730846
0.3950056,0.6760691
0.3950056,0.730846
0.3987204,0.6767935
0.3987204,0.7302105
0.3987204,0.6767935
0.3987204,0.7302105
0.4022726,0.6767935
0.4022726,0.7302105
0.4022726,0.6767935
0.4022726,0.7302105
0.4058248,0.6767935
0.4058248,0.7302105
0.3762126,0.9385793
0.4296297,0.9385061
0.3762077,0.9350269
0.4296246,0.9349539
0.3762077,0.9350269
0.4296246,0.9349539
0.3762029,0.9314747
0.4296201,0.9314016
0.3762029,0.9314747
0.4296201,0.9314016
0.3761981,0.9279224
0.4296151,0.9278494
0.3761981,0.9279224
0.4296151,0.9278494
0.3761932,0.9243702
0.4296102,0.9242972
0.3761932,0.9243702
0.4296102,0.9242972
0.3761884,0.9208182
0.4296052,0.9207451
0.3761884,0.9208182
0.4296052,0.9207451
0.3761835,0.9172658
0.4296004,0.9171927
0.3761835,0.9172658
0.4296004,0.9171927
0.3754545,0.9138771
0.4302312,0.9138021
0.3754545,0.9138771
0.4302312,0.9138021
0.3761739,0.9101614
0.4295907,0.9100883
0.3761739,0.9101614
0.4295907,0.9100883
0.376169,0.9066094
0.4295859,0.9065363
0.376169,0.9066094
0.4295859,0.9065363
0.3761642,0.903057
0.4295811,0.9029839
0.2660997,0.6599
0.2660845,0.620236
0.2528783,0.6599051
0.252863,0.6202412
0.2528783,0.6599051
0.252863,0.6202412
0.239657,0.6599103
0.2396418,0.6202463
0.239657,0.6599103
0.2396418,0.6202463
0.2264352,0.6599154
0.2264199,0.6202514
0.2660845,0.620236
0.2660692,0.5805715
0.2528478,0.5805767
0.252863,0.6202412
0.2396418,0.6202463
0.2396266,0.5805818
0.2264199,0.6202514
0.2264049,0.5805869
0.2660692,0.5805715
0.2660539,0.540908
0.2528478,0.5805767
0.2528324,0.5409131
0.2528478,0.5805767
0.2528324,0.5409131
0.2396266,0.5805818
0.2396113,0.5409182
0.2396266,0.5805818
0.2396113,0.5409182
0.2264049,0.5805869
0.2263895,0.5409233
0.2660539,0.540908
0.2660385,0.501244
0.2528324,0.5409131
0.2528173,0.5012491
0.2528173,0.5012491
0.239596,0.5012543
0.2396113,0.5409182
0.2528324,0.5409131
0.2528324,0.5409131
0.2660539,0.540908
0.2660539,0.540908
0.2263895,0.5409233
0.2396113,0.5409182
0.2263895,0.5409233
0.2263895,0.5409233
0.2396113,0.5409182
0.2263742,0.5012593
0.239596,0.5012543
0.2264352,0.6599154
0.2264199,0.6202514
0.1867713,0.6599306
0.186756,0.6202666
0.3057635,0.6598849
0.3057483,0.6202207
0.2660997,0.6599
0.2660845,0.620236
0.2528478,0.5805767
0.2660692,0.5805715
0.2528478,0.5805767
0.2660692,0.5805715
0.2528478,0.5805767
0.2528478,0.5805767
0.2528324,0.5409131
0.2528324,0.5409131
0.2660539,0.540908
0.2660539,0.540908
0.2660692,0.5805715
0.2660692,0.5805715
0.2396266,0.5805818
0.2396266,0.5805818
0.2264049,0.5805869
0.2264049,0.5805869
0.2264049,0.5805869
0.2264049,0.5805869
0.2263895,0.5409233
0.2263895,0.5409233
0.2396113,0.5409182
0.2396113,0.5409182
0.2396266,0.5805818
0.2396266,0.5805818
0.4385991,0.9027713
0.4507854,0.9207162
0.4516431,0.8985134
0.4302312,0.9138021
0.4646985,0.9027356
0.4305678,0.9276044
0.4727786,0.9138253
0.4386483,0.9386941
0.4727975,0.9275467
0.4517036,0.9429165
0.4647474,0.9386585
0.406025,0.7392288
0.3880637,0.7513905
0.410265,0.7522784
0.3950056,0.730846
0.406025,0.7653283
0.3812031,0.7311637
0.3949242,0.7733935
0.3701022,0.7392288
0.381203,0.7733935
0.3658623,0.7522784
0.3701022,0.7653283
0.4553181,0.7393691
0.4373566,0.7515307
0.4595582,0.7524189
0.4442981,0.7309862
0.4553181,0.7654685
0.430496,0.731304
0.4442171,0.7735337
0.4193951,0.7393691
0.430496,0.7735337
0.415155,0.7524189
0.4193951,0.7654685
0.4151512,0.8419029
0.39719,0.8540645
0.4193913,0.8549526
0.4041317,0.83352
0.4151512,0.8680022
0.3903297,0.8338377
0.4040506,0.8760674
0.3792288,0.8419029
0.3903297,0.8760674
0.3749884,0.8549526
0.3792288,0.8680022
0.5732343,0.6708208
0.5756961,0.6708246
0.5732491,0.6614633
0.5757087,0.6629088
0.5737785,0.6609703
0.5715858,0.6591607
0.384827,0.6588652
0.3835434,0.661163
0.3835286,0.6705203
0.3830158,0.6606682
0.3810668,0.6705165
0.3810794,0.6626006
0.5080566,0.9326466
0.50191,0.9255829
0.5010245,0.935482
0.5110239,0.9256683
0.4940467,0.9325151
0.5081881,0.9186367
0.491211,0.9254825
0.5012103,0.9156692
0.4941782,0.9185054
0.5173986,0.9725408
0.5111613,0.9655571
0.5104036,0.9754668
0.5202755,0.9655252
0.5033884,0.97259
0.5173494,0.9585304
0.5004621,0.9655947
0.510334,0.9556537
0.5033393,0.9585796
0.5506622,0.8802212
0.5568368,0.8872599
0.5576824,0.8773576
0.5477229,0.887211
0.5646723,0.8802964
0.5505868,0.8942311
0.5675361,0.8873173
0.5575762,0.8971708
0.564597,0.8943062
0.4264603,0.9735994
0.4203098,0.9665397
0.4194298,0.9764389
0.4294235,0.96662
0.4124505,0.9734759
0.4265837,0.9595896
0.4096105,0.9664454
0.4196045,0.9566265
0.4125741,0.9594662
0.5149957,0.9397171
0.5080566,0.9326466
0.5009315,0.9453889
0.5110239,0.9256683
0.5010245,0.935482
0.5209302,0.9257612
0.4869762,0.9394544
0.5081881,0.9186367
0.4940467,0.9325151
0.5152583,0.9116977
0.4813046,0.9253896
0.5012103,0.9156692
0.491211,0.9254825
0.5013031,0.9057634
0.4872389,0.9114349
0.4941782,0.9185054
0.5244282,0.9795212
0.5173986,0.9725408
0.5104383,0.9853737
0.5202755,0.9655252
0.5104036,0.9754668
0.5301821,0.9654903
0.4964077,0.9796196
0.5173494,0.9585304
0.5033884,0.97259
0.5243299,0.9515008
0.4905554,0.9656296
0.510334,0.9556537
0.5004621,0.9655947
0.5102993,0.9457464
0.4963093,0.9515992
0.5033393,0.9585796
0.5436946,0.8731784
0.5506622,0.8802212
0.5577357,0.8674504
0.5477229,0.887211
0.5576824,0.8773576
0.5378163,0.8871579
0.5717149,0.8733287
0.5505868,0.8942311
0.5646723,0.8802964
0.5435443,0.9011989
0.5774426,0.8873704
0.5575762,0.8971708
0.5675361,0.8873173
0.5575233,0.9070772
0.5715646,0.9013492
0.564597,0.8943062
0.4334036,0.980666
0.4264603,0.9735994
0.4193424,0.9863456
0.4294235,0.96662
0.4194298,0.9764389
0.4393301,0.9667073
0.4053838,0.9804191
0.4265837,0.9595896
0.4124505,0.9734759
0.4336505,0.9526464
0.3997042,0.9663581
0.4196045,0.9566265
0.4096105,0.9664454
0.4196918,0.9467204
0.4056307,0.9523994
0.4125741,0.9594662
1
4926
0
1
2
3
4
5
6
7
8
7
9
8
10
11
12
11
13
12
14
15
16
15
17
16
18
19
20
21
18
20
22
18
21
23
22
21
24
22
23
25
24
23
26
27
28
27
29
28
30
31
32
31
33
32
34
35
36
35
37
36
38
39
40
39
41
40
42
43
44
45
42
44
46
42
45
47
46
45
48
46
47
49
48
47
50
51
52
51
53
52
54
55
56
55
57
56
58
59
60
59
61
60
62
63
64
63
65
64
66
67
68
67
69
68
70
71
72
71
73
72
74
75
76
75
77
76
78
79
80
79
81
80
82
83
84
83
85
84
86
87
88
87
89
88
90
91
92
91
93
92
94
95
96
95
97
96
98
99
100
99
101
100
102
103
104
103
105
104
106
107
108
109
106
108
110
106
109
111
110
109
112
110
111
113
112
111
114
115
116
115
117
116
118
119
120
119
121
120
122
123
124
123
125
124
126
127
128
127
129
128
130
131
132
133
130
132
134
130
133
135
134
133
136
134
135
137
136
135
138
139
140
139
141
140
142
143
144
143
145
144
146
147
148
147
149
148
150
151
152
151
153
152
154
155
156
155
157
156
158
157
155
159
158
155
160
158
159
161
160
159
162
160
161
163
162
161
164
165
166
165
167
166
168
169
170
169
171
170
172
173
174
173
175
174
176
177
178
177
179
178
177
180
179
180
181
179
182
181
180
183
182
180
184
185
186
185
187
186
188
189
190
189
191
190
192
193
194
193
195
194
196
197
198
197
199
198
200
201
202
201
203
202
204
205
206
205
207
206
208
209
210
209
211
210
212
213
214
213
215
214
216
217
218
217
219
218
220
221
222
221
223
222
224
225
226
225
227
226
228
229
230
229
231
230
232
233
234
233
235
234
236
237
238
237
239
238
240
241
242
241
243
242
244
245
246
245
247
246
248
249
250
249
251
250
252
253
254
253
255
254
256
257
258
257
259
258
260
261
262
261
263
262
264
265
266
265
267
266
268
269
270
269
271
270
269
272
271
272
273
271
273
274
271
274
275
271
276
277
278
277
279
278
280
281
282
281
283
282
281
284
283
284
285
283
284
281
286
281
287
286
288
289
290
289
291
290
289
292
291
292
293
291
294
295
296
295
297
296
295
298
297
298
299
297
299
300
297
300
301
297
302
303
304
303
305
304
306
307
308
307
309
308
307
310
309
310
311
309
307
312
310
312
313
310
314
315
316
315
317
316
315
318
317
318
319
317
320
321
322
321
323
322
321
324
323
324
325
323
325
326
323
326
327
323
328
329
330
329
331
330
332
333
334
333
335
334
333
336
335
336
337
335
336
333
338
333
339
338
340
341
342
341
343
342
341
344
343
344
345
343
346
347
348
347
349
348
347
350
349
350
351
349
351
352
349
352
353
349
354
355
356
355
357
356
358
359
360
359
361
360
359
362
361
362
363
361
359
364
362
364
365
362
366
367
368
367
369
368
367
370
369
370
371
369
372
373
374
373
375
374
376
377
378
377
379
378
380
381
382
381
383
382
384
385
386
385
387
386
388
389
390
389
391
390
392
393
394
393
395
394
396
397
398
397
399
398
400
401
402
401
403
402
404
405
406
405
407
406
408
409
410
409
411
410
412
413
414
413
415
414
416
417
418
417
419
418
420
421
422
421
423
422
424
425
426
425
427
426
428
429
430
429
431
430
432
433
434
433
435
434
436
437
438
437
439
438
440
441
442
441
443
442
444
445
446
445
447
446
448
449
450
449
451
450
452
453
454
453
455
454
456
457
458
457
459
458
460
461
462
461
463
462
464
465
466
465
467
466
468
469
470
469
471
470
472
473
474
473
475
474
476
477
478
477
479
478
480
481
482
481
483
482
484
485
486
485
487
486
488
489
490
489
491
490
492
493
494
493
495
494
496
497
498
499
496
498
500
496
499
501
500
499
502
500
501
503
502
501
504
505
506
505
507
506
508
509
510
509
511
510
512
513
514
513
515
514
516
517
518
517
519
518
520
521
522
523
520
522
524
520
523
525
524
523
526
524
525
527
526
525
528
529
530
529
531
530
532
533
534
533
535
534
536
537
538
537
539
538
540
541
542
541
543
542
544
545
546
545
547
546
548
549
550
549
551
550
552
553
554
553
555
554
556
557
558
557
559
558
560
561
562
561
563
562
564
565
566
565
567
566
568
569
570
569
571
570
572
573
574
573
575
574
576
577
578
577
579
578
580
581
582
581
583
582
584
585
586
587
584
586
588
584
587
589
588
587
590
588
589
591
590
589
592
593
594
593
595
594
596
597
598
597
599
598
600
601
602
601
603
602
604
605
606
605
607
606
608
609
610
611
608
610
612
608
611
613
612
611
614
612
613
615
614
613
616
617
618
617
619
618
620
621
622
621
623
622
624
625
626
625
627
626
628
629
630
629
631
630
632
633
634
633
635
634
636
635
633
637
636
633
638
636
637
639
638
637
640
638
639
641
640
639
642
643
644
643
645
644
646
647
648
647
649
648
650
651
652
651
653
652
654
655
656
655
657
656
655
658
657
658
659
657
660
659
658
661
660
658
662
663
664
663
665
664
666
667
668
667
669
668
670
671
672
671
673
672
674
675
676
675
677
676
678
679
680
679
681
680
682
683
684
683
685
684
686
687
688
687
689
688
690
691
692
691
693
692
694
695
696
695
697
696
698
699
700
699
701
700
702
703
704
703
705
704
706
707
708
707
709
708
710
711
712
711
713
712
714
715
716
715
717
716
718
719
720
719
721
720
722
723
724
723
725
724
726
727
728
727
729
728
730
731
732
731
733
732
734
735
736
735
737
736
738
739
740
739
741
740
742
743
744
743
745
744
746
747
748
747
749
748
747
750
749
750
751
749
751
752
749
752
753
749
754
755
756
755
757
756
758
759
760
759
761
760
759
762
761
762
763
761
762
759
764
759
765
764
766
767
768
767
769
768
767
770
769
770
771
769
772
773
774
773
775
774
773
776
775
776
777
775
777
778
775
778
779
775
780
781
782
781
783
782
784
785
786
785
787
786
785
788
787
788
789
787
785
790
788
790
791
788
792
793
794
793
795
794
793
796
795
796
797
795
798
799
800
799
801
800
799
802
801
802
803
801
803
804
801
804
805
801
806
807
808
807
809
808
810
811
812
811
813
812
811
814
813
814
815
813
814
811
816
811
817
816
818
819
820
819
821
820
819
822
821
822
823
821
824
825
826
825
827
826
825
828
827
828
829
827
829
830
827
830
831
827
832
833
834
833
835
834
836
837
838
837
839
838
837
840
839
840
841
839
837
842
840
842
843
840
844
845
846
845
847
846
845
848
847
848
849
847
850
851
852
851
853
852
854
855
856
855
857
856
858
859
860
859
861
860
862
863
864
863
865
864
866
867
868
867
869
868
870
871
872
871
873
872
874
875
876
875
877
876
878
879
880
879
881
880
882
883
884
883
885
884
886
887
888
887
889
888
890
891
892
891
893
892
894
895
896
895
897
896
898
899
900
899
901
900
902
903
904
903
905
904
906
907
908
907
909
908
910
911
912
911
913
912
914
915
916
915
917
916
918
919
920
919
921
920
922
923
924
923
925
924
926
927
928
927
929
928
930
931
932
931
933
932
934
935
936
935
937
936
938
939
940
939
941
940
942
943
944
943
945
944
946
947
948
947
949
948
950
951
952
951
953
952
954
955
956
955
957
956
958
959
960
959
961
960
962
963
964
963
965
964
966
967
968
967
969
968
970
971
972
971
973
972
974
975
976
977
974
976
978
974
977
979
978
977
980
978
979
981
980
979
982
983
984
983
985
984
986
987
988
987
989
988
990
991
992
991
993
992
994
995
996
995
997
996
998
999
1000
1001
998
1000
1002
998
1001
1003
1002
1001
1004
1002
1003
1005
1004
1003
1006
1007
1008
1007
1009
1008
1010
1011
1012
1011
1013
1012
1014
1015
1016
1015
1017
1016
1018
1019
1020
1019
1021
1020
1022
1023
1024
1023
1025
1024
1026
1027
1028
1027
1029
1028
1030
1031
1032
1031
1033
1032
1034
1035
1036
1035
1037
1036
1038
1039
1040
1039
1041
1040
1042
1043
1044
1043
1045
1044
1046
1047
1048
1047
1049
1048
1050
1051
1052
1051
1053
1052
1054
1055
1056
1055
1057
1056
1058
1059
1060
1059
1061
1060
1062
1063
1064
1065
1062
1064
1066
1062
1065
1067
1066
1065
1068
1066
1067
1069
1068
1067
1070
1071
1072
1071
1073
1072
1074
1075
1076
1075
1077
1076
1078
1079
1080
1079
1081
1080
1082
1083
1084
1083
1085
1084
1086
1087
1088
1089
1086
1088
1090
1086
1089
1091
1090
1089
1092
1090
1091
1093
1092
1091
1094
1095
1096
1095
1097
1096
1098
1099
1100
1099
1101
1100
1102
1103
1104
1103
1105
1104
1106
1107
1108
1107
1109
1108
1110
1111
1112
1111
1113
1112
1114
1113
1111
1115
1114
1111
1116
1114
1115
1117
1116
1115
1118
1116
1117
1119
1118
1117
1120
1121
1122
1121
1123
1122
1124
1125
1126
1125
1127
1126
1128
1129
1130
1129
1131
1130
1132
1133
1134
1133
1135
1134
1133
1136
1135
1136
1137
1135
1138
1137
1136
1139
1138
1136
1140
1141
1142
1141
1143
1142
1144
1145
1146
1145
1147
1146
1148
1149
1150
1149
1151
1150
1152
1153
1154
1153
1155
1154
1156
1157
1158
1157
1159
1158
1160
1161
1162
1161
1163
1162
1164
1165
1166
1165
1167
1166
1168
1169
1170
1169
1171
1170
1172
1173
1174
1173
1175
1174
1176
1177
1178
1177
1179
1178
1180
1181
1182
1181
1183
1182
1184
1185
1186
1185
1187
1186
1188
1189
1190
1189
1191
1190
1192
1193
1194
1193
1195
1194
1196
1197
1198
1197
1199
1198
1200
1201
1202
1201
1203
1202
1204
1205
1206
1205
1207
1206
1208
1209
1210
1209
1211
1210
1212
1213
1214
1213
1215
1214
1216
1217
1218
1217
1219
1218
1220
1221
1222
1221
1223
1222
1224
1225
1226
1225
1227
1226
1225
1228
1227
1228
1229
1227
1229
1230
1227
1230
1231
1227
1232
1233
1234
1233
1235
1234
1236
1237
1238
1237
1239
1238
1237
1240
1239
1240
1241
1239
1240
1237
1242
1237
1243
1242
1244
1245
1246
1245
1247
1246
1245
1248
1247
1248
1249
1247
1250
1251
1252
1251
1253
1252
1251
1254
1253
1254
1255
1253
1255
1256
1253
1256
1257
1253
1258
1259
1260
1259
1261
1260
1262
1263
1264
1263
1265
1264
1263
1266
1265
1266
1267
1265
1263
1268
1266
1268
1269
1266
1270
1271
1272
1271
1273
1272
1271
1274
1273
1274
1275
1273
1276
1277
1278
1277
1279
1278
1277
1280
1279
1280
1281
1279
1281
1282
1279
1282
1283
1279
1284
1285
1286
1285
1287
1286
1288
1289
1290
1289
1291
1290
1289
1292
1291
1292
1293
1291
1292
1289
1294
1289
1295
1294
1296
1297
1298
1297
1299
1298
1297
1300
1299
1300
1301
1299
1302
1303
1304
1303
1305
1304
1303
1306
1305
1306
1307
1305
1307
1308
1305
1308
1309
1305
1310
1311
1312
1311
1313
1312
1314
1315
1316
1315
1317
1316
1315
1318
1317
1318
1319
1317
1315
1320
1318
1320
1321
1318
1322
1323
1324
1323
1325
1324
1323
1326
1325
1326
1327
1325
1328
1329
1330
1329
1331
1330
1332
1333
1334
1333
1335
1334
1336
1337
1338
1337
1339
1338
1340
1341
1342
1341
1343
1342
1344
1345
1346
1345
1347
1346
1348
1349
1350
1349
1351
1350
1352
1353
1354
1353
1355
1354
1356
1357
1358
1357
1359
1358
1360
1361
1362
1361
1363
1362
1364
1365
1366
1365
1367
1366
1368
1369
1370
1369
1371
1370
1372
1373
1374
1373
1375
1374
1376
1377
1378
1377
1379
1378
1380
1381
1382
1381
1383
1382
1384
1385
1386
1385
1387
1386
1388
1389
1390
1389
1391
1390
1392
1393
1394
1393
1395
1394
1396
1397
1398
1397
1399
1398
1400
1401
1402
1401
1403
1402
1404
1405
1406
1405
1407
1406
1408
1409
1410
1409
1411
1410
1412
1413
1414
1413
1415
1414
1416
1417
1418
1417
1419
1418
1420
1421
1422
1421
1423
1422
1424
1425
1426
1425
1427
1426
1428
1429
1430
1429
1431
1430
1432
1433
1434
1433
1435
1434
1436
1437
1438
1437
1439
1438
1440
1441
1442
1441
1443
1442
1444
1445
1446
1445
1447
1446
1448
1449
1450
1449
1451
1450
1452
1453
1454
1455
1452
1454
1456
1452
1455
1457
1456
1455
1458
1456
1457
1459
1458
1457
1460
1461
1462
1461
1463
1462
1464
1465
1466
1465
1467
1466
1468
1469
1470
1469
1471
1470
1472
1473
1474
1473
1475
1474
1476
1477
1478
1479
1476
1478
1480
1476
1479
1481
1480
1479
1482
1480
1481
1483
1482
1481
1484
1485
1486
1485
1487
1486
1488
1489
1490
1489
1491
1490
1492
1493
1494
1493
1495
1494
1496
1497
1498
1497
1499
1498
1500
1501
1502
1501
1503
1502
1504
1505
1506
1505
1507
1506
1508
1509
1510
1509
1511
1510
1512
1513
1514
1513
1515
1514
1516
1517
1518
1517
1519
1518
1520
1521
1522
1521
1523
1522
1524
1525
1526
1525
1527
1526
1528
1529
1530
1529
1531
1530
1532
1533
1534
1533
1535
1534
1536
1537
1538
1537
1539
1538
1540
1541
1542
1543
1540
1542
1544
1540
1543
1545
1544
1543
1546
1544
1545
1547
1546
1545
1548
1549
1550
1549
1551
1550
1552
1553
1554
1553
1555
1554
1556
1557
1558
1557
1559
1558
1560
1561
1562
1561
1563
1562
1564
1565
1566
1567
1564
1566
1568
1564
1567
1569
1568
1567
1570
1568
1569
1571
1570
1569
1572
1573
1574
1573
1575
1574
1576
1577
1578
1577
1579
1578
1580
1581
1582
1581
1583
1582
1584
1585
1586
1585
1587
1586
1588
1589
1590
1589
1591
1590
1592
1591
1589
1593
1592
1589
1594
1592
1593
1595
1594
1593
1596
1594
1595
1597
1596
1595
1598
1599
1600
1599
1601
1600
1602
1603
1604
1603
1605
1604
1606
1607
1608
1607
1609
1608
1610
1611
1612
1611
1613
1612
1611
1614
1613
1614
1615
1613
1616
1615
1614
1617
1616
1614
1618
1619
1620
1619
1621
1620
1622
1623
1624
1623
1625
1624
1626
1627
1628
1627
1629
1628
1630
1631
1632
1631
1633
1632
1634
1635
1636
1635
1637
1636
1638
1639
1640
1639
1641
1640
1642
1643
1644
1643
1645
1644
1646
1647
1648
1647
1649
1648
1650
1651
1652
1651
1653
1652
1654
1655
1656
1655
1657
1656
1658
1659
1660
1659
1661
1660
1662
1663
1664
1663
1665
1664
1666
1667
1668
1667
1669
1668
1670
1671
1672
1671
1673
1672
1674
1675
1676
1675
1677
1676
1678
1679
1680
1679
1681
1680
1682
1683
1684
1683
1685
1684
1686
1687
1688
1687
1689
1688
1690
1691
1692
1691
1693
1692
1694
1695
1696
1695
1697
1696
1698
1699
1700
1699
1701
1700
1702
1703
1704
1703
1705
1704
1703
1706
1705
1706
1707
1705
1707
1708
1705
1708
1709
1705
1710
1711
1712
1711
1713
1712
1714
1715
1716
1715
1717
1716
1715
1718
1717
1718
1719
1717
1718
1715
1720
1715
1721
1720
1722
1723
1724
1723
1725
1724
1723
1726
1725
1726
1727
1725
1728
1729
1730
1729
1731
1730
1729
1732
1731
1732
1733
1731
1733
1734
1731
1734
1735
1731
1736
1737
1738
1737
1739
1738
1740
1741
1742
1741
1743
1742
1741
1744
1743
1744
1745
1743
1741
1746
1744
1746
1747
1744
1748
1749
1750
1749
1751
1750
1749
1752
1751
1752
1753
1751
1754
1755
1756
1755
1757
1756
1755
1758
1757
1758
1759
1757
1759
1760
1757
1760
1761
1757
1762
1763
1764
1763
1765
1764
1766
1767
1768
1767
1769
1768
1767
1770
1769
1770
1771
1769
1770
1767
1772
1767
1773
1772
1774
1775
1776
1775
1777
1776
1775
1778
1777
1778
1779
1777
1780
1781
1782
1781
1783
1782
1781
1784
1783
1784
1785
1783
1785
1786
1783
1786
1787
1783
1788
1789
1790
1789
1791
1790
1792
1793
1794
1793
1795
1794
1793
1796
1795
1796
1797
1795
1793
1798
1796
1798
1799
1796
1800
1801
1802
1801
1803
1802
1801
1804
1803
1804
1805
1803
1806
1807
1808
1807
1809
1808
1810
1811
1812
1811
1813
1812
1814
1815
1816
1815
1817
1816
1818
1819
1820
1819
1821
1820
1822
1823
1824
1823
1825
1824
1826
1827
1828
1827
1829
1828
1830
1831
1832
1831
1833
1832
1834
1835
1836
1835
1837
1836
1838
1839
1840
1839
1841
1840
1842
1843
1844
1843
1845
1844
1846
1847
1848
1847
1849
1848
1850
1851
1852
1851
1853
1852
1854
1855
1856
1855
1857
1856
1858
1859
1860
1859
1861
1860
1862
1863
1864
1863
1865
1864
1866
1867
1868
1867
1869
1868
1870
1871
1872
1871
1873
1872
1874
1875
1876
1875
1877
1876
1878
1879
1880
1879
1881
1880
1882
1883
1884
1883
1885
1884
1886
1887
1888
1887
1889
1888
1890
1891
1892
1891
1893
1892
1894
1895
1896
1895
1897
1896
1898
1899
1900
1899
1901
1900
1902
1903
1904
1903
1905
1904
1906
1907
1908
1907
1909
1908
1910
1911
1912
1911
1913
1912
1914
1915
1916
1915
1917
1916
1918
1919
1920
1919
1921
1920
1922
1923
1924
1925
1922
1924
1926
1922
1925
1927
1926
1925
1928
1929
1930
1931
1928
1930
1928
1931
1932
1933
1928
1932
1934
1935
1936
1935
1937
1936
1937
1938
1936
1938
1939
1936
1940
1941
1942
1941
1943
1942
1941
1944
1943
1944
1945
1943
1944
1946
1945
1946
1947
1945
1946
1948
1947
1948
1949
1947
1948
1950
1949
1950
1951
1949
1950
1952
1951
1952
1953
1951
1952
1954
1953
1954
1955
1953
1954
1956
1955
1956
1957
1955
1958
1959
1960
1959
1961
1960
1962
1963
1964
1965
1962
1964
1965
1966
1967
1966
1968
1967
1969
1970
1971
1970
1972
1971
1973
1974
1975
1974
1976
1975
1977
1978
1979
1978
1980
1979
1981
1982
1983
1982
1984
1983
1985
1986
1987
1986
1988
1987
1987
1988
1989
1988
1990
1989
1991
1992
1993
1992
1994
1993
1995
1996
1997
1996
1998
1997
1999
2000
2001
2000
2002
2001
2003
2004
2005
2004
2006
2005
2007
2008
2009
2010
2007
2009
2011
2007
2010
2012
2011
2010
2012
2010
2013
2010
2014
2013
2014
2015
2013
2015
2016
2013
2015
2017
2016
2017
2018
2016
2019
2020
2021
2020
2022
2021
2020
2023
2022
2023
2024
2022
2025
2026
2027
2026
2028
2027
2029
2030
2031
2030
2032
2031
2033
2034
2035
2034
2036
2035
2037
2038
2039
2038
2040
2039
2041
2039
2042
2043
2041
2042
2044
2045
2046
2045
2047
2046
2048
2049
2050
2049
2051
2050
2052
2049
2053
2054
2052
2053
2055
2056
2052
2056
2057
2052
2058
2059
2060
2059
2061
2060
2062
2063
2064
2063
2065
2064
2066
2067
2068
2067
2069
2068
2070
2071
2072
2071
2073
2072
2074
2075
2076
2077
2074
2076
2078
2074
2077
2079
2078
2077
2080
2081
2082
2081
2083
2082
2084
2085
2086
2085
2087
2086
2088
2089
2090
2089
2091
2090
2092
2093
2094
2093
2095
2094
2095
2093
2096
2093
2097
2096
2097
2098
2096
2098
2099
2096
2096
2099
2100
2099
2101
2100
2095
2096
2102
2096
2100
2102
2094
2095
2103
2095
2102
2103
2094
2103
2104
2105
2094
2104
2106
2103
2102
2107
2102
2100
2107
2106
2102
2108
2104
2103
2106
2108
2103
2100
2101
2109
2110
2107
2100
2110
2100
2109
2111
2109
2101
2112
2111
2101
2112
2113
2111
2113
2114
2111
2111
2114
2115
2111
2115
2109
2114
2116
2115
2115
2117
2109
2117
2118
2109
2118
2110
2109
2118
2119
2110
2119
2107
2110
2119
2120
2107
2120
2106
2107
2120
2121
2106
2121
2108
2106
2121
2122
2108
2122
2123
2108
2122
2124
2123
2108
2123
2104
2124
2125
2123
2123
2126
2104
2123
2125
2126
2125
2127
2126
2105
2104
2126
2128
2126
2127
2128
2105
2126
2129
2128
2127
2128
2129
2130
2131
2128
2130
2105
2128
2131
2132
2105
2131
2133
2134
2135
2134
2136
2135
2134
2137
2136
2137
2138
2136
2139
2138
2137
2140
2139
2137
2141
2139
2140
2142
2141
2140
2143
2144
2142
2144
2145
2142
2146
2147
2148
2147
2149
2148
2150
2151
2152
2151
2153
2152
2152
2154
2155
2154
2156
2155
2155
2156
2157
2156
2158
2157
2157
2158
2159
2160
2157
2159
2160
2159
2161
2162
2160
2161
2163
2164
2165
2164
2166
2165
2167
2168
2169
2168
2170
2169
2171
2172
2173
2172
2174
2173
2172
2175
2174
2173
2174
2176
2175
2177
2174
2175
2178
2177
2178
2179
2177
2174
2180
2176
2174
2177
2180
2177
2179
2181
2177
2181
2180
2182
2176
2180
2176
2182
2183
2184
2180
2181
2184
2182
2180
2182
2185
2183
2183
2185
2186
2185
2187
2186
2185
2188
2187
2188
2189
2187
2190
2188
2185
2182
2190
2185
2190
2182
2184
2191
2190
2184
2191
2184
2192
2192
2184
2181
2193
2191
2192
2194
2193
2192
2195
2194
2192
2195
2192
2181
2196
2194
2195
2197
2195
2181
2179
2197
2181
2198
2196
2195
2198
2195
2197
2199
2197
2179
2199
2198
2197
2200
2199
2179
2196
2198
2201
2202
2196
2201
2203
2202
2201
2204
2203
2201
2201
2198
2205
2204
2201
2205
2198
2199
2205
2206
2204
2205
2207
2206
2205
2208
2205
2199
2208
2207
2205
2200
2208
2199
2209
2207
2208
2210
2209
2208
2210
2208
2200
2211
2210
2200
2212
2213
2214
2213
2215
2214
2216
2217
2218
2217
2219
2218
2220
2221
2222
2221
2223
2222
2224
2225
2226
2225
2227
2226
2228
2229
2230
2229
2231
2230
2232
2233
2234
2233
2235
2234
2236
2237
2238
2237
2239
2238
2240
2241
2242
2241
2243
2242
2244
2245
2246
2245
2247
2246
2248
2249
2250
2249
2251
2250
2252
2253
2254
2253
2255
2254
2256
2257
2258
2257
2259
2258
2260
2261
2262
2261
2263
2262
2264
2265
2266
2265
2267
2266
2268
2269
2270
2269
2271
2270
2272
2273
2274
2273
2275
2274
2276
2277
2278
2277
2279
2278
2280
2281
2282
2281
2283
2282
2284
2285
2286
2285
2287
2286
2288
2289
2290
2289
2291
2290
2292
2293
2294
2293
2295
2294
2296
2297
2298
2297
2299
2298
2300
2301
2302
2301
2303
2302
2304
2305
2306
2305
2307
2306
2308
2309
2310
2309
2311
2310
2312
2313
2314
2313
2315
2314
2316
2317
2318
2317
2319
2318
2320
2321
2322
2321
2323
2322
2324
2325
2326
2325
2327
2326
2328
2329
2330
2329
2331
2330
2332
2333
2334
2333
2335
2334
2336
2337
2338
2337
2339
2338
2340
2341
2342
2341
2343
2342
2344
2345
2346
2345
2347
2346
2348
2349
2350
2349
2351
2350
2352
2353
2354
2355
2353
2352
2356
2353
2355
2357
2353
2356
2358
2353
2357
2359
2353
2358
2360
2353
2359
2361
2353
2360
2362
2353
2361
2363
2353
2362
2364
2365
2366
2365
2367
2366
2368
2369
2370
2369
2371
2370
2372
2373
2374
2373
2375
2374
2376
2377
2378
2377
2379
2378
2380
2381
2382
2381
2383
2382
2384
2385
2386
2385
2387
2386
2388
2389
2390
2389
2391
2390
2392
2393
2394
2393
2395
2394
2396
2397
2398
2397
2399
2398
2400
2401
2402
2401
2403
2402
2404
2405
2406
2405
2407
2406
2408
2409
2410
2409
2411
2410
2412
2413
2414
2413
2415
2414
2416
2417
2418
2417
2419
2418
2420
2421
2422
2421
2423
2422
2424
2425
2426
2425
2427
2426
2428
2429
2430
2429
2431
2430
2432
2433
2434
2433
2435
2434
2436
2437
2438
2437
2439
2438
2440
2441
2442
2441
2443
2442
2444
2445
2446
2445
2447
2446
2448
2449
2450
2449
2451
2450
2452
2453
2454
2453
2455
2454
2456
2457
2458
2459
2456
2458
2459
2458
2460
2458
2461
2460
2460
2461
2462
2461
2463
2462
2464
2465
2466
2465
2467
2466
2468
2469
2470
2469
2471
2470
2472
2473
2474
2473
2475
2474
2476
2477
2478
2477
2479
2478
2480
2481
2482
2483
2480
2482
2483
2484
2485
2484
2486
2485
2482
2487
2488
2487
2489
2488
2490
2491
2492
2491
2493
2492
2494
2495
2496
2495
2497
2496
2498
2499
2500
2499
2501
2500
2502
2503
2504
2503
2505
2504
2506
2507
2508
2507
2509
2508
2510
2511
2512
2511
2513
2512
2514
2515
2516
2515
2517
2516
2518
2519
2520
2519
2521
2520
2522
2523
2524
2523
2525
2524
2526
2527
2528
2529
2527
2526
2528
2527
2530
2531
2527
2529
2530
2527
2532
2533
2527
2531
2532
2527
2534
2535
2527
2533
2534
2527
2536
2536
2527
2535
2537
2538
2539
2540
2538
2537
2539
2538
2541
2542
2538
2540
2541
2538
2543
2544
2538
2542
2543
2538
2545
2546
2538
2544
2545
2538
2547
2547
2538
2546
2548
2549
2550
2551
2549
2548
2550
2549
2552
2553
2549
2551
2552
2549
2554
2555
2549
2553
2554
2549
2556
2557
2549
2555
2556
2549
2558
2558
2549
2557
2559
2560
2561
2562
2560
2559
2561
2560
2563
2564
2560
2562
2563
2560
2565
2566
2560
2564
2565
2560
2567
2568
2560
2566
2567
2560
2569
2569
2560
2568
2570
2571
2572
2572
2571
2573
2574
2572
2573
2574
2575
2572
2572
2575
2576
2572
2577
2570
2577
2572
2576
2577
2578
2570
2579
2577
2576
2578
2577
2580
2579
2581
2577
2577
2581
2580
2582
2583
2584
2585
2583
2582
2584
2583
2586
2587
2583
2585
2586
2583
2588
2589
2583
2587
2588
2583
2590
2590
2583
2589
2591
2592
2593
2594
2592
2591
2593
2592
2595
2596
2592
2594
2595
2592
2597
2598
2592
2596
2597
2592
2599
2599
2592
2598
2600
2601
2602
2603
2601
2600
2602
2601
2604
2605
2601
2603
2604
2601
2606
2607
2601
2605
2606
2601
2608
2608
2601
2607
2609
2610
2611
2612
2610
2609
2611
2610
2613
2614
2610
2612
2613
2610
2615
2616
2610
2614
2615
2610
2617
2617
2610
2616
2618
2619
2620
2621
2619
2618
2619
2622
2620
2623
2621
2618
2620
2622
2624
2625
2621
2623
2622
2626
2624
2627
2625
2623
2624
2626
2628
2629
2625
2627
2626
2630
2628
2631
2629
2627
2628
2630
2632
2633
2629
2631
2630
2633
2632
2632
2633
2631
2634
2635
2636
2637
2635
2634
2635
2638
2636
2639
2637
2634
2636
2638
2640
2641
2637
2639
2638
2642
2640
2643
2641
2639
2640
2642
2644
2645
2641
2643
2642
2646
2644
2647
2645
2643
2644
2646
2648
2649
2645
2647
2646
2649
2648
2648
2649
2647
2650
2651
2652
2653
2651
2650
2651
2654
2652
2655
2653
2650
2652
2654
2656
2657
2653
2655
2654
2658
2656
2659
2657
2655
2656
2658
2660
2661
2657
2659
2658
2662
2660
2663
2661
2659
2660
2662
2664
2665
2661
2663
2662
2665
2664
2664
2665
2663
2666
2667
2668
2669
2667
2666
2667
2670
2668
2671
2669
2666
2668
2670
2672
2673
2669
2671
2670
2674
2672
2675
2673
2671
2672
2674
2676
2677
2673
2675
2674
2678
2676
2679
2677
2675
2676
2678
2680
2681
2677
2679
2678
2681
2680
2680
2681
2679
