MESH3
PFB_Building_Base
2809
5.024766,0.1203735,-9.612382
5.024766,8.044903E-05,-9.612382
3.487625,8.044903E-05,-9.612382
3.487625,0.1203735,-9.612382
-5.029342,0.1203735,-9.61358
-5.029342,8.044903E-05,-9.612695
-5.031525,8.044903E-05,5.439403
-5.031525,0.1203735,5.439403
-5.027522,0.1203735,-3.165906
-5.027522,8.044903E-05,-3.165906
5.024766,8.044903E-05,-9.612382
5.024766,0.1203735,-9.612382
5.030913,0.1203735,-3.099977
5.030913,8.044903E-05,-3.099977
-5.027522,0.1203735,-3.165906
-5.029342,0.1203735,-9.61358
-5.029342,8.044903E-05,-9.612695
-5.027522,8.044903E-05,-3.165906
3.493232,0.1203735,10.40259
-5.017448,0.1203735,10.40259
-5.017448,8.044903E-05,10.40259
3.493232,8.044903E-05,10.40259
5.030913,8.044903E-05,-3.099977
5.030913,0.1203735,-3.099977
3.569149,0.1203735,-3.100653
3.569149,8.044903E-05,-3.100654
3.521755,0.1203735,5.439403
3.521755,8.044903E-05,5.439403
3.569149,8.044903E-05,-3.100654
3.569149,0.1203735,-3.100653
3.521755,0.1203735,5.439403
3.493232,0.1203735,10.40259
3.493232,8.044903E-05,10.40259
3.521755,8.044903E-05,5.439403
-5.031525,8.044903E-05,5.439403
-5.017448,8.044903E-05,10.40259
-5.017448,0.1203735,10.40259
-5.031525,0.1203735,5.439403
-5.031525,0.1203735,5.439403
-5.017448,0.1203735,10.40259
3.493232,0.1203735,10.40259
3.521755,0.1203735,5.439403
5.024766,8.044903E-05,-9.612382
5.030916,8.044903E-05,-3.099975
3.56922,8.044903E-05,-3.100655
3.487625,8.044903E-05,-9.612382
-5.029348,8.044903E-05,-9.612699
-5.027522,8.044903E-05,-3.165906
3.521827,8.044903E-05,5.439403
-5.0314,8.044903E-05,5.439403
-5.017324,8.044903E-05,10.40259
3.493303,8.044903E-05,10.40259
-0.3838328,0.1203735,-9.612382
-5.027522,0.1203735,-9.612382
-5.027522,0.1203735,-4.896762
-0.355063,0.1203735,-4.872034
5.024766,0.1203735,-4.880742
5.024766,0.1203735,-9.612383
3.487625,0.1203735,-9.612383
3.544405,0.1203735,-4.84796
5.030827,0.1203735,-3.100026
3.563542,0.1203735,-3.100655
-0.355063,0.1203735,-4.872035
-0.3838328,0.1203735,-9.612383
-0.3453665,0.1203735,-3.132844
3.516149,0.1203735,5.439403
-0.3693802,0.1203735,5.439403
-5.027522,0.1203735,-3.165906
-5.027522,0.1203735,-4.896762
-5.027522,0.1203735,5.439403
-1.017675,2.986681,5.434717
-2.690477,2.623052,5.434867
-1.017675,2.623052,5.434717
-2.690477,2.986681,5.434867
-4.91118,2.986681,5.435065
-4.91118,2.59225,5.435065
-5.03118,2.59225,5.435065
-5.03118,2.986681,5.435065
-5.03118,1.664354,5.435065
-4.91118,1.664354,5.435065
-2.690477,1.653782,5.434867
-5.03118,0.1153735,5.435065
-2.690477,0.1153735,5.434867
-4.91118,0.1153735,5.435065
0.1167595,2.986681,5.434616
-1.017675,2.986681,5.434717
-1.017675,2.623052,5.434717
0.1167593,2.617176,5.434615
-1.017675,1.678587,5.434717
2.597178,2.604329,5.434394
0.1167595,1.308937,5.434616
-1.017675,0.1153735,5.434717
0.1167595,0.1153735,5.434616
2.597178,2.986681,5.434394
2.597178,1.300928,5.434394
3.404368,2.986681,5.434321
2.597178,0.1153735,5.434394
3.404368,2.600148,5.434321
3.524368,2.986681,5.434321
3.524368,0.1153735,5.434321
3.404368,1.664309,5.434321
3.404368,0.1153735,5.434321
3.549047,0.1153735,1.072267
3.573047,0.1153735,-3.169504
3.573047,2.986681,-3.169504
3.549047,2.986681,1.072267
3.543694,2.986681,2.018572
3.549047,2.629248,1.072267
3.549047,2.986681,1.072267
3.543694,2.629248,2.018572
3.529601,2.986681,4.509367
3.549047,1.285373,1.072267
3.529601,2.629248,4.509367
3.543694,1.285373,2.018572
3.549047,0.1153735,1.072267
3.543694,0.1153735,2.018572
3.529601,1.285373,4.509367
3.525048,2.986681,5.314039
3.529601,0.1153735,4.509367
3.525048,2.629248,5.314038
3.524368,2.986681,5.434321
3.524368,2.629248,5.434321
3.525048,1.285373,5.314039
3.525048,0.1153735,5.314039
3.524368,1.285373,5.434321
3.524368,0.1153735,5.434321
5.031528,0.1153735,-3.218863
5.031528,1.664354,-3.098863
5.031528,0.1153735,-3.098863
5.031528,1.664354,-3.218863
5.029811,0.1153735,-4.63877
5.031528,2.59225,-3.098863
5.029811,1.241157,-4.63877
5.031528,2.59225,-3.218863
5.031528,2.986681,-3.098863
5.029811,2.59225,-4.63877
5.031528,2.986681,-3.218863
5.029811,2.986681,-4.63877
5.031528,2.59225,-3.098863
5.031528,2.986681,-3.098863
4.902233,2.986681,-3.098863
4.902233,2.59225,-3.098863
3.513339,2.986681,-3.098863
3.513339,2.603655,-3.098863
5.031528,1.664354,-3.098863
3.507714,2.032602,-3.098863
4.902233,1.664354,-3.098863
5.031528,0.1153735,-3.098863
3.49263,1.036986,-3.098863
4.902233,0.1153735,-3.098863
3.509682,0.1153735,-3.098863
5.023955,2.59225,-9.610404
5.023955,2.986681,-9.610404
5.023955,2.986681,-9.482631
5.023955,2.59225,-9.482631
5.023955,1.744868,-9.610404
5.027102,2.986681,-6.879683
5.023955,1.744868,-9.482631
5.023955,0.1153735,-9.610404
5.023955,0.1153735,-9.482631
5.027102,2.59225,-6.879683
5.029811,2.59225,-4.63877
5.029811,2.986681,-4.63877
5.027102,1.241157,-6.879683
5.027102,0.1153735,-6.879683
5.029811,1.241157,-4.63877
5.029811,0.1153735,-4.63877
0.2958558,2.59225,-9.612532
0.2958558,2.986681,-9.612532
2.546015,2.986681,-9.611549
2.546015,2.59225,-9.611549
4.903955,2.986681,-9.610404
4.903955,2.59225,-9.610404
5.023955,2.59225,-9.610404
5.023955,2.986681,-9.610404
5.023955,1.744868,-9.610404
4.903955,1.744868,-9.610404
5.023955,0.1153735,-9.610404
4.903955,0.1153735,-9.610404
2.546015,1.298367,-9.611549
2.546015,0.1153735,-9.611549
0.295856,1.298367,-9.612532
0.2958558,0.1153735,-9.612532
-5.03118,2.59225,-9.614935
-5.03118,2.986681,-9.614935
-4.91118,2.986681,-9.614935
-4.91118,2.59225,-9.614935
-5.03118,1.664354,-9.614935
-2.307662,2.986681,-9.613732
-4.91118,1.664354,-9.614935
-5.03118,0.1153735,-9.614935
-4.91118,0.1153735,-9.614935
-2.307662,0.1153735,-9.613732
-2.307662,2.59225,-9.613732
-2.307662,1.481361,-9.613732
0.2958558,0.1153735,-9.612532
0.295856,1.298367,-9.612532
0.2958558,2.59225,-9.612532
0.2958558,2.986681,-9.612532
-5.03118,1.664354,5.435065
-5.03118,0.1153735,5.315726
-5.03118,0.1153735,5.435065
-5.03118,1.664354,5.315726
-5.03118,2.59225,5.435065
-5.03118,1.709836,2.005504
-5.03118,0.1153735,2.005504
-5.03118,2.59225,2.005504
-5.03118,2.59225,5.315726
-5.03118,2.986681,2.005504
-5.03118,2.986681,5.315726
-5.03118,2.986681,5.435065
-5.03118,2.986681,2.005504
-5.03118,2.986681,-2.329397
-5.03118,2.59225,-2.329397
-5.03118,2.59225,2.005504
-5.03118,1.709836,2.005504
-5.03118,1.709836,-2.329397
-5.03118,0.1153735,-2.329397
-5.03118,0.1153735,2.005504
-5.03118,2.986681,-2.329397
-5.03118,2.986681,-5.904725
-5.03118,2.59225,-5.904725
-5.03118,2.59225,-2.329397
-5.03118,1.709836,-2.329397
-5.03118,1.298367,-5.904725
-5.03118,0.1153735,-2.329397
-5.03118,0.1153735,-5.904725
-5.03118,0.1153735,-9.483259
-5.03118,1.664354,-9.614935
-5.03118,0.1153735,-9.614935
-5.03118,1.664354,-9.483259
-5.03118,0.1153735,-7.571678
-5.03118,2.59225,-9.614935
-5.03118,1.292215,-7.571678
-5.03118,0.1153735,-5.904725
-5.03118,1.298367,-5.904725
-5.03118,2.59225,-9.483259
-5.03118,2.986681,-9.614935
-5.03118,2.986681,-9.483259
-5.03118,2.986681,-7.571678
-5.03118,2.59225,-7.571678
-5.03118,2.986681,-5.904725
-5.03118,2.59225,-5.904725
-4.91118,1.708426,2.005504
-4.91118,0.1153735,2.005504
-4.91118,0.1153735,-2.329397
-4.91118,1.708426,-2.329397
-0.3748433,2.657274,-4.904686
-4.943557,2.657274,-4.920695
-4.947822,2.657274,-9.568018
-0.3844332,2.657274,-9.578268
-5.022458,3.112156,-3.171328
-5.021482,3.209974,-3.019083
-5.021481,3.127749,-3.019083
-4.91118,1.557308,-9.483259
-4.91118,0.1153735,-9.483259
-0.3895821,0.1153735,-9.482969
-0.3895821,1.330512,-9.482969
-4.91118,2.589963,-9.483259
-0.3895821,2.589963,-9.482969
-0.3895821,2.986941,-9.482969
-4.91118,2.986941,-9.483259
-4.91118,2.986941,-9.483259
-4.91118,2.986941,-7.571678
-4.91118,2.589963,-7.571678
-4.91118,2.589963,-9.483259
-4.91118,1.29404,-7.571678
-4.91118,1.557308,-9.483259
-4.91118,0.1153735,-9.483259
-4.91118,0.1153735,-7.571678
3.453048,0.1153735,-3.169504
3.429048,2.986942,1.072267
3.453048,2.986942,-3.169504
3.429048,1.914866,1.072267
3.429048,0.1153735,1.072267
3.573047,2.986942,-3.169504
3.573047,0.1153735,-3.169504
3.453048,0.1153735,-3.169504
3.453048,2.986942,-3.169504
3.405048,1.662188,5.314039
3.405048,2.986942,5.314039
3.40949,2.986942,4.507065
3.409489,2.613818,4.507065
3.423653,2.986942,2.013217
3.423653,2.614868,2.013218
3.40949,1.286601,4.507065
3.429048,1.914866,1.072267
3.429048,2.986942,1.072267
3.423653,1.286155,2.013217
3.429048,0.1153735,1.072267
3.423653,0.1153735,2.013217
3.40949,0.1153735,4.507065
3.405048,0.1153735,5.314039
3.40949,1.286601,4.507065
3.529601,1.285373,4.509367
3.543694,1.285373,2.018572
3.423653,1.286155,2.013217
3.409489,2.613818,4.507065
3.529601,2.629248,4.509367
3.529601,1.285373,4.509367
3.40949,1.286601,4.507065
3.423653,1.286155,2.013217
3.543694,1.285373,2.018572
3.543694,2.629248,2.018572
3.423653,2.614868,2.013218
3.423653,2.614868,2.013218
3.543694,2.629248,2.018572
3.529601,2.629248,4.509367
3.409489,2.613818,4.507065
-4.91118,2.986942,2.005504
-4.91118,2.986942,5.315726
-4.91118,2.589963,5.315726
-4.91118,2.589963,2.005504
-4.91118,1.708426,2.005504
-4.91118,1.661029,5.315726
-4.91118,1.661029,5.315726
-4.91118,0.1153735,5.315726
-4.91118,0.1153735,2.005504
-4.91118,1.708426,2.005504
4.903955,2.986942,-9.482631
2.546015,2.986941,-9.482789
2.546015,2.589963,-9.482789
4.903955,2.589963,-9.482631
2.546015,1.296132,-9.482789
4.903955,1.637822,-9.482631
2.546015,0.1153735,-9.482789
4.903955,0.1153735,-9.482631
0.2958558,2.986941,-9.482925
-0.3895821,2.986941,-9.482969
-0.3895821,2.589963,-9.482969
0.2958558,2.589963,-9.482925
2.546015,2.986941,-9.482789
2.546015,2.589963,-9.482789
0.2958558,1.296132,-9.482925
-0.3895821,1.330512,-9.482969
0.2958558,0.1153735,-9.482925
-0.3895821,0.1153735,-9.482969
2.546015,0.1153735,-9.482789
2.546015,1.296132,-9.482789
2.546015,1.298367,-9.611549
2.546015,1.296132,-9.482789
2.546015,2.589963,-9.482789
2.546015,2.59225,-9.611549
0.2958558,1.296132,-9.482925
2.546015,1.296132,-9.482789
2.546015,1.298367,-9.611549
0.295856,1.298367,-9.612532
0.2958558,2.589963,-9.482925
0.2958558,1.296132,-9.482925
0.295856,1.298367,-9.612532
0.2958558,2.59225,-9.612532
0.2958558,2.59225,-9.612532
2.546015,2.59225,-9.611549
2.546015,2.589963,-9.482789
0.2958558,2.589963,-9.482925
-1.017675,2.623052,5.434717
-1.017357,2.602361,5.314937
-1.017357,1.665689,5.314937
-1.017675,1.678587,5.434717
-2.690295,2.602361,5.315276
-1.017357,2.602361,5.314937
-1.017675,2.623052,5.434717
-2.690477,2.623052,5.434867
-2.690477,0.1153735,5.434867
-2.690295,0.1153735,5.315276
-2.690295,1.658681,5.315276
-2.690477,1.653782,5.434867
-1.017357,1.665689,5.314937
-1.017357,0.1153735,5.314937
-1.017675,0.1153735,5.434717
-1.017675,1.678587,5.434717
-2.690295,1.658681,5.315276
-2.690295,2.602361,5.315276
-2.690477,2.623052,5.434867
-2.690477,1.653782,5.434867
0.1171707,2.986941,5.314706
-1.017357,2.602361,5.314937
-1.017357,2.986941,5.314937
0.1171706,2.60092,5.314706
2.597792,2.986941,5.314202
2.597792,2.59777,5.314202
0.1171706,1.298804,5.314706
-1.017357,1.665689,5.314937
0.1171707,0.1153735,5.314706
-1.017357,0.1153735,5.314937
2.597792,0.1153735,5.314202
2.597792,1.29684,5.314202
-2.690295,0.1153735,5.315276
-4.91118,0.1153735,5.315726
-4.91118,1.661029,5.315726
-2.690295,1.658681,5.315276
-2.690295,2.602361,5.315276
-2.690295,2.986941,5.315276
-1.017357,2.986941,5.314937
-1.017357,2.602361,5.314937
3.405048,0.1153735,5.314039
2.597792,0.1153735,5.314202
2.597792,1.29684,5.314202
3.405048,1.662188,5.314039
2.597792,2.59777,5.314202
2.597792,2.986941,5.314202
3.405048,2.986942,5.314039
2.597178,2.604329,5.434394
0.1167593,2.617176,5.434615
0.1171706,2.60092,5.314706
2.597792,2.59777,5.314202
0.1167595,1.308937,5.434616
2.597178,1.300928,5.434394
2.597792,1.29684,5.314202
0.1171706,1.298804,5.314706
2.597178,2.604329,5.434394
2.597792,2.59777,5.314202
2.597792,1.29684,5.314202
2.597178,1.300928,5.434394
0.1167595,1.308937,5.434616
0.1171706,1.298804,5.314706
0.1171706,2.60092,5.314706
0.1167593,2.617176,5.434615
-2.690295,2.602361,5.315276
-4.91118,2.986942,5.315726
-2.690295,2.986941,5.315276
-4.91118,2.589963,5.315726
-2.690295,1.658681,5.315276
-4.91118,1.661029,5.315726
-0.3928998,0.1153735,-4.840333
-0.7204165,2.626698,-4.840333
-0.7204165,0.1153735,-4.840333
-0.3928998,2.626698,-4.840333
-0.7204165,2.986941,-4.840333
-0.3928998,2.986941,-4.840333
-1.869546,2.626698,-4.840333
-1.869546,2.986941,-4.840333
-4.941579,2.626698,-4.840333
-4.941579,2.986941,-4.840333
-1.869546,0.1153735,-4.840333
-4.941579,0.1153735,-4.840333
-0.3928998,2.626698,-4.960332
-0.3928998,0.1153735,-4.960332
-0.7204165,0.1153735,-4.960332
-0.7204165,2.626698,-4.960332
-0.3928998,2.986941,-4.960332
-0.7204165,2.986941,-4.960332
-1.869546,2.626698,-4.960332
-1.869546,2.986941,-4.960332
-4.941579,2.626698,-4.960332
-4.941579,2.986941,-4.960332
-1.869546,0.1153735,-4.960332
-4.941579,0.1153735,-4.960332
-0.3928998,0.1153735,-4.960332
-0.3928998,2.626698,-4.840333
-0.3928998,0.1153735,-4.840333
-0.3928998,2.626698,-4.960332
-0.3928998,2.986941,-4.840333
-0.3928998,2.986941,-4.960332
-1.869546,2.626698,-4.840333
-1.869546,2.626698,-4.960332
-0.7204165,2.626698,-4.960332
-0.7204165,2.626698,-4.840333
-0.7204165,2.626698,-4.840333
-0.7204165,2.626698,-4.960332
-0.7204165,0.1153735,-4.960332
-0.7204165,0.1153735,-4.840333
-1.869546,0.1153735,-4.840333
-1.869546,0.1153735,-4.960332
-1.869546,2.626698,-4.960332
-1.869546,2.626698,-4.840333
-0.4684714,2.986941,-3.098863
-0.4684714,0.1153735,-3.218863
-0.4684714,0.1153735,-3.098863
-0.4684714,2.986941,-3.218863
-0.4586802,2.986941,-6.38519
-0.4586802,0.1153735,-6.38519
-0.3263574,2.986941,-3.098863
-0.4684714,2.986941,-3.098863
-0.4684714,0.1153735,-3.098863
-0.3263574,0.1153735,-3.098863
-0.1004149,2.986941,-3.098863
-0.1004148,2.624506,-3.098863
-0.1004149,0.1153735,-3.098863
-0.4586802,2.986941,-6.38519
-0.448889,2.986941,-9.551518
-0.448889,0.1153735,-9.551518
-0.4586802,0.1153735,-6.38519
-0.1004148,2.624506,-3.098863
1.06491,2.986941,-3.098863
-0.1004149,2.986941,-3.098863
1.06491,2.624506,-3.098863
3.513339,2.603655,-3.098863
3.513339,2.986942,-3.098863
3.49263,1.036986,-3.098863
1.06491,0.1153735,-3.098863
3.509682,0.1153735,-3.098863
3.507714,2.032602,-3.098863
1.06491,2.624506,-3.098863
3.513339,2.603655,-3.098863
1.06491,2.624506,-3.098863
1.06491,2.623317,-3.218863
1.06491,0.1153735,-3.218863
1.06491,0.1153735,-3.098863
4.902233,2.589963,-3.218863
4.902233,2.986942,-3.218863
4.902623,2.986942,-4.63877
4.902623,2.589963,-4.63877
4.902623,1.240934,-4.63877
4.902232,1.557308,-3.218863
4.902623,0.1153735,-4.63877
4.902233,0.1153735,-3.218863
4.903239,0.1153735,-6.879683
4.903239,1.240934,-6.879683
4.902623,2.986942,-4.63877
4.903239,2.986942,-6.879683
4.903239,2.589963,-6.879683
4.902623,2.589963,-4.63877
4.903239,1.240934,-6.879683
4.903955,0.1153735,-9.482631
4.903239,0.1153735,-6.879683
4.903955,1.637822,-9.482631
4.903239,2.589963,-6.879683
4.903955,2.589963,-9.482631
4.903239,2.986942,-6.879683
4.903955,2.986942,-9.482631
4.903239,1.240934,-6.879683
4.902623,1.240934,-4.63877
5.029811,1.241157,-4.63877
5.027102,1.241157,-6.879683
5.029811,1.241157,-4.63877
4.902623,1.240934,-4.63877
4.902623,2.589963,-4.63877
5.029811,2.59225,-4.63877
4.903239,2.589963,-6.879683
5.027102,2.59225,-6.879683
4.902623,2.589963,-4.63877
5.029811,2.59225,-4.63877
5.027102,2.59225,-6.879683
4.903239,2.589963,-6.879683
5.027102,1.241157,-6.879683
4.903239,1.240934,-6.879683
-0.3276232,2.986941,-6.38519
-0.3263574,2.986941,-3.218863
-0.3263574,0.1153735,-3.218863
-0.3276232,0.1153735,-6.38519
-0.328889,0.1153735,-9.551518
-0.328889,2.986941,-9.551518
-0.3276232,2.986941,-6.38519
-0.3276232,0.1153735,-6.38519
-0.3263574,2.986941,-3.218863
-0.1004149,0.1153735,-3.218863
-0.3263574,0.1153735,-3.218863
-0.1004149,2.623317,-3.218863
-0.1004149,2.986941,-3.218863
1.06491,2.623317,-3.218863
1.06491,2.986941,-3.218863
1.06491,2.623317,-3.218863
3.507039,0.1153735,-3.218863
1.06491,0.1153735,-3.218863
3.519994,1.962823,-3.218863
4.902233,0.1153735,-3.218863
4.902232,1.557308,-3.218863
3.513339,2.601756,-3.218863
4.902233,2.589963,-3.218863
4.902233,2.986942,-3.218863
3.513339,2.986942,-3.218863
1.06491,2.986941,-3.218863
-0.1004149,0.1153735,-3.098863
-0.1004149,0.1153735,-3.218863
-0.1004148,2.624506,-3.098863
-0.1004149,2.623317,-3.218863
-0.1004149,2.623317,-3.218863
1.06491,2.623317,-3.218863
1.06491,2.624506,-3.098863
-0.1004148,2.624506,-3.098863
-4.91118,2.986941,-2.329397
-4.91118,2.986942,2.005504
-4.91118,2.589963,2.005504
-4.91118,2.589963,-2.329397
-4.91118,1.708426,-2.329397
-5.03118,1.709836,-2.329397
-5.03118,1.709836,2.005504
-4.91118,1.708426,2.005504
-4.91118,2.589963,-2.329397
-5.03118,2.59225,-2.329397
-5.03118,1.709836,-2.329397
-4.91118,1.708426,-2.329397
-4.91118,1.708426,2.005504
-5.03118,1.709836,2.005504
-4.91118,2.589963,2.005504
-5.03118,2.59225,2.005504
-4.91118,2.589963,2.005504
-5.03118,2.59225,2.005504
-4.91118,2.589963,-2.329397
-5.03118,2.59225,-2.329397
-4.91118,2.986941,-5.904725
-4.91118,2.986941,-2.329397
-4.91118,2.589963,-2.329397
-4.91118,2.589963,-5.904725
-4.91118,1.299039,-5.904725
-4.91118,1.708426,-2.329397
-4.91118,0.1153735,-5.904725
-4.91118,0.1153735,-2.329397
-4.91118,2.986941,-7.571678
-4.91118,2.986941,-5.904725
-4.91118,2.589963,-5.904725
-4.91118,2.589963,-7.571678
-4.91118,1.299039,-5.904725
-4.91118,0.1153735,-5.904725
-4.91118,0.1153735,-7.571678
-4.91118,1.29404,-7.571678
-4.91118,1.299039,-5.904725
-4.91118,1.29404,-7.571678
-5.03118,1.292215,-7.571678
-5.03118,1.298367,-5.904725
-4.91118,2.589963,-5.904725
-5.03118,2.59225,-5.904725
-4.91118,2.589963,-7.571678
-5.03118,2.59225,-7.571678
-5.03118,1.292215,-7.571678
-4.91118,1.29404,-7.571678
-4.91118,2.589963,-7.571678
-5.03118,2.59225,-7.571678
-4.91118,2.589963,-5.904725
-4.91118,1.299039,-5.904725
-5.03118,1.298367,-5.904725
-5.03118,2.59225,-5.904725
3.434031,2.988436,5.367621
-0.3927684,2.988436,5.363984
-0.3712223,2.988436,-3.139981
3.476037,2.988436,-3.118783
-0.3927684,2.988436,5.363984
-4.938472,2.988436,5.359536
-4.941947,2.988436,-3.165906
-0.3712223,2.988436,-3.139981
-0.3712223,2.988436,-3.139981
-4.941947,2.988436,-3.165906
-4.943557,2.988436,-4.920695
-0.3748433,2.988436,-4.904686
4.998331,2.988436,-4.908055
3.456826,2.988436,-9.58665
4.992771,2.988436,-9.58665
3.470771,2.988436,-4.891596
5.000431,2.988436,-3.141458
3.476037,2.988436,-3.118783
-0.3712223,2.988436,-3.139981
-0.3748433,2.988436,-4.904686
-0.3844332,2.988436,-9.578268
5.005513,2.769185,-3.146202
5.005513,2.969185,-3.146202
4.659016,2.969185,-3.146202
4.659016,2.769185,-3.146202
5.005513,2.969185,-3.146202
5.005513,2.969185,-9.547748
4.659016,2.969185,-9.547748
4.659016,2.969185,-3.146202
5.005513,2.969185,-9.547748
5.005513,2.769185,-9.547748
4.659016,2.769185,-9.547748
4.659016,2.969185,-9.547748
5.005513,2.769185,-9.547748
5.005513,2.769185,-3.146202
4.659016,2.769185,-3.146202
4.659016,2.769185,-9.547748
4.659016,2.769185,-3.146202
4.659016,2.969185,-3.146202
4.659016,2.969185,-9.547748
4.659016,2.769185,-9.547748
5.005513,2.769185,-9.547748
5.005513,2.969185,-9.547748
5.005513,2.969185,-3.146202
5.005513,2.769185,-3.146202
-1.91317,2.769185,5.40205
-1.91317,2.969185,5.40205
-2.259668,2.969185,5.40205
-2.259668,2.769185,5.40205
-1.91317,2.969185,5.40205
-1.91317,2.969185,-4.900352
-2.259668,2.969185,-4.900352
-2.259668,2.969185,5.40205
-1.91317,2.769185,-4.900352
-1.91317,2.769185,5.40205
-2.259668,2.769185,5.40205
-2.259668,2.769185,-4.900352
-2.259668,2.769185,5.40205
-2.259668,2.969185,5.40205
-2.259668,2.969185,-4.900352
-2.259668,2.769185,-4.900352
-1.91317,2.769185,-4.900352
-1.91317,2.969185,-4.900352
-1.91317,2.969185,5.40205
-1.91317,2.769185,5.40205
-1.91317,2.969185,-4.900352
-1.91317,2.769185,-4.900352
-2.259668,2.769185,-4.900352
-2.259668,2.969185,-4.900352
0.8934622,2.769185,5.40205
0.8934622,2.969185,5.40205
0.5469649,2.969185,5.40205
0.5469649,2.769185,5.40205
0.8934622,2.969185,5.40205
0.8934622,2.969185,-9.557835
0.5469649,2.969185,-9.557835
0.5469649,2.969185,5.40205
0.8934622,2.969185,-9.557835
0.8934622,2.769185,-9.557835
0.5469649,2.769185,-9.557835
0.5469649,2.969185,-9.557835
0.8934622,2.769185,-9.557835
0.8934622,2.769185,5.40205
0.5469649,2.769185,5.40205
0.5469649,2.769185,-9.557835
0.5469649,2.769185,5.40205
0.5469649,2.969185,5.40205
0.5469649,2.969185,-9.557835
0.5469649,2.769185,-9.557835
0.8934622,2.769185,-9.557835
0.8934622,2.969185,-9.557835
0.8934622,2.969185,5.40205
0.8934622,2.769185,5.40205
3.508105,2.769185,5.40205
3.508105,2.969185,5.40205
3.161608,2.969185,5.40205
3.161608,2.769185,5.40205
3.508105,2.969185,5.40205
3.508105,2.969185,-9.550055
3.161608,2.969185,-9.550055
3.161608,2.969185,5.40205
3.508105,2.969185,-9.550055
3.508105,2.769185,-9.550055
3.161608,2.769185,-9.550055
3.161608,2.969185,-9.550055
3.508105,2.769185,-9.550055
3.508105,2.769185,5.40205
3.161608,2.769185,5.40205
3.161608,2.769185,-9.550055
3.161608,2.769185,5.40205
3.161608,2.969185,5.40205
3.161608,2.969185,-9.550055
3.161608,2.769185,-9.550055
3.508105,2.769185,-9.550055
3.508105,2.969185,-9.550055
3.508105,2.969185,5.40205
3.508105,2.769185,5.40205
-4.66377,2.769185,5.40205
-4.66377,2.969185,5.40205
-5.010267,2.969185,5.40205
-5.010267,2.769185,5.40205
-4.66377,2.969185,5.40205
-4.66377,2.969185,-4.899549
-5.010267,2.969185,-4.899549
-5.010267,2.969185,5.40205
-4.66377,2.769185,-4.899549
-4.66377,2.769185,5.40205
-5.010267,2.769185,5.40205
-5.010267,2.769185,-4.899549
-5.010267,2.769185,5.40205
-5.010267,2.969185,5.40205
-5.010267,2.969185,-4.899549
-5.010267,2.769185,-4.899549
-4.66377,2.769185,-4.899549
-4.66377,2.969185,-4.899549
-4.66377,2.969185,5.40205
-4.66377,2.769185,5.40205
-4.66377,2.769185,-4.899549
-5.010267,2.769185,-4.899549
-5.010267,2.969185,-4.899549
-4.66377,2.969185,-4.899549
-5.011269,2.69557,5.400699
-5.011269,2.966327,5.400699
-5.011269,2.966327,5.050699
-5.011269,2.69557,5.050699
-5.011269,2.966327,5.400699
3.496969,2.966327,5.400698
3.496969,2.966327,5.050698
-5.011269,2.966327,5.050699
3.496969,2.966327,5.400698
3.496969,2.69557,5.400698
3.496969,2.69557,5.050698
3.496969,2.966327,5.050698
3.496969,2.69557,5.400698
-5.011269,2.69557,5.400699
-5.011269,2.69557,5.050699
3.496969,2.69557,5.050698
-5.011269,2.69557,5.050699
-5.011269,2.966327,5.050699
3.496969,2.966327,5.050698
3.496969,2.69557,5.050698
3.496969,2.69557,5.400698
3.496969,2.966327,5.400698
-5.011269,2.966327,5.400699
-5.011269,2.69557,5.400699
-4.982507,2.69557,1.417063
-4.982507,2.966327,1.417063
-4.982507,2.966327,1.067063
-4.982507,2.69557,1.067063
-4.982507,2.966327,1.417063
3.503879,2.966327,1.417062
3.503879,2.966327,1.067062
-4.982507,2.966327,1.067063
3.503879,2.966327,1.417062
3.503879,2.69557,1.417062
3.503879,2.69557,1.067062
3.503879,2.966327,1.067062
3.503879,2.69557,1.417062
-4.982507,2.69557,1.417063
-4.982507,2.69557,1.067063
3.503879,2.69557,1.067062
-4.982507,2.69557,1.067063
-4.982507,2.966327,1.067063
3.503879,2.966327,1.067062
3.503879,2.69557,1.067062
3.503879,2.69557,1.417062
3.503879,2.966327,1.417062
-4.982507,2.966327,1.417063
-4.982507,2.69557,1.417063
-4.988319,2.69557,-2.740672
-4.988319,2.966327,-2.740672
-4.988319,2.966327,-3.090672
-4.988319,2.69557,-3.090672
-4.988319,2.966327,-2.740672
3.54601,2.966327,-2.740672
3.54601,2.966327,-3.090672
-4.988319,2.966327,-3.090672
3.54601,2.966327,-2.740672
3.54601,2.69557,-2.740672
3.54601,2.69557,-3.090672
3.54601,2.966327,-3.090672
3.54601,2.69557,-2.740672
-4.988319,2.69557,-2.740672
-4.988319,2.69557,-3.090672
3.54601,2.69557,-3.090672
-4.988319,2.69557,-3.090672
-4.988319,2.966327,-3.090672
3.54601,2.966327,-3.090672
3.54601,2.69557,-3.090672
3.54601,2.69557,-2.740672
3.54601,2.966327,-2.740672
-4.988319,2.966327,-2.740672
-4.988319,2.69557,-2.740672
5.011715,2.966327,-9.241347
5.011715,2.69557,-9.241347
5.011715,2.69557,-9.591348
5.011715,2.966327,-9.591348
-0.403013,2.966327,-9.241348
5.011715,2.966327,-9.241347
5.011715,2.966327,-9.591348
-0.403013,2.966327,-9.591348
5.011715,2.69557,-9.241347
5.011715,2.966327,-9.241347
-0.403013,2.966327,-9.241348
-0.4030128,2.69557,-9.241348
5.011715,2.69557,-9.241347
-0.4030128,2.69557,-9.241348
-0.4030128,2.69557,-9.591349
5.011715,2.69557,-9.591348
-0.403013,2.966327,-9.591348
5.011715,2.966327,-9.591348
5.011715,2.69557,-9.591348
-0.4030128,2.69557,-9.591349
-0.403013,2.966327,-9.241348
-0.403013,2.966327,-9.591348
-0.4030128,2.69557,-9.591349
-0.4030128,2.69557,-9.241348
-4.988319,2.69557,-3.108915
-4.988319,2.966327,-3.108915
-4.988319,2.966327,-3.458915
-4.988319,2.69557,-3.458915
-4.988319,2.966327,-3.108915
5.008002,2.966327,-3.108915
5.008002,2.966327,-3.458915
-4.988319,2.966327,-3.458915
5.008002,2.966327,-3.108915
5.008002,2.69557,-3.108915
5.008002,2.69557,-3.458915
5.008002,2.966327,-3.458915
5.008002,2.69557,-3.108915
-4.988319,2.69557,-3.108915
-4.988319,2.69557,-3.458915
5.008002,2.69557,-3.458915
-4.988319,2.69557,-3.458915
-4.988319,2.966327,-3.458915
5.008002,2.966327,-3.458915
5.008002,2.69557,-3.458915
5.008002,2.69557,-3.108915
5.008002,2.966327,-3.108915
-4.988319,2.966327,-3.108915
-4.988319,2.69557,-3.108915
4.180697,3.17328,5.997485
4.180697,3.17328,-3.122099
0.6299332,4.318565,-3.064126
0.6299332,4.318565,5.997485
0.6299332,4.318565,5.997485
0.6299332,4.318565,-3.064126
-5.695774,3.112948,-3.128669
-5.695774,3.112948,5.997485
4.180697,3.17328,-3.122099
4.180697,3.07328,-3.122099
0.6299332,4.218565,-3.064126
0.6299332,4.318565,-3.064126
-5.695774,3.112948,-3.128669
-5.695774,3.012948,-3.128669
4.180697,3.07328,5.997485
4.180697,3.17328,5.997485
0.6299332,4.318565,5.997485
0.6299332,4.218565,5.997485
-5.695774,3.012948,5.997485
-5.695774,3.112948,5.997485
-5.695774,3.012948,5.997485
-5.695774,3.112948,5.997485
-5.695774,3.112948,-3.128669
-5.695774,3.012948,-3.128669
4.180697,3.07328,-3.122099
4.180697,3.17328,-3.122099
4.180697,3.17328,5.997485
4.180697,3.07328,5.997485
4.180697,3.07328,-3.122099
4.180697,3.07328,5.997485
0.6299332,4.218565,5.997485
0.6299332,4.218565,-3.064126
0.6299332,4.218565,5.997485
-5.695774,3.012948,5.997485
-5.695774,3.012948,-3.128669
0.6299332,4.218565,-3.064126
5.674254,4.486745,-2.722441
5.674254,3.108947,-10.36874
-5.644292,3.108947,-10.36874
-5.644292,4.486745,-2.722441
-5.644292,3.108943,-10.3681
-5.644292,3.008952,-10.36938
-5.644292,4.386749,-2.72308
-5.644292,4.486741,-2.721802
5.674254,4.386749,-2.72308
5.674254,3.008952,-10.36938
5.674254,3.108943,-10.3681
5.674254,4.486741,-2.721802
-5.644292,3.008952,-10.36938
-5.644292,3.108943,-10.3681
5.674254,3.108943,-10.3681
5.674254,3.008952,-10.36938
5.674254,4.386749,-2.72308
5.674254,4.486741,-2.721802
-5.644292,4.486741,-2.721802
-5.644292,4.386749,-2.72308
-5.644292,4.386749,-2.72308
-5.644292,3.008952,-10.36938
5.674254,3.008952,-10.36938
5.674254,4.386749,-2.72308
3.523564,2.980923,5.43501
3.523564,3.339007,5.43501
0.634437,4.254318,5.438111
0.634437,2.9843,5.438111
5.023607,3.144797,-9.610336
5.023607,2.981431,-9.610336
-5.02764,2.981611,-9.61447
-5.02764,3.162182,-9.61447
-5.031404,2.981398,5.435029
-5.031404,3.089178,5.435029
-5.024645,3.127841,-3.141532
-5.024645,2.9843,-3.138192
3.572218,2.984299,-3.163151
3.572218,3.339007,-3.163151
3.523564,3.339007,5.43501
3.523564,2.980923,5.43501
5.023607,2.981431,-9.610336
5.023607,3.144797,-9.610336
5.034103,4.322049,-3.098378
5.034103,2.971657,-3.098378
-5.024645,4.324085,-3.136771
-5.02764,3.162182,-9.61447
-5.02764,2.981611,-9.61447
-5.024645,2.9843,-3.136771
0.634437,4.254318,5.438111
-5.031404,3.089178,5.435029
-5.031404,2.981398,5.435029
0.634437,2.9843,5.438111
5.034103,2.971657,-3.098378
5.034103,4.322049,-3.098378
-5.024645,4.324085,-3.136771
-5.024645,2.9843,-3.136771
4.198469,3.036315,6.040144
4.198469,3.228764,6.040144
0.6429042,4.384756,6.040144
0.6429042,4.192307,6.040144
-5.74194,2.97542,6.040144
-5.74194,3.167868,6.040144
-5.74194,3.167868,-3.171328
-5.74194,2.97542,-3.171328
4.198469,3.036315,-3.164697
4.198469,3.228764,-3.164697
4.198469,3.228764,6.040144
4.198469,3.036315,6.040144
0.6429042,4.384756,6.040144
-5.74194,3.167868,6.040144
-5.74194,2.97542,6.040144
0.6429042,4.192307,6.040144
-5.74194,3.167868,-3.171328
-5.022458,3.280048,-3.171328
-5.022458,3.112156,-3.171328
-5.74194,2.97542,-3.171328
0.6429042,4.192307,6.040144
0.5966118,4.172195,5.887898
4.062101,3.066468,5.887898
4.198469,3.036315,6.040144
4.198469,3.036315,6.040144
4.062101,3.066468,5.887898
4.062101,3.066468,-3.143385
4.198469,3.036315,-3.164697
-5.74194,2.97542,-3.171328
-5.577178,2.995532,-3.019083
-5.577178,2.995532,5.887898
-5.74194,2.97542,6.040144
-5.74194,2.97542,6.040144
-5.577178,2.995532,5.887898
0.5966118,4.172195,5.887898
0.6429042,4.192307,6.040144
-5.022458,3.112156,-3.171328
-5.021481,3.127749,-3.019083
-5.577178,2.995532,-3.019083
-5.74194,2.97542,-3.171328
0.5966118,4.172195,5.887898
0.5966118,4.25442,5.887898
4.062101,3.13664,5.887898
4.062101,3.066468,5.887898
4.062101,3.066468,5.887898
4.062101,3.13664,5.887898
4.062101,3.13664,-3.142739
4.062101,3.066468,-3.143385
-5.577178,2.995532,-3.019083
-5.577178,3.077757,-3.019083
-5.577178,3.077757,5.887898
-5.577178,2.995532,5.887898
-5.577178,2.995532,5.887898
-5.577178,3.077757,5.887898
0.5966118,4.25442,5.887898
0.5966118,4.172195,5.887898
-5.021481,3.127749,-3.019083
-5.021482,3.209974,-3.019083
-5.577178,3.077757,-3.019083
-5.577178,2.995532,-3.019083
4.198469,3.228764,6.040144
4.176823,3.243972,5.956581
0.5962228,4.361431,5.994626
0.6429042,4.384756,6.040144
-5.74194,3.167868,6.040144
-5.69051,3.166748,5.956581
-5.69051,3.172615,-3.119066
-5.74194,3.167868,-3.171328
4.198469,3.228764,-3.164697
4.176823,3.229241,-3.153691
4.176823,3.243972,5.956581
4.198469,3.228764,6.040144
0.6429042,4.384756,6.040144
0.5962228,4.361431,5.994626
-5.69051,3.166748,5.956581
-5.74194,3.167868,6.040144
-5.74194,3.167868,-3.171328
-5.69051,3.172615,-3.119066
-5.020295,3.3057,-3.119066
-5.022458,3.280048,-3.171328
4.176823,3.243972,5.956581
4.062101,3.13664,5.887898
0.5966118,4.25442,5.887898
0.5962228,4.361431,5.994626
-5.69051,3.166748,5.956581
-5.577178,3.077757,5.887898
-5.577178,3.077757,-3.019083
-5.69051,3.172615,-3.119066
4.176823,3.229241,-3.153691
4.062101,3.13664,-3.142739
4.062101,3.13664,5.887898
4.176823,3.243972,5.956581
0.5962228,4.361431,5.994626
0.5966118,4.25442,5.887898
-5.577178,3.077757,5.887898
-5.69051,3.166748,5.956581
-5.69051,3.172615,-3.119066
-5.577178,3.077757,-3.019083
-5.021482,3.209974,-3.019083
-5.020295,3.3057,-3.119066
-5.700845,3.156654,-10.40259
-5.700845,2.955485,-10.40259
-5.700845,4.361477,-2.664105
-5.700845,4.562646,-2.664105
5.74194,4.361477,-2.664105
5.74194,2.955485,-10.40259
5.74194,3.156654,-10.40259
5.74194,4.562646,-2.664105
-5.700845,2.955485,-10.40259
-5.700845,3.156654,-10.40259
5.74194,3.156654,-10.40259
5.74194,2.955485,-10.40259
5.74194,4.361477,-2.664105
5.74194,4.562646,-2.664105
-5.700845,4.562646,-2.664105
-5.700845,4.361477,-2.664105
-5.700845,4.361477,-2.664105
-5.596877,4.34272,-2.754327
5.62684,4.34272,-2.754327
5.74194,4.361477,-2.664105
5.74194,2.955485,-10.40259
5.62684,2.974242,-10.26091
-5.596877,2.974242,-10.26091
-5.700845,2.955485,-10.40259
5.74194,4.361477,-2.664105
5.62684,4.34272,-2.754327
5.62684,2.974242,-10.26091
5.74194,2.955485,-10.40259
-5.700845,2.955485,-10.40259
-5.596877,2.974242,-10.26091
-5.596877,4.34272,-2.754327
-5.700845,4.361477,-2.664105
-5.596877,4.34272,-2.754327
-5.596877,4.401863,-2.754327
5.62684,4.401863,-2.754327
5.62684,4.34272,-2.754327
5.62684,2.974242,-10.26091
5.62684,3.033385,-10.26091
-5.596877,3.033385,-10.26091
-5.596877,2.974242,-10.26091
5.62684,4.34272,-2.754327
5.62684,4.401863,-2.754327
5.62684,3.033385,-10.26091
5.62684,2.974242,-10.26091
-5.596877,2.974242,-10.26091
-5.596877,3.033385,-10.26091
-5.596877,4.401863,-2.754327
-5.596877,4.34272,-2.754327
-5.700845,4.562646,-2.664105
-5.664591,4.537637,-2.718959
-5.664591,3.181664,-10.3465
-5.700845,3.156654,-10.40259
5.74194,3.156654,-10.40259
5.699137,3.181664,-10.3465
5.699137,4.537637,-2.718959
5.74194,4.562646,-2.664105
-5.700845,3.156654,-10.40259
-5.664591,3.181664,-10.3465
5.699137,3.181664,-10.3465
5.74194,3.156654,-10.40259
5.74194,4.562646,-2.664105
5.699137,4.537637,-2.718959
-5.664591,4.537637,-2.718959
-5.700845,4.562646,-2.664105
-5.664591,4.537637,-2.718959
-5.596877,4.401863,-2.754327
-5.596877,3.033385,-10.26091
-5.664591,3.181664,-10.3465
5.699137,3.181664,-10.3465
5.62684,3.033385,-10.26091
5.62684,4.401863,-2.754327
5.699137,4.537637,-2.718959
-5.664591,3.181664,-10.3465
-5.596877,3.033385,-10.26091
5.62684,3.033385,-10.26091
5.699137,3.181664,-10.3465
5.699137,4.537637,-2.718959
5.62684,4.401863,-2.754327
-5.596877,4.401863,-2.754327
-5.664591,4.537637,-2.718959
-5.022458,3.112156,-3.171328
-5.022458,3.280048,-3.171328
-5.020295,3.3057,-3.119066
-5.021482,3.209974,-3.019083
4.198469,3.036315,-3.164697
4.176823,3.229241,-3.153691
4.198469,3.228764,-3.164697
4.062101,3.13664,-3.142739
4.062101,3.066468,-3.143385
3.501997,1.284395,4.512138
3.501997,2.634395,4.512138
3.501997,2.634395,2.012138
3.501997,1.284395,2.012138
3.501997,2.634395,4.512138
3.511997,2.634395,4.512138
3.511997,2.634395,2.012138
3.501997,2.634395,2.012138
3.511997,2.634395,4.512138
3.511997,1.284395,4.512138
3.511997,1.284395,2.012138
3.511997,2.634395,2.012138
3.511997,1.284395,4.512138
3.501997,1.284395,4.512138
3.501997,1.284395,2.012138
3.511997,1.284395,2.012138
3.501997,1.284395,2.012138
3.501997,2.634395,2.012138
3.511997,2.634395,2.012138
3.511997,1.284395,2.012138
3.511997,1.284395,4.512138
3.511997,2.634395,4.512138
3.501997,2.634395,4.512138
3.501997,1.284395,4.512138
4.97046,1.238393,-4.63554
4.97046,2.588392,-4.63554
4.96046,2.588392,-4.63554
4.96046,1.238393,-4.63554
4.97046,2.588392,-4.63554
4.97046,2.588392,-6.88554
4.96046,2.588392,-6.88554
4.96046,2.588392,-4.63554
4.97046,2.588392,-6.88554
4.97046,1.238393,-6.88554
4.96046,1.238393,-6.88554
4.96046,2.588392,-6.88554
4.97046,1.238393,-6.88554
4.97046,1.238393,-4.63554
4.96046,1.238393,-4.63554
4.96046,1.238393,-6.88554
4.96046,1.238393,-4.63554
4.96046,2.588392,-4.63554
4.96046,2.588392,-6.88554
4.96046,1.238393,-6.88554
4.97046,1.238393,-6.88554
4.97046,2.588392,-6.88554
4.97046,2.588392,-4.63554
4.97046,1.238393,-4.63554
2.570852,1.291074,-9.550654
2.570852,2.591074,-9.550654
0.2708522,2.591074,-9.550654
0.2708522,1.291074,-9.550654
2.570852,2.591074,-9.550654
2.570852,2.591074,-9.560655
0.2708522,2.591074,-9.560655
0.2708522,2.591074,-9.550654
2.570852,2.591074,-9.560655
2.570852,1.291074,-9.560655
0.2708522,1.291074,-9.560655
0.2708522,2.591074,-9.560655
2.570852,1.291074,-9.560655
2.570852,1.291074,-9.550654
0.2708522,1.291074,-9.550654
0.2708522,1.291074,-9.560655
0.2708522,1.291074,-9.550654
0.2708522,2.591074,-9.550654
0.2708522,2.591074,-9.560655
0.2708522,1.291074,-9.560655
2.570852,1.291074,-9.560655
2.570852,2.591074,-9.560655
2.570852,2.591074,-9.550654
2.570852,1.291074,-9.550654
-4.96479,1.297868,-5.909252
-4.96479,2.597867,-5.909252
-4.97479,2.597867,-5.909252
-4.97479,1.297868,-5.909252
-4.96479,2.597867,-5.909252
-4.96479,2.597867,-7.569252
-4.97479,2.597867,-7.569252
-4.97479,2.597867,-5.909252
-4.96479,2.597867,-7.569252
-4.96479,1.297868,-7.569252
-4.97479,1.297868,-7.569252
-4.97479,2.597867,-7.569252
-4.96479,1.297868,-7.569252
-4.96479,1.297868,-5.909252
-4.97479,1.297868,-5.909252
-4.97479,1.297868,-7.569252
-4.97479,1.297868,-5.909252
-4.97479,2.597867,-5.909252
-4.97479,2.597867,-7.569252
-4.97479,1.297868,-7.569252
-4.96479,1.297868,-7.569252
-4.96479,2.597867,-7.569252
-4.96479,2.597867,-5.909252
-4.96479,1.297868,-5.909252
-4.96686,1.711543,2.001439
-4.96686,2.591543,2.001439
-4.97686,2.591543,2.001439
-4.97686,1.711543,2.001439
-4.96686,2.591543,2.001439
-4.96686,2.591543,-2.348561
-4.97686,2.591543,-2.348561
-4.97686,2.591543,2.001439
-4.96686,2.591543,-2.348561
-4.96686,1.711543,-2.348561
-4.97686,1.711543,-2.348561
-4.97686,2.591543,-2.348561
-4.96686,1.711543,-2.348561
-4.96686,1.711543,2.001439
-4.97686,1.711543,2.001439
-4.97686,1.711543,-2.348561
-4.97686,1.711543,2.001439
-4.97686,2.591543,2.001439
-4.97686,2.591543,-2.348561
-4.97686,1.711543,-2.348561
-4.96686,1.711543,-2.348561
-4.96686,2.591543,-2.348561
-4.96686,2.591543,2.001439
-4.96686,1.711543,2.001439
2.610083,1.284395,5.375338
2.610083,2.634395,5.375338
0.1100825,2.634395,5.375338
0.1100825,1.284395,5.375338
2.610083,2.634395,5.375338
2.610083,2.634395,5.365337
0.1100825,2.634395,5.365337
0.1100825,2.634395,5.375338
2.610083,2.634395,5.365337
2.610083,1.284395,5.365337
0.1100825,1.284395,5.365337
0.1100825,2.634395,5.365337
2.610083,1.284395,5.365337
2.610083,1.284395,5.375338
0.1100825,1.284395,5.375338
0.1100825,1.284395,5.365337
0.1100825,1.284395,5.375338
0.1100825,2.634395,5.375338
0.1100825,2.634395,5.365337
0.1100825,1.284395,5.365337
2.610083,1.284395,5.365337
2.610083,2.634395,5.365337
2.610083,2.634395,5.375338
2.610083,1.284395,5.375338
0.1100825,1.986056,5.397265
0.1100825,2.634395,5.397266
0.1100825,2.634395,5.350852
0.1100825,1.986056,5.350852
0.1100825,1.932733,5.397265
0.1100825,1.932733,5.350852
2.610083,1.986056,5.350852
2.610083,2.634395,5.350852
2.610083,2.634395,5.397266
2.610083,1.986056,5.397265
2.610083,1.932733,5.350852
2.610083,1.932733,5.397265
0.1100825,2.634395,5.350852
0.1586442,1.983808,5.350852
0.1100825,1.986056,5.350852
0.1586442,2.577477,5.350852
0.71355,2.577477,5.350852
0.6771287,2.634395,5.350852
0.7593638,2.577477,5.350852
0.71355,1.983808,5.350852
0.7593638,1.983808,5.350852
0.7350829,2.634395,5.350852
1.307159,2.577477,5.350852
1.295018,2.634395,5.350852
1.414237,2.577477,5.350852
1.307159,1.983808,5.350852
1.414237,1.983808,5.350852
1.426377,2.634395,5.350852
1.960802,2.577477,5.350852
1.985083,2.634395,5.350852
2.012382,2.577477,5.350852
2.048803,2.634395,5.350852
1.960802,1.983808,5.350852
2.012382,1.983808,5.350852
2.610083,2.634395,5.350852
2.561521,2.577477,5.350852
2.561521,1.983808,5.350852
2.610083,1.986056,5.350852
0.1586442,1.983808,5.350852
0.1586442,2.577477,5.350852
0.1586442,2.577477,5.397266
0.1586442,1.983808,5.397265
2.561521,2.577477,5.397266
2.561521,2.577477,5.350852
2.561521,1.983808,5.350852
2.561521,1.983808,5.397265
1.307159,1.341312,5.350852
0.7593638,1.341312,5.350852
0.7593638,1.341312,5.397265
1.307159,1.341312,5.397265
0.7593638,2.577477,5.350852
1.307159,2.577477,5.350852
1.307159,2.577477,5.397265
0.7593638,2.577477,5.397265
2.610083,1.284395,5.350852
2.610083,1.284395,5.397266
2.048803,1.284395,5.397266
2.048803,1.284395,5.350852
1.985083,1.284395,5.350852
1.985083,1.284395,5.397266
1.426377,1.284395,5.350852
1.426377,1.284395,5.397265
1.295018,1.284395,5.350852
1.295018,1.284395,5.397265
0.7350829,1.284395,5.350852
0.7350829,1.284395,5.397265
0.6771287,1.284395,5.350852
0.6771287,1.284395,5.397265
0.1100825,1.284395,5.350852
0.1100825,1.284395,5.397266
2.561521,1.341312,5.397266
2.561521,1.341312,5.350852
2.012382,1.341312,5.350852
2.012382,1.341312,5.397266
2.012382,2.577477,5.350852
2.561521,2.577477,5.350852
2.561521,2.577477,5.397266
2.012382,2.577477,5.397266
2.610083,2.634395,5.397266
2.610083,2.634395,5.350852
2.048803,2.634395,5.350852
2.048803,2.634395,5.397266
1.985083,2.634395,5.397266
1.985083,2.634395,5.350852
1.426377,2.634395,5.397265
1.426377,2.634395,5.350852
1.295018,2.634395,5.397265
1.295018,2.634395,5.350852
0.7350829,2.634395,5.397265
0.7350829,2.634395,5.350852
0.6771287,2.634395,5.397265
0.6771287,2.634395,5.350852
0.1100825,2.634395,5.397266
0.1100825,2.634395,5.350852
1.960802,1.341312,5.350852
1.414237,1.341312,5.350852
1.414237,1.341312,5.397265
1.960802,1.341312,5.397266
0.71355,1.341312,5.350852
0.1586442,1.341312,5.350852
0.1586442,1.341312,5.397266
0.71355,1.341312,5.397265
1.414237,2.577477,5.350852
1.960802,2.577477,5.350852
1.960802,2.577477,5.397266
1.414237,2.577477,5.397265
0.1586442,2.577477,5.397266
0.1586442,2.577477,5.350852
0.71355,2.577477,5.350852
0.71355,2.577477,5.397265
0.7593638,1.341312,5.350852
0.7593638,1.934981,5.350852
0.7593638,1.934981,5.397265
0.7593638,1.341312,5.397265
0.7593638,1.341312,5.397265
0.7593638,1.934981,5.397265
0.71355,1.934981,5.397265
0.71355,1.341312,5.397265
0.6771287,1.284395,5.397265
0.7350829,1.284395,5.397265
0.1100825,1.284395,5.397266
0.1586442,1.341312,5.397266
0.1586442,1.934981,5.397265
0.1100825,1.932733,5.397265
1.307159,1.341312,5.397265
1.295018,1.284395,5.397265
1.414237,1.341312,5.397265
1.307159,1.934981,5.397265
1.414237,1.934981,5.397265
1.426377,1.284395,5.397265
1.960802,1.341312,5.397266
1.985083,1.284395,5.397266
2.012382,1.341312,5.397266
2.048803,1.284395,5.397266
1.960802,1.934981,5.397265
2.012382,1.934981,5.397265
2.610083,1.284395,5.397266
2.561521,1.341312,5.397266
2.561521,1.934981,5.397265
2.610083,1.932733,5.397265
0.71355,1.341312,5.397265
0.71355,1.934981,5.397265
0.71355,1.934981,5.350852
0.71355,1.341312,5.350852
1.960802,1.341312,5.397266
1.960802,1.934981,5.397265
1.960802,1.934981,5.350852
1.960802,1.341312,5.350852
2.012382,1.341312,5.350852
2.012382,1.934981,5.350852
2.012382,1.934981,5.397265
2.012382,1.341312,5.397266
1.414237,1.341312,5.350852
1.414237,1.934981,5.350852
1.414237,1.934981,5.397265
1.414237,1.341312,5.397265
1.307159,1.341312,5.397265
1.307159,1.934981,5.397265
1.307159,1.934981,5.350852
1.307159,1.341312,5.350852
2.561521,1.934981,5.350852
2.561521,1.341312,5.350852
2.561521,1.341312,5.397266
2.561521,1.934981,5.397265
2.610083,1.284395,5.350852
2.610083,1.932733,5.350852
2.610083,1.932733,5.397265
2.610083,1.284395,5.397266
0.1100825,1.284395,5.397266
0.1100825,1.932733,5.397265
0.1100825,1.932733,5.350852
0.1100825,1.284395,5.350852
0.1586442,1.341312,5.397266
0.1586442,1.341312,5.350852
0.1586442,1.934981,5.350852
0.1586442,1.934981,5.397265
0.1586442,1.983808,5.350852
0.1100825,1.932733,5.350852
0.1100825,1.986056,5.350852
0.1586442,1.934981,5.350852
0.1100825,1.284395,5.350852
0.1586442,1.341312,5.350852
0.71355,1.934981,5.350852
0.71355,1.341312,5.350852
0.71355,1.983808,5.350852
0.6771287,1.284395,5.350852
0.7593638,1.983808,5.350852
0.7350829,1.284395,5.350852
0.7593638,1.934981,5.350852
0.7593638,1.341312,5.350852
1.295018,1.284395,5.350852
1.307159,1.934981,5.350852
1.307159,1.341312,5.350852
1.307159,1.983808,5.350852
1.426377,1.284395,5.350852
1.414237,1.983808,5.350852
1.414237,1.341312,5.350852
1.985083,1.284395,5.350852
1.414237,1.934981,5.350852
1.960802,1.341312,5.350852
1.960802,1.934981,5.350852
1.960802,1.983808,5.350852
2.048803,1.284395,5.350852
2.012382,1.983808,5.350852
2.012382,1.341312,5.350852
2.610083,1.284395,5.350852
2.561521,1.341312,5.350852
2.012382,1.934981,5.350852
2.561521,1.934981,5.350852
2.610083,1.932733,5.350852
2.561521,1.983808,5.350852
2.610083,1.986056,5.350852
0.1586442,1.934981,5.397265
0.1100825,1.986056,5.397265
0.1100825,1.932733,5.397265
0.1586442,1.983808,5.397265
0.1100825,2.634395,5.397266
0.1586442,2.577477,5.397266
0.71355,1.983808,5.397265
0.71355,2.577477,5.397265
0.71355,1.934981,5.397265
0.6771287,2.634395,5.397265
0.7593638,1.934981,5.397265
0.7350829,2.634395,5.397265
0.7593638,1.983808,5.397265
0.7593638,2.577477,5.397265
1.295018,2.634395,5.397265
1.307159,1.983808,5.397265
1.307159,2.577477,5.397265
1.307159,1.934981,5.397265
1.426377,2.634395,5.397265
1.414237,1.934981,5.397265
1.414237,2.577477,5.397265
1.985083,2.634395,5.397266
1.414237,1.983808,5.397265
1.960802,2.577477,5.397266
1.960802,1.983808,5.397265
1.960802,1.934981,5.397265
2.048803,2.634395,5.397266
2.012382,1.934981,5.397265
2.012382,2.577477,5.397266
2.610083,2.634395,5.397266
2.561521,2.577477,5.397266
2.012382,1.983808,5.397265
2.561521,1.983808,5.397265
2.610083,1.986056,5.397265
2.561521,1.934981,5.397265
2.610083,1.932733,5.397265
0.71355,1.983808,5.397265
0.71355,2.577477,5.397265
0.71355,2.577477,5.350852
0.71355,1.983808,5.350852
0.7593638,1.983808,5.350852
0.7593638,2.577477,5.350852
0.7593638,2.577477,5.397265
0.7593638,1.983808,5.397265
2.012382,1.983808,5.350852
2.012382,2.577477,5.350852
2.012382,2.577477,5.397266
2.012382,1.983808,5.397265
1.960802,1.983808,5.397265
1.960802,2.577477,5.397266
1.960802,2.577477,5.350852
1.960802,1.983808,5.350852
1.307159,1.983808,5.397265
1.307159,2.577477,5.397265
1.307159,2.577477,5.350852
1.307159,1.983808,5.350852
1.414237,1.983808,5.350852
1.414237,2.577477,5.350852
1.414237,2.577477,5.397265
1.414237,1.983808,5.397265
0.1586442,1.983808,5.397265
0.71355,1.983808,5.397265
0.71355,1.983808,5.350852
0.1586442,1.983808,5.350852
0.1586442,1.934981,5.350852
0.71355,1.934981,5.350852
0.71355,1.934981,5.397265
0.1586442,1.934981,5.397265
0.7593638,1.983808,5.397265
1.307159,1.983808,5.397265
1.307159,1.983808,5.350852
0.7593638,1.983808,5.350852
0.7593638,1.934981,5.350852
1.307159,1.934981,5.350852
1.307159,1.934981,5.397265
0.7593638,1.934981,5.397265
1.960802,1.934981,5.397265
1.414237,1.934981,5.397265
1.414237,1.934981,5.350852
1.960802,1.934981,5.350852
1.960802,1.983808,5.350852
1.414237,1.983808,5.350852
1.414237,1.983808,5.397265
1.960802,1.983808,5.397265
2.561521,1.934981,5.397265
2.012382,1.934981,5.397265
2.012382,1.934981,5.350852
2.561521,1.934981,5.350852
2.561521,1.983808,5.350852
2.012382,1.983808,5.350852
2.012382,1.983808,5.397265
2.561521,1.983808,5.397265
-4.943946,1.711543,2.001439
-4.943946,2.591543,2.001439
-5.002536,2.591543,2.001439
-5.002536,1.711543,2.001439
-4.943946,2.591543,2.001439
-4.943946,2.591543,-2.348561
-5.002536,2.591543,-2.348561
-5.002536,2.591543,2.001439
-4.943946,2.591543,-2.348561
-4.943946,1.711543,-2.348561
-5.002536,1.711543,-2.348561
-5.002536,2.591543,-2.348561
-4.943946,1.711543,-2.348561
-4.943946,1.711543,2.001439
-5.002536,1.711543,2.001439
-5.002536,1.711543,-2.348561
-5.002536,1.74821,1.958397
-4.943946,1.74821,1.958397
-4.943946,1.74821,-2.305519
-5.002536,1.74821,-2.305519
-5.002536,2.554877,-2.305519
-4.943946,2.554877,-2.305519
-4.943946,2.554877,1.958397
-5.002536,2.554877,1.958397
-5.002536,2.554877,1.958397
-4.943946,2.554877,1.958397
-4.943946,1.74821,1.958397
-5.002536,1.74821,1.958397
-5.002536,1.74821,-2.305519
-4.943946,1.74821,-2.305519
-4.943946,2.554877,-2.305519
-5.002536,2.554877,-2.305519
-4.939901,1.969746,-5.909252
-4.939902,2.597867,-5.909252
-4.994612,2.597867,-5.909252
-4.994612,1.969746,-5.909252
-4.939901,1.925989,-5.909252
-4.994612,1.925989,-5.909252
-4.939901,1.925989,-7.569252
-4.939902,1.297868,-7.569252
-4.994612,1.297868,-7.569252
-4.994612,1.925989,-7.569252
-4.994612,2.597867,-5.909252
-4.992332,1.968827,-5.933167
-4.994612,1.969746,-5.909252
-4.992332,2.570569,-5.933167
-4.992332,2.570569,-6.431128
-4.994612,2.597867,-6.421986
-4.992332,2.570569,-6.470556
-4.992332,1.968827,-6.431128
-4.992332,1.968827,-6.470556
-4.994612,2.597867,-6.462584
-4.992332,2.570569,-7.007946
-4.994612,2.597867,-7.015918
-4.992332,2.570569,-7.047375
-4.994612,2.597867,-7.056517
-4.992332,1.968827,-7.007946
-4.992332,1.968827,-7.047375
-4.994612,2.597867,-7.569252
-4.992332,2.570569,-7.545335
-4.992332,1.968827,-7.545335
-4.994612,1.969746,-7.569252
-4.942181,1.926908,-7.545335
-4.939902,1.297868,-7.569252
-4.939901,1.925989,-7.569252
-4.942181,1.325166,-7.545335
-4.942181,1.325166,-7.047375
-4.939901,1.297868,-7.056517
-4.939901,1.297868,-7.015919
-4.942181,1.325166,-7.007946
-4.942181,1.926908,-7.007946
-4.942181,1.926908,-7.047375
-4.942181,1.325166,-6.470557
-4.939901,1.297868,-6.462585
-4.939901,1.297868,-6.421986
-4.942181,1.325166,-6.431128
-4.939902,1.297868,-5.909252
-4.942181,1.926908,-6.431128
-4.942181,1.926908,-6.470556
-4.942181,1.325166,-5.933167
-4.942181,1.926908,-5.933167
-4.939901,1.925989,-5.909252
-4.992332,1.325166,-7.545335
-4.942181,1.325166,-7.545335
-4.942181,1.926908,-7.545335
-4.992332,1.926908,-7.545335
-4.992332,2.570569,-5.933167
-4.942181,2.570569,-5.933167
-4.942181,1.968827,-5.933167
-4.992332,1.968827,-5.933167
-4.942181,2.570569,-7.007946
-4.942181,2.570569,-6.470556
-4.992332,2.570569,-6.470556
-4.992332,2.570569,-7.007946
-4.942181,1.325166,-6.470557
-4.942181,1.325166,-7.007946
-4.992332,1.325166,-7.007946
-4.992332,1.325166,-6.470557
-4.939902,2.597867,-5.909252
-4.994612,2.597867,-6.421986
-4.994612,2.597867,-5.909252
-4.939901,2.597867,-6.421986
-4.994612,2.597867,-6.462584
-4.939901,2.597867,-6.462584
-4.994612,2.597867,-7.015918
-4.939901,2.597867,-7.015918
-4.994612,2.597867,-7.056517
-4.939901,2.597867,-7.056517
-4.994612,2.597867,-7.569252
-4.939902,2.597867,-7.569252
-4.942181,2.570569,-6.431128
-4.942181,2.570569,-5.933167
-4.992332,2.570569,-5.933167
-4.992332,2.570569,-6.431128
-4.939902,1.297868,-7.569252
-4.994612,1.297868,-7.056517
-4.994612,1.297868,-7.569252
-4.939901,1.297868,-7.056517
-4.994612,1.297868,-7.015919
-4.939901,1.297868,-7.015919
-4.994612,1.297868,-6.462585
-4.939901,1.297868,-6.462585
-4.994612,1.297868,-6.421986
-4.939901,1.297868,-6.421986
-4.994612,1.297868,-5.909252
-4.939902,1.297868,-5.909252
-4.942181,1.325166,-7.047375
-4.942181,1.325166,-7.545335
-4.992332,1.325166,-7.545335
-4.992332,1.325166,-7.047375
-4.992332,2.570569,-7.545335
-4.942181,2.570569,-7.545335
-4.942181,2.570569,-7.047375
-4.992332,2.570569,-7.047375
-4.992332,1.325166,-5.933167
-4.942181,1.325166,-5.933167
-4.942181,1.325166,-6.431128
-4.992332,1.325166,-6.431128
-4.942181,2.570569,-6.470556
-4.942181,1.968827,-6.470556
-4.992332,1.968827,-6.470556
-4.992332,2.570569,-6.470556
-4.992332,2.570569,-6.431128
-4.992332,1.968827,-6.431128
-4.942181,1.968827,-6.431128
-4.942181,2.570569,-6.431128
-4.992332,2.570569,-7.007946
-4.992332,1.968827,-7.007946
-4.942181,1.968827,-7.007946
-4.942181,2.570569,-7.007946
-4.942181,2.570569,-7.047375
-4.942181,1.968827,-7.047375
-4.992332,1.968827,-7.047375
-4.992332,2.570569,-7.047375
-4.939902,1.297868,-5.909252
-4.939901,1.925989,-5.909252
-4.994612,1.925989,-5.909252
-4.994612,1.297868,-5.909252
-4.942181,1.926908,-5.933167
-4.942181,1.325166,-5.933167
-4.992332,1.325166,-5.933167
-4.992332,1.926908,-5.933167
-4.992332,1.968827,-5.933167
-4.994612,1.925989,-5.909252
-4.994612,1.969746,-5.909252
-4.992332,1.926908,-5.933167
-4.994612,1.297868,-5.909252
-4.992332,1.325166,-5.933167
-4.992332,1.926908,-6.431128
-4.992332,1.325166,-6.431128
-4.992332,1.968827,-6.431128
-4.994612,1.297868,-6.421986
-4.992332,1.968827,-6.470556
-4.994612,1.297868,-6.462585
-4.992332,1.926908,-6.470556
-4.992332,1.325166,-6.470557
-4.994612,1.297868,-7.015919
-4.992332,1.926908,-7.007946
-4.992332,1.325166,-7.007946
-4.992332,1.968827,-7.007946
-4.994612,1.297868,-7.056517
-4.992332,1.968827,-7.047375
-4.992332,1.325166,-7.047375
-4.994612,1.297868,-7.569252
-4.992332,1.325166,-7.545335
-4.992332,1.926908,-7.047375
-4.992332,1.926908,-7.545335
-4.994612,1.925989,-7.569252
-4.992332,1.968827,-7.545335
-4.994612,1.969746,-7.569252
-4.942181,1.926908,-5.933167
-4.939901,1.969746,-5.909252
-4.939901,1.925989,-5.909252
-4.942181,1.968827,-5.933167
-4.939902,2.597867,-5.909252
-4.942181,2.570569,-5.933167
-4.942181,1.968827,-6.431128
-4.942181,2.570569,-6.431128
-4.942181,1.926908,-6.431128
-4.939901,2.597867,-6.421986
-4.942181,1.926908,-6.470556
-4.939901,2.597867,-6.462584
-4.942181,1.968827,-6.470556
-4.942181,2.570569,-6.470556
-4.942181,1.968827,-7.007946
-4.942181,2.570569,-7.007946
-4.942181,1.926908,-7.007946
-4.939901,2.597867,-7.015918
-4.942181,1.926908,-7.047375
-4.939901,2.597867,-7.056517
-4.942181,1.968827,-7.047375
-4.942181,2.570569,-7.047375
-4.942181,1.968827,-7.545335
-4.939902,2.597867,-7.569252
-4.942181,2.570569,-7.545335
-4.942181,1.926908,-7.545335
-4.939901,1.969746,-7.569252
-4.939901,1.925989,-7.569252
-4.939902,2.597867,-7.569252
-4.994612,1.969746,-7.569252
-4.994612,2.597867,-7.569252
-4.939901,1.969746,-7.569252
-4.994612,1.925989,-7.569252
-4.939901,1.925989,-7.569252
-4.942181,1.968827,-7.545335
-4.942181,2.570569,-7.545335
-4.992332,2.570569,-7.545335
-4.992332,1.968827,-7.545335
-4.992332,1.926908,-6.431128
-4.992332,1.325166,-6.431128
-4.942181,1.325166,-6.431128
-4.942181,1.926908,-6.431128
-4.942181,1.926908,-6.470556
-4.942181,1.325166,-6.470557
-4.992332,1.325166,-6.470557
-4.992332,1.926908,-6.470556
-4.942181,1.926908,-7.047375
-4.942181,1.325166,-7.047375
-4.992332,1.325166,-7.047375
-4.992332,1.926908,-7.047375
-4.992332,1.926908,-7.007946
-4.992332,1.325166,-7.007946
-4.942181,1.325166,-7.007946
-4.942181,1.926908,-7.007946
-4.992332,1.968827,-7.545335
-4.992332,1.968827,-7.047375
-4.942181,1.968827,-7.047375
-4.942181,1.968827,-7.545335
-4.942181,1.926908,-7.545335
-4.942181,1.926908,-7.047375
-4.992332,1.926908,-7.047375
-4.992332,1.926908,-7.545335
-4.942181,1.968827,-6.470556
-4.942181,1.968827,-7.007946
-4.992332,1.968827,-7.007946
-4.992332,1.968827,-6.470556
-4.992332,1.926908,-6.470556
-4.992332,1.926908,-7.007946
-4.942181,1.926908,-7.007946
-4.942181,1.926908,-6.470556
-4.992332,1.926908,-5.933167
-4.992332,1.926908,-6.431128
-4.942181,1.926908,-6.431128
-4.942181,1.926908,-5.933167
-4.942181,1.968827,-5.933167
-4.942181,1.968827,-6.431128
-4.992332,1.968827,-6.431128
-4.992332,1.968827,-5.933167
0.2708522,1.96664,-9.533541
0.2708522,2.591074,-9.533541
0.2708522,2.591074,-9.578751
0.2708522,1.96664,-9.578751
0.2708522,1.915507,-9.533541
0.2708522,1.915507,-9.578751
2.570852,1.96664,-9.578751
2.570852,2.591074,-9.578751
2.570852,2.591074,-9.533541
2.570852,1.96664,-9.533541
2.570852,1.915507,-9.578751
2.570852,1.915507,-9.533541
0.2708522,2.591074,-9.578751
0.3179881,1.965515,-9.577244
0.2708522,1.96664,-9.578751
0.3179881,2.562493,-9.577244
0.804507,2.562493,-9.577244
0.7781648,2.591074,-9.578751
0.8694203,2.562493,-9.577244
0.804507,1.965515,-9.577244
0.8694203,1.965515,-9.577244
0.8458526,2.591074,-9.578751
1.35263,2.562493,-9.577244
1.349714,2.591074,-9.578751
1.489075,2.562493,-9.577244
1.35263,1.965515,-9.577244
1.489075,1.965515,-9.577244
1.491991,2.591074,-9.578751
1.972284,2.562493,-9.577244
1.995852,2.591074,-9.578751
2.037198,2.562493,-9.577244
2.06354,2.591074,-9.578751
1.972284,1.965515,-9.577244
2.037198,1.965515,-9.577244
2.570852,2.591074,-9.578751
2.523716,2.562493,-9.577244
2.523716,1.965515,-9.577244
2.570852,1.96664,-9.578751
2.523716,2.562493,-9.535048
2.523716,2.562493,-9.577244
2.523716,1.965515,-9.577244
2.523716,1.965515,-9.535048
0.3179881,1.965515,-9.577244
0.3179881,2.562493,-9.577244
0.3179881,2.562493,-9.535048
0.3179881,1.965515,-9.535048
1.35263,1.319655,-9.577244
0.8694203,1.319655,-9.577244
0.8694203,1.319655,-9.535048
1.35263,1.319655,-9.535048
0.8694203,2.562493,-9.577244
1.35263,2.562493,-9.577244
1.35263,2.562493,-9.535048
0.8694203,2.562493,-9.535048
2.570852,1.291074,-9.578751
2.570852,1.291074,-9.533541
2.06354,1.291074,-9.533541
2.06354,1.291074,-9.578751
1.995852,1.291074,-9.578751
1.995852,1.291074,-9.533541
1.491991,1.291074,-9.578751
1.491991,1.291074,-9.533541
1.349714,1.291074,-9.578751
1.349714,1.291074,-9.533541
0.8458526,1.291074,-9.578751
0.8458526,1.291074,-9.533541
0.7781648,1.291074,-9.578751
0.7781648,1.291074,-9.533541
0.2708522,1.291074,-9.578751
0.2708522,1.291074,-9.533541
2.523716,1.319655,-9.535048
2.523716,1.319655,-9.577244
2.037198,1.319655,-9.577244
2.037198,1.319655,-9.535048
2.037198,2.562493,-9.577244
2.523716,2.562493,-9.577244
2.523716,2.562493,-9.535048
2.037198,2.562493,-9.535048
2.570852,2.591074,-9.533541
2.570852,2.591074,-9.578751
2.06354,2.591074,-9.578751
2.06354,2.591074,-9.533541
1.995852,2.591074,-9.533541
1.995852,2.591074,-9.578751
1.491991,2.591074,-9.533541
1.491991,2.591074,-9.578751
1.349714,2.591074,-9.533541
1.349714,2.591074,-9.578751
0.8458526,2.591074,-9.533541
0.8458526,2.591074,-9.578751
0.7781648,2.591074,-9.533541
0.7781648,2.591074,-9.578751
0.2708522,2.591074,-9.533541
0.2708522,2.591074,-9.578751
1.972284,1.319655,-9.577244
1.489075,1.319655,-9.577244
1.489075,1.319655,-9.535048
1.972284,1.319655,-9.535048
0.804507,1.319655,-9.577244
0.3179881,1.319655,-9.577244
0.3179881,1.319655,-9.535048
0.804507,1.319655,-9.535048
1.489075,2.562493,-9.577244
1.972284,2.562493,-9.577244
1.972284,2.562493,-9.535048
1.489075,2.562493,-9.535048
0.3179881,2.562493,-9.535048
0.3179881,2.562493,-9.577244
0.804507,2.562493,-9.577244
0.804507,2.562493,-9.535048
1.972284,1.319655,-9.535048
1.972284,1.916632,-9.535048
1.972284,1.916632,-9.577244
1.972284,1.319655,-9.577244
2.037198,1.319655,-9.577244
2.037198,1.916632,-9.577244
2.037198,1.916632,-9.535048
2.037198,1.319655,-9.535048
2.037198,1.319655,-9.535048
2.037198,1.916632,-9.535048
1.972284,1.916632,-9.535048
1.972284,1.319655,-9.535048
1.995852,1.291074,-9.533541
2.06354,1.291074,-9.533541
1.491991,1.291074,-9.533541
2.570852,1.291074,-9.533541
2.523716,1.319655,-9.535048
2.523716,1.916632,-9.535048
2.570852,1.915507,-9.533541
1.489075,1.319655,-9.535048
1.349714,1.291074,-9.533541
1.35263,1.319655,-9.535048
0.8458526,1.291074,-9.533541
1.35263,1.916632,-9.535048
1.489075,1.916632,-9.535048
0.8694203,1.319655,-9.535048
0.7781648,1.291074,-9.533541
0.804507,1.319655,-9.535048
0.2708522,1.291074,-9.533541
0.804507,1.916632,-9.535048
0.8694203,1.916632,-9.535048
0.3179881,1.319655,-9.535048
0.3179881,1.916632,-9.535048
0.2708522,1.915507,-9.533541
1.489075,1.319655,-9.577244
1.489075,1.916632,-9.577244
1.489075,1.916632,-9.535048
1.489075,1.319655,-9.535048
1.35263,1.319655,-9.535048
1.35263,1.916632,-9.535048
1.35263,1.916632,-9.577244
1.35263,1.319655,-9.577244
0.8694203,1.319655,-9.577244
0.8694203,1.916632,-9.577244
0.8694203,1.916632,-9.535048
0.8694203,1.319655,-9.535048
0.804507,1.319655,-9.535048
0.804507,1.916632,-9.535048
0.804507,1.916632,-9.577244
0.804507,1.319655,-9.577244
2.523716,1.916632,-9.577244
2.523716,1.319655,-9.577244
2.523716,1.319655,-9.535048
2.523716,1.916632,-9.535048
2.570852,1.291074,-9.578751
2.570852,1.915507,-9.578751
2.570852,1.915507,-9.533541
2.570852,1.291074,-9.533541
0.2708522,1.291074,-9.533541
0.2708522,1.915507,-9.533541
0.2708522,1.915507,-9.578751
0.2708522,1.291074,-9.578751
0.3179881,1.319655,-9.535048
0.3179881,1.319655,-9.577244
0.3179881,1.916632,-9.577244
0.3179881,1.916632,-9.535048
0.3179881,1.965515,-9.577244
0.2708522,1.915507,-9.578751
0.2708522,1.96664,-9.578751
0.3179881,1.916632,-9.577244
0.2708522,1.291074,-9.578751
0.3179881,1.319655,-9.577244
0.804507,1.916632,-9.577244
0.804507,1.319655,-9.577244
0.804507,1.965515,-9.577244
0.7781648,1.291074,-9.578751
0.8694203,1.965515,-9.577244
0.8458526,1.291074,-9.578751
0.8694203,1.916632,-9.577244
0.8694203,1.319655,-9.577244
1.349714,1.291074,-9.578751
1.35263,1.916632,-9.577244
1.35263,1.319655,-9.577244
1.35263,1.965515,-9.577244
1.491991,1.291074,-9.578751
1.489075,1.965515,-9.577244
1.489075,1.319655,-9.577244
1.995852,1.291074,-9.578751
1.489075,1.916632,-9.577244
1.972284,1.319655,-9.577244
1.972284,1.916632,-9.577244
1.972284,1.965515,-9.577244
2.06354,1.291074,-9.578751
2.037198,1.965515,-9.577244
2.037198,1.319655,-9.577244
2.570852,1.291074,-9.578751
2.523716,1.319655,-9.577244
2.037198,1.916632,-9.577244
2.523716,1.916632,-9.577244
2.570852,1.915507,-9.578751
2.523716,1.965515,-9.577244
2.570852,1.96664,-9.578751
0.3179881,1.916632,-9.535048
0.2708522,1.96664,-9.533541
0.2708522,1.915507,-9.533541
0.3179881,1.965515,-9.535048
0.2708522,2.591074,-9.533541
0.3179881,2.562493,-9.535048
0.804507,1.965515,-9.535048
0.804507,2.562493,-9.535048
0.804507,1.916632,-9.535048
0.7781648,2.591074,-9.533541
0.8694203,1.916632,-9.535048
0.8458526,2.591074,-9.533541
0.8694203,1.965515,-9.535048
0.8694203,2.562493,-9.535048
1.349714,2.591074,-9.533541
1.35263,1.965515,-9.535048
1.35263,2.562493,-9.535048
1.35263,1.916632,-9.535048
1.491991,2.591074,-9.533541
1.489075,1.916632,-9.535048
1.489075,2.562493,-9.535048
1.995852,2.591074,-9.533541
1.489075,1.965515,-9.535048
1.972284,2.562493,-9.535048
1.972284,1.965515,-9.535048
1.972284,1.916632,-9.535048
2.06354,2.591074,-9.533541
2.037198,1.916632,-9.535048
2.037198,2.562493,-9.535048
2.570852,2.591074,-9.533541
2.523716,2.562493,-9.535048
2.037198,1.965515,-9.535048
2.523716,1.965515,-9.535048
2.570852,1.96664,-9.533541
2.523716,1.916632,-9.535048
2.570852,1.915507,-9.533541
2.037198,1.965515,-9.577244
2.037198,2.562493,-9.577244
2.037198,2.562493,-9.535048
2.037198,1.965515,-9.535048
1.972284,1.965515,-9.535048
1.972284,2.562493,-9.535048
1.972284,2.562493,-9.577244
1.972284,1.965515,-9.577244
1.35263,1.965515,-9.535048
1.35263,2.562493,-9.535048
1.35263,2.562493,-9.577244
1.35263,1.965515,-9.577244
1.489075,1.965515,-9.577244
1.489075,2.562493,-9.577244
1.489075,2.562493,-9.535048
1.489075,1.965515,-9.535048
0.804507,1.965515,-9.535048
0.804507,2.562493,-9.535048
0.804507,2.562493,-9.577244
0.804507,1.965515,-9.577244
0.8694203,1.965515,-9.577244
0.8694203,2.562493,-9.577244
0.8694203,2.562493,-9.535048
0.8694203,1.965515,-9.535048
0.3179881,1.965515,-9.535048
0.804507,1.965515,-9.535048
0.804507,1.965515,-9.577244
0.3179881,1.965515,-9.577244
0.3179881,1.916632,-9.577244
0.804507,1.916632,-9.577244
0.804507,1.916632,-9.535048
0.3179881,1.916632,-9.535048
1.35263,1.965515,-9.577244
0.8694203,1.965515,-9.577244
0.8694203,1.965515,-9.535048
1.35263,1.965515,-9.535048
1.35263,1.916632,-9.535048
0.8694203,1.916632,-9.535048
0.8694203,1.916632,-9.577244
1.35263,1.916632,-9.577244
1.972284,1.916632,-9.535048
1.489075,1.916632,-9.535048
1.489075,1.916632,-9.577244
1.972284,1.916632,-9.577244
1.972284,1.965515,-9.577244
1.489075,1.965515,-9.577244
1.489075,1.965515,-9.535048
1.972284,1.965515,-9.535048
2.523716,1.916632,-9.535048
2.037198,1.916632,-9.535048
2.037198,1.916632,-9.577244
2.523716,1.916632,-9.577244
2.523716,1.965515,-9.577244
2.037198,1.965515,-9.577244
2.037198,1.965515,-9.535048
2.523716,1.965515,-9.535048
4.98419,1.940206,-4.63554
4.98419,2.588392,-4.63554
4.946241,2.588392,-4.63554
4.946241,1.940206,-4.63554
4.98419,1.886579,-4.63554
4.946241,1.886579,-4.63554
4.98419,1.886579,-6.88554
4.98419,1.238393,-6.88554
4.946241,1.238393,-6.88554
4.946241,1.886579,-6.88554
4.946241,1.238393,-6.88554
4.946873,1.887473,-6.848041
4.946241,1.886579,-6.88554
4.946874,1.260893,-6.848041
4.946874,1.260893,-6.359886
4.946241,1.238393,-6.380554
4.946874,1.260893,-6.304291
4.946873,1.887473,-6.359886
4.946873,1.887473,-6.304291
4.946241,1.238393,-6.32304
4.946873,1.260893,-5.823129
4.946241,1.238393,-5.825287
4.946873,1.260893,-5.697953
4.946873,1.887473,-5.823128
4.946873,1.887473,-5.697953
4.946241,1.238393,-5.695795
4.946873,1.260893,-5.216791
4.946241,1.238393,-5.19804
4.946873,1.260893,-5.161195
4.946241,1.238393,-5.140527
4.946873,1.887473,-5.216791
4.946873,1.887473,-5.161195
4.946241,1.238393,-4.63554
4.946874,1.260893,-4.673041
4.946873,1.887473,-4.673041
4.946241,1.886579,-4.63554
4.983557,1.939312,-4.673041
4.98419,2.588392,-4.63554
4.98419,1.940206,-4.63554
4.983557,2.565893,-4.673041
4.983557,2.565893,-5.161195
4.98419,2.588392,-5.140527
4.98419,2.588392,-5.19804
4.983557,2.565893,-5.216791
4.98419,2.588392,-5.695795
4.983557,1.939312,-5.216791
4.983557,1.939312,-5.161195
4.983557,2.565893,-5.697953
4.98419,2.588392,-5.825287
4.983557,2.565893,-5.823128
4.98419,2.588392,-6.32304
4.983556,1.939312,-5.823128
4.983556,1.939312,-5.697953
4.983557,2.565893,-6.304291
4.98419,2.588392,-6.380554
4.983557,2.565893,-6.359886
4.98419,2.588392,-6.88554
4.983557,1.939312,-6.359886
4.983557,1.939312,-6.30429
4.983557,2.565893,-6.848041
4.983557,1.939312,-6.848041
4.98419,1.940206,-6.88554
4.946874,2.565893,-4.673041
4.983557,2.565893,-4.673041
4.983557,1.939312,-4.673041
4.946873,1.939312,-4.673041
4.946874,1.260893,-6.848041
4.983557,1.260893,-6.848041
4.983557,1.887473,-6.848041
4.946873,1.887473,-6.848041
4.983557,2.565893,-6.304291
4.983557,2.565893,-5.823128
4.946873,2.565893,-5.823128
4.946873,2.565893,-6.304291
4.983557,1.260893,-5.216791
4.983557,1.260893,-5.697953
4.946873,1.260893,-5.697953
4.946873,1.260893,-5.216791
4.98419,2.588392,-4.63554
4.946241,2.588392,-5.140527
4.946241,2.588392,-4.63554
4.98419,2.588392,-5.140527
4.946241,2.588392,-5.19804
4.98419,2.588392,-5.19804
4.946241,2.588392,-5.695795
4.98419,2.588392,-5.695795
4.946241,2.588392,-5.825287
4.98419,2.588392,-5.825287
4.946241,2.588392,-6.32304
4.98419,2.588392,-6.32304
4.946241,2.588392,-6.380554
4.98419,2.588392,-6.380554
4.946241,2.588392,-6.88554
4.98419,2.588392,-6.88554
4.983557,2.565893,-5.161195
4.983557,2.565893,-4.673041
4.946874,2.565893,-4.673041
4.946874,2.565893,-5.161195
4.98419,1.238393,-6.88554
4.946241,1.238393,-6.380554
4.946241,1.238393,-6.88554
4.98419,1.238393,-6.380554
4.946241,1.238393,-6.32304
4.98419,1.238393,-6.32304
4.946241,1.238393,-5.825287
4.98419,1.238393,-5.825287
4.946241,1.238393,-5.695795
4.98419,1.238393,-5.695795
4.946241,1.238393,-5.19804
4.98419,1.238393,-5.19804
4.946241,1.238393,-5.140527
4.98419,1.238393,-5.140527
4.946241,1.238393,-4.63554
4.98419,1.238393,-4.63554
4.983557,1.260893,-6.359886
4.983557,1.260893,-6.848041
4.946874,1.260893,-6.848041
4.946874,1.260893,-6.359886
4.983557,2.565893,-5.697953
4.983557,2.565893,-5.216791
4.946874,2.565893,-5.216791
4.946873,2.565893,-5.697953
4.946874,2.565893,-6.848041
4.983557,2.565893,-6.848041
4.983557,2.565893,-6.359886
4.946873,2.565893,-6.359886
4.983557,1.260893,-5.823129
4.983557,1.260893,-6.304291
4.946874,1.260893,-6.304291
4.946873,1.260893,-5.823129
4.946874,1.260893,-4.673041
4.983557,1.260893,-4.673041
4.983557,1.260893,-5.161195
4.946873,1.260893,-5.161195
4.983557,2.565893,-5.216791
4.983557,1.939312,-5.216791
4.946873,1.939312,-5.216791
4.946874,2.565893,-5.216791
4.946874,2.565893,-5.161195
4.946873,1.939312,-5.161195
4.983557,1.939312,-5.161195
4.983557,2.565893,-5.161195
4.946873,2.565893,-6.304291
4.946873,1.939312,-6.30429
4.983557,1.939312,-6.30429
4.983557,2.565893,-6.304291
4.983557,2.565893,-6.359886
4.983557,1.939312,-6.359886
4.946873,1.939312,-6.359886
4.946873,2.565893,-6.359886
4.946873,2.565893,-5.697953
4.946873,1.939312,-5.697953
4.983556,1.939312,-5.697953
4.983557,2.565893,-5.697953
4.983557,2.565893,-5.823128
4.983556,1.939312,-5.823128
4.946873,1.939312,-5.823128
4.946873,2.565893,-5.823128
4.98419,1.238393,-4.63554
4.98419,1.886579,-4.63554
4.946241,1.886579,-4.63554
4.946241,1.238393,-4.63554
4.983557,1.887473,-4.673041
4.983557,1.260893,-4.673041
4.946874,1.260893,-4.673041
4.946873,1.887473,-4.673041
4.98419,2.588392,-6.88554
4.946241,1.940206,-6.88554
4.946241,2.588392,-6.88554
4.98419,1.940206,-6.88554
4.946241,1.886579,-6.88554
4.98419,1.886579,-6.88554
4.983557,1.939312,-6.848041
4.983557,2.565893,-6.848041
4.946874,2.565893,-6.848041
4.946873,1.939312,-6.848041
4.946873,1.887473,-6.848041
4.946241,1.940206,-6.88554
4.946241,1.886579,-6.88554
4.946873,1.939312,-6.848041
4.946241,2.588392,-6.88554
4.946874,2.565893,-6.848041
4.946873,1.939312,-6.359886
4.946873,2.565893,-6.359886
4.946873,1.887473,-6.359886
4.946241,2.588392,-6.380554
4.946873,1.887473,-6.304291
4.946241,2.588392,-6.32304
4.946873,1.939312,-6.30429
4.946873,2.565893,-6.304291
4.946241,2.588392,-5.825287
4.946873,1.939312,-5.823128
4.946873,2.565893,-5.823128
4.946873,1.887473,-5.823128
4.946241,2.588392,-5.695795
4.946873,1.887473,-5.697953
4.946873,2.565893,-5.697953
4.946241,2.588392,-5.19804
4.946873,1.939312,-5.697953
4.946874,2.565893,-5.216791
4.946873,1.939312,-5.216791
4.946873,1.887473,-5.216791
4.946241,2.588392,-5.140527
4.946873,1.887473,-5.161195
4.946874,2.565893,-5.161195
4.946241,2.588392,-4.63554
4.946874,2.565893,-4.673041
4.946873,1.939312,-5.161195
4.946873,1.939312,-4.673041
4.946241,1.940206,-4.63554
4.946873,1.887473,-4.673041
4.946241,1.886579,-4.63554
4.983557,1.939312,-6.848041
4.98419,1.886579,-6.88554
4.98419,1.940206,-6.88554
4.983557,1.887473,-6.848041
4.98419,1.238393,-6.88554
4.983557,1.260893,-6.848041
4.983557,1.887473,-6.359886
4.983557,1.260893,-6.359886
4.983557,1.939312,-6.359886
4.98419,1.238393,-6.380554
4.983557,1.939312,-6.30429
4.98419,1.238393,-6.32304
4.983557,1.887473,-6.304291
4.983557,1.260893,-6.304291
4.98419,1.238393,-5.825287
4.983557,1.887473,-5.823128
4.983557,1.260893,-5.823129
4.983556,1.939312,-5.823128
4.98419,1.238393,-5.695795
4.983556,1.939312,-5.697953
4.983557,1.260893,-5.697953
4.98419,1.238393,-5.19804
4.983557,1.887473,-5.697953
4.983557,1.260893,-5.216791
4.983557,1.887473,-5.216791
4.983557,1.939312,-5.216791
4.98419,1.238393,-5.140527
4.983557,1.939312,-5.161195
4.983557,1.260893,-5.161195
4.98419,1.238393,-4.63554
4.983557,1.260893,-4.673041
4.983557,1.887473,-5.161195
4.983557,1.887473,-4.673041
4.98419,1.886579,-4.63554
4.983557,1.939312,-4.673041
4.98419,1.940206,-4.63554
4.946873,1.887473,-5.161195
4.946873,1.260893,-5.161195
4.983557,1.260893,-5.161195
4.983557,1.887473,-5.161195
4.983557,1.887473,-5.216791
4.983557,1.260893,-5.216791
4.946873,1.260893,-5.216791
4.946873,1.887473,-5.216791
4.983557,1.887473,-6.359886
4.983557,1.260893,-6.359886
4.946874,1.260893,-6.359886
4.946873,1.887473,-6.359886
4.946873,1.887473,-6.304291
4.946874,1.260893,-6.304291
4.983557,1.260893,-6.304291
4.983557,1.887473,-6.304291
4.983557,1.887473,-5.823128
4.983557,1.260893,-5.823129
4.946873,1.260893,-5.823129
4.946873,1.887473,-5.823128
4.946873,1.887473,-5.697953
4.946873,1.260893,-5.697953
4.983557,1.260893,-5.697953
4.983557,1.887473,-5.697953
4.946873,1.887473,-4.673041
4.946873,1.887473,-5.161195
4.983557,1.887473,-5.161195
4.983557,1.887473,-4.673041
4.983557,1.939312,-4.673041
4.983557,1.939312,-5.161195
4.946873,1.939312,-5.161195
4.946873,1.939312,-4.673041
4.983557,1.939312,-5.216791
4.983556,1.939312,-5.697953
4.946873,1.939312,-5.697953
4.946873,1.939312,-5.216791
4.946873,1.887473,-5.216791
4.946873,1.887473,-5.697953
4.983557,1.887473,-5.697953
4.983557,1.887473,-5.216791
4.983557,1.887473,-6.304291
4.983557,1.887473,-5.823128
4.946873,1.887473,-5.823128
4.946873,1.887473,-6.304291
4.946873,1.939312,-6.30429
4.946873,1.939312,-5.823128
4.983556,1.939312,-5.823128
4.983557,1.939312,-6.30429
4.946873,1.939312,-6.848041
4.946873,1.939312,-6.359886
4.983557,1.939312,-6.359886
4.983557,1.939312,-6.848041
4.983557,1.887473,-6.848041
4.983557,1.887473,-6.359886
4.946873,1.887473,-6.359886
4.946873,1.887473,-6.848041
3.480069,1.986056,2.012138
3.480068,2.634395,2.012138
3.526482,2.634395,2.012138
3.526482,1.986056,2.012138
3.526482,1.986056,4.512138
3.526482,2.634395,4.512138
3.480068,2.634395,4.512138
3.480069,1.986056,4.512138
3.480069,1.983808,2.060699
3.480068,2.634395,2.012138
3.480069,1.986056,2.012138
3.480068,2.577477,2.060699
3.480069,2.577477,2.615605
3.480069,2.634395,2.579184
3.480069,2.634395,2.637138
3.480069,2.577477,2.661419
3.480069,2.634395,3.197074
3.480069,1.983808,2.661419
3.480069,1.983808,2.615605
3.480069,2.577477,3.209214
3.480069,2.634395,3.328433
3.480069,2.577477,3.316292
3.480068,2.634395,3.887138
3.480069,1.983808,3.316292
3.480069,1.983808,3.209214
3.480068,2.577477,3.862858
3.480068,2.634395,3.950858
3.480068,2.577477,3.914437
3.480068,2.634395,4.512138
3.480069,1.983808,3.914437
3.480069,1.983808,3.862858
3.480068,2.577477,4.463577
3.480069,1.983808,4.463577
3.480069,1.986056,4.512138
3.526482,2.634395,2.012138
3.526482,1.983808,2.060699
3.526482,1.986056,2.012138
3.526482,2.577477,2.060699
3.526482,2.577477,2.615605
3.526482,2.634395,2.579184
3.526482,2.577477,2.661419
3.526482,1.983808,2.615605
3.526482,1.983808,2.661419
3.526482,2.634395,2.637138
3.526482,2.577477,3.209214
3.526482,2.634395,3.197074
3.526482,2.577477,3.316292
3.526482,1.983808,3.209214
3.526482,1.983808,3.316292
3.526482,2.634395,3.328433
3.526482,2.577477,3.862858
3.526482,2.634395,3.887138
3.526482,2.577477,3.914437
3.526482,2.634395,3.950858
3.526482,1.983808,3.862858
3.526482,1.983808,3.914437
3.526482,2.634395,4.512138
3.526482,2.577477,4.463577
3.526482,1.983808,4.463577
3.526482,1.986056,4.512138
3.526482,1.983808,2.060699
3.526482,2.577477,2.060699
3.480068,2.577477,2.060699
3.480069,1.983808,2.060699
3.480068,2.577477,4.463577
3.526482,2.577477,4.463577
3.526482,1.983808,4.463577
3.480069,1.983808,4.463577
3.526482,1.341312,3.209214
3.526482,1.341312,2.661419
3.480069,1.341312,2.661419
3.480069,1.341312,3.209214
3.526482,2.577477,2.661419
3.526482,2.577477,3.209214
3.480069,2.577477,3.209214
3.480069,2.577477,2.661419
3.526482,1.284395,4.512138
3.480068,1.284395,4.512138
3.480068,1.284395,3.950858
3.526482,1.284395,3.950858
3.526482,1.284395,3.887138
3.480068,1.284395,3.887138
3.526482,1.284395,3.328433
3.480069,1.284395,3.328433
3.526482,1.284395,3.197074
3.480069,1.284395,3.197074
3.526482,1.284395,2.637138
3.480069,1.284395,2.637138
3.526482,1.284395,2.579184
3.480069,1.284395,2.579184
3.526482,1.284395,2.012138
3.480068,1.284395,2.012138
3.480068,1.341312,4.463577
3.526482,1.341312,4.463577
3.526482,1.341312,3.914437
3.480068,1.341312,3.914437
3.526482,2.577477,3.914437
3.526482,2.577477,4.463577
3.480068,2.577477,4.463577
3.480068,2.577477,3.914437
3.480068,2.634395,4.512138
3.526482,2.634395,4.512138
3.526482,2.634395,3.950858
3.480068,2.634395,3.950858
3.480068,2.634395,3.887138
3.526482,2.634395,3.887138
3.480069,2.634395,3.328433
3.526482,2.634395,3.328433
3.480069,2.634395,3.197074
3.526482,2.634395,3.197074
3.480069,2.634395,2.637138
3.526482,2.634395,2.637138
3.480069,2.634395,2.579184
3.526482,2.634395,2.579184
3.480068,2.634395,2.012138
3.526482,2.634395,2.012138
3.526482,1.341312,3.862858
3.526482,1.341312,3.316292
3.480069,1.341312,3.316292
3.480068,1.341312,3.862858
3.526482,1.341312,2.615605
3.526482,1.341312,2.060699
3.480068,1.341312,2.060699
3.480069,1.341312,2.615605
3.526482,2.577477,3.316292
3.526482,2.577477,3.862858
3.480068,2.577477,3.862858
3.480069,2.577477,3.316292
3.480068,2.577477,2.060699
3.526482,2.577477,2.060699
3.526482,2.577477,2.615605
3.480069,2.577477,2.615605
3.526482,1.341312,2.661419
3.526482,1.934981,2.661419
3.480069,1.934981,2.661419
3.480069,1.341312,2.661419
3.480069,1.341312,2.615605
3.480069,1.934981,2.615605
3.526482,1.934981,2.615605
3.526482,1.341312,2.615605
3.480068,1.341312,3.862858
3.480069,1.934981,3.862858
3.526482,1.934981,3.862858
3.526482,1.341312,3.862858
3.526482,1.341312,3.914437
3.526482,1.934981,3.914437
3.480069,1.934981,3.914437
3.480068,1.341312,3.914437
3.526482,1.341312,3.316292
3.526482,1.934981,3.316292
3.480069,1.934981,3.316292
3.480069,1.341312,3.316292
3.480069,1.341312,3.209214
3.480069,1.934981,3.209214
3.526482,1.934981,3.209214
3.526482,1.341312,3.209214
3.526482,1.934981,4.463577
3.526482,1.341312,4.463577
3.480068,1.341312,4.463577
3.480069,1.934981,4.463577
3.526482,1.284395,4.512138
3.480069,1.932733,4.512138
3.480068,1.284395,4.512138
3.526482,1.932733,4.512138
3.480069,1.986056,4.512138
3.526482,1.986056,4.512138
3.480069,1.983808,4.463577
3.480069,1.932733,4.512138
3.480069,1.986056,4.512138
3.480069,1.934981,4.463577
3.480068,1.284395,4.512138
3.480068,1.341312,4.463577
3.480069,1.934981,3.914437
3.480068,1.341312,3.914437
3.480069,1.983808,3.914437
3.480068,1.284395,3.950858
3.480069,1.983808,3.862858
3.480068,1.284395,3.887138
3.480069,1.934981,3.862858
3.480068,1.341312,3.862858
3.480069,1.284395,3.328433
3.480069,1.934981,3.316292
3.480069,1.341312,3.316292
3.480069,1.983808,3.316292
3.480069,1.284395,3.197074
3.480069,1.983808,3.209214
3.480069,1.341312,3.209214
3.480069,1.284395,2.637138
3.480069,1.934981,3.209214
3.480069,1.341312,2.661419
3.480069,1.934981,2.661419
3.480069,1.983808,2.661419
3.480069,1.284395,2.579184
3.480069,1.983808,2.615605
3.480069,1.341312,2.615605
3.480068,1.284395,2.012138
3.480068,1.341312,2.060699
3.480069,1.934981,2.615605
3.480069,1.934981,2.060699
3.480069,1.932733,2.012138
3.480069,1.983808,2.060699
3.480069,1.986056,2.012138
3.480068,1.284395,2.012138
3.526482,1.932733,2.012138
3.526482,1.284395,2.012138
3.480069,1.932733,2.012138
3.526482,1.986056,2.012138
3.480069,1.986056,2.012138
3.480068,1.341312,2.060699
3.526482,1.341312,2.060699
3.526482,1.934981,2.060699
3.480069,1.934981,2.060699
3.526482,1.983808,2.060699
3.526482,1.932733,2.012138
3.526482,1.986056,2.012138
3.526482,1.934981,2.060699
3.526482,1.284395,2.012138
3.526482,1.341312,2.060699
3.526482,1.934981,2.615605
3.526482,1.341312,2.615605
3.526482,1.983808,2.615605
3.526482,1.284395,2.579184
3.526482,1.983808,2.661419
3.526482,1.284395,2.637138
3.526482,1.934981,2.661419
3.526482,1.341312,2.661419
3.526482,1.284395,3.197074
3.526482,1.934981,3.209214
3.526482,1.341312,3.209214
3.526482,1.983808,3.209214
3.526482,1.284395,3.328433
3.526482,1.983808,3.316292
3.526482,1.341312,3.316292
3.526482,1.284395,3.887138
3.526482,1.934981,3.316292
3.526482,1.341312,3.862858
3.526482,1.934981,3.862858
3.526482,1.983808,3.862858
3.526482,1.284395,3.950858
3.526482,1.983808,3.914437
3.526482,1.341312,3.914437
3.526482,1.284395,4.512138
3.526482,1.341312,4.463577
3.526482,1.934981,3.914437
3.526482,1.934981,4.463577
3.526482,1.932733,4.512138
3.526482,1.983808,4.463577
3.526482,1.986056,4.512138
3.480069,1.983808,2.615605
3.480069,2.577477,2.615605
3.526482,2.577477,2.615605
3.526482,1.983808,2.615605
3.526482,1.983808,2.661419
3.526482,2.577477,2.661419
3.480069,2.577477,2.661419
3.480069,1.983808,2.661419
3.526482,1.983808,3.914437
3.526482,2.577477,3.914437
3.480068,2.577477,3.914437
3.480069,1.983808,3.914437
3.480069,1.983808,3.862858
3.480068,2.577477,3.862858
3.526482,2.577477,3.862858
3.526482,1.983808,3.862858
3.480069,1.983808,3.209214
3.480069,2.577477,3.209214
3.526482,2.577477,3.209214
3.526482,1.983808,3.209214
3.526482,1.983808,3.316292
3.526482,2.577477,3.316292
3.480069,2.577477,3.316292
3.480069,1.983808,3.316292
3.480069,1.983808,2.060699
3.480069,1.983808,2.615605
3.526482,1.983808,2.615605
3.526482,1.983808,2.060699
3.526482,1.934981,2.060699
3.526482,1.934981,2.615605
3.480069,1.934981,2.615605
3.480069,1.934981,2.060699
3.480069,1.983808,2.661419
3.480069,1.983808,3.209214
3.526482,1.983808,3.209214
3.526482,1.983808,2.661419
3.526482,1.934981,2.661419
3.526482,1.934981,3.209214
3.480069,1.934981,3.209214
3.480069,1.934981,2.661419
3.480069,1.934981,3.862858
3.480069,1.934981,3.316292
3.526482,1.934981,3.316292
3.526482,1.934981,3.862858
3.526482,1.983808,3.862858
3.526482,1.983808,3.316292
3.480069,1.983808,3.316292
3.480069,1.983808,3.862858
3.480069,1.934981,4.463577
3.480069,1.934981,3.914437
3.526482,1.934981,3.914437
3.526482,1.934981,4.463577
3.526482,1.983808,4.463577
3.526482,1.983808,3.914437
3.480069,1.983808,3.914437
3.480069,1.983808,4.463577
-4.943946,2.591543,2.001439
-4.943946,2.554877,-2.305519
-4.943946,2.591543,-2.348561
-4.943946,2.554877,1.958397
-4.943946,1.74821,-2.305519
-4.943946,1.711543,2.001439
-4.943946,1.711543,-2.348561
-4.943946,1.74821,1.958397
-5.002536,2.591543,-2.348561
-5.002536,2.554877,1.958397
-5.002536,2.591543,2.001439
-5.002536,2.554877,-2.305519
-5.002536,1.74821,1.958397
-5.002536,1.711543,-2.348561
-5.002536,1.711543,2.001439
-5.002536,1.74821,-2.305519
2809
0.4420958,0.2637339
0.4451397,0.2637339
0.4451397,0.2248384
0.4420958,0.2248384
0.4420958,0.009373022
0.4451397,0.009373022
0.4223626,0.1275408
0.4223626,0.1224638
0.05917259,0.1224638
0.05917259,0.1275408
0.4616235,0.1730351
0.4646674,0.1730351
0.4646674,0.009373022
0.4616235,0.009373022
0.4037939,0.09384101
0.1317184,0.09384096
0.1317184,0.09891794
0.403794,0.09891794
0.4581581,0.2244822
0.4581581,0.009373022
0.4551143,0.009373022
0.4551143,0.2244822
0.4704611,0.1741567
0.4735049,0.1741567
0.4735049,0.1371823
0.4704611,0.1371823
0.4516489,0.009373022
0.4486051,0.009373022
0.4486051,0.2254687
0.4516489,0.2254687
0.4711766,0.1349605
0.4711766,0.009373022
0.4681328,0.009373022
0.4681328,0.1349605
0.1945232,0.05197613
0.4039964,0.05197619
0.4039964,0.04689914
0.1945232,0.0468992
0.4360883,0.2626671
0.4353904,0.01658468
0.01389478,0.01658468
0.01248053,0.2626671
0.01218213,0.245315
0.162115,0.245315
0.1631311,0.2114421
0.01218213,0.2096822
0.01218213,0.01229185
0.1616185,0.01229185
0.3610991,0.2103435
0.361099,0.01229185
0.4761512,0.01261813
0.4761512,0.2096822
0.4115553,0.98418
0.4115553,0.6402919
0.02726187,0.640292
0.02529098,0.9864732
0.4388492,0.7213728
0.4388948,0.9380945
0.5093007,0.9380941
0.5066049,0.7198669
0.4385179,0.6397625
0.5057645,0.6397846
0.6854426,0.720906
0.686625,0.9380943
0.6850677,0.6410623
0.5078654,0.2478489
0.686096,0.2478498
0.8997656,0.6425796
0.8997648,0.7219748
0.8997666,0.2478507
0.02646312,0.6239354
0.2004528,0.5803227
0.02646297,0.580323
0.2004528,0.6239354
0.4314301,0.6239355
0.4314301,0.5766286
0.4439116,0.5766285
0.4439116,0.6239358
0.4439115,0.4653401
0.4314301,0.4653401
0.2004525,0.464072
0.4439115,0.2795603
0.2004528,0.2795603
0.4314301,0.2795602
0.3327648,0.6242539
0.437028,0.624254
0.437028,0.5814219
0.3327648,0.5807295
0.437028,0.4701729
0.1047948,0.5792162
0.3327648,0.4266316
0.4370278,0.2860413
0.3327648,0.2860411
0.1047953,0.624254
0.1047953,0.4256884
0.03060815,0.624254
0.1047948,0.2860413
0.03060815,0.5787239
0.01957959,0.6242542
0.01957963,0.2860413
0.03060815,0.4684913
0.03060813,0.2860411
0.4478626,0.2769163
0.03041396,0.2769162
0.03041396,0.624851
0.4478627,0.624851
0.1105028,0.625348
0.01994109,0.5820786
0.01994109,0.625348
0.1105025,0.5820787
0.3488716,0.6253479
0.01994109,0.4193929
0.3488717,0.5820786
0.1105027,0.4193934
0.01994143,0.2777569
0.1105024,0.2777569
0.3488716,0.4193933
0.4258786,0.625348
0.3488718,0.277757
0.4258789,0.5820785
0.4373899,0.6253475
0.4373899,0.5820785
0.4258785,0.4193934
0.4258786,0.2777568
0.4373899,0.4193931
0.4373896,0.2777571
0.2188992,0.2759492
0.2350568,0.4631734
0.2350568,0.2759492
0.2188992,0.4631736
0.02771269,0.2759492
0.2350568,0.5753273
0.02771269,0.4120222
0.2188992,0.5753275
0.2350568,0.6230024
0.0277127,0.5753275
0.2188992,0.6230024
0.02771248,0.6230024
0.2350568,0.5753273
0.2350568,0.6230024
0.252466,0.6230024
0.252466,0.5753275
0.439477,0.6230021
0.439477,0.5767058
0.2350568,0.4631734
0.4402342,0.5076835
0.252466,0.4631734
0.2350568,0.2759492
0.4422655,0.3873444
0.2524659,0.2759493
0.4399693,0.2759492
0.02309614,0.5758559
0.02309632,0.623475
0.03382479,0.623475
0.03382477,0.5758559
0.02309634,0.4735535
0.252384,0.623475
0.03382477,0.4735533
0.02309631,0.2768282
0.03382479,0.2768285
0.2523839,0.5758559
0.440545,0.5758559
0.4405449,0.623475
0.252384,0.4127417
0.252384,0.2768282
0.440545,0.4127416
0.440545,0.2768282
0.02186431,0.576808
0.0218643,0.6238551
0.2205329,0.6238549
0.220533,0.5768081
0.4287178,0.6238549
0.4287176,0.5768082
0.4393134,0.5768082
0.4393134,0.6238551
0.4393131,0.4757344
0.4287178,0.4757342
0.4393129,0.2813712
0.4287179,0.2813712
0.2205329,0.4224765
0.2205329,0.2813711
0.02186431,0.4224765
0.02186432,0.2813711
0.02678832,0.5767578
0.02678832,0.6236221
0.03619248,0.6236221
0.03619225,0.576758
0.02678834,0.4665093
0.2402147,0.6236222
0.03619225,0.4665094
0.02678834,0.2824664
0.03619245,0.2824664
0.2402147,0.2824664
0.2402145,0.5767578
0.2402147,0.4447673
0.4442371,0.2824664
0.4442368,0.4230247
0.4442371,0.5767581
0.4442371,0.6236222
0.02174155,0.4652661
0.03626762,0.2784171
0.02174151,0.278417
0.03626759,0.4652661
0.02174155,0.5771948
0.4391899,0.4707523
0.4391899,0.278417
0.4391899,0.5771948
0.03626753,0.5771948
0.4391899,0.6247744
0.03626759,0.6247744
0.02174155,0.6247744
0.02366187,0.6258204
0.4411104,0.6258208
0.4411104,0.5776142
0.0236619,0.5776142
0.01922765,0.4704954
0.4366759,0.470495
0.4366763,0.2819583
0.01922771,0.2819583
0.01677136,0.6241461
0.43422,0.624146
0.4342201,0.5769445
0.01677136,0.5769442
0.01677138,0.4713462
0.4342201,0.4221058
0.01677136,0.2805371
0.43422,0.2805371
0.4264293,0.2771239
0.4412449,0.4646016
0.441245,0.2771239
0.4264292,0.4646018
0.2113509,0.277124
0.4412449,0.5769083
0.211351,0.4195608
0.02379644,0.2771239
0.02379644,0.4203053
0.4264296,0.5769083
0.4412449,0.6246473
0.4264295,0.6246473
0.211351,0.6246473
0.211351,0.5769083
0.02379605,0.6246473
0.02379607,0.5769083
0.9903873,0.1998168
0.9903904,0.01724297
0.4935817,0.01724285
0.4936001,0.1998172
0.7280552,0.9817737
0.9625026,0.9809521
0.9627215,0.742471
0.7285473,0.7419449
0.4635255,0.03033873
0.4846742,0.02463524
0.4794585,0.0297282
0.3504439,0.8573543
0.3504439,0.7473254
0.005417201,0.7473254
0.005417201,0.8400483
0.3504439,0.9361524
0.00541726,0.9361525
0.00541726,0.9664442
0.3504439,0.9664442
0.3504439,0.9664442
0.4963096,0.9664442
0.4963096,0.9361523
0.3504439,0.9361524
0.4963096,0.8372652
0.3504439,0.8573543
0.3504439,0.7473254
0.4963096,0.7473254
0.5214636,0.9674106
0.9800096,0.6569867
0.5214634,0.6569867
0.9800098,0.7728809
0.9800096,0.9674106
0.9823698,0.703898
0.5270345,0.703898
0.5270342,0.7229261
0.9823694,0.7229261
0.9790204,0.800305
0.9790204,0.6570956
0.8917841,0.6570958
0.8917844,0.6974314
0.6221933,0.6570958
0.6221935,0.6973178
0.8917846,0.8409067
0.5204742,0.7729896
0.5204743,0.6570958
0.6221933,0.8409549
0.5204743,0.9675194
0.6221933,0.9675194
0.8917847,0.9675194
0.9790204,0.9675194
0.9493004,0.8084192
0.9496655,0.7893734
0.5547082,0.787139
0.5538592,0.8061731
0.8963172,0.8864961
0.9181492,0.8893011
0.9181499,0.6450295
0.8963175,0.6452519
0.8651778,0.8891592
0.8869971,0.8893011
0.8869971,0.6450291
0.8651775,0.6476434
0.949666,0.8358198
0.9488165,0.8167855
0.553859,0.8190206
0.5542241,0.8380658
0.9739161,0.7136135
0.5264201,0.7136135
0.5264201,0.7672794
0.9739163,0.7672794
0.9739161,0.886451
0.5264201,0.8928583
0.534504,0.7305137
0.534504,0.939465
0.9820002,0.939465
0.9820002,0.7241067
0.8873212,0.6459772
0.6083515,0.6459774
0.6083515,0.6929442
0.8873212,0.6929442
0.6083515,0.8460183
0.8873212,0.8055928
0.6083515,0.9857148
0.8873212,0.9857148
0.6886606,0.6518276
0.6075659,0.6518276
0.6075659,0.6987944
0.6886606,0.6987944
0.9548789,0.6518276
0.9548789,0.6987944
0.6886606,0.8518684
0.607566,0.8478011
0.6886606,0.991565
0.6075659,0.991565
0.9548789,0.991565
0.9548789,0.8518685
0.6613074,0.9025953
0.661043,0.9178291
0.8141173,0.9178291
0.8143877,0.9025952
0.5484096,0.7356078
0.8146282,0.7356239
0.8146279,0.7203903
0.5484096,0.7202739
0.701484,0.8249713
0.5484098,0.8249713
0.5486742,0.840305
0.7017545,0.840305
0.5484096,0.7161695
0.8146279,0.7160532
0.8146279,0.7008194
0.5484096,0.7008354
0.6199316,0.8369745
0.6224759,0.8517034
0.737655,0.851703
0.7360691,0.8369739
0.5721438,0.7496495
0.7748432,0.7496587
0.7748023,0.7349309
0.5691081,0.7349335
0.9013466,0.9224404
0.9013466,0.9077348
0.7115717,0.9077348
0.7121738,0.9224402
0.6074766,0.8954893
0.7981135,0.8954884
0.7981135,0.8807601
0.6058906,0.8807606
0.7134655,0.8952026
0.7134697,0.7791632
0.6987643,0.7766186
0.69876,0.8958046
0.6557471,0.9774948
0.5239815,0.9328294
0.5239815,0.9774948
0.6557471,0.9326618
0.9438487,0.9774948
0.9438487,0.9322962
0.6557472,0.781433
0.5239815,0.8240435
0.6557472,0.643988
0.5239815,0.643988
0.9438487,0.6439878
0.9438487,0.7812048
0.6106794,0.9808698
0.9114122,0.9800315
0.9108288,0.770732
0.6100966,0.7718884
0.7998273,0.9553993
0.8444926,0.9552749
0.8439509,0.7609793
0.7992857,0.7611039
0.9783504,0.6499133
0.8845949,0.6499132
0.8845949,0.7871301
0.9783504,0.8295622
0.8845949,0.9382216
0.8845949,0.9834201
0.9783504,0.9834201
0.8568114,0.7963242
0.5687332,0.7962983
0.568781,0.8102248
0.856883,0.8102834
0.5687331,0.7889918
0.8568114,0.7889661
0.8568833,0.7750068
0.568781,0.7750654
0.7205863,0.748183
0.7198249,0.7342237
0.5687332,0.7342238
0.5692079,0.748183
0.5699102,0.7537739
0.5687332,0.7677003
0.7199625,0.7677003
0.7218504,0.7537737
0.5917711,0.6940185
0.8923588,0.6411039
0.5916256,0.6419421
0.8925087,0.694859
0.5921271,0.8218037
0.8928593,0.8206473
0.9773719,0.9178612
0.9457493,0.6753845
0.9457493,0.9178612
0.9773719,0.6753845
0.9457493,0.6406019
0.9773722,0.6406019
0.8347969,0.6753845
0.8347969,0.6406019
0.538182,0.6753845
0.538182,0.6406019
0.8347969,0.9178612
0.538182,0.9178612
0.9788575,0.9301291
0.9788575,0.6876521
0.9472343,0.6876521
0.9472342,0.9301292
0.9788575,0.9649119
0.9472342,0.9649119
0.8362818,0.9301292
0.836282,0.9649119
0.539667,0.9301292
0.539667,0.9649119
0.8362818,0.6876521
0.5396668,0.6876521
0.6588457,0.7878595
0.9013224,0.7762733
0.6588454,0.7762733
0.9013224,0.7878596
0.9361049,0.7762733
0.936105,0.7878595
0.6588457,0.7254933
0.6588457,0.7370799
0.7697977,0.7370799
0.7697977,0.7254933
0.9013224,0.770933
0.9013224,0.7593467
0.6588454,0.7593467
0.6588457,0.770933
0.6588457,0.7424198
0.6588457,0.7540064
0.9013224,0.7540065
0.9013224,0.7424198
0.9599053,0.6659097
0.947028,0.9740636
0.9599053,0.9740636
0.947028,0.6659097
0.6072425,0.6659097
0.6072425,0.9740636
0.8670274,0.6968905
0.8670324,0.6816398
0.5588788,0.6815339
0.5588735,0.6967845
0.8670188,0.7211367
0.8281254,0.7211235
0.5588652,0.7210308
0.9815384,0.6554601
0.6417532,0.6554601
0.6417533,0.9636139
0.9815384,0.9636139
0.9848091,0.6960614
0.8387833,0.741478
0.9848093,0.741478
0.8387833,0.6960615
0.5319722,0.6934485
0.5319725,0.741478
0.6646531,0.7689587
0.983358,0.6479719
0.6624147,0.6479719
0.6626729,0.8996608
0.983358,0.9773643
0.6619342,0.9746273
0.9001304,0.7573166
0.8999507,0.7391744
0.5207863,0.7391745
0.5207863,0.7573166
0.9808479,0.6823016
0.9808479,0.6329842
0.8044496,0.6329842
0.8044496,0.6823018
0.8044496,0.8498942
0.9808479,0.8105906
0.8044496,0.989725
0.9808479,0.9897248
0.5260563,0.989725
0.5260563,0.8498942
0.9257218,0.6329842
0.6473285,0.6329842
0.6473285,0.6823016
0.9257218,0.6823018
0.8643417,0.8498942
0.5409721,0.989725
0.8643417,0.989725
0.5409721,0.800588
0.8643417,0.6823016
0.5409721,0.6823016
0.8643417,0.6329842
0.5409721,0.6329839
0.7742832,0.8026828
0.5502256,0.8026212
0.5502253,0.8153382
0.7742832,0.8150674
0.6844066,0.7763188
0.6844289,0.7636018
0.5495461,0.7636018
0.5493174,0.7763188
0.5493177,0.7804497
0.5493177,0.7928342
0.7733755,0.7803881
0.7733755,0.7931051
0.684429,0.7586249
0.6842003,0.7462403
0.54934,0.7586249
0.5493177,0.7462403
0.8410678,0.6576917
0.5279263,0.6576917
0.5279263,0.941682
0.8410677,0.941682
0.97762,0.9438096
0.97762,0.6598193
0.6644786,0.6598193
0.6644785,0.9438096
0.9031476,0.8042712
0.6030909,0.7806619
0.6030909,0.8042712
0.8651516,0.7806618
0.9031476,0.7806618
0.8651516,0.6588947
0.9031476,0.6588947
0.5550018,0.9020548
0.8101853,0.639994
0.5550018,0.6399941
0.8115394,0.8330384
0.9559725,0.6399941
0.9559725,0.7906651
0.8108435,0.8998019
0.9559725,0.8985698
0.9559725,0.9400508
0.8108435,0.9400508
0.5550018,0.9400508
0.5393314,0.8579842
0.5393315,0.8723579
0.8398767,0.8579842
0.839734,0.872358
0.5493177,0.6952187
0.6889011,0.6952187
0.6889011,0.6808452
0.5493178,0.6808452
0.9720634,0.8332093
0.5211591,0.833209
0.5211591,0.8745016
0.9720634,0.8745016
0.9717561,0.8211272
0.9717561,0.8086452
0.5208522,0.8086452
0.5208522,0.8211273
0.7612211,0.850538
0.7614939,0.8362296
0.6562786,0.8362297
0.6561103,0.8505381
0.7695327,0.6967062
0.7693645,0.6823978
0.664422,0.6967062
0.664149,0.6823978
0.9705274,0.7974492
0.9705274,0.7849671
0.5196234,0.7974492
0.5196234,0.7849671
0.9615676,0.6441725
0.5352604,0.6441725
0.5352604,0.6915064
0.9615676,0.6915064
0.9615676,0.8454309
0.5352604,0.7966173
0.9615676,0.9865663
0.5352604,0.9865663
0.9307761,0.7103896
0.7320151,0.7103896
0.7320151,0.7577236
0.9307761,0.7577236
0.6238605,0.6820955
0.6238605,0.8232309
0.8226215,0.8232309
0.8226215,0.6826914
0.6617904,0.7616159
0.8605511,0.7616161
0.8605509,0.7473078
0.6617904,0.7473078
0.8591426,0.7048933
0.8591424,0.6905853
0.6603819,0.7048933
0.6603819,0.6905851
0.6607039,0.7970826
0.6609215,0.8113909
0.8154418,0.8113909
0.8157146,0.7970826
0.6506414,0.8791966
0.8045658,0.8791966
0.8046459,0.8648881
0.6503685,0.864888
0.9966669,0.5244514
0.9964564,0.3028894
0.5040984,0.3041368
0.5053257,0.5268834
0.9964564,0.5163991
0.9961988,0.2532144
0.5025974,0.2530132
0.5040984,0.5176466
0.6107922,0.5176466
0.6092913,0.2530132
0.5076934,0.25292
0.5086204,0.5174369
0.7720951,0.6117505
0.5043602,0.5235373
0.5043602,0.6114325
0.773037,0.5243352
0.8731895,0.6118708
0.8744871,0.5246367
0.873274,0.3044753
0.7722878,0.3042683
0.5048398,0.3037193
0.6505524,0.143924
0.6505524,0.1128059
0.596641,0.1128059
0.5966409,0.143924
0.5258597,0.006400928
0.5258597,0.2373944
0.5383628,0.2373944
0.5383628,0.006400928
0.6505523,0.1069738
0.6505523,0.07585599
0.596641,0.07585599
0.596641,0.1069738
0.5400421,0.006400928
0.5400421,0.2373944
0.5525451,0.2373944
0.5525451,0.006400928
0.6751744,0.2373944
0.682391,0.2373944
0.682391,0.006400958
0.6751744,0.006400958
0.665099,0.2373944
0.6723157,0.2373944
0.6723157,0.006400958
0.665099,0.006400958
0.6301396,0.2089329
0.6301396,0.1895974
0.5966409,0.1895974
0.5966409,0.2089329
0.5258189,0.006400928
0.5258189,0.2373944
0.5335878,0.2373944
0.5335878,0.006400928
0.5351447,0.006400928
0.5351447,0.2373944
0.5429136,0.2373944
0.5429136,0.006400928
0.5444283,0.2373944
0.5489126,0.2373944
0.5489126,0.006400943
0.5444283,0.006400943
0.5503359,0.2373944
0.5548203,0.2373944
0.5548203,0.006400943
0.5503359,0.006400943
0.6301398,0.1834595
0.6301398,0.1641239
0.5966411,0.1641238
0.596641,0.1834595
0.0975338,0.02506156
0.1108496,0.02506156
0.1108496,0.001992066
0.0975338,0.001992066
0.506037,0.006400943
0.506037,0.2373944
0.5113872,0.2373944
0.5113872,0.006400943
0.1173121,0.02506174
0.1306279,0.02506174
0.1306279,0.001992125
0.1173121,0.001992125
0.5325113,0.006400958
0.5325113,0.2373944
0.5378615,0.2373944
0.5378615,0.006400958
0.5391831,0.2373944
0.5422714,0.2373944
0.5422714,0.006400958
0.5391831,0.006400958
0.5437701,0.2373944
0.5468583,0.2373944
0.5468583,0.006400958
0.5437701,0.006400958
0.09753544,0.02507361
0.1108582,0.02507361
0.1108582,0.001992125
0.09753544,0.001992125
0.5257977,0.006400958
0.5257977,0.2373944
0.5311507,0.2373944
0.5311507,0.006400958
0.117314,0.02507361
0.1306367,0.02507361
0.1306367,0.001992125
0.117314,0.001992125
0.5325114,0.006400958
0.5325114,0.2373944
0.5378644,0.2373944
0.5378644,0.006400958
0.5391834,0.2373944
0.5422732,0.2373944
0.5422732,0.00640098
0.5391834,0.00640098
0.5437704,0.2373944
0.5468603,0.2373944
0.5468603,0.00640098
0.5437704,0.00640098
0.6301422,0.2089325
0.6301422,0.1895956
0.5966409,0.1895955
0.5966409,0.2089325
0.5258189,0.006400928
0.5258189,0.2373944
0.5335884,0.2373944
0.5335884,0.006400928
0.5351447,0.006400928
0.5351447,0.2373944
0.5429143,0.2373944
0.5429143,0.006400928
0.5444285,0.2373944
0.5489129,0.2373944
0.5489129,0.006400943
0.5444285,0.006400943
0.5503361,0.2373944
0.5548207,0.2373944
0.5548207,0.006400943
0.5503361,0.006400943
0.6301423,0.1641219
0.5966409,0.1641219
0.596641,0.1834591
0.6301424,0.1834591
0.6376135,0.1670064
0.6376136,0.1353101
0.5966409,0.1353101
0.5966409,0.1670063
0.5258501,0.006400958
0.5258502,0.2373944
0.5353525,0.2373944
0.5353524,0.006400958
0.5966409,0.09670675
0.5966409,0.128403
0.6376136,0.128403
0.6376136,0.09670676
0.5464795,0.2373944
0.5464795,0.006400958
0.5369772,0.006400958
0.5369772,0.2373944
0.5554125,0.006400958
0.5480616,0.006400958
0.5480616,0.2373944
0.5554125,0.2373944
0.5570142,0.2373944
0.5643651,0.2373944
0.5643651,0.006400943
0.5570142,0.006400943
0.6377192,0.1669918
0.6377192,0.1352141
0.5966409,0.135214
0.5966409,0.1669918
0.5258502,0.006400928
0.5258502,0.2373944
0.535377,0.2373944
0.5353769,0.006400928
0.5966409,0.09660745
0.5966409,0.1283853
0.6377191,0.1283853
0.6377191,0.09660745
0.5465049,0.2373944
0.5465049,0.006400928
0.5369782,0.006400928
0.5369782,0.2373944
0.5554332,0.006400928
0.5480635,0.006400928
0.5480635,0.2373944
0.5554332,0.2373944
0.5839925,0.2373944
0.5913624,0.2373944
0.5913624,0.006400943
0.5839925,0.006400943
0.6374884,0.1670236
0.6374884,0.1354243
0.5966409,0.1354243
0.5966409,0.1670236
0.52585,0.006400928
0.52585,0.2373944
0.5353233,0.2373944
0.5353233,0.006400928
0.5966409,0.09682459
0.5966409,0.128424
0.6374884,0.128424
0.6374884,0.09682458
0.5464493,0.2373944
0.5464493,0.006400928
0.536976,0.006400928
0.536976,0.2373944
0.5553878,0.006400928
0.5480593,0.006400928
0.5480593,0.2373944
0.5553878,0.2373944
0.5570112,0.2373944
0.5643397,0.2373944
0.5643397,0.006400943
0.5570112,0.006400943
0.5966409,0.03315507
0.5966409,0.08295979
0.6610219,0.08295974
0.6610221,0.03315502
0.525906,0.006400958
0.5259059,0.2373944
0.540837,0.2373944
0.540837,0.006400958
0.5508766,0.2373944
0.5624272,0.2373944
0.5624272,0.006400943
0.5508766,0.006400943
0.7019411,0.2373944
0.7019411,0.006400958
0.6870099,0.006400958
0.68701,0.2373944
0.7182189,0.006400928
0.7182189,0.2373944
0.7297695,0.2373944
0.7297695,0.006400928
0.6610221,0.02069151
0.5966412,0.02069151
0.5966409,0.07049602
0.6610221,0.07049602
0.6315143,0.1899107
0.6315143,0.1629328
0.5966409,0.1629328
0.5966409,0.1899107
0.5134842,0.006400928
0.5134842,0.2373944
0.521572,0.2373944
0.521572,0.006400928
0.5966409,0.1300149
0.5966409,0.1569927
0.6315143,0.1569927
0.6315143,0.1300149
0.5437197,0.2373944
0.5437197,0.006400928
0.535632,0.006400928
0.535632,0.2373944
0.5516434,0.006400928
0.5453868,0.006400928
0.5453868,0.2373944
0.5516434,0.2373944
0.5752518,0.2373944
0.5815086,0.2373944
0.5815086,0.006400943
0.5752518,0.006400943
0.4689161,0.5834747
0.468916,0.2824495
0.3517103,0.284363
0.3517102,0.5834746
0.4713427,0.5834746
0.4713428,0.284363
0.2625396,0.2822325
0.2625397,0.5834747
0.1965457,0.213853
0.1983612,0.2120375
0.1131024,0.168365
0.1112868,0.1701806
0.01832932,0.03344607
0.02014488,0.03163051
0.03731484,0.1984525
0.03888152,0.2004867
0.1290537,0.168155
0.127487,0.1661208
0.2372757,0.04249282
0.2388424,0.04452702
0.2436934,0.2406661
0.246261,0.2406661
0.246261,0.006345897
0.2436934,0.006345897
0.1808349,0.2404974
0.1834024,0.2404974
0.1834024,0.006345897
0.1808349,0.006345897
0.006935007,0.1565119
0.2410865,0.1565119
0.2410865,0.0653437
0.008423521,0.0653437
0.2410865,0.1687627
0.2410865,0.006345897
0.006766326,0.006345897
0.008423521,0.1687627
0.2549852,0.5899459
0.4913062,0.5899459
0.4913062,0.2639368
0.2549852,0.2639368
0.04882485,0.1582736
0.04882485,0.1602758
0.2131003,0.1307351
0.2131003,0.1287329
0.04882485,0.09733801
0.2131003,0.1268787
0.2131003,0.1248765
0.04882485,0.09533585
0.009796735,0.190511
0.009796735,0.1925132
0.2364175,0.1925132
0.2364175,0.190511
0.2364176,0.1885927
0.2364176,0.1865904
0.009796735,0.1865905
0.009796735,0.1885927
0.009796735,0.02044514
0.009796735,0.1847205
0.2364175,0.1847205
0.2364175,0.02044515
0.156592,0.3540314
0.1720577,0.3542601
0.214285,0.2521501
0.1589106,0.2513314
0.2175928,0.2514043
0.1886048,0.2514111
0.1908156,0.6063768
0.2229442,0.6063689
0.1614493,0.5924826
0.1803912,0.592465
0.1803912,0.2909667
0.1544684,0.2911068
0.1450628,0.2944054
0.1092906,0.294462
0.113189,0.5958381
0.1489611,0.5957814
0.1166412,0.3176332
0.1096422,0.3175935
0.06039922,0.5472544
0.1146476,0.5475623
0.04628141,0.313871
0.04598796,0.546457
0.05359054,0.5479973
0.09953716,0.3246615
0.1756869,0.5459543
0.1293934,0.3455316
0.1248206,0.3454641
0.1203125,0.5451356
0.03924849,0.5956363
0.1068991,0.5954596
0.1047057,0.2560887
0.03694443,0.2562661
0.4277996,0.08895779
0.4315812,0.08770476
0.4309612,0.009751647
0.4271795,0.01100468
0.3075365,0.2002464
0.3115204,0.2002464
0.3115204,0.009559249
0.3075365,0.009559249
0.3224919,0.2005486
0.3264758,0.2005486
0.3264758,0.009998773
0.3224919,0.009998773
0.4064502,0.1446992
0.4082639,0.01015932
0.4043609,0.009360782
0.4025471,0.1439007
0.4711946,0.01534917
0.4683641,0.03016048
0.4723479,0.03016048
0.4751785,0.01534917
0.4505649,0.003023833
0.4474132,0.002065584
0.4474132,0.07380486
0.4505649,0.07721563
0.3316208,0.009456565
0.3282101,0.01260822
0.3282101,0.1995653
0.3316208,0.2000064
0.3132547,0.2001642
0.3166655,0.1970126
0.3166655,0.01262872
0.3132547,0.009477054
0.4118568,0.009837172
0.4087052,0.01324788
0.4087052,0.1410518
0.4118568,0.1420101
0.4635255,0.03033873
0.4666773,0.03325997
0.4666773,0.01893822
0.4635255,0.01552747
0.4398048,0.01068159
0.4381756,0.01018698
0.4394783,0.08555444
0.4408687,0.08597658
0.3378871,0.1969559
0.3393397,0.1969559
0.3393398,0.01270474
0.3378871,0.009998773
0.3409662,0.1943827
0.3426684,0.1943831
0.3426684,0.009999347
0.3409662,0.009998773
0.4254029,0.01016924
0.4237285,0.01047011
0.4223425,0.1405671
0.4240163,0.1402663
0.4794585,0.0297282
0.4811606,0.0297282
0.4784236,0.01540655
0.4767214,0.01540655
0.4425747,0.08535257
0.4457529,0.08191322
0.4457529,0.01019452
0.4425747,0.01116091
0.3180933,0.2001861
0.3215327,0.197008
0.3215327,0.01267707
0.3180933,0.009498914
0.336488,0.009511595
0.3330486,0.01268507
0.3330486,0.1968833
0.336488,0.2000614
0.4135438,0.1422405
0.4167218,0.1412742
0.4167218,0.01350695
0.4135438,0.01006753
0.4618652,0.01541945
0.4586871,0.01885888
0.4586871,0.03317652
0.4618652,0.03023074
0.4342,0.08547573
0.4365125,0.08933081
0.4364899,0.01198462
0.4328977,0.01012991
0.3465059,0.009998773
0.3440745,0.03713189
0.3440744,0.2215117
0.3465059,0.1943297
0.3504647,0.009559249
0.3480332,0.01508982
0.3480332,0.1993407
0.3504647,0.1937575
0.4677198,0.2064927
0.4714207,0.1965749
0.4715093,0.03822692
0.4691061,0.076433
0.4853402,0.01540655
0.4819372,0.0103143
0.4846742,0.02463524
0.4880765,0.02972407
0.3613449,0.01072912
0.3572411,0.01002115
0.3584853,0.1855292
0.3625891,0.1862371
0.3520065,0.01025735
0.3519627,0.1857698
0.3560616,0.1850337
0.3561053,0.009521325
0.2930005,0.002002463
0.2890622,0.002002463
0.2890622,0.2273625
0.2930005,0.2273625
0.2947804,0.2273625
0.2987188,0.2273625
0.2987188,0.002002463
0.2947804,0.002002463
0.3060261,0.009926816
0.3040176,0.0126976
0.3040176,0.2288188
0.3060261,0.2315897
0.3004987,0.2273625
0.3025407,0.2245455
0.3025407,0.004819438
0.3004987,0.002002463
0.3672577,0.009527531
0.3642789,0.01168687
0.3642789,0.18011
0.3672578,0.1822693
0.3686776,0.1824758
0.3716563,0.1803165
0.3716563,0.01189329
0.3686776,0.009734047
0.2792899,0.002358809
0.2780656,0.002358809
0.2780656,0.2347016
0.2792899,0.2347016
0.2802649,0.2345576
0.2814893,0.234557
0.2814893,0.002214342
0.2802649,0.002214827
0.3878449,0.1809707
0.3890512,0.1811827
0.3883581,0.01005936
0.3871519,0.009847459
0.3845127,0.1810108
0.3857173,0.1807944
0.3857601,0.009669674
0.3845553,0.00988621
0.3730762,0.1821363
0.3770479,0.1792572
0.3770479,0.01227359
0.3730762,0.009394583
0.3827662,0.009693858
0.3787944,0.0125728
0.3787944,0.1795565
0.3827662,0.1824356
0.2725873,0.001584791
0.2697082,0.005556419
0.2697082,0.2359133
0.2725873,0.239885
0.2741068,0.2403833
0.2769859,0.2364116
0.2769859,0.006054692
0.2741068,0.002083063
0.3927363,0.009485391
0.3916158,0.01926369
0.3932054,0.1904823
0.3943114,0.17914
0.4248387,0.05606168
0.42339,0.04494945
0.4265427,0.2161469
0.4279626,0.225695
0.2845666,0.001846962
0.2825112,0.004445523
0.2825112,0.2319643
0.2845666,0.2322039
0.2855434,0.2322859
0.2877887,0.2320508
0.2877887,0.004532084
0.2855434,0.001929007
0.4635255,0.03033873
0.4683641,0.03016048
0.4586871,0.03317652
0.4846742,0.02463524
0.3224919,0.2005486
0.3504647,0.009559249
0.336488,0.009511595
0.3393398,0.01270474
0.3282101,0.1995653
0.7589264,0.2356429
0.8832098,0.2356429
0.8832098,0.005488038
0.7589264,0.005488038
0.768463,0.2369723
0.7693859,0.2369723
0.7693859,0.006258726
0.768463,0.006258726
0.7693859,0.2369723
0.893971,0.2369723
0.8939711,0.006258726
0.7693859,0.006258726
0.7580056,0.2356429
0.7589264,0.2356429
0.7589264,0.005488038
0.7580056,0.005488038
0.7589264,0.005488038
0.8832098,0.005488038
0.8832098,0.004567385
0.7589264,0.004567385
0.7589264,0.2365637
0.8832098,0.2365637
0.8832098,0.2356429
0.7589264,0.2356429
0.7603642,0.2395773
0.8988517,0.2395771
0.8988517,0.2385513
0.7603642,0.2385513
0.8998774,0.2385513
0.8998774,0.007738948
0.8988517,0.007739067
0.8988517,0.2385513
0.8988517,0.006713152
0.7603642,0.006713152
0.7603642,0.007738948
0.8988517,0.007739067
0.7593383,0.007738948
0.7593383,0.2385513
0.7603642,0.2385513
0.7603642,0.007738948
0.7603642,0.2385513
0.8988517,0.2385513
0.8988517,0.007739067
0.7603642,0.007738948
0.89473,0.007738948
0.7562426,0.007739067
0.7562427,0.2385514
0.89473,0.2385513
0.7665629,0.2351017
0.8949366,0.2351016
0.8949366,0.007979393
0.7665629,0.007979393
0.768569,0.2314473
0.7695423,0.2314473
0.7695423,0.007621303
0.768569,0.007621303
0.7695423,0.2314473
0.8960526,0.2314474
0.8960526,0.007621303
0.7695423,0.007621303
0.7655755,0.2351016
0.7665629,0.2351017
0.7665629,0.007979393
0.7655756,0.007979393
0.7665629,0.007979393
0.8949366,0.007979393
0.8949366,0.006991878
0.7665629,0.006991878
0.7665629,0.2360891
0.8949366,0.2360892
0.8949366,0.2351016
0.7665629,0.2351017
0.7581978,0.2100162
0.8963883,0.2100163
0.8963883,0.2089533
0.7581978,0.2089532
0.8974514,0.2089532
0.8974514,0.03249443
0.8963883,0.03249443
0.8963883,0.2089533
0.8963883,0.03143144
0.7581977,0.03143132
0.7581978,0.03249443
0.8963883,0.03249443
0.7571349,0.03249443
0.7571349,0.2089532
0.7581978,0.2089532
0.7581978,0.03249443
0.7581978,0.2089532
0.8963883,0.2089533
0.8963883,0.03249443
0.7581978,0.03249443
0.9033043,0.03249443
0.7651138,0.03249443
0.7651138,0.2089532
0.9033043,0.2089531
0.8011479,0.2320011
0.8452513,0.2320011
0.8452513,0.2314999
0.8011479,0.2314999
0.7743125,0.2324669
0.7743125,0.01445621
0.7738116,0.01445621
0.7738116,0.2324669
0.8452511,0.01298791
0.8011479,0.01298803
0.8011479,0.01348925
0.8452513,0.01348925
0.8006468,0.01348925
0.8006468,0.2314999
0.8011479,0.2314999
0.8011479,0.01348925
0.8011479,0.2314999
0.8452513,0.2314999
0.8452513,0.01348925
0.8011479,0.01348925
0.8184159,0.01445621
0.7743125,0.01445621
0.7743125,0.2324669
0.8184159,0.2324669
0.7594044,0.2338307
0.8799729,0.2338307
0.8799729,0.01055598
0.7594047,0.01055598
0.8799729,0.2338307
0.8808658,0.2338307
0.8808658,0.01055598
0.8799729,0.01055598
0.7743254,0.237655
0.8967514,0.237655
0.8967515,0.01094019
0.7743254,0.01094019
0.7585113,0.2338307
0.7594044,0.2338307
0.7594047,0.01055598
0.7585115,0.01055598
0.7594047,0.01055598
0.8799729,0.01055598
0.8799729,0.009662867
0.7594044,0.009662867
0.7594044,0.2347237
0.8799729,0.2347237
0.8799729,0.2338307
0.7594044,0.2338307
0.9345784,0.01233149
0.9887649,0.01233149
0.9887649,0.008452296
0.9345784,0.008452177
0.9301219,0.01233149
0.9301219,0.008452296
0.9345784,0.2251541
0.9887649,0.225154
0.9887649,0.2212749
0.9345784,0.2212749
0.9301219,0.2251541
0.9301219,0.2212749
0.9286728,0.03175345
0.9775392,0.03540108
0.9773705,0.03175345
0.9329478,0.03540093
0.9329478,0.07708088
0.9286728,0.07434526
0.9329478,0.08052209
0.9775392,0.07708085
0.9775392,0.08052203
0.9286728,0.07869831
0.9329478,0.121668
0.9286728,0.1207559
0.9329478,0.1297106
0.9775392,0.121668
0.9775392,0.1297106
0.9286728,0.1306225
0.9329478,0.1707641
0.9286728,0.1725877
0.9329478,0.1746382
0.9286728,0.1773737
0.9775392,0.1707641
0.9775392,0.1746381
0.9286728,0.2195326
0.9329478,0.2158851
0.9775392,0.2158851
0.9773705,0.2195326
0.9775392,0.03540108
0.9329478,0.03540093
0.9329478,0.03888714
0.9775392,0.03888726
0.9329478,0.2123988
0.9329478,0.2158851
0.9775392,0.2158851
0.9775392,0.2123988
0.9353445,0.1161408
0.935344,0.07035756
0.9314649,0.07035762
0.9314651,0.1161408
0.9801288,0.06659663
0.9801288,0.1123799
0.984008,0.11238
0.984008,0.06659669
0.9228289,0.2250358
0.926708,0.225036
0.926708,0.1781256
0.9228289,0.1781257
0.9228289,0.1728
0.926708,0.1728
0.9228289,0.1261049
0.926708,0.1261049
0.9228289,0.1151262
0.926708,0.1151262
0.9228289,0.06832838
0.926708,0.06832838
0.9228289,0.06348455
0.926708,0.06348467
0.9228289,0.01609242
0.926708,0.01609242
0.9314651,0.2209772
0.9353441,0.2209772
0.9353443,0.1750816
0.9314651,0.1750816
0.9801289,0.1713206
0.9801286,0.2172163
0.9840078,0.2172163
0.984008,0.1713206
0.9887649,0.2212749
0.9926441,0.2212749
0.9926441,0.1743645
0.9887649,0.1743646
0.9887648,0.1690391
0.9926441,0.1690391
0.9887649,0.1223438
0.9926441,0.1223438
0.9887649,0.1113653
0.9926441,0.1113653
0.9887649,0.06456733
0.9926441,0.06456733
0.9887649,0.05972362
0.9926441,0.05972362
0.9887648,0.01233149
0.9926441,0.01233149
0.9353442,0.1707707
0.9353443,0.1250901
0.9314651,0.1250902
0.9314651,0.1707706
0.9353443,0.06652856
0.9353441,0.02015102
0.9314651,0.02015102
0.9314651,0.06652856
0.980129,0.1213291
0.9801286,0.1670098
0.9840078,0.1670098
0.984008,0.1213292
0.9840077,0.01639009
0.9801284,0.0163902
0.980129,0.06276774
0.9840081,0.06276762
0.9925982,0.08338338
0.9480067,0.08338344
0.9480067,0.08686957
0.9925982,0.08686963
0.9314649,0.07035762
0.9810823,0.07035762
0.9810824,0.06652856
0.9314651,0.06652856
0.926708,0.06348467
0.926708,0.06832826
0.926708,0.01609242
0.9314651,0.02015102
0.9810823,0.02015102
0.9808946,0.01609242
0.9314651,0.1161408
0.926708,0.1151262
0.9314651,0.1250902
0.9810824,0.1161409
0.9810823,0.1250902
0.926708,0.1261048
0.9314651,0.1707706
0.926708,0.1728
0.9314651,0.1750816
0.926708,0.1781256
0.9810824,0.1707706
0.9810826,0.1750816
0.926708,0.225036
0.9314651,0.2209772
0.9810823,0.2209772
0.9808946,0.2250358
0.9925982,0.07645616
0.9480067,0.07645604
0.9480067,0.07994223
0.9925982,0.07994223
0.9925982,0.1701392
0.9480067,0.1701391
0.9480067,0.1736255
0.9925982,0.1736255
0.9925982,0.1774995
0.9480067,0.1774995
0.9480067,0.1809856
0.9925982,0.1809858
0.9925982,0.132572
0.9480067,0.132572
0.9480067,0.1360582
0.9925982,0.1360582
0.9925982,0.121043
0.9480067,0.121043
0.9480067,0.1245293
0.9925982,0.1245293
0.9480067,0.2187465
0.9925982,0.2187465
0.9925982,0.2152601
0.9480067,0.2152601
0.926708,0.2289152
0.9808946,0.228915
0.9808946,0.2250358
0.926708,0.225036
0.926708,0.01609242
0.9808946,0.01609242
0.9808946,0.01221323
0.926708,0.01221323
0.9925982,0.04174858
0.9925982,0.03826237
0.9480067,0.03826237
0.9480067,0.04174849
0.9443393,0.03826243
0.9481758,0.0346148
0.9441706,0.0346148
0.9480067,0.03826237
0.9968734,0.0346148
0.9925982,0.03826237
0.9480067,0.07994223
0.9925982,0.07994223
0.9443393,0.0799422
0.9968734,0.07720661
0.9443393,0.08338338
0.9968734,0.08155966
0.9480067,0.08338344
0.9925982,0.08338338
0.9968734,0.1236172
0.9480067,0.1245293
0.9925982,0.1245293
0.9443393,0.1245293
0.9968734,0.1334838
0.9443393,0.1325719
0.9925982,0.132572
0.9968734,0.1754491
0.9480067,0.132572
0.9925982,0.1736255
0.9480067,0.1736255
0.9443393,0.1736255
0.9968734,0.1802351
0.9443393,0.1774994
0.9925982,0.1774995
0.9968734,0.222394
0.9925982,0.2187465
0.9480067,0.1774995
0.9480067,0.2187465
0.9481758,0.222394
0.9443393,0.2187465
0.9441706,0.222394
0.9303097,0.01639009
0.9345784,0.01233149
0.9301219,0.01233149
0.9343905,0.01639009
0.9887649,0.01233149
0.9840077,0.01639009
0.9343905,0.06276762
0.9840081,0.06276762
0.9303098,0.06276762
0.9887649,0.05972373
0.9303097,0.06659669
0.9887649,0.06456733
0.9343905,0.06659669
0.984008,0.06659669
0.9887649,0.1113653
0.9343905,0.1123799
0.984008,0.11238
0.9303098,0.11238
0.9887649,0.1223438
0.9303097,0.1213292
0.984008,0.1213292
0.9887649,0.1690391
0.9343905,0.1213292
0.9840078,0.1670098
0.9343905,0.1670098
0.9303098,0.1670097
0.9887649,0.1743646
0.9303099,0.1713206
0.984008,0.1713206
0.9887649,0.2212749
0.9840078,0.2172163
0.9343905,0.1713206
0.9343905,0.2172163
0.9345784,0.2212749
0.9303097,0.2172163
0.9301219,0.2212749
0.9775392,0.07359472
0.9329478,0.07359481
0.9329478,0.07708088
0.9775392,0.07708085
0.9775392,0.08052203
0.9329478,0.08052209
0.9329478,0.08400822
0.9775392,0.08400828
0.9775392,0.1746381
0.9329478,0.1746382
0.9329478,0.1781245
0.9775392,0.1781243
0.9775392,0.1672778
0.9329478,0.1672778
0.9329478,0.1707641
0.9775392,0.1707641
0.9775392,0.1181817
0.9329478,0.1181817
0.9329478,0.121668
0.9775392,0.121668
0.9775392,0.1297106
0.9329478,0.1297106
0.9329478,0.1331969
0.9775392,0.1331969
0.9343905,0.01639009
0.9343905,0.06276762
0.9382697,0.06276762
0.9382696,0.01639009
0.9772031,0.02015102
0.9772034,0.06652856
0.9810824,0.06652856
0.9810823,0.02015102
0.9343905,0.06659669
0.9343905,0.1123799
0.9382697,0.1123798
0.9382696,0.06659657
0.9772031,0.07035756
0.9772034,0.1161408
0.9810824,0.1161409
0.9810823,0.07035762
0.9810824,0.1707706
0.9810823,0.1250902
0.9772031,0.1250902
0.9772034,0.1707707
0.9382696,0.1670097
0.9382697,0.1213291
0.9343905,0.1213292
0.9343905,0.1670098
0.9810823,0.2209772
0.9810826,0.1750816
0.9772035,0.1750816
0.9772031,0.2209772
0.9382696,0.2172163
0.9382696,0.1713206
0.9343905,0.1713206
0.9343905,0.2172163
0.9252613,0.2432376
0.9721282,0.2432376
0.9721282,0.2401172
0.9252613,0.2401172
0.9752486,0.2401172
0.9752486,0.008446425
0.9721282,0.008446366
0.9721282,0.2401172
0.9721282,0.005326003
0.9252613,0.005326003
0.9252613,0.008446366
0.9721282,0.008446366
0.9221411,0.008446366
0.9221411,0.2401172
0.9252613,0.2401172
0.9252613,0.008446366
0.9272139,0.237825
0.9303346,0.237825
0.9303346,0.01073876
0.9272139,0.01073876
0.9701753,0.01073876
0.9670551,0.01073876
0.9670551,0.237825
0.9701753,0.237825
0.9404211,0.228017
0.9404211,0.2311374
0.9833822,0.2311376
0.9833822,0.2280171
0.9833822,0.00717178
0.9833822,0.004051358
0.9404211,0.004051417
0.9404211,0.00717178
0.9348085,0.052975
0.9835804,0.05297494
0.9835804,0.04872686
0.9348085,0.04872686
0.9314109,0.052975
0.9314109,0.04872686
0.9892982,0.1520485
0.9405264,0.1520485
0.9405264,0.1562966
0.9892982,0.1562966
0.9387122,0.01087517
0.9875553,0.01273209
0.9874839,0.01087517
0.9408317,0.01273209
0.9408316,0.05139738
0.9387122,0.05068755
0.9408316,0.05445874
0.9875551,0.05139732
0.9875551,0.05445892
0.9387122,0.0538398
0.9408316,0.09618551
0.9387119,0.09680456
0.9408316,0.09924722
0.9387119,0.09995705
0.9875551,0.09618562
0.9875551,0.09924734
0.9387119,0.1397694
0.9408316,0.1379123
0.9875551,0.1379123
0.9874838,0.1397694
0.9893695,0.1501914
0.9405264,0.1520485
0.9892982,0.1520485
0.942646,0.1501914
0.942646,0.1115263
0.9405264,0.1122361
0.9405264,0.1090838
0.942646,0.1084648
0.9893695,0.1084648
0.9893695,0.1115263
0.942646,0.06673807
0.9405264,0.06611907
0.9405264,0.0629667
0.942646,0.06367648
0.9405264,0.02315426
0.9893695,0.06367648
0.9893695,0.06673801
0.942646,0.02501118
0.9893695,0.02501118
0.9892982,0.02315426
0.9849086,0.1922914
0.9849086,0.1883973
0.9381853,0.1883973
0.9381853,0.1922913
0.9408317,0.01273209
0.9408317,0.01662636
0.9875553,0.01662624
0.9875553,0.01273209
0.9814606,0.1382854
0.9814606,0.09655875
0.9775666,0.09655875
0.9775666,0.1382854
0.942646,0.06673807
0.942646,0.1084648
0.9465399,0.1084648
0.9465399,0.06673801
0.9835805,0.05297494
0.9878287,0.09278738
0.9878287,0.052975
0.9835804,0.09278738
0.9878287,0.09593964
0.9835804,0.09593964
0.9878285,0.1389044
0.9835804,0.1389044
0.9878285,0.1420569
0.9835804,0.1420569
0.9878285,0.1818692
0.9835804,0.1818693
0.9814606,0.09349722
0.9814606,0.05483192
0.9775666,0.05483192
0.9775666,0.09349722
0.9405264,0.1520485
0.9362782,0.1122361
0.9362782,0.1520485
0.9405264,0.1122361
0.9362782,0.1090838
0.9405262,0.1090838
0.9362781,0.06611907
0.9405262,0.06611907
0.9362781,0.0629667
0.9405262,0.0629667
0.9362781,0.02315426
0.9405262,0.02315426
0.942646,0.1115263
0.942646,0.1501914
0.9465399,0.1501914
0.9465399,0.1115263
0.9775666,0.1800123
0.9814606,0.1800122
0.9814606,0.1413471
0.9775666,0.1413471
0.9465399,0.02501118
0.942646,0.02501118
0.942646,0.06367648
0.9465399,0.06367648
0.9408316,0.05835289
0.9875551,0.05835289
0.9875551,0.05445892
0.9408316,0.05445874
0.9408316,0.05139738
0.9875551,0.05139732
0.9875553,0.04750329
0.9408316,0.04750329
0.9408316,0.09618551
0.9875551,0.09618562
0.9875551,0.09229147
0.9408316,0.09229147
0.9408316,0.1031412
0.9875551,0.1031412
0.9875551,0.09924734
0.9408316,0.09924722
0.9405264,0.02315426
0.9892982,0.02315426
0.9892982,0.01890612
0.9405264,0.01890612
0.9381853,0.07100534
0.9849086,0.07100534
0.9849086,0.06711131
0.9381853,0.06711125
0.9349305,0.06711107
0.9382566,0.06525415
0.9348591,0.06525415
0.9381853,0.06711125
0.9870283,0.06525421
0.9849086,0.06711131
0.9381853,0.1057764
0.9849086,0.1057764
0.9349303,0.1057763
0.9870283,0.1050666
0.9349303,0.1088379
0.9870283,0.108219
0.9381853,0.108838
0.9849086,0.1088379
0.9870283,0.1511838
0.9381853,0.1505647
0.9849086,0.1505647
0.9349303,0.1505646
0.9870283,0.1543362
0.9349303,0.1536263
0.9849086,0.1536263
0.9870283,0.1941485
0.9849086,0.1922914
0.9381853,0.1536262
0.9381853,0.1922913
0.9382566,0.1941485
0.9349303,0.1922913
0.934859,0.1941484
0.9314822,0.05483192
0.9348085,0.052975
0.9314109,0.052975
0.9347373,0.05483192
0.9835804,0.052975
0.9814606,0.05483192
0.9347373,0.09349722
0.9814606,0.09349722
0.9314822,0.09349722
0.9835804,0.09278738
0.9314822,0.09655875
0.9835804,0.0959397
0.9347373,0.09655875
0.9814606,0.09655875
0.9347373,0.1382854
0.9814606,0.1382854
0.9314822,0.1382855
0.9835804,0.1389046
0.9314822,0.1413471
0.9835804,0.1420569
0.9347373,0.1413471
0.9814606,0.1413471
0.9347373,0.1800122
0.9835804,0.1818693
0.9814606,0.1800122
0.9314822,0.1800122
0.9348085,0.1818692
0.9314109,0.1818692
0.9835804,0.1818693
0.9348085,0.1861173
0.9835804,0.1861174
0.9348085,0.1818693
0.9314109,0.1861173
0.9314109,0.1818692
0.9875551,0.1340184
0.9408316,0.1340182
0.9408316,0.1379123
0.9875551,0.1379123
0.9381853,0.1057764
0.9849086,0.1057764
0.9849086,0.1018823
0.9381853,0.1018823
0.9381853,0.1127321
0.9849086,0.1127321
0.9849086,0.1088379
0.9381853,0.108838
0.9381853,0.1575204
0.9849086,0.1575204
0.9849086,0.1536263
0.9381853,0.1536262
0.9381853,0.1505647
0.9849086,0.1505647
0.9849086,0.1466707
0.9381853,0.1466706
0.9386313,0.1800121
0.9386313,0.1413471
0.9347373,0.1413471
0.9347373,0.1800122
0.9314822,0.1800122
0.9314822,0.1413471
0.9275881,0.1413471
0.927588,0.1800122
0.9347373,0.09655875
0.9347373,0.1382854
0.9386313,0.1382854
0.9386313,0.09655875
0.9275881,0.09655875
0.927588,0.1382855
0.9314822,0.1382855
0.9314822,0.09655875
0.927588,0.05483192
0.9275881,0.09349722
0.9314822,0.09349722
0.9314822,0.05483192
0.9347373,0.05483192
0.9347373,0.09349722
0.9386313,0.09349722
0.9386313,0.05483192
0.9341432,0.009934843
0.9832621,0.009934843
0.9832621,0.006378531
0.9341432,0.00637871
0.9301209,0.009934843
0.9301209,0.00637871
0.9341432,0.1944129
0.9832621,0.1944129
0.9832621,0.1908566
0.9341432,0.1908566
0.9301209,0.1944129
0.9301209,0.1908566
0.9424357,0.04748964
0.991643,0.05119753
0.9915546,0.04748976
0.9446837,0.05119753
0.9446837,0.08946782
0.9424357,0.08739573
0.9446837,0.09457403
0.991643,0.08946782
0.991643,0.09457403
0.9424357,0.09272009
0.9446837,0.132584
0.9424357,0.1323547
0.9446837,0.143317
0.991643,0.132584
0.991643,0.143317
0.9424357,0.1435463
0.9446837,0.1813272
0.9424357,0.183181
0.944684,0.1864334
0.9424357,0.1885055
0.991643,0.1813272
0.991643,0.1864334
0.9424357,0.2284114
0.9446837,0.2247036
0.9916431,0.2247036
0.9915546,0.2284114
0.981014,0.1871487
0.981014,0.1838297
0.9340547,0.1838297
0.9340547,0.1871487
0.9340547,0.01696193
0.981014,0.01696193
0.981014,0.01364273
0.9340547,0.01364273
0.9881467,0.1090695
0.9881464,0.07105958
0.9848269,0.07105958
0.9848274,0.1090697
0.9446837,0.09457403
0.9446837,0.132584
0.9480031,0.132584
0.9480029,0.09457403
0.9206909,0.2022368
0.9242473,0.2022368
0.9242473,0.1623309
0.9206909,0.1623309
0.9206909,0.1570064
0.9242473,0.1570064
0.9206909,0.1173718
0.9242473,0.1173718
0.9206909,0.1061801
0.9242473,0.1061801
0.9206909,0.06654555
0.9242473,0.06654555
0.9206909,0.0612213
0.9242473,0.06122118
0.9206909,0.0213151
0.9242473,0.0213151
0.9848273,0.2011891
0.9881463,0.2011891
0.9881464,0.1629189
0.9848269,0.1629189
0.944684,0.1864334
0.9446837,0.2247036
0.9480029,0.2247036
0.9480034,0.1864334
0.9832621,0.1908566
0.9868187,0.1908566
0.9868187,0.1509507
0.9832621,0.1509507
0.9832621,0.1456262
0.9868187,0.1456262
0.9832621,0.1059915
0.9868187,0.1059915
0.9832621,0.09479988
0.9868187,0.09479988
0.9832621,0.05516541
0.9868187,0.05516529
0.9832621,0.04984093
0.9868187,0.04984093
0.9832621,0.009934843
0.9868187,0.009934843
0.9881464,0.1578128
0.9881463,0.1198026
0.9848274,0.1198026
0.9848269,0.1578128
0.9881467,0.06595337
0.9881463,0.02768308
0.9848269,0.02768308
0.9848273,0.06595337
0.9446837,0.143317
0.9446837,0.1813272
0.9480031,0.1813272
0.9480029,0.143317
0.9480031,0.05119753
0.9446837,0.05119753
0.9446837,0.08946782
0.9480031,0.08946782
0.9264953,0.1551527
0.9734544,0.1551527
0.9734544,0.1518334
0.9264953,0.1518333
0.9264953,0.163578
0.9734544,0.163578
0.9734544,0.1602588
0.9264953,0.1602588
0.9264953,0.1602588
0.9734544,0.1602588
0.9734544,0.1551527
0.9264953,0.1551527
0.9242473,0.1570064
0.9242473,0.1623309
0.9242473,0.1173718
0.9242473,0.2022368
0.9264953,0.198529
0.9734544,0.198529
0.9733658,0.2022368
0.9264953,0.1171425
0.9242473,0.1061801
0.9264953,0.1064094
0.9242473,0.06654555
0.9734544,0.1064094
0.9734544,0.1171425
0.9264953,0.06839949
0.9242473,0.06122118
0.9264953,0.06329328
0.9242473,0.0213151
0.9734544,0.06329328
0.9734544,0.06839949
0.9264953,0.02502298
0.9734544,0.02502298
0.9733658,0.0213151
0.9264953,0.1204617
0.9734544,0.1204617
0.9734544,0.1171425
0.9264953,0.1171425
0.9264953,0.1064094
0.9734544,0.1064094
0.9734544,0.1030904
0.9264953,0.1030902
0.9264953,0.07171851
0.9734544,0.07171851
0.9734544,0.06839949
0.9264953,0.06839949
0.9264953,0.06329328
0.9734544,0.06329328
0.9734544,0.0599739
0.9264953,0.0599739
0.9734544,0.19521
0.9264953,0.1952098
0.9264953,0.198529
0.9734544,0.198529
0.9242473,0.2057933
0.9733658,0.2057931
0.9733658,0.2022368
0.9242473,0.2022368
0.9242473,0.0213151
0.9733658,0.0213151
0.9733658,0.01775897
0.9242473,0.01775897
0.9264953,0.02502298
0.9264953,0.02834219
0.9734544,0.02834201
0.9734544,0.02502298
0.9373419,0.02768308
0.9412756,0.02397531
0.9372536,0.02397531
0.9411874,0.02768308
0.9903946,0.02397519
0.9881463,0.02768308
0.9411873,0.06595337
0.9881467,0.06595337
0.9373419,0.06595337
0.9903946,0.06388128
0.9373419,0.07105958
0.9903946,0.06920564
0.9411874,0.07105958
0.9881464,0.07105958
0.9903946,0.1088402
0.9411874,0.1090695
0.9881467,0.1090695
0.9373419,0.1090695
0.9903946,0.1200319
0.9373419,0.1198026
0.9881463,0.1198026
0.9903946,0.1596665
0.9411874,0.1198026
0.9881464,0.1578128
0.9411874,0.1578128
0.9373419,0.1578128
0.9903946,0.164991
0.9373419,0.1629189
0.9881464,0.1629189
0.9903946,0.2048969
0.9881463,0.2011891
0.9411875,0.1629189
0.9411873,0.2011891
0.9412756,0.2048969
0.937342,0.2011891
0.9372536,0.2048969
0.9302095,0.01364273
0.9341432,0.009934843
0.9301209,0.009934843
0.9340547,0.01364273
0.9832621,0.009934843
0.981014,0.01364273
0.9340547,0.05191302
0.981014,0.05191302
0.9302095,0.05191302
0.9832621,0.04984093
0.9302095,0.05701923
0.9832621,0.05516541
0.9340547,0.05701923
0.981014,0.05701923
0.9832621,0.09479988
0.9340547,0.09502935
0.981014,0.09502918
0.9302095,0.09502918
0.9832621,0.1059915
0.9302095,0.1057622
0.981014,0.1057622
0.9832621,0.1456262
0.9340547,0.1057622
0.981014,0.1437724
0.9340547,0.1437724
0.9302095,0.1437724
0.9832621,0.1509507
0.9302095,0.1488786
0.981014,0.1488786
0.9832621,0.1908566
0.981014,0.1871487
0.9340547,0.1488786
0.9340547,0.1871487
0.9341432,0.1908566
0.9302095,0.1871487
0.9301209,0.1908566
0.9340547,0.1521978
0.981014,0.1521978
0.981014,0.1488786
0.9340547,0.1488786
0.9340547,0.1437724
0.981014,0.1437724
0.981014,0.140453
0.9340547,0.1404533
0.9340547,0.09502935
0.981014,0.09502918
0.981014,0.09171015
0.9340547,0.09171015
0.9340547,0.1090814
0.981014,0.1090814
0.981014,0.1057622
0.9340547,0.1057622
0.9340547,0.05191302
0.981014,0.05191302
0.981014,0.04859364
0.9340547,0.04859382
0.9340547,0.0603385
0.981014,0.06033826
0.981014,0.05701923
0.9340547,0.05701923
0.9340229,0.02768308
0.9340229,0.06595337
0.9373419,0.06595337
0.9373419,0.02768308
0.9411874,0.02768308
0.9411873,0.06595337
0.9445066,0.06595337
0.9445066,0.02768308
0.9373419,0.1090695
0.9373419,0.07105958
0.9340227,0.07105958
0.9340227,0.1090695
0.9445071,0.1090695
0.9445066,0.07105958
0.9411874,0.07105958
0.9411874,0.1090695
0.9445066,0.1578128
0.9445066,0.1198026
0.9411874,0.1198026
0.9411874,0.1578128
0.9373419,0.1578128
0.9373419,0.1198026
0.9340229,0.1198026
0.9340227,0.1578128
0.9445066,0.2011891
0.9445071,0.1629189
0.9411875,0.1629189
0.9411873,0.2011891
0.937342,0.2011891
0.9373419,0.1629189
0.9340227,0.1629189
0.9340229,0.2011891
0.9314994,0.1847456
0.9805391,0.1847457
0.9805391,0.1818747
0.9314994,0.1818747
0.9274424,0.1847456
0.9274424,0.1818747
0.9854818,0.0497452
0.9364421,0.04974514
0.9364421,0.05261612
0.9854818,0.05261618
0.9364421,0.05261612
0.9855494,0.0554533
0.9854818,0.05261618
0.9381443,0.0554533
0.9381445,0.09238529
0.9364421,0.09082174
0.9381443,0.09659165
0.9855494,0.09238529
0.9855494,0.09659165
0.9364421,0.09517294
0.9381443,0.1329946
0.9364421,0.1328314
0.9381443,0.1424649
0.9855494,0.1329947
0.9855494,0.1424649
0.9364421,0.1426283
0.9381445,0.1788682
0.9364421,0.1802866
0.9381443,0.1830743
0.9364421,0.1846378
0.9855494,0.1788682
0.9855494,0.1830743
0.9364421,0.2228436
0.9381443,0.2200065
0.9855493,0.2200063
0.9854818,0.2228436
0.9926867,0.2348007
0.9435794,0.2376379
0.9926189,0.2376379
0.9452816,0.2348007
0.9452816,0.1978686
0.9435794,0.1994322
0.9435794,0.1950809
0.9452816,0.1936625
0.9435794,0.1574226
0.9926867,0.1936625
0.9926867,0.1978686
0.9452816,0.1572593
0.9435794,0.1476257
0.9452816,0.1477891
0.9435794,0.1099673
0.9926867,0.1477891
0.9926867,0.1572593
0.9452816,0.1113861
0.9435794,0.1056161
0.9452816,0.1071796
0.9435793,0.06741053
0.9926867,0.1071798
0.9926865,0.1113858
0.9452816,0.07024771
0.9926867,0.07024741
0.9926189,0.06741053
0.9452816,0.2320255
0.9452816,0.2348007
0.9926867,0.2348007
0.9926867,0.2320255
0.984836,0.02636385
0.984836,0.0235886
0.9374313,0.0235886
0.9374313,0.02636385
0.9760615,0.05562276
0.9760618,0.09202582
0.9788371,0.09202582
0.978837,0.05562276
0.9409198,0.1788682
0.9409198,0.1424649
0.9381443,0.1424649
0.9381445,0.1788682
0.9834103,0.1818747
0.9805391,0.1436689
0.9805391,0.1818747
0.9834103,0.1436689
0.9805391,0.1393177
0.9834103,0.1393177
0.9805391,0.1016594
0.9834103,0.1016594
0.9805391,0.0918625
0.9834103,0.0918625
0.9805391,0.05420405
0.9834103,0.05420405
0.9805391,0.04985285
0.9834103,0.04985285
0.9805391,0.01164728
0.9834102,0.01164728
0.9760615,0.1421055
0.9760618,0.1790376
0.978837,0.1790375
0.978837,0.1421054
0.9335712,0.05261618
0.9364421,0.09082174
0.9364421,0.05261612
0.9335712,0.09082174
0.9364421,0.09517294
0.9335712,0.09517294
0.9364421,0.1328314
0.9335712,0.1328314
0.9364421,0.1426283
0.9335712,0.1426283
0.9364421,0.1802866
0.9335712,0.1802866
0.9364421,0.1846378
0.9335712,0.1846378
0.9364421,0.2228436
0.9335712,0.2228436
0.9409198,0.09238529
0.9409198,0.0554533
0.9381443,0.0554533
0.9381445,0.09238529
0.9760618,0.101496
0.9760615,0.1378993
0.978837,0.1378993
0.978837,0.101496
0.978837,0.01448441
0.9760618,0.01448441
0.9760615,0.0514164
0.978837,0.0514164
0.9409198,0.1329946
0.9409198,0.09659165
0.9381443,0.09659165
0.9381443,0.1329946
0.9381443,0.2200065
0.9409198,0.2200065
0.9409198,0.1830743
0.9381443,0.1830743
0.9452816,0.1936625
0.9926867,0.1936625
0.9926867,0.1908872
0.9452816,0.1908872
0.9452816,0.200644
0.9926867,0.2006441
0.9926867,0.1978686
0.9452816,0.1978686
0.9452816,0.1141614
0.9926867,0.1141613
0.9926865,0.1113858
0.9452816,0.1113861
0.9452816,0.1071796
0.9926867,0.1071798
0.9926867,0.1044043
0.9452816,0.1044043
0.9452816,0.1600347
0.9926867,0.1600347
0.9926867,0.1572593
0.9452816,0.1572593
0.9452816,0.1477891
0.9926867,0.1477891
0.9926867,0.1450138
0.9452816,0.1450138
0.9364421,0.2257144
0.9854818,0.2257144
0.9854818,0.2228436
0.9364421,0.2228436
0.9374313,0.1881416
0.9848362,0.1881418
0.9848362,0.1853665
0.9374313,0.1853661
0.9805391,0.008776307
0.9314994,0.01164728
0.9805391,0.01164728
0.9314994,0.008776307
0.9274424,0.01164728
0.9274424,0.008776307
0.9926867,0.07024741
0.9452816,0.07024771
0.9452816,0.07302332
0.9926867,0.0730226
0.9275101,0.01448441
0.9314994,0.01164728
0.9274424,0.01164728
0.9314319,0.01448441
0.9805391,0.01164728
0.978837,0.01448441
0.9314319,0.05141652
0.978837,0.0514164
0.9275101,0.0514164
0.9805391,0.04985285
0.9275101,0.05562276
0.9805391,0.05420405
0.9314319,0.05562276
0.978837,0.05562276
0.9805391,0.0918625
0.9314321,0.09202582
0.9788371,0.09202582
0.9275101,0.09202582
0.9805391,0.1016594
0.9275101,0.101496
0.978837,0.101496
0.9805391,0.1393177
0.9314321,0.101496
0.978837,0.1378993
0.9314319,0.1378993
0.9275101,0.1378993
0.9805391,0.1436689
0.9275101,0.1421054
0.978837,0.1421054
0.9805391,0.1818747
0.978837,0.1790375
0.9314319,0.1421054
0.9314321,0.1790376
0.9314994,0.1818747
0.9275098,0.1790375
0.9274424,0.1818747
0.9335094,0.02358836
0.9374987,0.02075148
0.9334416,0.02075148
0.9374313,0.0235886
0.9865386,0.02075148
0.984836,0.0235886
0.9374313,0.06052059
0.984836,0.06052071
0.9335094,0.06052071
0.9865386,0.05895704
0.9335092,0.06472677
0.9865386,0.06330824
0.9374313,0.06472701
0.984836,0.06472665
0.9865386,0.1009667
0.9374313,0.10113
0.984836,0.1011299
0.9335094,0.10113
0.9865386,0.1107635
0.9335094,0.1106002
0.984836,0.1106001
0.9865386,0.1484219
0.9374313,0.1106002
0.9848362,0.1470035
0.9374313,0.1470035
0.9335094,0.1470035
0.9865386,0.1527731
0.9335094,0.1512096
0.9848362,0.1512096
0.9865386,0.1909789
0.9848362,0.1881418
0.9374313,0.1512096
0.9374313,0.1881416
0.9374989,0.1909789
0.9335094,0.1881416
0.9334416,0.1909789
0.9374313,0.1539848
0.9848362,0.1539851
0.9848362,0.1512096
0.9374313,0.1512096
0.9374313,0.1470035
0.9848362,0.1470035
0.9848362,0.1442282
0.9374313,0.144228
0.9374313,0.06052059
0.984836,0.06052071
0.984836,0.05774528
0.9374313,0.05774522
0.9374313,0.0675025
0.984836,0.06750184
0.984836,0.06472665
0.9374313,0.06472701
0.9374313,0.10113
0.984836,0.1011299
0.984836,0.09835476
0.9374313,0.09835476
0.9374313,0.1133758
0.9848362,0.1133753
0.984836,0.1106001
0.9374313,0.1106002
0.9855493,0.2200063
0.9855494,0.1830743
0.9827741,0.1830743
0.9827738,0.2200063
0.9342074,0.1790375
0.9342071,0.1421055
0.9314319,0.1421054
0.9314321,0.1790376
0.9342071,0.1378993
0.9342074,0.101496
0.9314321,0.101496
0.9314319,0.1378993
0.9855494,0.1788682
0.9855494,0.1424649
0.9827739,0.1424649
0.9827739,0.1788682
0.9827739,0.09659165
0.9827739,0.1329947
0.9855494,0.1329947
0.9855494,0.09659165
0.9314319,0.05562276
0.9314321,0.09202582
0.9342074,0.09202582
0.9342074,0.05562276
0.9314319,0.01448441
0.9314319,0.05141652
0.9342074,0.05141652
0.9342074,0.01448441
0.9827739,0.0554533
0.9827739,0.09238529
0.9855494,0.09238529
0.9855494,0.0554533
0.9297484,0.01392552
0.9839349,0.01392552
0.9839349,0.01004636
0.9297484,0.01004636
0.9297484,0.2267482
0.9839349,0.2267481
0.9839349,0.2228689
0.9297484,0.222869
0.9295605,0.01798418
0.9839349,0.01392552
0.9297484,0.01392552
0.9791778,0.01798418
0.9791782,0.06436181
0.9839349,0.06131777
0.9839349,0.06616145
0.979178,0.06819078
0.9839349,0.1129594
0.9295605,0.06819078
0.9295606,0.06436181
0.9791781,0.1139741
0.9839349,0.123938
0.9791781,0.1229233
0.9839349,0.1706331
0.9295606,0.1229233
0.9295606,0.113974
0.979178,0.1686039
0.9839349,0.1759588
0.9791781,0.1729147
0.9839349,0.2228689
0.9295605,0.1729147
0.9295605,0.1686039
0.979178,0.2188104
0.9295605,0.2188104
0.9297484,0.222869
0.9279439,0.0160298
0.9768104,0.0196774
0.9766415,0.0160298
0.932219,0.01967728
0.932219,0.06135726
0.9279439,0.05862164
0.932219,0.06479841
0.9768104,0.06135726
0.9768104,0.06479841
0.9279439,0.06297454
0.932219,0.1059442
0.9279439,0.1050323
0.932219,0.113987
0.9768104,0.1059442
0.9768104,0.113987
0.9279439,0.1148989
0.932219,0.1550404
0.9279439,0.1568641
0.932219,0.1589146
0.9279439,0.1616502
0.9768104,0.1550404
0.9768104,0.1589146
0.9279439,0.2038089
0.932219,0.2001615
0.9768104,0.2001615
0.9766415,0.2038089
0.9768104,0.0196774
0.932219,0.01967728
0.932219,0.02316356
0.9768104,0.02316356
0.932219,0.196675
0.932219,0.2001615
0.9768104,0.2001615
0.9768104,0.1966752
0.9415995,0.113974
0.9415991,0.06819072
0.9377201,0.06819078
0.9377205,0.113974
0.9752989,0.06819078
0.9752989,0.1139741
0.9791781,0.1139741
0.979178,0.06819078
0.929084,0.222869
0.9329633,0.222869
0.9329633,0.1759588
0.929084,0.1759588
0.929084,0.1706333
0.9329633,0.1706333
0.929084,0.123938
0.9329633,0.123938
0.929084,0.1129594
0.9329633,0.1129594
0.929084,0.06616145
0.9329633,0.06616145
0.929084,0.06131777
0.9329633,0.06131777
0.929084,0.01392558
0.9329633,0.01392558
0.9377202,0.2188104
0.9415993,0.2188104
0.9415994,0.1729147
0.9377202,0.1729147
0.975299,0.1729147
0.9752988,0.2188104
0.979178,0.2188104
0.9791781,0.1729147
0.9839349,0.2228689
0.9878142,0.222869
0.9878142,0.1759588
0.9839349,0.1759588
0.9839349,0.1706331
0.9878142,0.1706331
0.9839349,0.123938
0.9878142,0.123938
0.9839349,0.1129594
0.9878142,0.1129594
0.9839349,0.06616142
0.9878142,0.06616142
0.9839349,0.06131777
0.9878142,0.06131777
0.9839348,0.01392552
0.9878141,0.01392552
0.9415993,0.1686039
0.9415994,0.1229234
0.9377202,0.1229233
0.9377202,0.1686038
0.9415994,0.06436181
0.9415993,0.01798418
0.9377202,0.01798418
0.9377204,0.06436181
0.975299,0.1229233
0.9752986,0.1686039
0.979178,0.1686039
0.9791781,0.1229233
0.9791778,0.01798418
0.9752985,0.01798424
0.9752991,0.06436184
0.9791782,0.06436181
0.9812152,0.07181507
0.9366238,0.07181501
0.9366238,0.07530129
0.9812152,0.07530123
0.9812152,0.06488767
0.9366238,0.06488773
0.9366238,0.06837386
0.9812152,0.06837386
0.9812152,0.1585708
0.9366238,0.1585708
0.9366238,0.162057
0.9812152,0.162057
0.9812152,0.1659312
0.9366238,0.1659312
0.9366238,0.1694173
0.9812152,0.1694173
0.9812152,0.1210036
0.9366238,0.1210036
0.9366238,0.1244898
0.9812152,0.1244898
0.9812152,0.1094746
0.9366238,0.1094746
0.9366238,0.1129609
0.9812152,0.1129609
0.9366238,0.2071781
0.9812152,0.2071781
0.9812152,0.2036917
0.9366238,0.2036919
0.9329633,0.2267483
0.9871497,0.222869
0.9329633,0.222869
0.9871497,0.2267482
0.9916062,0.222869
0.9916062,0.2267482
0.9914183,0.2188104
0.9871497,0.222869
0.9916062,0.222869
0.9873374,0.2188104
0.9329633,0.222869
0.9377202,0.2188104
0.9873376,0.1729147
0.9377202,0.1729147
0.9914183,0.1729147
0.9329633,0.1759588
0.9914183,0.1686039
0.9329633,0.1706331
0.9873375,0.1686038
0.9377202,0.1686038
0.9329633,0.123938
0.9873375,0.1229233
0.9377202,0.1229233
0.9914184,0.1229233
0.9329633,0.1129594
0.9914184,0.113974
0.9377205,0.113974
0.9329633,0.06616145
0.9873375,0.1139741
0.9377201,0.06819078
0.9873375,0.06819078
0.9914183,0.06819078
0.9329633,0.06131777
0.9914184,0.06436181
0.9377204,0.06436181
0.9329633,0.01392558
0.9377202,0.01798418
0.9873375,0.06436181
0.9873375,0.01798418
0.9871497,0.01392558
0.9914183,0.01798418
0.9916062,0.01392552
0.9329633,0.01392558
0.9871497,0.01004642
0.9329633,0.01004645
0.9871497,0.01392558
0.9916062,0.01004636
0.9916062,0.01392552
0.9812152,0.03018028
0.9812152,0.02669406
0.9366238,0.02669394
0.9366238,0.03018022
0.9329563,0.02669406
0.9367926,0.02304646
0.9327874,0.02304646
0.9366238,0.02669394
0.9854906,0.02304646
0.9812152,0.02669406
0.9366238,0.06837386
0.9812152,0.06837386
0.9329563,0.06837392
0.9854906,0.0656383
0.9329563,0.07181507
0.9854906,0.0699912
0.9366238,0.07181501
0.9812152,0.07181507
0.9854906,0.112049
0.9366238,0.1129609
0.9812152,0.1129609
0.9329563,0.1129608
0.9854906,0.1219155
0.9329563,0.1210036
0.9812152,0.1210036
0.9854906,0.1638808
0.9366238,0.1210036
0.9812152,0.162057
0.9366238,0.162057
0.9329563,0.162057
0.9854906,0.1686669
0.9329563,0.1659312
0.9812152,0.1659312
0.9854906,0.2108256
0.9812152,0.2071781
0.9366238,0.1659312
0.9366238,0.2071781
0.9367926,0.2108256
0.9329563,0.2071781
0.9327874,0.2108256
0.9768104,0.05787098
0.932219,0.05787107
0.932219,0.06135726
0.9768104,0.06135726
0.9768104,0.06479841
0.932219,0.06479841
0.932219,0.06828451
0.9768104,0.06828463
0.9768104,0.1589146
0.932219,0.1589146
0.932219,0.1624008
0.9768104,0.1624007
0.9768104,0.1515541
0.932219,0.1515541
0.932219,0.1550404
0.9768104,0.1550404
0.9768104,0.1024579
0.932219,0.1024579
0.932219,0.1059442
0.9768104,0.1059442
0.9768104,0.113987
0.932219,0.113987
0.932219,0.1174731
0.9768104,0.1174731
0.9295605,0.01798418
0.9295606,0.06436181
0.9334398,0.06436181
0.9334396,0.01798418
0.9834585,0.01798418
0.9834585,0.06436181
0.9873375,0.06436181
0.9873375,0.01798418
0.9295605,0.06819078
0.9295606,0.113974
0.9334398,0.113974
0.9334396,0.06819078
0.9834585,0.06819078
0.9834585,0.1139741
0.9873375,0.1139741
0.9873375,0.06819078
0.9873375,0.1686038
0.9873375,0.1229233
0.9834585,0.1229233
0.9834585,0.1686039
0.9334396,0.1686039
0.9334398,0.1229234
0.9295606,0.1229233
0.9295605,0.1686039
0.9873374,0.2188104
0.9873376,0.1729147
0.9834586,0.1729147
0.9834581,0.2188104
0.9334397,0.2188104
0.9334397,0.1729147
0.9295605,0.1729147
0.9295605,0.2188104
0.9384685,0.2334298
0.9404211,0.004051417
0.9384685,0.001759082
0.9404211,0.2311374
0.9833822,0.004051358
0.9853344,0.2334298
0.9853344,0.001759082
0.9833822,0.2311376
0.9721282,0.008446366
0.9701753,0.237825
0.9721282,0.2401172
0.9701753,0.01073876
0.9272139,0.237825
0.9252613,0.008446366
0.9252613,0.2401172
0.9272139,0.01073876
2
663
0
1
2
0
2
3
2
4
3
2
5
4
6
7
8
6
8
9
10
11
12
10
12
13
14
15
16
14
16
17
18
19
20
18
20
21
22
23
24
22
24
25
26
27
28
26
28
29
30
31
32
30
32
33
34
35
36
34
36
37
38
39
40
38
40
41
42
43
44
42
44
45
44
46
45
44
47
46
48
47
44
48
49
47
48
50
49
48
51
50
52
53
54
52
54
55
56
57
58
56
58
59
60
56
59
60
59
61
58
62
59
58
63
62
59
64
61
59
62
64
65
61
64
65
64
66
62
67
64
66
64
67
62
68
67
66
67
69
70
71
72
70
73
71
71
73
74
71
74
75
74
76
75
74
77
76
75
76
78
71
75
79
75
78
79
71
79
80
79
78
81
79
82
80
79
81
83
79
83
82
84
85
86
84
86
87
88
87
86
84
87
89
88
90
87
91
90
88
91
92
90
84
89
93
92
94
90
95
93
89
92
96
94
95
89
97
94
97
89
95
97
98
97
99
98
96
100
94
94
100
97
97
100
99
96
101
100
99
100
101
102
103
104
102
104
105
106
107
108
106
109
107
110
109
106
109
111
107
110
112
109
109
113
111
113
114
111
113
115
114
116
115
113
117
112
110
116
118
115
117
119
112
119
116
112
120
119
117
120
121
119
122
118
116
119
122
116
121
122
119
122
123
118
121
124
122
124
123
122
124
125
123
126
127
128
126
129
127
130
129
126
129
131
127
130
132
129
129
133
131
132
133
129
133
134
131
132
135
133
133
136
134
135
136
133
135
137
136
138
139
140
138
140
141
142
141
140
142
143
141
144
138
141
141
143
145
144
141
146
141
145
146
147
144
146
148
146
145
147
146
149
149
146
148
149
148
150
151
152
153
151
153
154
155
151
154
154
153
156
155
154
157
158
155
157
158
157
159
154
156
160
157
154
160
156
161
160
156
162
161
157
160
163
159
157
163
159
163
164
164
163
165
164
165
166
167
168
169
167
169
170
170
169
171
170
171
172
173
172
171
173
171
174
175
172
173
170
172
176
175
176
172
177
176
175
177
178
176
170
176
179
179
176
178
179
178
180
181
179
180
181
180
182
183
184
185
183
185
186
187
183
186
186
185
188
187
186
189
190
187
189
190
189
191
189
192
191
186
188
193
189
186
193
189
194
192
189
193
194
194
195
192
194
196
195
193
196
194
193
197
196
188
197
193
188
198
197
199
200
201
199
202
200
203
202
199
200
202
204
200
204
205
202
206
204
202
207
206
203
207
202
207
208
206
207
209
208
203
209
207
203
210
209
211
212
213
211
213
214
215
216
217
215
217
218
219
220
221
219
221
222
221
223
222
221
224
223
224
225
223
224
226
225
227
228
229
227
230
228
230
227
231
230
232
228
230
231
233
233
231
234
233
234
235
230
236
232
236
230
233
236
237
232
236
238
237
239
238
236
236
233
240
239
236
240
241
239
240
241
240
242
243
244
245
243
245
246
247
248
249
247
249
250
5229
251
252
253
254
255
256
254
256
257
258
254
257
258
257
259
260
258
259
260
261
258
262
263
264
262
264
265
266
265
264
266
267
265
266
268
267
266
269
268
270
271
272
270
273
271
273
270
274
275
276
277
275
277
278
279
280
281
279
281
282
282
281
283
282
283
284
285
279
282
286
284
283
286
283
287
286
288
284
288
286
289
288
289
290
285
288
290
285
290
291
279
285
291
279
291
292
293
294
295
293
295
296
297
298
299
297
299
300
301
302
303
301
303
304
305
306
307
305
307
308
309
310
311
309
311
312
311
313
312
311
314
313
315
316
317
315
317
318
319
320
321
319
321
322
322
321
323
322
323
324
324
323
325
324
325
326
327
328
329
327
329
330
331
327
330
331
330
332
329
333
330
329
334
333
334
335
333
334
336
335
333
335
337
333
337
338
339
340
341
339
341
342
343
344
345
343
345
346
347
348
349
347
349
350
351
352
353
351
353
354
355
356
357
355
357
358
359
360
361
359
361
362
363
364
365
363
365
366
367
368
369
367
369
370
371
372
373
371
373
374
375
376
377
375
378
376
379
378
375
379
380
378
381
376
378
381
382
376
383
382
381
383
384
382
385
383
381
385
381
386
387
388
389
387
389
390
391
392
393
391
393
394
395
396
397
395
397
398
398
397
399
398
399
400
398
400
401
402
403
404
402
404
405
406
407
408
406
408
409
410
411
412
410
412
413
414
415
416
414
416
417
418
419
420
418
421
419
422
421
418
422
423
421
424
425
426
424
427
425
427
428
425
427
429
428
428
430
425
428
431
430
431
432
430
431
433
432
432
434
430
432
435
434
436
437
438
436
438
439
440
436
439
440
439
441
442
441
439
442
443
441
444
443
442
444
445
443
446
444
442
446
447
444
448
449
450
448
451
449
451
452
449
451
453
452
454
455
456
454
456
457
458
459
460
458
460
461
462
463
464
462
464
465
466
467
468
466
469
467
467
469
470
467
470
471
472
473
474
472
474
475
475
476
472
475
477
476
478
477
475
479
480
481
479
481
482
483
484
485
483
486
484
484
486
487
484
487
488
489
490
491
490
489
492
490
492
493
494
493
492
495
496
497
495
497
498
499
500
501
499
501
502
499
502
503
499
503
504
504
503
505
504
505
506
503
507
505
503
508
507
509
510
511
509
511
512
513
514
515
513
516
514
517
516
513
517
518
516
519
518
517
519
520
518
521
522
523
521
523
524
525
526
527
525
527
528
529
530
531
530
532
531
533
534
535
534
536
535
537
538
539
537
539
540
541
542
543
541
543
544
545
546
547
545
548
546
549
548
545
549
550
548
549
551
550
552
553
554
552
555
553
555
556
553
555
557
556
557
555
558
555
552
558
557
558
559
558
560
559
558
561
560
552
561
558
552
562
561
563
564
565
564
566
565
567
568
569
567
569
570
571
572
573
571
573
574
575
576
577
575
577
578
579
580
581
579
581
582
583
584
585
584
586
585
587
588
589
588
590
589
591
592
593
591
593
594
593
595
594
593
596
595
596
597
595
596
598
597
599
600
601
599
601
602
603
604
605
603
605
606
607
608
609
607
609
610
611
612
613
612
614
613
615
616
617
615
617
618
619
620
621
619
621
622
623
624
625
623
625
626
627
628
629
627
629
630
631
632
633
631
633
634
635
636
637
635
638
636
639
638
635
639
640
638
638
640
641
638
641
642
636
638
642
636
642
643
644
645
646
644
646
647
648
649
650
648
650
651
652
653
654
652
654
655
656
657
658
656
658
659
660
661
662
660
662
663
664
665
666
664
666
667
668
669
670
668
670
671
672
673
674
672
674
675
676
677
678
676
678
679
680
681
682
680
682
683
684
685
686
684
686
687
688
689
690
688
690
691
692
693
694
692
694
695
696
697
698
696
698
699
700
701
702
700
702
703
704
705
706
704
706
707
708
709
710
708
710
711
712
713
714
712
714
715
716
717
718
716
718
719
720
721
722
720
722
723
724
725
726
724
726
727
728
729
730
728
730
731
732
733
734
732
734
735
736
737
738
736
738
739
740
741
742
740
742
743
744
745
746
744
746
747
748
749
750
748
750
751
752
753
754
752
754
755
756
757
758
756
758
759
760
761
762
760
762
763
764
765
766
764
766
767
768
769
770
768
770
771
772
773
774
772
774
775
776
777
778
776
778
779
780
781
782
780
782
783
784
785
786
784
786
787
788
789
790
788
790
791
792
793
794
792
794
795
796
797
798
796
798
799
800
801
802
800
802
803
804
805
806
804
806
807
808
809
810
808
810
811
812
813
814
812
814
815
816
817
818
816
818
819
820
821
822
820
822
823
824
825
826
824
826
827
828
829
830
828
830
831
832
833
834
832
834
835
836
837
838
836
838
839
840
841
842
840
842
843
844
845
846
844
846
847
848
849
850
848
850
851
852
853
854
852
854
855
856
857
858
856
858
859
860
861
862
860
862
863
864
865
866
864
866
867
868
869
870
868
870
871
872
873
874
872
874
875
876
877
878
876
878
879
880
881
882
880
882
883
884
885
886
884
886
887
888
889
890
888
890
891
892
893
894
892
894
895
894
896
895
894
897
896
898
899
900
898
900
901
900
902
901
900
903
902
904
905
906
904
906
907
908
909
910
908
910
911
912
913
914
912
914
915
916
917
918
916
918
919
920
921
922
920
922
923
924
925
926
924
926
927
928
929
930
928
930
931
932
933
934
932
934
935
936
937
938
936
938
939
940
941
942
940
942
943
944
945
946
944
946
947
948
949
950
948
950
951
952
953
954
952
954
955
956
957
958
956
958
959
960
961
962
960
962
963
964
965
966
964
966
967
968
969
970
968
970
971
972
973
974
972
974
975
976
977
978
976
978
979
980
981
982
980
982
983
984
985
986
984
986
987
988
989
990
988
990
991
992
993
994
992
994
995
996
997
998
996
998
999
1000
1001
1002
1000
1002
1003
1004
1005
1006
1004
1006
1007
1008
1009
1010
1008
1010
1011
1012
1013
1014
1012
1014
1015
1016
1017
1018
1016
1018
1019
1020
1021
1022
1020
1022
1023
1024
1025
1026
1024
1026
1027
1028
1029
1030
1028
1030
1031
1032
1033
1034
1032
1034
1035
1036
1037
1038
1036
1038
1039
1040
1041
1042
1040
1042
1043
1044
1045
1046
1044
1046
1047
1048
1049
1050
1048
1050
1051
1052
1053
1054
1052
1054
1055
1056
1057
1058
1056
1058
1059
1060
1061
1062
1060
1062
1063
1064
1065
1066
1064
1066
1067
1068
1069
1070
1068
1070
1071
1072
1073
1074
1072
1074
1075
1076
1077
1078
1076
1078
1079
1080
1081
1082
1080
1082
1083
1084
1085
1086
1084
1086
1087
1088
1089
1090
1088
1090
1091
1092
1093
1094
1092
1094
1095
1096
1097
1098
1096
1098
1099
1100
1101
1102
1100
1102
1103
1104
1105
1106
1104
1106
1107
1108
1109
1110
1108
1110
1111
1112
1113
1114
1112
1114
1115
1116
1117
1118
1116
1118
1119
1120
1121
1122
1120
1122
1123
1124
1125
1126
1124
1126
1127
1128
1129
1130
1128
1130
1131
1132
1133
1134
1132
1134
1135
1136
1137
1138
1136
1138
1139
1140
1141
1142
1140
1142
1143
1144
1145
1146
1144
1146
1147
1148
1149
1150
1148
1150
1151
1152
1153
1154
1152
1154
1155
1156
1157
1158
1156
1158
1159
1160
1161
1162
1160
1163
1161
1160
1164
1163
1165
1166
1167
1165
1167
1168
1169
1170
1171
1169
1171
1172
1173
1174
1175
1173
1175
1176
1177
1178
1179
1177
1179
1180
1181
1182
1183
1181
1183
1184
1185
1186
1187
1185
1187
1188
1189
1190
1191
1189
1191
1192
1193
1194
1195
1193
1195
1196
1197
1198
1199
1197
1199
1200
1201
1202
1203
1201
1203
1204
1205
1206
1207
1205
1207
1208
1209
1210
1211
1209
1211
1212
1213
1214
1215
1213
1215
1216
1217
1218
1219
1217
1219
1220
1221
1222
1223
1221
1223
1224
1225
1226
1227
1225
1227
1228
1229
1230
1231
1229
1231
1232
1233
1234
1235
1233
1235
1236
1237
1238
1239
1237
1239
1240
1241
1242
1243
1241
1243
1244
1245
1246
1247
1245
1247
1248
1249
1250
1251
1249
1251
1252
1253
1254
1255
1253
1255
1256
1257
1258
1259
1257
1259
1260
1261
1262
1263
1261
1263
1264
1265
1266
1267
1265
1267
1268
1269
1270
1271
1269
1271
1272
1273
1274
1275
1273
1275
1276
1277
1278
1279
1277
1279
1280
1281
1282
1283
1281
1283
1284
1285
1286
1287
1285
1287
1288
1289
1290
1291
1289
1291
1292
1293
1294
1295
1293
1295
1296
1297
1298
1299
1297
1299
1300
1301
1302
1303
1301
1303
1304
1305
1306
1307
1305
1307
1308
1309
1310
1311
1309
1311
1312
1313
1309
1312
1313
1312
1314
1315
1316
1317
1315
1317
1318
1319
1315
1318
1319
1318
1320
1321
1322
1323
1321
1324
1322
1325
1324
1321
1325
1321
1326
1327
1325
1326
1328
1325
1327
1328
1327
1329
1327
1326
1330
1331
1327
1330
1331
1330
1332
1332
1333
1331
1334
1331
1333
1334
1333
1335
1332
1336
1333
1337
1333
1336
1337
1336
1338
1339
1337
1338
1339
1338
1340
1341
1337
1339
1341
1339
1342
1343
1339
1340
1343
1344
1339
1345
1344
1343
1345
1343
1346
1347
1348
1349
1347
1349
1350
1351
1352
1353
1351
1353
1354
1355
1356
1357
1355
1357
1358
1359
1360
1361
1359
1361
1362
1363
1364
1365
1363
1365
1366
1365
1367
1366
1365
1368
1367
1368
1369
1367
1368
1370
1369
1371
1369
1370
1371
1370
1372
1372
1373
1371
1372
1374
1373
1374
1375
1373
1374
1376
1375
1376
1377
1375
1376
1378
1377
1379
1380
1381
1379
1381
1382
1383
1384
1385
1383
1385
1386
1387
1388
1389
1387
1389
1390
1389
1391
1390
1389
1392
1391
1392
1393
1391
1392
1394
1393
1395
1393
1394
1395
1394
1396
1396
1397
1395
1396
1398
1397
1398
1399
1397
1398
1400
1399
1400
1401
1399
1400
1402
1401
1403
1404
1405
1403
1405
1406
1407
1408
1409
1407
1409
1410
1411
1412
1413
1411
1413
1414
1415
1416
1417
1415
1417
1418
1419
1420
1421
1419
1421
1422
1423
1424
1425
1423
1425
1426
1423
1426
1427
1423
1427
1428
1426
1429
1427
1426
1430
1429
1429
1430
1431
1429
1431
1432
1433
1423
1428
1433
1428
1434
1434
1435
1433
1435
1436
1433
1435
1437
1436
1434
1438
1435
1439
1435
1438
1439
1438
1440
1441
1439
1440
1441
1440
1442
1441
1443
1439
1441
1444
1443
1445
1441
1442
1445
1446
1441
1447
1446
1445
1447
1445
1448
1449
1450
1451
1449
1451
1452
1453
1454
1455
1453
1455
1456
1457
1458
1459
1457
1459
1460
1461
1462
1463
1461
1463
1464
1465
1466
1467
1465
1467
1468
1469
1470
1471
1469
1471
1472
1473
1474
1475
1473
1475
1476
1477
1478
1479
1477
1479
1480
1481
1482
1483
1481
1483
1484
1485
1486
1487
1485
1488
1486
1488
1489
1486
1488
1490
1489
1485
1491
1488
1489
1490
1492
1485
1493
1491
1489
1492
1494
1491
1493
1495
1492
1496
1494
1492
1491
1497
1491
1495
1497
1492
1498
1496
1492
1497
1498
1498
1499
1496
1495
1500
1497
1498
1501
1499
1495
1502
1500
1501
1503
1499
1500
1502
1504
1501
1505
1503
1505
1506
1503
1501
1500
1507
1501
1507
1505
1500
1504
1507
1505
1508
1506
1509
1507
1504
1509
1504
1510
1508
1511
1506
1509
1510
1512
1508
1513
1511
1513
1514
1511
1513
1515
1514
1508
1516
1513
1508
1509
1516
1509
1512
1516
1514
1515
1517
1517
1516
1512
1514
1517
1518
1517
1512
1519
1517
1520
1518
1517
1519
1520
1521
1522
1523
1521
1524
1522
1524
1525
1522
1524
1526
1525
1521
1527
1524
1525
1526
1528
1521
1529
1527
1525
1528
1530
1531
1527
1529
1528
1532
1530
1531
1533
1527
1533
1528
1527
1528
1534
1532
1533
1534
1528
1534
1535
1532
1531
1536
1533
1534
1537
1535
1531
1538
1536
1537
1539
1535
1540
1536
1538
1537
1541
1539
1541
1542
1539
1543
1537
1536
1543
1541
1537
1540
1543
1536
1541
1544
1542
1545
1543
1540
1545
1540
1546
1544
1547
1542
1548
1545
1546
1544
1549
1547
1549
1550
1547
1549
1551
1550
1552
1549
1544
1552
1544
1545
1548
1552
1545
1550
1551
1553
1553
1552
1548
1550
1553
1554
1553
1548
1555
1553
1556
1554
1553
1555
1556
1557
1558
1559
1557
1559
1560
1561
1562
1563
1561
1563
1564
1565
1566
1567
1565
1567
1568
1569
1570
1571
1569
1571
1572
1573
1574
1575
1573
1575
1576
1577
1578
1579
1577
1579
1580
1581
1582
1583
1581
1583
1584
1585
1586
1587
1585
1587
1588
1589
1590
1591
1589
1591
1592
1593
1594
1595
1593
1595
1596
1597
1598
1599
1597
1599
1600
1601
1602
1603
1601
1603
1604
1605
1606
1607
1605
1607
1608
1609
1610
1611
1609
1611
1612
1613
1614
1615
1613
1615
1616
1617
1618
1619
1617
1619
1620
1621
1622
1623
1621
1623
1624
1625
1626
1627
1625
1627
1628
1629
1630
1631
1629
1631
1632
1633
1634
1635
1633
1635
1636
1637
1638
1639
1637
1639
1640
1641
1642
1643
1641
1643
1644
1645
1646
1647
1645
1647
1648
1649
1645
1648
1649
1648
1650
1651
1652
1653
1651
1653
1654
1655
1656
1657
1655
1658
1656
1659
1658
1655
1659
1655
1660
1661
1659
1660
1661
1662
1659
1661
1663
1662
1661
1660
1664
1665
1661
1664
1665
1664
1666
1667
1665
1666
1667
1666
1668
1667
1669
1665
1667
1670
1669
1671
1667
1668
1671
1672
1667
1673
1672
1671
1673
1671
1674
1675
1676
1677
1675
1678
1676
1676
1678
1679
1676
1679
1680
1679
1681
1680
1679
1682
1681
1683
1682
1679
1683
1679
1684
1681
1682
1685
1681
1685
1686
1685
1687
1686
1685
1688
1687
1688
1689
1687
1690
1688
1685
1690
1685
1691
1688
1692
1689
1689
1692
1693
1689
1693
1694
1695
1696
1697
1695
1697
1698
1699
1700
1701
1699
1701
1702
1703
1704
1705
1703
1705
1706
1707
1708
1709
1707
1709
1710
1711
1712
1713
1711
1714
1712
1714
1715
1712
1714
1716
1715
1717
1715
1716
1717
1716
1718
1718
1719
1717
1718
1720
1719
1720
1721
1719
1720
1722
1721
1723
1724
1725
1723
1725
1726
1727
1728
1729
1727
1730
1728
1730
1731
1728
1730
1732
1731
1733
1731
1732
1733
1732
1734
1734
1735
1733
1734
1736
1735
1736
1737
1735
1736
1738
1737
1739
1740
1741
1739
1741
1742
1743
1744
1745
1743
1745
1746
1747
1748
1749
1747
1749
1750
1751
1752
1753
1751
1753
1754
1755
1756
1757
1755
1757
1758
1759
1760
1761
1759
1761
1762
1763
1764
1765
1763
1765
1766
1767
1768
1769
1767
1769
1770
1771
1772
1773
1771
1773
1774
1775
1776
1777
1775
1778
1776
1778
1779
1776
1778
1780
1779
1775
1781
1778
1779
1780
1782
1775
1783
1781
1779
1782
1784
1785
1781
1783
1782
1786
1784
1785
1787
1781
1787
1782
1781
1782
1788
1786
1787
1788
1782
1788
1789
1786
1785
1790
1787
1788
1791
1789
1785
1792
1790
1791
1793
1789
1794
1790
1792
1791
1795
1793
1795
1796
1793
1795
1797
1796
1798
1795
1791
1798
1791
1790
1794
1798
1790
1796
1797
1799
1799
1798
1794
1796
1799
1800
1799
1794
1801
1799
1802
1800
1799
1801
1802
1803
1804
1805
1803
1806
1804
1806
1807
1804
1806
1808
1807
1803
1809
1806
1807
1808
1810
1803
1811
1809
1807
1810
1812
1809
1811
1813
1810
1814
1812
1810
1809
1815
1809
1813
1815
1810
1815
1816
1810
1816
1814
1813
1817
1815
1814
1816
1818
1813
1819
1817
1814
1818
1820
1817
1819
1821
1818
1822
1820
1818
1817
1823
1817
1821
1823
1818
1824
1822
1818
1823
1824
1825
1823
1821
1824
1826
1822
1824
1827
1826
1826
1827
1825
1825
1821
1828
1826
1825
1829
1825
1828
1830
1825
1830
1829
1831
1832
1833
1831
1834
1832
1834
1835
1832
1834
1836
1835
1837
1838
1839
1837
1839
1840
1841
1842
1843
1841
1843
1844
1845
1846
1847
1845
1847
1848
1849
1850
1851
1849
1851
1852
1853
1854
1855
1853
1855
1856
1857
1858
1859
1857
1859
1860
1861
1862
1863
1861
1863
1864
1865
1866
1867
1865
1867
1868
1869
1870
1871
1869
1871
1872
1873
1874
1875
1873
1875
1876
1877
1878
1879
1877
1879
1880
1881
1882
1883
1881
1883
1884
1885
1881
1884
1885
1884
1886
1887
1888
1889
1887
1889
1890
1891
1887
1890
1891
1890
1892
1893
1894
1895
1893
1896
1894
1897
1896
1893
1897
1893
1898
1899
1897
1898
1900
1897
1899
1900
1899
1901
1899
1898
1902
1903
1899
1902
1903
1902
1904
1904
1905
1903
1906
1903
1905
1906
1905
1907
1904
1908
1905
1909
1905
1908
1909
1908
1910
1911
1909
1910
1911
1910
1912
1913
1909
1911
1913
1911
1914
1915
1911
1912
1915
1916
1911
1917
1916
1915
1917
1915
1918
1919
1920
1921
1919
1921
1922
1923
1924
1925
1923
1925
1926
1927
1928
1929
1927
1929
1930
1931
1932
1933
1931
1933
1934
1935
1936
1937
1935
1937
1938
1937
1939
1938
1937
1940
1939
1940
1941
1939
1940
1942
1941
1943
1941
1942
1943
1942
1944
1944
1945
1943
1944
1946
1945
1946
1947
1945
1946
1948
1947
1948
1949
1947
1948
1950
1949
1951
1952
1953
1951
1953
1954
1955
1956
1957
1955
1957
1958
1959
1960
1961
1959
1961
1962
1961
1963
1962
1961
1964
1963
1964
1965
1963
1964
1966
1965
1967
1965
1966
1967
1966
1968
1968
1969
1967
1968
1970
1969
1970
1971
1969
1970
1972
1971
1972
1973
1971
1972
1974
1973
1975
1976
1977
1975
1977
1978
1979
1980
1981
1979
1981
1982
1983
1984
1985
1983
1985
1986
1987
1988
1989
1987
1989
1990
1991
1992
1993
1991
1993
1994
1995
1996
1997
1995
1997
1998
1999
2000
2001
1999
2001
2002
1999
2002
2003
1999
2003
2004
2002
2005
2003
2006
1999
2004
2006
2007
1999
2008
2007
2006
2008
2006
2009
2002
2010
2005
2011
2005
2010
2011
2010
2012
2012
2013
2011
2010
2014
2012
2010
2015
2014
2012
2016
2013
2016
2017
2013
2016
2018
2017
2018
2019
2017
2016
2020
2018
2016
2021
2020
2018
2022
2019
2019
2022
2023
2019
2023
2024
2025
2026
2027
2025
2027
2028
2029
2030
2031
2029
2031
2032
2033
2034
2035
2033
2035
2036
2037
2038
2039
2037
2039
2040
2041
2042
2043
2041
2043
2044
2045
2046
2047
2045
2047
2048
2049
2050
2051
2049
2051
2052
2053
2054
2055
2053
2055
2056
2057
2058
2059
2057
2060
2058
2060
2061
2058
2060
2062
2061
2057
2063
2060
2061
2062
2064
2057
2065
2063
2061
2064
2066
2063
2065
2067
2064
2068
2066
2064
2063
2069
2063
2067
2069
2064
2070
2068
2064
2069
2070
2070
2071
2068
2072
2069
2067
2070
2073
2071
2072
2067
2074
2073
2075
2071
2072
2074
2076
2073
2077
2075
2077
2078
2075
2073
2072
2079
2073
2079
2077
2072
2076
2079
2077
2080
2078
2081
2079
2076
2081
2076
2082
2080
2083
2078
2081
2082
2084
2080
2085
2083
2085
2086
2083
2085
2087
2086
2080
2088
2085
2080
2081
2088
2081
2084
2088
2086
2087
2089
2089
2088
2084
2086
2089
2090
2089
2084
2091
2089
2092
2090
2089
2091
2092
2093
2094
2095
2093
2096
2094
2096
2097
2094
2096
2098
2097
2093
2099
2096
2097
2098
2100
2093
2101
2099
2097
2100
2102
2103
2099
2101
2100
2104
2102
2103
2105
2099
2105
2100
2099
2100
2106
2104
2105
2106
2100
2106
2107
2104
2108
2105
2103
2106
2109
2107
2108
2103
2110
2109
2111
2107
2112
2108
2110
2109
2113
2111
2113
2114
2111
2115
2109
2108
2115
2113
2109
2112
2115
2108
2113
2116
2114
2117
2115
2112
2117
2112
2118
2116
2119
2114
2120
2117
2118
2116
2121
2119
2121
2122
2119
2121
2123
2122
2124
2121
2116
2124
2116
2117
2120
2124
2117
2122
2123
2125
2125
2124
2120
2122
2125
2126
2125
2120
2127
2125
2128
2126
2125
2127
2128
2129
2130
2131
2129
2131
2132
2133
2134
2135
2133
2135
2136
2137
2138
2139
2137
2139
2140
2141
2142
2143
2141
2143
2144
2145
2146
2147
2145
2147
2148
2149
2150
2151
2149
2151
2152
2153
2154
2155
2153
2155
2156
2157
2158
2159
2157
2159
2160
2161
2162
2163
2161
2163
2164
2165
2166
2167
2165
2167
2168
2169
2170
2171
2169
2171
2172
2173
2174
2175
2173
2175
2176
2177
2178
2179
2177
2179
2180
2181
2182
2183
2181
2183
2184
2185
2186
2187
2185
2187
2188
2189
2185
2188
2189
2188
2190
2191
2192
2193
2191
2193
2194
2195
2196
2197
2195
2198
2196
2199
2198
2195
2199
2195
2200
2201
2199
2200
2202
2199
2201
2202
2201
2203
2201
2200
2204
2205
2201
2204
2205
2204
2206
2207
2205
2206
2208
2205
2207
2208
2207
2209
2207
2206
2210
2211
2207
2210
2211
2210
2212
2213
2211
2212
2213
2212
2214
2215
2211
2213
2215
2213
2216
2217
2213
2214
2217
2218
2213
2219
2218
2217
2219
2217
2220
2221
2222
2223
2221
2224
2222
2222
2224
2225
2222
2225
2226
2225
2227
2226
2225
2228
2227
2228
2229
2227
2225
2230
2228
2225
2231
2230
2228
2232
2229
2233
2229
2232
2233
2232
2234
2234
2235
2233
2232
2236
2234
2232
2237
2236
2234
2238
2235
2238
2239
2235
2238
2240
2239
2240
2241
2239
2238
2242
2240
2238
2243
2242
2240
2244
2241
2241
2244
2245
2241
2245
2246
2247
2248
2249
2247
2249
2250
2251
2252
2253
2251
2253
2254
2255
2256
2257
2255
2257
2258
2259
2260
2261
2259
2261
2262
2263
2264
2265
2263
2266
2264
2266
2267
2264
2266
2268
2267
2268
2269
2267
2268
2270
2269
2271
2269
2270
2271
2270
2272
2272
2273
2271
2272
2274
2273
2274
2275
2273
2274
2276
2275
2276
2277
2275
2276
2278
2277
2279
2280
2281
2279
2281
2282
2283
2284
2285
2283
2286
2284
2286
2287
2284
2286
2288
2287
2288
2289
2287
2288
2290
2289
2291
2289
2290
2291
2290
2292
2292
2293
2291
2292
2294
2293
2294
2295
2293
2294
2296
2295
2296
2297
2295
2296
2298
2297
2299
2300
2301
2299
2301
2302
2303
2304
2305
2303
2305
2306
2307
2308
2309
2307
2309
2310
2311
2312
2313
2311
2313
2314
2315
2316
2317
2315
2317
2318
2319
2320
2321
2319
2321
2322
2323
2324
2325
2323
2325
2326
2327
2328
2329
2327
2329
2330
2331
2332
2333
2331
2333
2334
2335
2336
2337
2335
2337
2338
2339
2340
2341
2339
2341
2342
2343
2344
2345
2343
2345
2346
2347
2348
2349
2347
2349
2350
2351
2352
2353
2351
2354
2352
2354
2355
2352
2354
2356
2355
2357
2358
2359
2357
2359
2360
2361
2362
2363
2361
2364
2362
2364
2365
2362
2364
2366
2365
2361
2367
2364
2365
2366
2368
2361
2369
2367
2365
2368
2370
2367
2369
2371
2368
2372
2370
2368
2367
2373
2367
2371
2373
2368
2374
2372
2368
2373
2374
2374
2375
2372
2371
2376
2373
2374
2377
2375
2371
2378
2376
2377
2379
2375
2376
2378
2380
2377
2381
2379
2381
2382
2379
2377
2376
2383
2377
2383
2381
2376
2380
2383
2381
2384
2382
2385
2383
2380
2385
2380
2386
2384
2387
2382
2385
2386
2388
2384
2389
2387
2389
2390
2387
2389
2391
2390
2384
2392
2389
2384
2385
2392
2385
2388
2392
2390
2391
2393
2393
2392
2388
2390
2393
2394
2393
2388
2395
2393
2396
2394
2393
2395
2396
2397
2398
2399
2397
2400
2398
2400
2401
2398
2400
2402
2401
2397
2403
2400
2401
2402
2404
2397
2405
2403
2401
2404
2406
2407
2403
2405
2404
2408
2406
2407
2409
2403
2409
2404
2403
2404
2410
2408
2409
2410
2404
2410
2411
2408
2407
2412
2409
2410
2413
2411
2407
2414
2412
2415
2411
2413
2416
2412
2414
2415
2413
2417
2417
2418
2415
2419
2413
2412
2419
2417
2413
2416
2419
2412
2417
2420
2418
2421
2419
2416
2421
2416
2422
2420
2423
2418
2424
2421
2422
2420
2425
2423
2425
2426
2423
2425
2427
2426
2428
2425
2420
2428
2420
2421
2424
2428
2421
2426
2427
2429
2429
2428
2424
2426
2429
2430
2429
2424
2431
2429
2432
2430
2429
2431
2432
2433
2434
2435
2433
2435
2436
2437
2438
2439
2437
2439
2440
2441
2442
2443
2441
2443
2444
2445
2446
2447
2445
2447
2448
2449
2450
2451
2449
2451
2452
2453
2454
2455
2453
2455
2456
2457
2458
2459
2457
2459
2460
2461
2462
2463
2461
2463
2464
2465
2466
2467
2465
2467
2468
2469
2470
2471
2469
2471
2472
2473
2474
2475
2473
2475
2476
2477
2478
2479
2477
2479
2480
2481
2482
2483
2481
2483
2484
2485
2486
2487
2485
2487
2488
2489
2490
2491
2489
2491
2492
2493
2494
2495
2493
2495
2496
2497
2498
2499
2497
2500
2498
2498
2500
2501
2498
2501
2502
2501
2503
2502
2501
2504
2503
2504
2505
2503
2506
2504
2501
2506
2501
2507
2504
2508
2505
2508
2509
2505
2508
2510
2509
2510
2511
2509
2512
2510
2508
2512
2508
2513
2510
2514
2511
2514
2515
2511
2514
2516
2515
2516
2517
2515
2518
2516
2514
2518
2514
2519
2516
2520
2517
2517
2520
2521
2517
2521
2522
2523
2524
2525
2523
2526
2524
2527
2526
2523
2527
2523
2528
2529
2527
2528
2530
2527
2529
2530
2529
2531
2529
2528
2532
2533
2529
2532
2533
2532
2534
2534
2535
2533
2536
2533
2535
2536
2535
2537
2534
2538
2535
2539
2535
2538
2539
2538
2540
2541
2539
2540
2541
2540
2542
2543
2539
2541
2543
2541
2544
2545
2541
2542
2545
2546
2541
2547
2546
2545
2547
2545
2548
2549
2550
2551
2549
2551
2552
2553
2554
2555
2553
2555
2556
2557
2558
2559
2557
2559
2560
2561
2562
2563
2561
2563
2564
2565
2566
2567
2565
2567
2568
2567
2569
2568
2567
2570
2569
2570
2571
2569
2570
2572
2571
2573
2571
2572
2573
2572
2574
2574
2575
2573
2574
2576
2575
2576
2577
2575
2576
2578
2577
2578
2579
2577
2578
2580
2579
2581
2582
2583
2581
2583
2584
2585
2586
2587
2585
2587
2588
2589
2590
2591
2589
2591
2592
2591
2593
2592
2591
2594
2593
2594
2595
2593
2594
2596
2595
2597
2595
2596
2597
2596
2598
2598
2599
2597
2598
2600
2599
2600
2601
2599
2600
2602
2601
2602
2603
2601
2602
2604
2603
2605
2606
2607
2605
2607
2608
2609
2610
2611
2609
2611
2612
2613
2614
2615
2613
2615
2616
2617
2618
2619
2617
2619
2620
2621
2622
2623
2621
2623
2624
2625
2626
2627
2625
2627
2628
2629
2630
2631
2629
2631
2632
2633
2634
2635
2633
2635
2636
2637
2638
2639
2637
2639
2640
2641
2642
2643
2641
2643
2644
2645
2646
2647
2645
2647
2648
2649
2650
2651
2649
2652
2650
2652
2653
2650
2652
2654
2653
2655
2656
2657
2655
2658
2656
2658
2659
2656
2658
2660
2659
2655
2661
2658
2659
2660
2662
2655
2663
2661
2659
2662
2664
2661
2663
2665
2662
2666
2664
2662
2661
2667
2661
2665
2667
2662
2668
2666
2662
2667
2668
2668
2669
2666
2665
2670
2667
2668
2671
2669
2665
2672
2670
2673
2669
2671
2670
2672
2674
2673
2671
2675
2675
2676
2673
2671
2670
2677
2671
2677
2675
2670
2674
2677
2675
2678
2676
2679
2677
2674
2679
2674
2680
2678
2681
2676
2679
2680
2682
2678
2683
2681
2683
2684
2681
2683
2685
2684
2678
2686
2683
2678
2679
2686
2679
2682
2686
2684
2685
2687
2687
2686
2682
2684
2687
2688
2687
2682
2689
2687
2690
2688
2687
2689
2690
2691
2692
2693
2691
2694
2692
2694
2695
2692
2694
2696
2695
2697
2698
2699
2697
2699
2700
2701
2702
2703
2701
2704
2702
2704
2705
2702
2704
2706
2705
2701
2707
2704
2705
2706
2708
2701
2709
2707
2705
2708
2710
2707
2709
2711
2708
2712
2710
2708
2707
2713
2707
2711
2713
2708
2714
2712
2708
2713
2714
2714
2715
2712
2711
2716
2713
2714
2717
2715
2711
2718
2716
2717
2719
2715
2716
2718
2720
2717
2721
2719
2721
2722
2719
2717
2716
2723
2717
2723
2721
2716
2720
2723
2721
2724
2722
2725
2723
2720
2725
2720
2726
2724
2727
2722
2725
2726
2728
2724
2729
2727
2729
2730
2727
2729
2731
2730
2724
2732
2729
2724
2725
2732
2725
2728
2732
2730
2731
2733
2733
2732
2728
2730
2733
2734
2733
2728
2735
2733
2736
2734
2733
2735
2736
2737
2738
2739
2737
2739
2740
2741
2742
2743
2741
2743
2744
2745
2746
2747
2745
2747
2748
2749
2750
2751
2749
2751
2752
2753
2754
2755
2753
2755
2756
2757
2758
2759
2757
2759
2760
2761
2762
2763
2761
2763
2764
2765
2766
2767
2765
2767
2768
2769
2770
2771
2769
2771
2772
2773
2774
2775
2773
2775
2776
2777
2778
2779
2777
2779
2780
2781
2782
2783
2781
2783
2784
2785
2786
2787
2785
2787
2788
2789
2790
2791
2789
2791
2792
2793
2794
2795
2793
2796
2794
2795
2794
2797
2798
2796
2793
2795
2797
2799
2798
2800
2796
2799
2797
2800
2799
2800
2798
2801
2802
2803
2801
2804
2802
2803
2802
2805
2806
2804
2801
2803
2805
2807
2806
2808
2804
2807
2805
2808
2807
2808
2806
