MESH3
PFB_Curtain (3)
1444
-1.264654,0.7119656,0.005774994
-1.241959,0.7119656,0.005774994
-1.264654,0.6918407,0.01231369
-1.241959,0.6918407,0.01231369
1.26025,0.7119656,0.005774994
1.26025,0.6918409,0.01231369
1.285346,0.7119656,0.005774994
1.285346,0.6918409,0.01231369
-1.264654,0.6918407,0.01231369
-1.241959,0.6918407,0.01231369
-1.264654,0.6918407,0.03347397
-1.241959,0.6918407,0.03347397
1.26025,0.6918409,0.01231369
-1.241959,0.6918407,0.1171178
-1.264654,0.6918407,0.1171178
1.26025,0.6918409,0.03347397
1.285346,0.6918409,0.01231369
1.285346,0.6918409,0.03347397
1.285346,0.6918409,0.1171178
1.26025,0.6918409,0.1171178
-1.264654,0.6918407,0.1171178
-1.241959,0.6918407,0.1171178
-1.264654,0.7119656,0.1236565
-1.241959,0.7119656,0.1236565
-1.241959,0.6918407,0.03347397
1.26025,0.6918409,0.03347397
-1.241959,0.7119656,0.04001267
1.26025,0.7119656,0.04001267
1.285346,0.7244031,0.02289352
1.285346,0.7119656,0.005774994
1.26025,0.7119656,0.005774994
1.26025,0.7244031,0.02289352
-1.241959,0.7119656,0.005774994
1.285346,0.7119656,0.04001267
-1.241959,0.7244034,0.02289352
-1.264654,0.7119656,0.005774994
-1.264654,0.7244033,0.02289352
1.26025,0.7119656,0.04001267
1.26025,0.7119656,0.1236565
1.285346,0.7119656,0.1236565
-1.241959,0.7119656,0.04001267
-1.264654,0.7119656,0.04001267
-1.264654,0.7119656,0.1236565
-1.241959,0.7119656,0.1236565
1.26025,0.6918409,0.1171178
1.285346,0.6918409,0.1171178
1.26025,0.7119656,0.1236565
1.285346,0.7119656,0.1236565
-1.264654,0.6918407,0.1171178
-1.264654,0.7119656,0.1236565
-1.264654,0.7119656,0.04001267
-1.264654,0.6918407,0.03347397
-1.264654,0.7064031,0.02289352
-1.264654,0.7244033,0.02289352
-1.264654,0.6918407,0.01231369
-1.264654,0.7119656,0.005774994
-1.241959,0.6918407,0.03347397
-1.241959,0.7119656,0.04001267
-1.241959,0.6918407,0.1171178
-1.241959,0.7119656,0.1236565
1.26025,0.6918409,0.03347397
1.26025,0.6918409,0.1171178
1.26025,0.7119656,0.04001267
1.26025,0.7119656,0.1236565
1.285346,0.7119656,0.04001267
1.285346,0.7119656,0.1236565
1.285346,0.6918409,0.1171178
1.285346,0.6918409,0.03347397
1.285346,0.7064031,0.02289352
1.285346,0.6918409,0.01231369
1.285346,0.7244031,0.02289352
1.285346,0.7119656,0.005774994
-0.7101586,0.662006,0.005613861
-0.6892058,0.7423269,0.003576508
-0.7165307,0.7374456,0.006766205
-0.7356789,0.6495435,0.0184996
-0.7601137,0.485272,0.01230576
-0.7727205,0.6733727,-0.005879059
-0.7629526,0.7344165,0.007388763
-0.8015018,0.7374334,0.007084808
-0.7808948,0.4667431,0.03052109
-0.7901607,0.393034,0.01422104
-0.80779,0.4998737,-0.007060699
-0.8105191,0.6732432,-0.005529938
-0.8380082,0.7382433,0.005740814
-0.8099002,0.3716958,0.03375595
-0.820711,0.300281,0.01508285
-0.8330061,0.406709,-0.004954986
-0.8431149,0.4933317,-0.004027252
-0.8478395,0.6593024,0.008784027
-0.8776072,0.7349032,0.0060289
-0.8469903,0.2795652,0.0357164
-0.8599814,0.2091694,0.0148143
-0.8640559,0.3146134,-0.003488922
-0.8656818,0.3999622,-0.002031402
-0.8852719,0.186124,0.03534286
-0.8991327,0.1140011,0.01400253
-0.8980653,0.2234534,-0.003593903
-0.9280946,0.09013313,0.03500351
-0.9358621,0.0131617,0.01369003
-0.8830589,0.6678271,0.0006016541
-0.920117,0.7369426,0.005545502
-0.8801527,0.4678361,0.01885361
-0.8942878,0.3082253,-0.000393219
-0.9358998,0.1293928,-0.003978424
-0.9655564,-0.01252068,0.0348082
-0.9641891,-0.09305946,0.01402451
-0.9036702,0.4940047,-0.009801177
-0.9221748,0.6598195,0.008845062
-0.9020588,0.375207,0.02071884
-0.9242363,0.2178069,-0.0008106994
-0.9718481,0.02952644,-0.004201813
-0.9219656,0.4032374,-0.009836578
-0.9272331,0.2823101,0.02289535
-0.9575016,0.1251203,-0.002229156
-0.940878,0.4584496,0.02498276
-0.9405535,0.3114182,-0.009489899
-0.9548485,0.1889741,0.02602402
-0.9567386,0.3669295,0.02537094
-0.9619228,0.2198592,-0.007700348
-0.9711,0.2753145,0.02535019
-0.9902072,0.02616615,-0.002636871
-0.9844276,0.0916494,0.02762314
-0.9860682,0.1254478,-0.005865631
-0.9877958,0.185001,0.0253038
-1.002232,-0.07390465,-0.004079742
-0.9956932,-0.1182243,0.03527817
-0.9753158,-0.1980825,0.01466293
-1.002777,-0.2211541,0.03586655
-0.9757211,-0.3808283,0.01561996
-1.018077,-0.1782546,-0.003551178
-1.017365,-0.07613365,-0.002603912
-0.9977383,-0.4009911,0.03690292
-0.9535915,-0.5525979,0.01619003
-1.014572,-0.3636814,-0.002514801
-0.9806959,-0.5735601,0.03761825
-0.9314243,-0.6440125,0.01689072
-1.01441,-0.007538376,0.02768051
-1.031338,-0.1796105,-0.002175445
-1.002403,-0.5378077,-0.001840973
-0.9524627,-0.6657991,0.03812363
-0.8953973,-0.7187261,0.002933197
-0.8955861,-0.7340386,0.008000336
-0.9390919,-0.7256623,-0.001519928
-0.9778885,-0.6273531,-0.001281891
-1.026364,-0.3656653,-0.0004396057
-1.036564,-0.1100523,0.02778061
-0.9885667,-0.6317124,0.001052093
-0.953385,-0.7307957,0.001485443
-1.012977,-0.5413495,0.0007310486
-1.04434,-0.2114197,0.02821396
-0.9914669,-0.6644648,0.0314891
-0.9574392,-0.7373295,0.008835296
-0.9844787,-0.7312137,0.009544525
-1.015784,-0.5722452,0.0314476
-1.033393,-0.3948943,0.03031479
-1.008366,-0.6311405,-0.003142242
-1.028314,-0.5391952,-0.003265533
-1.042045,-0.3612524,-0.004184723
-1.049345,-0.1743105,-0.005503082
-1.014772,-0.6651388,0.02701157
-0.9944459,-0.7387296,0.02837875
-1.024446,-0.7382936,0.01700363
-1.032323,-0.5719321,0.02685532
-1.034823,-0.6453365,0.004805755
-1.049654,-0.7315122,0.001329803
-1.048007,-0.3919578,0.0264476
-1.046357,-0.552075,0.004772796
-1.052471,-0.6237806,-0.01829849
-1.060726,-0.2082531,0.02566513
-1.059564,-0.3708517,0.004510345
-1.071513,-0.6617849,0.01892807
-1.074331,-0.7477013,0.01331039
-1.058634,-0.5303587,-0.01830582
-1.092074,-0.6770548,0.03346542
-1.104424,-0.754206,0.02785385
-1.12708,-0.7486173,0.01135361
-1.070541,-0.5684504,0.01897934
-1.08311,-0.583933,0.03347031
-1.10752,-0.6558443,0.01134994
-1.131115,-0.6787331,0.03395981
-1.155201,-0.7523053,0.02712814
-1.170711,-0.7516619,0.0223204
-1.145487,-0.667627,0.0225853
-1.182738,-0.7346731,-0.001264801
-1.111079,-0.5866154,0.03394394
-1.094923,-0.563247,0.01133408
-1.093879,-0.4011288,0.03360946
-1.083074,-0.3854473,0.01899887
-1.071675,-0.3482513,-0.01852554
-1.069153,-0.184423,0.00382431
-1.05218,-0.108138,0.0254808
-1.035656,-0.07233238,-0.00572525
-1.012945,0.02816002,-0.005686188
-1.033326,-0.006977158,0.02546616
-1.009098,0.09067436,0.02540634
-1.056775,-0.08428581,0.003688812
-1.074762,-0.1595969,-0.01898575
-1.039032,0.01593895,0.003701019
-1.01985,0.1121955,0.003781586
-1.060989,-0.05933296,-0.01900162
-1.087343,-0.1994248,0.01850693
-1.004689,0.2051183,0.003936615
-1.045701,0.03942161,-0.01900162
-1.077886,-0.1002978,0.01848862
-1.097002,-0.2158434,0.03332626
-0.9948216,0.296187,0.004068451
-1.032515,0.1346854,-0.01900284
-1.065222,-6.950378E-05,0.0185289
-1.090653,-0.1169817,0.0332811
-1.106846,-0.3811268,0.01144028
-0.986931,0.3881927,0.004008636
-1.055778,0.09672127,0.01854477
-1.078861,-0.01663292,0.03326645
-1.105299,-0.1942959,0.01129379
-1.116988,-0.4051192,0.03406967
-0.9739366,0.4802692,0.003464203
-1.073225,0.08106819,0.03326401
-1.09772,-0.09376625,0.01128036
-1.116264,-0.2187987,0.03395248
-1.126494,-0.5766013,0.02267929
-0.9645836,0.6674178,0.00238266
-0.9638388,0.7415084,0.004317474
-1.010471,0.6730018,-0.00232193
-1.012352,0.7409407,0.005289154
-1.061118,0.7422335,0.005546722
-1.009116,0.5034035,-0.01889297
-1.055538,0.6652526,0.006188812
-1.014905,0.4115787,-0.01886246
-1.094519,0.6633012,0.008961028
-1.102018,0.7413561,0.004977874
-1.042549,0.4672253,0.01884384
-1.020224,0.3195922,-0.01881485
-1.042094,0.3756699,0.01858017
-1.024091,0.2272552,-0.01891617
-1.044168,0.283294,0.01858627
-1.047392,0.1905932,0.01851547
-1.068325,0.4535508,0.03316025
-1.06416,0.3610171,0.03336777
-1.067395,0.1752325,0.03329208
-1.063558,0.2683305,0.03335556
-1.095263,0.4757302,0.01111679
-1.085428,0.3822784,0.01126938
-1.081786,0.2893873,0.01124985
-1.083527,0.1960548,0.01119614
-1.088883,0.1023588,0.01120956
-1.125405,0.669403,0.003576508
-1.133722,0.7413604,0.004210053
-1.151993,0.6690694,0.004649505
-1.16248,0.7448199,0.003881683
-1.115049,0.4527285,0.03393662
-1.105695,0.3590182,0.03394028
-1.101423,0.2656188,0.03393539
-1.178812,0.6704058,0.003898773
-1.191662,0.7441521,0.004836273
-1.140698,0.4638315,0.02268051
-1.129669,0.3696987,0.02268417
-1.209537,0.6745699,0.0001097107
-1.223054,0.7373595,0.006724701
-1.178156,0.4972816,-0.01071793
-1.244421,0.6688091,0.005147553
-1.261099,0.7333738,0.007603607
-1.162925,0.402792,-0.01079361
-1.123727,0.2758689,0.02268173
-1.293058,0.6641552,0.009878998
-1.305198,0.7407048,0.004006195
-1.203536,0.4771981,0.007758636
-1.156098,0.3086103,-0.0106752
-1.242416,0.4634881,0.02097763
-1.188825,0.3821654,0.007383881
-1.124263,0.1823518,0.02268173
-1.152265,0.2149448,-0.01064224
-1.183642,0.288301,0.007950286
-1.2297,0.3685479,0.0205394
-1.251551,0.4616323,0.01672348
-1.103723,0.1721293,0.03393051
-1.29457,0.6638752,0.003907318
-1.152346,0.120612,-0.0106459
-1.1804,0.1948769,0.007963714
-1.224047,0.2749233,0.02110458
-1.125234,0.08776055,0.02267929
-1.106457,0.07777061,0.03393051
-1.239262,0.3668036,0.0161998
-1.09109,0.00551445,0.01124741
-1.106151,-0.01913719,0.03393783
-1.122427,-0.007881088,0.02267807
-1.148493,0.02504723,-0.0106691
-1.112393,-0.1184142,0.03393662
-1.124709,-0.1063013,0.02267807
-1.128154,-0.2080756,0.02268539
-1.145117,-0.07076775,-0.01070816
-1.178303,0.09995201,0.00795639
-1.130137,-0.395209,0.02275131
-1.147357,-0.1726853,-0.01072647
-1.171614,0.00545845,0.008093109
-1.219187,0.1815749,0.02105209
-1.151543,-0.3630001,-0.0106337
-1.146793,-0.5451478,-0.01065567
-1.167822,-0.09149467,0.008083344
-1.21626,0.08669151,0.02105453
-1.232988,0.2732665,0.01669052
-1.166432,-0.1937688,0.007912445
-1.211421,-0.007846909,0.0212291
-1.228523,0.1796955,0.01685165
-1.172486,-0.3822631,0.007132416
-1.204841,-0.10583,0.02127548
-1.225679,0.08482338,0.01685532
-1.200065,-0.2066053,0.02098373
-1.220833,-0.009571915,0.01685409
-1.21397,-0.1075907,0.01685532
-1.223103,0.2723388,0.01380478
-1.218358,0.1789837,0.01372177
-1.215427,0.08406456,0.01374008
-1.210547,-0.01053352,0.01393051
-1.228715,0.3659501,0.01323715
-1.241038,0.4609028,0.01362411
-1.29319,0.6636463,0.0003623962
-1.181112,0.1934594,-0.0006263733
-1.179019,0.09849662,-0.0006336975
-1.184306,0.2868938,-0.0006129455
-1.189538,0.3807584,-0.00117569
-1.172446,0.004027939,-0.0005348205
-1.20376,0.4757166,-0.0007814026
-1.153895,0.2141085,-0.01980118
-1.154028,0.1197543,-0.0198024
-1.157735,0.3077839,-0.0198378
-1.150288,0.02411705,-0.01983536
-1.16468,0.4019765,-0.01993912
-1.168698,-0.09299171,-0.0005580139
-1.146792,-0.0717051,-0.01988052
-1.20393,-0.108677,0.01397324
-1.209945,-0.2084891,0.01685532
-1.20269,-0.3952627,0.02025009
-1.171966,-0.5640907,0.007518158
-1.16281,-0.635362,-0.01075089
-1.182091,-0.6524174,0.006760101
-1.200245,-0.737384,0.005818939
-1.201649,-0.5762096,0.02096664
-1.20699,-0.6637881,0.01934067
-1.218037,-0.7456357,0.01547836
-1.213952,-0.3978043,0.01685409
-1.209557,-0.5777561,0.01668808
-1.199487,-0.2093563,0.01368027
-1.21323,-0.6650438,0.01465195
-1.202321,-0.3977732,0.01294907
-1.167482,-0.1953761,-0.0006507873
-1.20166,-0.5786992,0.01364853
-1.173564,-0.3837862,-0.001346588
-1.149309,-0.1735711,-0.01989395
-1.173566,-0.565545,-0.001016998
-1.153593,-0.363772,-0.01979874
-1.149196,-0.5459116,-0.01981583
-1.207714,-0.6663062,0.01195908
-1.183968,-0.6538405,-0.001833649
-1.165558,-0.6361938,-0.01990982
-1.219139,-0.7489985,0.01072739
-1.202832,-0.7412475,0.0001145935
-1.200245,-0.737384,0.005818939
-1.219411,-0.7490406,0.00811264
-1.203131,-0.7387743,-0.003153229
-1.184909,-0.735386,-0.007069244
-1.182738,-0.7346731,-0.001264801
-1.186308,-0.7357832,-0.01044571
-1.170932,-0.7520865,0.01648544
-1.170711,-0.7516619,0.0223204
-1.171101,-0.7520955,0.01273422
-1.145853,-0.6680391,0.01301498
-1.155361,-0.7534497,0.02204086
-1.155201,-0.7523053,0.02712814
-1.12708,-0.7486173,0.01135361
-1.155411,-0.7538347,0.01868088
-1.127344,-0.7486335,0.005119476
-1.131196,-0.6802271,0.025504
-1.126739,-0.5770049,0.01310654
-1.104524,-0.7552976,0.02270615
-1.104424,-0.754206,0.02785385
-1.074331,-0.7477013,0.01331039
-1.127526,-0.7484621,0.001193695
-1.111032,-0.5881451,0.02551376
-1.130278,-0.3956116,0.01317245
-1.074347,-0.7478661,0.007223968
-1.049654,-0.7315122,0.001329803
-1.104562,-0.7556573,0.01932114
-1.107985,-0.6556803,0.001187592
-1.116759,-0.4066932,0.02566879
-1.128181,-0.2085004,0.01309799
-1.092245,-0.6785254,0.02495956
-1.074351,-0.747793,0.003399506
-1.095334,-0.563078,0.001169281
-1.115962,-0.2204124,0.02552597
-1.124773,-0.106782,0.01310165
-1.08313,-0.5854154,0.02498032
-1.107145,-0.3809454,0.001282806
-1.112252,-0.120093,0.02548447
-1.122445,-0.008342819,0.01310532
-1.071576,-0.6618752,0.009012299
-1.093724,-0.4025727,0.02512314
-1.10544,-0.1940659,0.001137543
-1.105831,-0.02071541,0.02549179
-1.125234,0.08732139,0.01310654
-1.070572,-0.5685415,0.009068451
-1.097028,-0.2173853,0.02480331
-1.097852,-0.09365242,0.001121674
-1.106174,0.07618721,0.02551132
-1.124291,0.1819254,0.01310287
-1.083005,-0.385482,0.009083099
-1.090855,-0.118554,0.02475571
-1.091191,0.00564064,0.001087494
-1.103505,0.1705613,0.02552353
-1.123712,0.2754577,0.01309677
-1.087229,-0.1994846,0.0085997
-1.078956,-0.0182,0.02476669
-1.08907,0.1024657,0.001049652
-1.101068,0.264044,0.02552597
-1.129635,0.3692995,0.01309311
-1.077664,-0.1003861,0.008578949
-1.073205,0.07956932,0.02477402
-1.083753,0.1961692,0.001037445
-1.105228,0.3574628,0.02551987
-1.065109,-0.0001757049,0.008620453
-1.067367,0.1737705,0.02480331
-1.082059,0.2895217,0.001092377
-1.055706,0.09660514,0.008635101
-1.06339,0.2668629,0.02485702
-1.047356,0.1904851,0.00859848
-1.114359,0.4511787,0.02549545
-1.085727,0.3824241,0.001110687
-1.063932,0.3595832,0.02485336
-1.044163,0.2832017,0.008660736
-1.14056,0.4634217,0.01309799
-1.179612,0.4964461,-0.01989883
-1.244774,0.6683598,-0.004437408
-1.095615,0.4758919,0.0009519958
-1.067934,0.4521371,0.02461044
-1.152274,0.6691189,-0.005413971
-1.179204,0.6704287,-0.006140289
-1.042081,0.3755819,0.008659516
-1.210158,0.6743914,-0.009731597
-1.261519,0.7339792,-0.006496734
-1.223373,0.7377794,-0.006023102
-1.191826,0.744417,-0.007934723
-1.162482,0.7449431,-0.008861236
-1.30608,0.741491,-0.007210846
-1.309303,0.745747,-0.002663727
-1.263999,0.74472,-0.001075592
-1.261099,0.7333738,0.007603607
-1.22541,0.7474358,-0.001062164
-1.223054,0.7373595,0.006724701
-1.191662,0.7441521,0.004836273
-1.193654,0.7543911,-0.002970123
-1.164045,0.7556573,-0.00398819
-1.16248,0.7448199,0.003881683
-1.134825,0.7521563,-0.003596344
-1.133722,0.7413604,0.004210053
-1.133658,0.7415984,-0.008462067
-1.102886,0.7521374,-0.002690582
-1.102018,0.7413561,0.004977874
-1.125628,0.6694152,-0.006447906
-1.061885,0.7528256,-0.001950836
-1.061118,0.7422335,0.005546722
-1.101922,0.7415871,-0.007628326
-1.094568,0.6634367,-0.001179352
-1.012858,0.7509075,-0.002197418
-1.012352,0.7409407,0.005289154
-0.9638388,0.7415084,0.004317474
-1.06104,0.7426025,-0.007005768
-1.042525,0.4671099,0.008958587
-1.055546,0.6653321,-0.003890533
-0.9638626,0.7516747,-0.003134918
-0.9196078,0.7470824,-0.001790924
-0.920117,0.7369426,0.005545502
-0.8776072,0.7349032,0.0060289
-1.012254,0.7412292,-0.007350006
-1.010464,0.6727596,-0.01207901
-0.9636671,0.7416061,-0.008402252
-1.009204,0.5020185,-0.02753799
-1.014957,0.4101575,-0.02751236
-0.9645236,0.6673427,-0.007537994
-0.8763818,0.7453271,-0.001572418
-0.8380082,0.7382433,0.005740814
-0.919902,0.7369994,-0.007072906
-0.9737124,0.4796015,-0.005923004
-1.02021,0.3181254,-0.02745987
-0.8363956,0.7491946,-0.002910309
-0.8015018,0.7374334,0.007084808
-0.8773865,0.7351257,-0.006661529
-0.9220944,0.6597162,-0.001049957
-0.9866566,0.3874473,-0.005323639
-1.023936,0.2257362,-0.02755142
-0.7995906,0.748554,-0.002002106
-0.7629526,0.7344165,0.007388763
-0.8829117,0.6677114,-0.009272614
-0.9410725,0.4566347,0.01678696
-0.9944777,0.2954234,-0.005262604
-1.032159,0.1331101,-0.0276271
-0.9032858,0.4934978,-0.01932022
-0.8476898,0.6594456,-0.001361237
-0.956862,0.3649837,0.01729355
-1.004236,0.2043627,-0.005421295
-1.045121,0.03784691,-0.0276271
-0.9214032,0.4026814,-0.01932266
-0.9713337,0.2733736,0.01731552
-1.019341,0.111455,-0.005609283
-1.060122,-0.06087394,-0.02763321
-0.8799237,0.4674395,0.009256439
-0.9397256,0.3107606,-0.01892838
-0.9881834,0.1829264,0.01737412
-1.038446,0.01522194,-0.005709381
-1.073647,-0.1609521,-0.0276271
-0.9018316,0.3746444,0.01128281
-0.9609303,0.2190621,-0.01705093
-1.009655,0.0883654,0.01756943
-1.055996,-0.08495934,-0.005732575
-1.070498,-0.3494565,-0.02716446
-0.9271287,0.2816123,0.01362411
-0.9850561,0.1244804,-0.01512466
-1.033889,-0.00933876,0.01760117
-1.068311,-0.1850043,-0.005581207
-1.057611,-0.5317497,-0.02695572
-0.9550095,0.1881324,0.01691147
-1.011832,0.02720619,-0.01492569
-1.052587,-0.1105172,0.01759018
-1.058683,-0.3713897,-0.004889069
-1.05169,-0.6251903,-0.02695694
-0.9847662,0.09060966,0.01866318
-1.034276,-0.07324928,-0.01496597
-1.060725,-0.21057,0.01782089
-1.045502,-0.55271,-0.00464981
-1.048973,-0.7328976,-0.007330475
-1.014742,-0.008600235,0.01871567
-1.047761,-0.1751002,-0.01476089
-1.047894,-0.3941279,0.01868027
-1.034059,-0.6459621,-0.004640045
-1.04924,-0.7322828,-0.004178009
-1.023741,-0.7385123,0.007171478
-1.02403,-0.7384712,0.01089706
-1.024446,-0.7382936,0.01700363
-1.032099,-0.5742376,0.01907333
-1.040304,-0.3619482,-0.01344131
-1.014424,-0.6674099,0.01914047
-0.9940345,-0.7408083,0.02035385
-0.9941674,-0.7401458,0.02348129
-0.9944459,-0.7387296,0.02837875
-0.9844787,-0.7312137,0.009544525
-0.983416,-0.7318877,0.003863373
-0.9574392,-0.7373295,0.008835296
-1.026497,-0.540081,-0.01249649
-1.006533,-0.632048,-0.01238541
-0.9827124,-0.7322625,0.0004148865
-0.9571232,-0.7382227,0.003475189
-0.953385,-0.7307957,0.001485443
-0.9519453,-0.7308704,-0.004740143
-0.9390919,-0.7256623,-0.001519928
-0.9569609,-0.7385166,2.182007E-05
-0.9915197,-0.6655936,0.02261093
-1.016033,-0.5733364,0.02262802
-0.9367635,-0.7260804,-0.007406158
-0.8955861,-0.7340386,0.008000336
-0.9508924,-0.7309507,-0.008446197
-0.9861549,-0.6318311,-0.008963776
-1.033648,-0.3958619,0.02143906
-0.8957655,-0.735669,0.002724457
-0.8953973,-0.7187261,0.002933197
-0.9351286,-0.7211857,-0.01095963
-1.010672,-0.5414197,-0.009287261
-1.044404,-0.2124337,0.01923569
-0.8977783,-0.7343317,-0.0006886291
-0.8913302,-0.7212458,-0.003604889
-0.9744447,-0.6277621,-0.01099747
-1.02409,-0.3656153,-0.01044815
-1.036815,-0.1111416,0.01881332
-0.9301625,-0.6441454,0.01067612
-0.9314243,-0.6440125,0.01689072
-0.9539625,-0.6671415,0.02945297
-0.8935149,-0.7188544,-0.006829986
-1.029173,-0.1796506,-0.01211319
-1.015353,-0.07628792,-0.01250748
-0.9285704,-0.6440744,0.006767425
-0.9521539,-0.5526476,0.009980316
-0.9535915,-0.5525979,0.01619003
-0.9823067,-0.5747809,0.02896225
-0.9505218,-0.55253,0.006074066
-0.9743649,-0.3808324,0.00941513
-0.9757211,-0.3808283,0.01561996
-0.9991443,-0.5381225,-0.01155289
-0.9992549,-0.4022186,0.02830429
-0.972966,-0.3806771,0.005519867
-0.9741287,-0.1981016,0.008461761
-0.9753158,-0.1980825,0.01466293
-0.9641891,-0.09305946,0.01402451
-1.011506,-0.3639055,-0.01221329
-1.004117,-0.2224758,0.02722641
-1.01528,-0.1785865,-0.0132106
-0.97294,-0.1979343,0.004567719
-0.9630722,-0.09311714,0.007825775
-0.9358621,0.0131617,0.01369003
-0.9968451,-0.1196711,0.02660263
-0.9997116,-0.07431617,-0.01373428
-0.9619665,-0.09295921,0.003932953
-0.9349034,0.01305305,0.007493744
-0.8991327,0.1140011,0.01400253
-0.9668345,-0.01388954,0.02609848
-0.9883876,0.02592781,-0.01253921
-0.8983467,0.1138557,0.007806244
-0.8599814,0.2091694,0.0148143
-0.9339353,0.01315895,0.003603363
-0.9695018,0.0290229,-0.0138588
-0.9558635,0.1248342,-0.0121608
-0.8592796,0.2090185,0.008614349
-0.820711,0.300281,0.01508285
-0.9294206,0.08883079,0.02632431
-0.8975081,0.1139079,0.003917084
-0.9228413,0.2175562,-0.01077042
-0.9338199,0.1288123,-0.01364273
-0.8200799,0.3001398,0.008863373
-0.7901607,0.393034,0.01422104
-0.886578,0.1848994,0.02669174
-0.8585396,0.2090583,0.004723968
-0.8931111,0.30797,-0.01034195
-0.896145,0.2228824,-0.01327774
-0.7896391,0.3929563,0.007966156
-0.7601137,0.485272,0.01230576
-0.8481019,0.2784864,0.02699814
-0.8194223,0.300174,0.004960785
-0.8647247,0.3997051,-0.01194473
-0.8623622,0.3140316,-0.01315689
-0.7597177,0.4852497,0.006020355
-0.7101586,0.662006,0.005613861
-0.8106257,0.3708166,0.02480942
-0.7891057,0.3930253,0.004052582
-0.8423231,0.493187,-0.01402359
-0.8315945,0.4060752,-0.01456192
-0.7099281,0.6620557,-0.0006922912
-0.6892058,0.7423269,0.003576508
-0.7813826,0.4661977,0.02124619
-0.7593123,0.4853341,0.002111664
-0.8066862,0.499222,-0.01659805
-0.8100999,0.6728637,-0.0151442
-0.7357548,0.6495525,0.008481293
-0.7096891,0.6621557,-0.004547271
-0.7721716,0.6730506,-0.01555435
-0.8377812,0.738687,-0.007862701
-0.801096,0.7383382,-0.008281402
-0.7160942,0.7371746,-0.006519928
-0.7622253,0.7347643,-0.007400055
-0.7604692,0.7460753,-0.0007533264
-0.7165307,0.7374456,0.006766205
-0.7133633,0.7504482,-0.001429596
-0.6885946,0.7423241,-0.007459869
-0.6857721,0.7464129,-0.003001862
-1.219579,-0.03215553,0.0195079
-1.212791,-0.0318824,0.008309783
-1.220825,-0.001180496,0.02036972
-1.214036,-0.0009073639,0.007329559
-0.9462816,-0.02453483,0.006486664
-0.9389783,0.006440048,0.004615326
-0.9661415,0.00562355,-0.004904937
-0.9585494,-0.02535133,-0.004904937
-0.9905002,-0.02638084,-0.0126503
-0.9917456,0.00459404,-0.01756546
-1.055206,-0.02919777,-0.02808426
-1.056452,0.001777267,-0.02808426
-1.143202,-0.03213493,-0.02193985
-1.144448,-0.001160049,-0.01930313
-1.195753,-0.03119743,0.001831512
-1.196998,-0.0002223968,-0.0002137756
-1.214036,-0.0009073639,0.007329559
-1.212791,-0.0318824,0.008309783
-0.9617801,0.005623398,0.03633896
-0.9389783,0.006440048,0.004615326
-0.9462816,-0.02453483,0.006486664
-0.9673299,-0.02535149,0.03337265
-1.05046,0.002018051,0.03341232
-1.049215,-0.02895699,0.02843857
-1.129505,-0.001159897,0.03413986
-1.143202,-0.03213493,0.03255844
-1.203865,-0.0004984284,0.02874924
-1.202619,-0.03147347,0.02670334
-1.220825,-0.001180496,0.02036972
-1.219579,-0.03215553,0.0195079
-1.218563,-0.001089554,0.005885467
-1.217318,-0.03206459,0.00706955
-1.225821,-0.001381302,0.02036972
-1.224576,-0.03235634,0.0195079
-1.206661,-0.03163612,0.02922714
-1.207907,-0.000661087,0.03168808
-0.9268858,0.006806412,0.00665451
-0.9338614,-0.02416847,0.00665451
-0.9557529,0.005786056,-0.00784378
-0.9545076,-0.02518898,-0.00784378
-0.9873668,-0.02625496,-0.01625015
-0.9886121,0.004720077,-0.0211647
-1.053662,-0.02913582,-0.03283951
-1.054908,0.001839218,-0.03283951
-1.144746,-0.03219704,-0.02669571
-1.145992,-0.001222,-0.02405838
-1.199795,-0.03135994,-0.0006922912
-1.20104,-0.000384903,-0.003153229
-1.218563,-0.001089554,0.005885467
-1.217318,-0.03206459,0.00706955
-0.9268858,0.006806412,0.00665451
-0.9577383,0.005786056,0.03927841
-0.9338614,-0.02416847,0.00665451
-0.9632881,-0.02518898,0.03950851
-1.048916,0.002080154,0.03816757
-1.047671,-0.02889488,0.0331932
-1.129803,-0.03219704,0.03889511
-1.131048,-0.001222,0.03889511
-1.206661,-0.03163612,0.02922714
-1.207907,-0.000661087,0.03168808
0.7101586,0.662006,-0.005613556
0.6892059,0.7423269,-0.003575592
0.7165307,0.7374456,-0.006765289
0.735679,0.6495435,-0.0184993
0.7601138,0.485272,-0.01230545
0.7727206,0.6733727,0.005879974
0.7629526,0.7344165,-0.007387848
0.8015018,0.7374334,-0.007084503
0.7808948,0.4667431,-0.03052017
0.7901608,0.393034,-0.01422012
0.8077902,0.4998737,0.007061005
0.8105191,0.6732432,0.005530853
0.8380084,0.7382433,-0.005740509
0.8099002,0.3716958,-0.03375565
0.820711,0.300281,-0.01508255
0.8330063,0.406709,0.004955292
0.8431149,0.4933317,0.004027557
0.8478397,0.6593024,-0.008783111
0.8776074,0.7349032,-0.006028595
0.8469903,0.2795652,-0.03571609
0.8599814,0.2091694,-0.01481338
0.8640561,0.3146134,0.003489838
0.8656818,0.3999622,0.002032318
0.8852719,0.186124,-0.03534256
0.8991327,0.1140011,-0.01400162
0.8980654,0.2234534,0.003594208
0.9280947,0.09013313,-0.0350032
0.9358621,0.0131617,-0.01368912
0.8830591,0.6678271,-0.0006007385
0.9201171,0.7369426,-0.005544586
0.8801529,0.4678361,-0.01885269
0.894288,0.3082253,0.0003935242
0.9358999,0.1293928,0.003978729
0.9655566,-0.01252068,-0.03480789
0.9641891,-0.09305946,-0.01402359
0.9036703,0.4940047,0.009802094
0.922175,0.6598195,-0.008844757
0.902059,0.375207,-0.02071793
0.9242364,0.2178069,0.000811615
0.9718481,0.02952644,0.004202728
0.9219656,0.4032374,0.009836883
0.9272333,0.2823101,-0.02289505
0.9575018,0.1251203,0.002229462
0.940878,0.4584496,-0.02498245
0.9405535,0.3114182,0.009490204
0.9548486,0.1889741,-0.0260231
0.9567386,0.3669295,-0.02537002
0.9619229,0.2198592,0.007700653
0.9711002,0.2753145,-0.02534988
0.9902072,0.02616615,0.002637177
0.9844278,0.0916494,-0.02762222
0.9860684,0.1254478,0.005865936
0.987796,0.185001,-0.0253035
1.002232,-0.07390465,0.004080658
0.9956933,-0.1182243,-0.03527725
0.9753158,-0.1980825,-0.01466263
1.002777,-0.2211541,-0.03586624
0.9757211,-0.3808283,-0.01561966
1.018077,-0.1782546,0.003551483
1.017365,-0.07613365,0.002604218
0.9977383,-0.4009911,-0.03690262
0.9535916,-0.5525979,-0.01618912
1.014572,-0.3636814,0.002515106
0.9806961,-0.5735601,-0.03761795
0.9314243,-0.6440125,-0.01689041
1.01441,-0.007538376,-0.0276796
1.031338,-0.1796105,0.002175751
1.002403,-0.5378077,0.001841888
0.9524627,-0.6657991,-0.03812332
0.8953973,-0.7187261,-0.002932892
0.8955863,-0.7340386,-0.00799942
0.9390921,-0.7256623,0.001520233
0.9778885,-0.6273531,0.001282196
1.026364,-0.3656653,0.0004399109
1.036565,-0.1100523,-0.02777969
0.9885669,-0.6317124,-0.001051178
0.953385,-0.7307957,-0.001485138
1.012978,-0.5413495,-0.000730133
1.04434,-0.2114197,-0.02821304
0.9914669,-0.6644648,-0.0314888
0.9574392,-0.7373295,-0.008834992
0.9844787,-0.7312137,-0.00954361
1.015785,-0.5722452,-0.0314473
1.033393,-0.3948943,-0.03031387
1.008367,-0.6311405,0.003142548
1.028314,-0.5391952,0.003266449
1.042045,-0.3612524,0.004185028
1.049345,-0.1743105,0.005503387
1.014773,-0.6651388,-0.02701065
0.9944461,-0.7387296,-0.02837784
1.024446,-0.7382936,-0.01700333
1.032323,-0.5719321,-0.0268544
1.034824,-0.6453365,-0.00480545
1.049654,-0.7315122,-0.001329498
1.048007,-0.3919578,-0.0264473
1.046357,-0.552075,-0.004772491
1.052471,-0.6237806,0.0182988
1.060726,-0.2082531,-0.02566482
1.059564,-0.3708517,-0.00450943
1.071513,-0.6617849,-0.01892776
1.074331,-0.7477013,-0.01331009
1.058634,-0.5303587,0.01830673
1.092074,-0.6770548,-0.03346451
1.104424,-0.754206,-0.02785294
1.12708,-0.7486173,-0.01135269
1.070541,-0.5684504,-0.01897842
1.08311,-0.583933,-0.03346939
1.10752,-0.6558443,-0.01134964
1.131115,-0.6787331,-0.0339595
1.155201,-0.7523053,-0.02712784
1.170711,-0.7516619,-0.02231949
1.145487,-0.667627,-0.02258438
1.182738,-0.7346731,0.001265106
1.111079,-0.5866154,-0.03394363
1.094923,-0.563247,-0.01133377
1.093879,-0.4011288,-0.03360855
1.083074,-0.3854473,-0.01899795
1.071675,-0.3482513,0.01852646
1.069153,-0.184423,-0.003824005
1.05218,-0.108138,-0.0254805
1.035656,-0.07233238,0.005726166
1.012945,0.02816002,0.005686493
1.033326,-0.006977158,-0.02546524
1.009098,0.09067436,-0.02540543
1.056775,-0.08428581,-0.003688507
1.074762,-0.1595969,0.01898666
1.039032,0.01593895,-0.003700714
1.01985,0.1121955,-0.00378128
1.060989,-0.05933296,0.01900192
1.087343,-0.1994248,-0.01850601
1.004689,0.2051183,-0.00393631
1.045701,0.03942161,0.01900192
1.077886,-0.1002978,-0.0184877
1.097002,-0.2158434,-0.03332535
0.9948217,0.296187,-0.004067536
1.032515,0.1346854,0.01900314
1.065222,-6.950378E-05,-0.01852798
1.090653,-0.1169817,-0.03328079
1.106846,-0.3811268,-0.01143936
0.9869311,0.3881927,-0.004007721
1.055778,0.09672127,-0.01854446
1.078861,-0.01663292,-0.03326553
1.105299,-0.1942959,-0.01129349
1.116988,-0.4051192,-0.03406876
0.9739367,0.4802692,-0.003463898
1.073225,0.08106819,-0.03326309
1.09772,-0.09376625,-0.01127945
1.116264,-0.2187987,-0.03395157
1.126494,-0.5766013,-0.02267898
0.9645837,0.6674178,-0.002382355
0.9638388,0.7415084,-0.004317169
1.010471,0.6730018,0.002322235
1.012352,0.7409407,-0.005288849
1.061118,0.7422335,-0.005546417
1.009116,0.5034035,0.01889328
1.055538,0.6652526,-0.006187897
1.014905,0.4115787,0.01886337
1.094519,0.6633012,-0.008960724
1.102018,0.7413561,-0.004976959
1.042549,0.4672253,-0.01884293
1.020224,0.3195922,0.01881577
1.042094,0.3756699,-0.01857925
1.024091,0.2272552,0.01891708
1.044168,0.283294,-0.01858536
1.047392,0.1905932,-0.01851517
1.068326,0.4535508,-0.03315994
1.06416,0.3610171,-0.03336685
1.067395,0.1752325,-0.03329178
1.063558,0.2683305,-0.03335464
1.095263,0.4757302,-0.01111649
1.085428,0.3822784,-0.01126907
1.081786,0.2893873,-0.01124893
1.083527,0.1960548,-0.01119522
1.088883,0.1023588,-0.01120926
1.125405,0.669403,-0.003576202
1.133722,0.7413604,-0.004209137
1.151993,0.6690694,-0.0046492
1.16248,0.7448199,-0.003881378
1.115049,0.4527285,-0.03393631
1.105695,0.3590182,-0.03393997
1.101423,0.2656188,-0.03393448
1.178812,0.6704058,-0.003898468
1.191662,0.7441521,-0.004835357
1.140698,0.4638315,-0.0226796
1.129669,0.3696987,-0.02268387
1.209537,0.6745699,-0.0001087952
1.223054,0.7373595,-0.006724396
1.178156,0.4972816,0.01071823
1.244421,0.6688091,-0.005147247
1.261099,0.7333738,-0.007602692
1.162925,0.402792,0.01079392
1.123727,0.2758689,-0.02268143
1.293058,0.6641552,-0.009878692
1.305198,0.7407048,-0.004005279
1.203536,0.4771981,-0.007757721
1.156098,0.3086103,0.01067612
1.242416,0.4634881,-0.02097733
1.188825,0.3821654,-0.007383575
1.124263,0.1823518,-0.02268143
1.152265,0.2149448,0.01064316
1.183642,0.288301,-0.007949982
1.2297,0.3685479,-0.02053909
1.251551,0.4616323,-0.01672317
1.103723,0.1721293,-0.03392959
1.29457,0.6638752,-0.003907013
1.152346,0.120612,0.01064621
1.1804,0.1948769,-0.007962799
1.224047,0.2749233,-0.02110428
1.125234,0.08776055,-0.02267838
1.106457,0.07777061,-0.03392959
1.239262,0.3668036,-0.01619949
1.09109,0.00551445,-0.0112471
1.106151,-0.01913719,-0.03393692
1.122427,-0.007881088,-0.02267715
1.148493,0.02504723,0.01067001
1.112393,-0.1184142,-0.03393631
1.124709,-0.1063013,-0.02267715
1.128154,-0.2080756,-0.02268448
1.145117,-0.07076775,0.01070908
1.178303,0.09995201,-0.007956085
1.130137,-0.395209,-0.0227504
1.147357,-0.1726853,0.01072739
1.171614,0.00545845,-0.008092804
1.219188,0.1815749,-0.02105179
1.151543,-0.3630001,0.010634
1.146793,-0.5451478,0.01065597
1.167822,-0.09149467,-0.008082428
1.21626,0.08669151,-0.02105423
1.232988,0.2732665,-0.01669022
1.166432,-0.1937688,-0.007912139
1.211421,-0.007846909,-0.02122879
1.228523,0.1796955,-0.01685074
1.172486,-0.3822631,-0.007132111
1.204841,-0.10583,-0.02127518
1.225679,0.08482338,-0.01685501
1.200065,-0.2066053,-0.02098282
1.220833,-0.009571915,-0.01685379
1.21397,-0.1075907,-0.0168544
1.223103,0.2723388,-0.01380386
1.218358,0.1789837,-0.01372147
1.215427,0.08406456,-0.01373978
1.210547,-0.01053352,-0.0139296
1.228715,0.3659501,-0.01323624
1.241038,0.4609028,-0.01362381
1.29319,0.6636463,-0.0003614807
1.181112,0.1934594,0.0006266785
1.179019,0.09849662,0.000634613
1.184306,0.2868938,0.0006132507
1.189539,0.3807584,0.001175995
1.172446,0.004027939,0.0005357361
1.20376,0.4757166,0.0007823181
1.153895,0.2141085,0.01980209
1.154028,0.1197543,0.0198027
1.157735,0.3077839,0.0198381
1.150288,0.02411705,0.01983627
1.16468,0.4019765,0.01993942
1.168698,-0.09299171,0.0005589295
1.146792,-0.0717051,0.01988144
1.20393,-0.108677,-0.01397232
1.209945,-0.2084891,-0.0168544
1.20269,-0.3952627,-0.02024917
1.171966,-0.5640907,-0.007517853
1.16281,-0.635362,0.01075119
1.182091,-0.6524174,-0.006759796
1.200245,-0.737384,-0.005818634
1.201649,-0.5762096,-0.02096573
1.20699,-0.6637881,-0.01934036
1.218037,-0.7456357,-0.01547745
1.213953,-0.3978043,-0.01685379
1.209557,-0.5777561,-0.01668716
1.199487,-0.2093563,-0.01367935
1.213231,-0.6650438,-0.01465164
1.202321,-0.3977732,-0.01294876
1.167482,-0.1953761,0.0006517029
1.20166,-0.5786992,-0.01364761
1.173564,-0.3837862,0.001347504
1.149309,-0.1735711,0.01989426
1.173566,-0.565545,0.001017914
1.153593,-0.363772,0.01979904
1.149196,-0.5459116,0.01981613
1.207714,-0.6663062,-0.01195877
1.183968,-0.6538405,0.001834564
1.165558,-0.6361938,0.01991074
1.219139,-0.7489985,-0.01072647
1.202832,-0.7412475,-0.0001142883
1.200245,-0.737384,-0.005818634
1.219411,-0.7490406,-0.008112335
1.203131,-0.7387743,0.003153534
1.184909,-0.735386,0.00707016
1.182738,-0.7346731,0.001265106
1.186308,-0.7357832,0.01044662
1.170932,-0.7520865,-0.01648514
1.170711,-0.7516619,-0.02231949
1.171101,-0.7520955,-0.01273392
1.145853,-0.6680391,-0.01301407
1.155361,-0.7534497,-0.02204056
1.155201,-0.7523053,-0.02712784
1.12708,-0.7486173,-0.01135269
1.155411,-0.7538347,-0.01868057
1.127344,-0.7486335,-0.005118561
1.131197,-0.6802271,-0.02550308
1.126739,-0.5770049,-0.01310623
1.104524,-0.7552976,-0.02270523
1.104424,-0.754206,-0.02785294
1.074331,-0.7477013,-0.01331009
1.127526,-0.7484621,-0.00119278
1.111032,-0.5881451,-0.02551346
1.130278,-0.3956116,-0.01317215
1.074347,-0.7478661,-0.007223053
1.049654,-0.7315122,-0.001329498
1.104562,-0.7556573,-0.01932083
1.107985,-0.6556803,-0.001186676
1.116759,-0.4066932,-0.02566788
1.128181,-0.2085004,-0.01309769
1.092245,-0.6785254,-0.02495865
1.074351,-0.747793,-0.0033992
1.095334,-0.563078,-0.001168976
1.115962,-0.2204124,-0.02552566
1.124773,-0.106782,-0.01310135
1.08313,-0.5854154,-0.0249794
1.107145,-0.3809454,-0.001282501
1.112252,-0.120093,-0.02548355
1.122445,-0.008342819,-0.0131044
1.071576,-0.6618752,-0.009011383
1.093724,-0.4025727,-0.02512283
1.10544,-0.1940659,-0.001137238
1.105831,-0.02071541,-0.02549149
1.125234,0.08732139,-0.01310623
1.070572,-0.5685415,-0.009067535
1.097028,-0.2173853,-0.0248024
1.097852,-0.09365242,-0.001120758
1.106174,0.07618721,-0.02551102
1.124291,0.1819254,-0.01310257
1.083005,-0.385482,-0.009082794
1.090855,-0.118554,-0.02475479
1.091191,0.00564064,-0.001086578
1.103505,0.1705613,-0.02552322
1.123712,0.2754577,-0.01309586
1.087229,-0.1994846,-0.008598785
1.078956,-0.0182,-0.02476578
1.08907,0.1024657,-0.001048737
1.101069,0.264044,-0.02552566
1.129635,0.3692995,-0.01309219
1.077664,-0.1003861,-0.008578033
1.073205,0.07956932,-0.0247731
1.083753,0.1961692,-0.00103653
1.105229,0.3574628,-0.02551956
1.065109,-0.0001757049,-0.008619538
1.067368,0.1737705,-0.0248024
1.082059,0.2895217,-0.001091461
1.055706,0.09660514,-0.008634796
1.06339,0.2668629,-0.02485611
1.047356,0.1904851,-0.008597565
1.114359,0.4511787,-0.02549454
1.085727,0.3824241,-0.001109772
1.063932,0.3595832,-0.02485306
1.044163,0.2832017,-0.00865982
1.14056,0.4634217,-0.01309708
1.179612,0.4964461,0.01989914
1.244774,0.6683598,0.004437713
1.095615,0.4758919,-0.0009510803
1.067935,0.4521371,-0.02460953
1.152274,0.6691189,0.005414276
1.179204,0.6704287,0.006141205
1.042081,0.3755819,-0.00865921
1.210158,0.6743914,0.009732513
1.261519,0.7339792,0.006497039
1.223373,0.7377794,0.006024017
1.191826,0.744417,0.007935028
1.162482,0.7449431,0.008862152
1.30608,0.741491,0.007211761
1.309303,0.745747,0.002664642
1.263999,0.74472,0.001076507
1.261099,0.7333738,-0.007602692
1.22541,0.7474358,0.00106308
1.223054,0.7373595,-0.006724396
1.191662,0.7441521,-0.004835357
1.193654,0.7543911,0.002971039
1.164045,0.7556573,0.003988495
1.16248,0.7448199,-0.003881378
1.134825,0.7521563,0.003596649
1.133722,0.7413604,-0.004209137
1.133658,0.7415984,0.008462982
1.102887,0.7521374,0.002691498
1.102018,0.7413561,-0.004976959
1.125628,0.6694152,0.006448822
1.061885,0.7528256,0.001951752
1.061118,0.7422335,-0.005546417
1.101922,0.7415871,0.007628631
1.094568,0.6634367,0.001180267
1.012858,0.7509075,0.002197723
1.012352,0.7409407,-0.005288849
0.9638388,0.7415084,-0.004317169
1.06104,0.7426025,0.007006683
1.042525,0.4671099,-0.008957672
1.055547,0.6653321,0.003891449
0.9638626,0.7516747,0.003135834
0.9196078,0.7470824,0.00179184
0.9201171,0.7369426,-0.005544586
0.8776074,0.7349032,-0.006028595
1.012254,0.7412292,0.007350311
1.010464,0.6727596,0.01207993
0.9636673,0.7416061,0.008402557
1.009204,0.5020185,0.0275383
1.014957,0.4101575,0.02751327
0.9645236,0.6673427,0.0075383
0.8763818,0.7453271,0.001573334
0.8380084,0.7382433,-0.005740509
0.919902,0.7369994,0.007073822
0.9737124,0.4796015,0.005923309
1.02021,0.3181254,0.02746078
0.8363956,0.7491946,0.002910614
0.8015018,0.7374334,-0.007084503
0.8773865,0.7351257,0.006662445
0.9220944,0.6597162,0.001050873
0.9866568,0.3874473,0.005324554
1.023936,0.2257362,0.02755173
0.7995908,0.748554,0.002003021
0.7629526,0.7344165,-0.007387848
0.8829117,0.6677114,0.009272918
0.9410726,0.4566347,-0.01678604
0.9944778,0.2954234,0.005262909
1.032159,0.1331101,0.02762741
0.9032858,0.4934978,0.01932114
0.8476898,0.6594456,0.001361542
0.9568622,0.3649837,-0.01729324
1.004236,0.2043627,0.0054216
1.045121,0.03784691,0.02762802
0.9214032,0.4026814,0.01932358
0.9713339,0.2733736,-0.01731522
1.019341,0.111455,0.005610199
1.060122,-0.06087394,0.02763412
0.8799237,0.4674395,-0.009256134
0.9397256,0.3107606,0.01892868
0.9881836,0.1829264,-0.01737381
1.038447,0.01522194,0.005709686
1.073647,-0.1609521,0.02762741
0.9018316,0.3746444,-0.0112825
0.9609305,0.2190621,0.01705124
1.009655,0.0883654,-0.01756851
1.055996,-0.08495934,0.00573349
1.070498,-0.3494565,0.02716476
0.9271289,0.2816123,-0.0136232
0.9850561,0.1244804,0.01512497
1.033889,-0.00933876,-0.01760086
1.068311,-0.1850043,0.005581512
1.057611,-0.5317497,0.02695663
0.9550095,0.1881324,-0.01691116
1.011832,0.02720619,0.01492599
1.052587,-0.1105172,-0.01758987
1.058683,-0.3713897,0.004889984
1.05169,-0.6251903,0.02695785
0.9847662,0.09060966,-0.01866226
1.034276,-0.07324928,0.01496689
1.060725,-0.21057,-0.01782059
1.045502,-0.55271,0.004650116
1.048973,-0.7328976,0.00733078
1.014742,-0.008600235,-0.01871475
1.047762,-0.1751002,0.0147612
1.047894,-0.3941279,-0.01867996
1.034059,-0.6459621,0.00464035
1.04924,-0.7322828,0.004178314
1.023741,-0.7385123,-0.007171173
1.02403,-0.7384712,-0.01089676
1.024446,-0.7382936,-0.01700333
1.032099,-0.5742376,-0.01907303
1.040304,-0.3619482,0.01344223
1.014424,-0.6674099,-0.01914017
0.9940347,-0.7408083,-0.02035355
0.9941674,-0.7401458,-0.02348099
0.9944461,-0.7387296,-0.02837784
0.9844787,-0.7312137,-0.00954361
0.9834161,-0.7318877,-0.003862457
0.9574392,-0.7373295,-0.008834992
1.026497,-0.540081,0.01249741
1.006533,-0.632048,0.01238632
0.9827124,-0.7322625,-0.0004145813
0.9571234,-0.7382227,-0.003474884
0.953385,-0.7307957,-0.001485138
0.9519455,-0.7308704,0.004740448
0.9390921,-0.7256623,0.001520233
0.956961,-0.7385166,-2.151489E-05
0.9915197,-0.6655936,-0.02261063
1.016033,-0.5733364,-0.02262711
0.9367636,-0.7260804,0.007407074
0.8955863,-0.7340386,-0.00799942
0.9508926,-0.7309507,0.008447113
0.9861551,-0.6318311,0.00896408
1.033648,-0.3958619,-0.02143814
0.8957657,-0.735669,-0.002724152
0.8953973,-0.7187261,-0.002932892
0.9351287,-0.7211857,0.01096054
1.010673,-0.5414197,0.009287567
1.044404,-0.2124337,-0.01923538
0.8977783,-0.7343317,0.0006895447
0.8913302,-0.7212458,0.003605194
0.9744449,-0.6277621,0.01099777
1.02409,-0.3656153,0.01044846
1.036815,-0.1111416,-0.01881241
0.9301626,-0.6441454,-0.0106752
0.9314243,-0.6440125,-0.01689041
0.9539627,-0.6671415,-0.02945267
0.893515,-0.7188544,0.006830902
1.029174,-0.1796506,0.0121141
1.015353,-0.07628792,0.01250839
0.9285705,-0.6440744,-0.00676651
0.9521539,-0.5526476,-0.009979401
0.9535916,-0.5525979,-0.01618912
0.9823068,-0.5747809,-0.02896194
0.9505218,-0.55253,-0.006073761
0.9743649,-0.3808324,-0.009414215
0.9757211,-0.3808283,-0.01561966
0.9991443,-0.5381225,0.0115538
0.9992551,-0.4022186,-0.02830338
0.972966,-0.3806771,-0.005519561
0.9741287,-0.1981016,-0.008461456
0.9753158,-0.1980825,-0.01466263
0.9641891,-0.09305946,-0.01402359
1.011506,-0.3639055,0.0122142
1.004117,-0.2224758,-0.02722549
1.01528,-0.1785865,0.01321152
0.97294,-0.1979343,-0.004566803
0.9630722,-0.09311714,-0.00782486
0.9358621,0.0131617,-0.01368912
0.9968451,-0.1196711,-0.02660232
0.9997116,-0.07431617,0.01373459
0.9619665,-0.09295921,-0.003932037
0.9349036,0.01305305,-0.007492828
0.8991327,0.1140011,-0.01400162
0.9668347,-0.01388954,-0.02609817
0.9883878,0.02592781,0.01254013
0.8983468,0.1138557,-0.007805328
0.8599814,0.2091694,-0.01481338
0.9339355,0.01315895,-0.003602447
0.9695019,0.0290229,0.0138591
0.9558637,0.1248342,0.01216171
0.8592798,0.2090185,-0.008614044
0.820711,0.300281,-0.01508255
0.9294208,0.08883079,-0.02632339
0.8975082,0.1139079,-0.003916168
0.9228415,0.2175562,0.01077133
0.9338199,0.1288123,0.01364365
0.8200799,0.3001398,-0.008863067
0.7901608,0.393034,-0.01422012
0.886578,0.1848994,-0.02669144
0.8585397,0.2090583,-0.004723053
0.8931112,0.30797,0.01034225
0.896145,0.2228824,0.01327805
0.7896393,0.3929563,-0.007965241
0.7601138,0.485272,-0.01230545
0.8481021,0.2784864,-0.02699783
0.8194223,0.300174,-0.004959869
0.8647247,0.3997051,0.01194565
0.8623623,0.3140316,0.01315781
0.7597177,0.4852497,-0.00602005
0.7101586,0.662006,-0.005613556
0.8106259,0.3708166,-0.0248085
0.7891058,0.3930253,-0.004051666
0.8423233,0.493187,0.01402451
0.8315945,0.4060752,0.01456222
0.7099283,0.6620557,0.0006925964
0.6892059,0.7423269,-0.003575592
0.7813827,0.4661977,-0.02124588
0.7593125,0.4853341,-0.002111359
0.8066864,0.499222,0.01659897
0.8101001,0.6728637,0.01514511
0.735755,0.6495525,-0.008480988
0.7096893,0.6621557,0.004548187
0.7721716,0.6730506,0.01555527
0.8377814,0.738687,0.007863007
0.8010962,0.7383382,0.008281708
0.7160943,0.7371746,0.006520233
0.7622253,0.7347643,0.00740097
0.7604693,0.7460753,0.0007536316
0.7165307,0.7374456,-0.006765289
0.7133633,0.7504482,0.001429901
0.6885946,0.7423241,0.007460785
0.6857721,0.7464129,0.003002167
1.21958,-0.03215553,-0.0195076
1.212791,-0.0318824,-0.008309479
1.220825,-0.001180496,-0.02036941
1.214036,-0.0009073639,-0.007329254
0.9462817,-0.02453483,-0.006486969
0.9389784,0.006440048,-0.00461502
0.9661413,0.00562355,0.004905243
0.9585495,-0.02535133,0.004905243
0.9905003,-0.02638084,0.01264999
0.9917457,0.00459404,0.01756576
1.055206,-0.02919777,0.02808456
1.056452,0.001777267,0.02808456
1.143203,-0.03213493,0.02193954
1.144448,-0.001160049,0.01930344
1.195753,-0.03119743,-0.001831207
1.196998,-0.0002223968,0.0002134705
1.214036,-0.0009073639,-0.007329254
1.212791,-0.0318824,-0.008309479
0.9617803,0.005623398,-0.03633804
0.9389784,0.006440048,-0.00461502
0.9462817,-0.02453483,-0.006486969
0.96733,-0.02535149,-0.03337234
1.05046,0.002018051,-0.03341202
1.049215,-0.02895699,-0.02843887
1.129505,-0.001159897,-0.03413955
1.143203,-0.03213493,-0.03255875
1.203865,-0.0004984284,-0.02874893
1.20262,-0.03147347,-0.02670303
1.220825,-0.001180496,-0.02036941
1.21958,-0.03215553,-0.0195076
1.218564,-0.001089554,-0.005885162
1.217318,-0.03206459,-0.007069244
1.225821,-0.001381302,-0.02036941
1.224576,-0.03235634,-0.0195076
1.206662,-0.03163612,-0.02922684
1.207907,-0.000661087,-0.03168777
0.926886,0.006806412,-0.006654205
0.9338614,-0.02416847,-0.006654205
0.955753,0.005786056,0.007844086
0.9545077,-0.02518898,0.007844086
0.9873669,-0.02625496,0.01625046
0.9886122,0.004720077,0.0211644
1.053663,-0.02913582,0.03283981
1.054908,0.001839218,0.03283981
1.144746,-0.03219704,0.02669662
1.145992,-0.001222,0.02405868
1.199795,-0.03135994,0.0006925964
1.20104,-0.000384903,0.003153534
1.218564,-0.001089554,-0.005885162
1.217318,-0.03206459,-0.007069244
0.926886,0.006806412,-0.006654205
0.9577386,0.005786056,-0.03927872
0.9338614,-0.02416847,-0.006654205
0.9632882,-0.02518898,-0.03950821
1.048916,0.002080154,-0.03816666
1.047671,-0.02889488,-0.03319229
1.129803,-0.03219704,-0.03889481
1.131049,-0.001222,-0.03889481
1.206662,-0.03163612,-0.02922684
1.207907,-0.000661087,-0.03168777
1.206662,-0.03163612,-0.02922684
1.20262,-0.03147347,-0.02670303
1.143203,-0.03213493,-0.03255875
1.21958,-0.03215553,-0.0195076
1.129803,-0.03219704,-0.03889481
1.224576,-0.03235634,-0.0195076
1.049215,-0.02895699,-0.02843887
1.217318,-0.03206459,-0.007069244
1.047671,-0.02889488,-0.03319229
1.212791,-0.0318824,-0.008309479
0.96733,-0.02535149,-0.03337234
1.199795,-0.03135994,0.0006925964
0.9632882,-0.02518898,-0.03950821
1.195753,-0.03119743,-0.001831207
0.9462817,-0.02453483,-0.006486969
0.9338614,-0.02416847,-0.006654205
0.9545077,-0.02518898,0.007844086
0.9585495,-0.02535133,0.004905243
0.9873669,-0.02625496,0.01625046
0.9905003,-0.02638084,0.01264999
1.053663,-0.02913582,0.03283981
1.055206,-0.02919777,0.02808456
1.144746,-0.03219704,0.02669662
1.143203,-0.03213493,0.02193954
1.05046,0.002018051,-0.03341202
1.048916,0.002080154,-0.03816666
0.9617803,0.005623398,-0.03633804
1.129505,-0.001159897,-0.03413955
0.9577386,0.005786056,-0.03927872
1.131049,-0.001222,-0.03889481
1.203865,-0.0004984284,-0.02874893
1.207907,-0.000661087,-0.03168777
0.9389784,0.006440048,-0.00461502
0.926886,0.006806412,-0.006654205
0.955753,0.005786056,0.007844086
0.9661413,0.00562355,0.004905243
0.9886122,0.004720077,0.0211644
0.9917457,0.00459404,0.01756576
1.054908,0.001839218,0.03283981
1.056452,0.001777267,0.02808456
1.220825,-0.001180496,-0.02036941
1.225821,-0.001381302,-0.02036941
1.218564,-0.001089554,-0.005885162
1.214036,-0.0009073639,-0.007329254
1.20104,-0.000384903,0.003153534
1.196998,-0.0002223968,0.0002134705
1.145992,-0.001222,0.02405868
1.144448,-0.001160049,0.01930344
-1.206661,-0.03163612,0.02922714
-1.202619,-0.03147347,0.02670334
-1.143202,-0.03213493,0.03255844
-1.219579,-0.03215553,0.0195079
-1.129803,-0.03219704,0.03889511
-1.224576,-0.03235634,0.0195079
-1.049215,-0.02895699,0.02843857
-1.217318,-0.03206459,0.00706955
-1.047671,-0.02889488,0.0331932
-1.212791,-0.0318824,0.008309783
-0.9673299,-0.02535149,0.03337265
-1.199795,-0.03135994,-0.0006922912
-0.9632881,-0.02518898,0.03950851
-1.195753,-0.03119743,0.001831512
-0.9462816,-0.02453483,0.006486664
-0.9338614,-0.02416847,0.00665451
-0.9545076,-0.02518898,-0.00784378
-0.9585494,-0.02535133,-0.004904937
-0.9873668,-0.02625496,-0.01625015
-0.9905002,-0.02638084,-0.0126503
-1.053662,-0.02913582,-0.03283951
-1.055206,-0.02919777,-0.02808426
-1.144746,-0.03219704,-0.02669571
-1.143202,-0.03213493,-0.02193985
-1.05046,0.002018051,0.03341232
-1.048916,0.002080154,0.03816757
-0.9617801,0.005623398,0.03633896
-1.129505,-0.001159897,0.03413986
-0.9577383,0.005786056,0.03927841
-1.131048,-0.001222,0.03889511
-1.203865,-0.0004984284,0.02874924
-1.207907,-0.000661087,0.03168808
-0.9389783,0.006440048,0.004615326
-0.9268858,0.006806412,0.00665451
-0.9557529,0.005786056,-0.00784378
-0.9661415,0.00562355,-0.004904937
-0.9886121,0.004720077,-0.0211647
-0.9917456,0.00459404,-0.01756546
-1.054908,0.001839218,-0.03283951
-1.056452,0.001777267,-0.02808426
-1.220825,-0.001180496,0.02036972
-1.225821,-0.001381302,0.02036972
-1.218563,-0.001089554,0.005885467
-1.214036,-0.0009073639,0.007329559
-1.20104,-0.000384903,-0.003153229
-1.196998,-0.0002223968,-0.0002137756
-1.145992,-0.001222,-0.02405838
-1.144448,-0.001160049,-0.01930313
1444
0.4001508,0.006351358
0.396673,0.006368256
0.4001658,0.009435391
0.396688,0.00945229
0.0132289,0.008233428
0.01324403,0.01131749
0.009383209,0.008252144
0.009398334,0.01133621
0.4001787,0.01212925
0.3967011,0.01214615
0.4001946,0.01537178
0.3967166,0.01538867
0.01325715,0.01401132
0.3967791,0.02820662
0.4002569,0.02818972
0.01327288,0.01725388
0.009411342,0.01403004
0.009427071,0.01727259
0.009489417,0.03009057
0.01333523,0.03007185
0.03437145,0.03617121
0.03089388,0.0361881
0.03438647,0.03925519
0.0309089,0.03927208
0.4003696,0.05136163
0.01692569,0.05322671
0.4003847,0.05444569
0.01694059,0.05631077
0.009576686,0.04801756
0.009589434,0.05064076
0.01343513,0.05062199
0.01342238,0.04799879
0.3968792,0.04875688
0.009563796,0.04539412
0.3968663,0.04613362
0.400357,0.04873998
0.4003442,0.04611672
0.01340961,0.04537541
0.01334727,0.03255755
0.009501576,0.0325762
0.3968537,0.04351021
0.4003315,0.04349331
0.400269,0.03067542
0.3967912,0.03069232
0.03434376,0.03046466
0.0304981,0.03048341
0.03435881,0.0335486
0.03051288,0.03356732
0.04123657,0.02222726
0.04024976,0.02531627
0.05306737,0.02525391
0.05405442,0.0221649
0.05568664,0.02438872
0.05569999,0.02714701
0.05729692,0.02214913
0.05831425,0.0252284
0.0445556,0.03790456
0.04557249,0.04098377
0.05737346,0.03784224
0.05839032,0.04092145
0.03360729,0.02583249
0.02078943,0.02589481
0.0326205,0.02892129
0.01980238,0.02898362
0.04553455,0.033137
0.0583524,0.03307467
0.05733531,0.02999553
0.04451746,0.03005784
0.04290694,0.03229752
0.04127496,0.03007365
0.04292029,0.03505594
0.04028791,0.03316253
0.5778384,0.6542026
0.5778384,0.6728714
0.5890399,0.6728714
0.5890399,0.6542026
0.5778384,0.6168648
0.6002407,0.6542026
0.6002407,0.6728714
0.6114426,0.6728714
0.5890399,0.6168648
0.5778384,0.5981959
0.6002407,0.6168648
0.6114426,0.6542026
0.6226434,0.6728714
0.5890399,0.5981959
0.5778384,0.5795264
0.6002407,0.5981959
0.6114426,0.6168648
0.6226434,0.6542026
0.633845,0.6728714
0.5890399,0.5795264
0.5778384,0.5608579
0.6002407,0.5795264
0.6114426,0.5981959
0.5890399,0.5608579
0.5778384,0.5421895
0.6002407,0.5608579
0.5890394,0.5421895
0.5778384,0.5235199
0.633845,0.6542026
0.6450463,0.6728714
0.6226434,0.6168648
0.6114426,0.5795264
0.6002407,0.5421895
0.5890394,0.5235199
0.5778384,0.5048513
0.633845,0.6168648
0.6450461,0.6542026
0.6226439,0.5981959
0.6114426,0.5608579
0.6002407,0.5235199
0.633845,0.5981959
0.6226439,0.5795264
0.6114426,0.5421895
0.6450461,0.6168648
0.633845,0.5795264
0.6226439,0.5608579
0.6450461,0.5981959
0.633845,0.5608579
0.6450461,0.5795264
0.6114426,0.5235199
0.6226439,0.5421895
0.633845,0.5421895
0.6450461,0.5608579
0.6002407,0.5048513
0.5890394,0.5048513
0.5778384,0.4861826
0.5890394,0.4861826
0.5778384,0.4488445
0.6002407,0.4861826
0.6114426,0.5048513
0.5890394,0.4488445
0.5778384,0.4115073
0.6002407,0.4488445
0.5890394,0.4115073
0.5778384,0.3928381
0.6226439,0.5235199
0.6114426,0.4861826
0.6002407,0.4115073
0.5890394,0.3928381
0.5778384,0.3741691
0.5890394,0.3741692
0.6002407,0.3741692
0.6002407,0.3928381
0.6114426,0.4488445
0.6226439,0.5048513
0.6114426,0.3928381
0.6114426,0.3741692
0.6114426,0.4115073
0.6226439,0.4861826
0.6226439,0.3928381
0.6226439,0.3741692
0.633845,0.3741692
0.6226439,0.4115073
0.6226439,0.4488445
0.633845,0.3928381
0.633845,0.4115073
0.633845,0.4488445
0.633845,0.4861826
0.6450461,0.3928381
0.6450461,0.3741692
0.6562476,0.3741692
0.6450461,0.4115073
0.6562476,0.3928381
0.6674492,0.3741692
0.6450461,0.4488445
0.6562476,0.4115073
0.6674492,0.3928381
0.6450461,0.4861826
0.6562476,0.4488445
0.67865,0.3928381
0.67865,0.3741692
0.6674492,0.4115073
0.6898516,0.3928381
0.6898516,0.3741692
0.7010528,0.3741692
0.67865,0.4115073
0.6898516,0.4115073
0.7010528,0.3928381
0.7122545,0.3928381
0.7122545,0.3741692
0.7234555,0.3741692
0.7234555,0.3928381
0.7346568,0.3741692
0.7122545,0.4115073
0.7010528,0.4115073
0.6898516,0.4488445
0.67865,0.4488445
0.6674492,0.4488445
0.6562476,0.4861826
0.6450461,0.5048513
0.633845,0.5048513
0.633845,0.5235199
0.6450461,0.5235199
0.6450461,0.5421895
0.6562476,0.5048513
0.6674492,0.4861826
0.6562476,0.5235199
0.6562476,0.5421895
0.6674492,0.5048513
0.67865,0.4861826
0.6562476,0.5608579
0.6674492,0.5235199
0.67865,0.5048513
0.6898516,0.4861826
0.6562476,0.5795264
0.6674492,0.5421895
0.67865,0.5235199
0.6898516,0.5048513
0.7010528,0.4488445
0.6562476,0.5981959
0.67865,0.5421895
0.6898516,0.5235199
0.7010528,0.4861826
0.7122545,0.4488445
0.6562476,0.6168648
0.6898516,0.5421895
0.7010528,0.5048513
0.7122545,0.4861826
0.7234555,0.4115069
0.6562476,0.6542026
0.6562476,0.6728714
0.6674492,0.6542026
0.6674492,0.6728714
0.6786503,0.6728714
0.6674492,0.6168648
0.6786503,0.6542026
0.6674492,0.5981959
0.6898516,0.6542026
0.6898516,0.6728714
0.67865,0.6168648
0.6674492,0.5795264
0.67865,0.5981959
0.6674492,0.5608579
0.67865,0.5795264
0.67865,0.5608579
0.6898516,0.6168648
0.6898516,0.5981959
0.6898516,0.5608579
0.6898516,0.5795264
0.7010528,0.6168648
0.7010528,0.5981959
0.7010528,0.5795264
0.7010528,0.5608579
0.7010528,0.5421895
0.7010528,0.6542026
0.7010528,0.6728714
0.7122545,0.6542026
0.7122545,0.6728714
0.7122545,0.6168648
0.7122545,0.5981959
0.7122545,0.5795264
0.7234555,0.6542026
0.7234555,0.6728714
0.7234555,0.6168648
0.7234555,0.5981959
0.7346568,0.6542026
0.7346568,0.6728714
0.7346568,0.6168648
0.7458584,0.6542026
0.7458584,0.6728714
0.7346568,0.5981959
0.7234555,0.5795264
0.7570597,0.6542026
0.757723,0.6735352
0.7458584,0.6168648
0.7346568,0.5795264
0.7570597,0.6168648
0.7458584,0.5981959
0.7234555,0.5608579
0.7346568,0.5608579
0.7458584,0.5795264
0.7570597,0.5981959
0.7583042,0.6168647
0.7122545,0.5608579
0.7583042,0.6542026
0.7346568,0.5421895
0.7458584,0.5608579
0.7570597,0.5795264
0.7234555,0.5421895
0.7122545,0.5421895
0.7583042,0.5981959
0.7010528,0.5235199
0.7122545,0.5235199
0.7234555,0.5235199
0.7346568,0.5235199
0.7122545,0.5048513
0.7234555,0.5048513
0.7234555,0.4861826
0.7346568,0.5048515
0.7458584,0.5421895
0.7234555,0.4488445
0.7346568,0.4861826
0.7458584,0.5235199
0.7570597,0.5608579
0.7346568,0.4488445
0.7346568,0.4115069
0.7458584,0.5048515
0.7570597,0.5421895
0.7583042,0.579527
0.7458584,0.4861826
0.7570597,0.5235206
0.7583042,0.5608579
0.7458584,0.4488448
0.7570597,0.5048515
0.7583042,0.5421895
0.7570597,0.4861826
0.7583042,0.5235199
0.7583042,0.5048513
0.7590503,0.579527
0.7590503,0.5608579
0.7590503,0.5421895
0.7590503,0.5235199
0.7590503,0.5981959
0.7590503,0.6168647
0.7590503,0.6542026
0.7702522,0.5608579
0.7702522,0.5421895
0.7702522,0.579527
0.7702522,0.5981959
0.7702522,0.5235199
0.7702522,0.6168647
0.7814537,0.5608579
0.7814537,0.5421895
0.7814537,0.579527
0.7814535,0.5235199
0.7814537,0.5981959
0.7702522,0.5048513
0.7814537,0.5048513
0.7590503,0.5048513
0.7583042,0.4861826
0.7570597,0.4488448
0.7458584,0.4115069
0.7346568,0.3928381
0.7458584,0.3928381
0.7458584,0.3741692
0.7570597,0.4115069
0.7570597,0.3928381
0.757723,0.3735054
0.7583042,0.4488445
0.7583042,0.4115073
0.7590503,0.4861826
0.7583042,0.3928381
0.7590503,0.4488445
0.7702522,0.4861826
0.7590503,0.4115073
0.7702522,0.4488445
0.7814537,0.4861826
0.7702522,0.4115073
0.7814537,0.4488445
0.7814537,0.4115073
0.7590503,0.3928381
0.7702522,0.3928381
0.7814537,0.3928381
0.7586775,0.3737959
0.7702522,0.3734225
0.7702522,0.3721779
0.7590503,0.3741691
0.7702522,0.3741691
0.7814537,0.3734225
0.7814537,0.3721779
0.7814537,0.3741691
0.7926548,0.3734225
0.7926548,0.3721779
0.7926548,0.3741691
0.7926548,0.3928381
0.8038564,0.3734225
0.8038564,0.3721779
0.8150577,0.3721778
0.8038564,0.3741691
0.8150577,0.3734225
0.8038564,0.3928381
0.7926548,0.4115073
0.8262592,0.3734225
0.8262592,0.3721778
0.8374603,0.3721778
0.8150577,0.3741691
0.8038564,0.4115073
0.7926548,0.4488445
0.8374603,0.3734225
0.8486618,0.3721778
0.8262592,0.3741691
0.8150577,0.3928381
0.8038564,0.4488445
0.7926548,0.4861826
0.8262592,0.3928381
0.8374603,0.3741691
0.8150577,0.4115073
0.8038564,0.4861826
0.7926551,0.5048513
0.8262592,0.4115073
0.8150577,0.4488445
0.8038564,0.5048513
0.7926551,0.5235199
0.8374603,0.3928381
0.8262592,0.4488445
0.8150577,0.4861826
0.8038564,0.5235199
0.7926551,0.5421895
0.83746,0.4115073
0.8262592,0.4861826
0.8150577,0.5048513
0.8038564,0.5421895
0.7926551,0.5608579
0.83746,0.4488445
0.8262592,0.5048513
0.8150577,0.5235199
0.8038564,0.5608579
0.7926551,0.579527
0.83746,0.4861826
0.8262592,0.5235199
0.8150577,0.5421895
0.8038564,0.579527
0.7926551,0.5981959
0.83746,0.5048513
0.8262592,0.5421895
0.8150577,0.5608579
0.8038564,0.5981959
0.83746,0.5235199
0.8262587,0.5608579
0.8150577,0.579527
0.83746,0.5421895
0.826259,0.579527
0.83746,0.5608579
0.8038564,0.6168647
0.8150577,0.5981959
0.826259,0.5981959
0.83746,0.579527
0.7926551,0.6168647
0.7814537,0.6168647
0.7702522,0.6542026
0.8150577,0.6168647
0.826259,0.6168647
0.8038564,0.6542026
0.7926551,0.6542026
0.83746,0.5981959
0.7814537,0.6542026
0.7702522,0.6728712
0.7814537,0.6728712
0.7926551,0.6728712
0.8038564,0.6728712
0.7590503,0.6728712
0.7586775,0.6732448
0.7702522,0.6736183
0.7702522,0.6748627
0.7814537,0.6736183
0.7814537,0.6748627
0.7926551,0.6748627
0.7926551,0.6736183
0.8038564,0.6736183
0.8038564,0.6748627
0.8150577,0.6736183
0.8150577,0.6748627
0.8150577,0.6728712
0.826259,0.6736183
0.826259,0.6748627
0.8150577,0.6542026
0.83746,0.6736183
0.83746,0.6748627
0.826259,0.6728712
0.826259,0.6542026
0.8486618,0.6736183
0.8486618,0.6748627
0.8598629,0.6748627
0.83746,0.6728712
0.83746,0.6168647
0.83746,0.6542026
0.8598629,0.6736183
0.8710639,0.6736183
0.8710639,0.6748627
0.8822653,0.6748627
0.8486618,0.6728712
0.8486618,0.6542026
0.8598629,0.6728712
0.8486618,0.6168647
0.8486618,0.5981959
0.8598629,0.6542026
0.8822653,0.6736183
0.8934666,0.6748627
0.8710639,0.6728712
0.8598629,0.6168647
0.8486618,0.579527
0.8934666,0.6736183
0.9046677,0.6748627
0.8822653,0.6728712
0.8710639,0.6542026
0.8598629,0.5981959
0.8486618,0.5608579
0.9046677,0.6736183
0.9158692,0.6748627
0.8822653,0.6542026
0.8710639,0.6168647
0.8598629,0.579527
0.8486618,0.5421895
0.8822653,0.6168647
0.8934666,0.6542026
0.8710645,0.5981959
0.8598629,0.5608579
0.8486618,0.5235199
0.8822653,0.5981959
0.8710645,0.579527
0.8598629,0.5421895
0.8486618,0.5048513
0.8934666,0.6168647
0.8822653,0.579527
0.8710645,0.5608579
0.8598629,0.5235199
0.8486618,0.4861826
0.8934666,0.5981959
0.8822653,0.5608579
0.8710645,0.5421895
0.8598629,0.5048513
0.8486618,0.4488445
0.8934666,0.579527
0.8822653,0.5421895
0.8710645,0.5235199
0.8598629,0.4861826
0.8486618,0.4115073
0.8934666,0.5608579
0.8822653,0.5235199
0.8710645,0.5048513
0.8598629,0.4488445
0.8486618,0.3928381
0.8934666,0.5421895
0.8822653,0.5048513
0.8710645,0.4861826
0.8598629,0.4115073
0.8486618,0.3741691
0.8934666,0.5235199
0.8822653,0.4861826
0.8710645,0.4488445
0.8598629,0.3928381
0.8486618,0.3734225
0.8598629,0.3741691
0.8598629,0.3734225
0.8598629,0.3721778
0.8710645,0.4115073
0.8822653,0.4488445
0.8710645,0.3928381
0.8710645,0.3741691
0.8710645,0.3734225
0.8710645,0.3721778
0.8822653,0.3721778
0.8822653,0.3734225
0.8934669,0.3721778
0.8822653,0.4115073
0.8822653,0.3928381
0.8822653,0.3741691
0.8934669,0.3734225
0.9046682,0.3721778
0.9046682,0.3734225
0.9158692,0.3721778
0.8934669,0.3741691
0.8934669,0.3928381
0.8934669,0.4115073
0.9158692,0.3734225
0.9270709,0.3721778
0.9046682,0.3741691
0.9046682,0.3928381
0.8934666,0.4488445
0.9270709,0.3734225
0.9392679,0.3731737
0.9158692,0.3741691
0.9046682,0.4115073
0.8934666,0.4861826
0.9270709,0.3741691
0.938646,0.3737959
0.9158692,0.3928381
0.9046682,0.4488445
0.8934666,0.5048513
0.9390188,0.3928381
0.9402641,0.3928381
0.9270709,0.3928381
0.9382721,0.3741691
0.9046682,0.4861826
0.9046682,0.5048513
0.9382721,0.3928381
0.9390188,0.411507
0.9402641,0.4115069
0.9270709,0.4115073
0.9382721,0.4115073
0.9390188,0.4488445
0.9402641,0.4488445
0.9158692,0.4115073
0.9270709,0.4488445
0.9382721,0.4488445
0.9390188,0.4861826
0.9402641,0.4861822
0.9402641,0.5048513
0.9158692,0.4488445
0.9270709,0.4861826
0.9158692,0.4861826
0.9382721,0.4861826
0.9390188,0.5048513
0.9402641,0.5235206
0.9270709,0.5048513
0.9158692,0.5048513
0.9382721,0.5048513
0.9390188,0.5235199
0.9402641,0.5421895
0.9270709,0.5235199
0.9046682,0.5235199
0.9390188,0.5421895
0.9402641,0.5608579
0.9382721,0.5235199
0.9158692,0.5235199
0.9046682,0.5421895
0.9390185,0.5608577
0.9402633,0.579527
0.9270709,0.5421895
0.9382721,0.5421895
0.9046682,0.5608579
0.9158692,0.5421895
0.9390185,0.579527
0.9402633,0.5981959
0.9270706,0.5608579
0.9382721,0.5608579
0.9046682,0.579527
0.9158692,0.5608579
0.9390185,0.5981959
0.9402633,0.6168647
0.9270706,0.579527
0.9382721,0.579527
0.9046682,0.5981959
0.9158692,0.579527
0.9390185,0.6168647
0.9402633,0.6542027
0.9270706,0.5981959
0.9382721,0.5981959
0.9046682,0.6168647
0.9158692,0.5981959
0.9390185,0.6542026
0.9392676,0.6738672
0.9270706,0.6168647
0.9382721,0.6168647
0.9158692,0.6168647
0.9046682,0.6542026
0.9270706,0.6542026
0.9382721,0.6542026
0.9158692,0.6542026
0.8934666,0.6728712
0.9046677,0.6728712
0.9270706,0.6728712
0.9158692,0.6728712
0.9158692,0.6736183
0.9270706,0.6748627
0.9270706,0.6736183
0.9382721,0.6728712
0.9386457,0.6732448
0.3045557,0.130659
0.3044059,0.1255443
0.290408,0.1311216
0.2902544,0.1251655
0.01127675,0.1517379
0.008009344,0.1659034
0.02041557,0.1654701
0.01687899,0.1513377
0.03147152,0.1507965
0.03210929,0.1649429
0.06102279,0.149366
0.06166056,0.1635123
0.1012123,0.1478288
0.1018502,0.1619752
0.1252194,0.1481404
0.1258569,0.1622866
0.1336384,0.161936
0.1330004,0.1477895
0.0222688,0.1269613
0.01185122,0.1266388
0.01525608,0.1407717
0.02487269,0.141098
0.0627854,0.1284111
0.06228557,0.142563
0.09889974,0.1296871
0.1052256,0.1438059
0.1328654,0.1292197
0.1323655,0.1433718
0.1406143,0.1294934
0.1401143,0.1436455
0.2885568,0.1448986
0.3027034,0.1442887
0.2886578,0.1382814
0.302809,0.1386063
0.3024585,0.1341682
0.2883035,0.133113
0.1497315,0.1293386
0.1529869,0.1434724
0.1629201,0.1297407
0.1624201,0.1438925
0.1774329,0.1443064
0.1779324,0.1301544
0.2077225,0.1454751
0.2082227,0.1313231
0.2493359,0.146671
0.2498363,0.132519
0.2744799,0.1461664
0.2749801,0.1320144
0.282986,0.1322972
0.2824863,0.1464493
0.153001,0.1045689
0.1670918,0.1040344
0.1561183,0.09040436
0.1695582,0.08987281
0.2087332,0.102139
0.2080957,0.0879924
0.2456059,0.08630157
0.2462436,0.100448
0.2807157,0.08638699
0.2813534,0.1005335
0.5562793,0.967786
0.5562793,0.9864554
0.5674806,0.9864554
0.5674806,0.967786
0.5562793,0.9304484
0.5786818,0.967786
0.5786818,0.9864554
0.5898834,0.9864554
0.5674806,0.9304484
0.5562789,0.9117794
0.5786818,0.9304484
0.5898834,0.967786
0.6010849,0.9864554
0.5674806,0.9117794
0.5562789,0.8931111
0.5786818,0.9117794
0.5898834,0.9304484
0.6010849,0.967786
0.6122859,0.9864554
0.5674806,0.8931111
0.5562789,0.8744419
0.5786818,0.8931111
0.5898834,0.9117794
0.5674806,0.8744419
0.5562789,0.855773
0.5786818,0.8744419
0.5674806,0.855773
0.5562789,0.837104
0.6122859,0.967786
0.6234874,0.9864554
0.6010849,0.9304484
0.5898834,0.8931111
0.5786818,0.855773
0.5674806,0.837104
0.5562789,0.8184353
0.6122859,0.9304484
0.6234871,0.967786
0.6010848,0.9117794
0.5898834,0.8744419
0.5786818,0.837104
0.6122859,0.9117794
0.6010845,0.8931111
0.5898834,0.855773
0.6234871,0.9304484
0.6122859,0.8931111
0.6010845,0.8744419
0.6234871,0.9117794
0.6122859,0.8744419
0.6234871,0.8931111
0.5898834,0.837104
0.6010845,0.855773
0.6122859,0.855773
0.6234871,0.8744419
0.5786818,0.8184353
0.5674806,0.8184353
0.5562789,0.7997664
0.5674806,0.7997664
0.5562789,0.7624285
0.5786818,0.7997664
0.5898834,0.8184353
0.5674806,0.7624285
0.5562794,0.7250909
0.5786818,0.7624285
0.5674806,0.7250909
0.5562794,0.7064217
0.6010845,0.837104
0.5898834,0.7997664
0.5786818,0.7250909
0.5674806,0.7064217
0.5562794,0.6877528
0.5674806,0.6877528
0.5786818,0.6877528
0.5786818,0.7064217
0.5898834,0.7624285
0.6010845,0.8184353
0.5898834,0.7064217
0.5898834,0.6877528
0.5898834,0.7250909
0.6010845,0.7997664
0.6010845,0.7064217
0.6010845,0.6877528
0.6122859,0.6877528
0.6010845,0.7250909
0.6010845,0.7624285
0.6122859,0.7064217
0.6122859,0.7250909
0.6122859,0.7624285
0.6122859,0.7997664
0.6234871,0.7064217
0.6234871,0.6877528
0.6346887,0.6877528
0.6234871,0.7250909
0.6346887,0.7064217
0.6458899,0.6877528
0.6234871,0.7624285
0.6346887,0.7250909
0.6458899,0.7064217
0.6234871,0.7997664
0.6346887,0.7624285
0.6570911,0.7064217
0.6570911,0.6877528
0.6458899,0.7250909
0.6682927,0.7064217
0.6682927,0.6877528
0.6794938,0.6877528
0.6570911,0.7250909
0.6682927,0.7250909
0.6794938,0.7064217
0.6906953,0.7064217
0.6906953,0.6877528
0.7018968,0.6877528
0.7018968,0.7064217
0.7130982,0.6877528
0.6906953,0.7250909
0.6794938,0.7250909
0.6682927,0.7624285
0.6570911,0.7624285
0.6458899,0.7624285
0.6346887,0.7997664
0.6234871,0.8184353
0.6122859,0.8184353
0.6122859,0.837104
0.6234871,0.837104
0.6234871,0.855773
0.6346887,0.8184353
0.6458899,0.7997664
0.6346887,0.837104
0.6346887,0.855773
0.6458899,0.8184353
0.6570911,0.7997664
0.6346887,0.8744419
0.6458899,0.837104
0.6570911,0.8184353
0.6682927,0.7997664
0.6346887,0.8931111
0.6458899,0.855773
0.6570911,0.837104
0.6682927,0.8184353
0.6794938,0.7624285
0.6346887,0.9117794
0.6570911,0.855773
0.6682927,0.837104
0.6794938,0.7997664
0.6906953,0.7624285
0.6346887,0.9304484
0.6682927,0.855773
0.6794938,0.8184353
0.6906953,0.7997664
0.7018968,0.7250909
0.6346887,0.967786
0.6346887,0.9864554
0.6458899,0.967786
0.6458899,0.9864554
0.6570911,0.9864554
0.6458899,0.9304484
0.6570911,0.967786
0.6458899,0.9117794
0.6682927,0.967786
0.6682927,0.9864554
0.6570911,0.9304484
0.6458899,0.8931111
0.6570911,0.9117794
0.6458899,0.8744419
0.6570911,0.8931111
0.6570911,0.8744419
0.6682927,0.9304484
0.6682927,0.9117794
0.6682927,0.8744419
0.6682927,0.8931111
0.6794938,0.9304484
0.6794938,0.9117794
0.6794938,0.8931111
0.6794938,0.8744419
0.6794938,0.855773
0.6794938,0.967786
0.6794938,0.9864554
0.6906953,0.967786
0.6906953,0.9864554
0.6906953,0.9304484
0.6906953,0.9117794
0.6906953,0.8931111
0.7018968,0.967786
0.7018968,0.9864554
0.7018968,0.9304484
0.7018968,0.9117794
0.7130982,0.967786
0.7130982,0.9864554
0.7130982,0.9304484
0.7242994,0.967786
0.7242994,0.9864554
0.7130982,0.9117794
0.7018968,0.8931111
0.7355007,0.967786
0.7361643,0.9871185
0.7242994,0.9304484
0.7130982,0.8931111
0.7355007,0.9304484
0.7242994,0.9117794
0.7018968,0.8744419
0.7130982,0.8744419
0.7242994,0.8931111
0.7355007,0.9117794
0.7367454,0.9304481
0.6906953,0.8744419
0.7367454,0.967786
0.7130982,0.855773
0.7242994,0.8744419
0.7355007,0.8931111
0.7018968,0.855773
0.6906953,0.855773
0.7367454,0.9117794
0.6794938,0.837104
0.6906953,0.837104
0.7018968,0.837104
0.7130982,0.837104
0.6906953,0.8184353
0.7018968,0.8184353
0.7018968,0.7997664
0.7130982,0.8184353
0.7242994,0.855773
0.7018968,0.7624285
0.7130982,0.7997664
0.7242994,0.837104
0.7355007,0.8744419
0.7130982,0.7624285
0.7130982,0.7250909
0.7242994,0.8184353
0.7355007,0.855773
0.7367454,0.8931112
0.7242994,0.7997664
0.7355007,0.837104
0.7367454,0.8744419
0.7242994,0.7624285
0.7355007,0.8184353
0.7367454,0.855773
0.7355007,0.7997664
0.7367454,0.837104
0.7367454,0.8184353
0.737492,0.8931112
0.737492,0.8744419
0.737492,0.855773
0.737492,0.837104
0.737492,0.9117794
0.737492,0.9304481
0.737492,0.967786
0.7486934,0.8744419
0.7486934,0.855773
0.7486934,0.8931112
0.7486934,0.9117794
0.7486934,0.837104
0.7486934,0.9304481
0.7598945,0.8744419
0.7598945,0.855773
0.7598945,0.8931112
0.7598945,0.837104
0.7598945,0.9117794
0.7486934,0.8184353
0.7598948,0.8184353
0.737492,0.8184353
0.7367454,0.7997664
0.7355007,0.7624285
0.7242994,0.7250909
0.7130982,0.7064217
0.7242994,0.7064217
0.7242994,0.6877528
0.7355007,0.7250909
0.7355007,0.7064217
0.7361643,0.687089
0.7367454,0.7624285
0.7367454,0.7250909
0.737492,0.7997664
0.7367454,0.7064217
0.737492,0.7624285
0.7486934,0.7997664
0.737492,0.7250909
0.7486934,0.7624285
0.7598948,0.7997664
0.7486934,0.7250909
0.7598948,0.7624285
0.7598948,0.7250909
0.737492,0.7064217
0.7486934,0.7064217
0.7598948,0.7064217
0.7371186,0.6873796
0.7486934,0.6870061
0.7486934,0.6857615
0.737492,0.6877528
0.7486934,0.6877528
0.7598948,0.6870061
0.7598948,0.6857615
0.7598948,0.6877528
0.7710958,0.6870061
0.7710958,0.6857615
0.7710958,0.6877528
0.7710958,0.7064217
0.7822976,0.6870061
0.7822976,0.6857615
0.7934988,0.6857616
0.7822976,0.6877528
0.7934988,0.6870061
0.7822976,0.7064217
0.7710958,0.7250909
0.8047,0.6870061
0.8047,0.6857616
0.8159014,0.6857616
0.7934988,0.6877528
0.7822976,0.7250909
0.7710958,0.7624285
0.8159014,0.6870061
0.8271026,0.6857616
0.8047,0.6877528
0.7934988,0.7064217
0.7822976,0.7624285
0.7710958,0.7997664
0.8047,0.7064217
0.8159014,0.6877528
0.7934988,0.7250909
0.7822976,0.7997664
0.7710958,0.8184353
0.8047,0.7250909
0.7934988,0.7624285
0.7822976,0.8184353
0.7710958,0.837104
0.8159014,0.7064217
0.8047,0.7624285
0.7934988,0.7997664
0.7822976,0.837104
0.7710958,0.855773
0.8159014,0.7250909
0.8047,0.7997664
0.7934988,0.8184353
0.7822976,0.855773
0.7710958,0.8744419
0.8159014,0.7624285
0.8047,0.8184353
0.7934988,0.837104
0.7822976,0.8744419
0.7710958,0.8931112
0.8159014,0.7997664
0.8047,0.837104
0.7934988,0.855773
0.7822976,0.8931112
0.7710958,0.9117794
0.8159014,0.8184353
0.8047,0.855773
0.7934988,0.8744419
0.7822976,0.9117794
0.8159014,0.837104
0.8047,0.8744419
0.7934988,0.8931112
0.8159014,0.855773
0.8047,0.8931112
0.8159014,0.8744419
0.7822976,0.9304481
0.7934985,0.9117794
0.8047,0.9117794
0.8159014,0.8931112
0.7710958,0.9304481
0.7598945,0.9304481
0.7486934,0.967786
0.7934985,0.9304481
0.8047,0.9304481
0.7822976,0.967786
0.7710958,0.967786
0.8159014,0.9117794
0.7598945,0.967786
0.7486934,0.9864548
0.7598945,0.9864548
0.7710958,0.9864548
0.7822976,0.9864548
0.737492,0.9864548
0.7371186,0.9868281
0.7486934,0.9872018
0.7486934,0.9884463
0.7598945,0.9872018
0.7598945,0.9884463
0.7710958,0.9884463
0.7710958,0.9872018
0.7822976,0.9872018
0.7822976,0.9884463
0.7934985,0.9872018
0.7934985,0.9884463
0.7934985,0.9864548
0.8047,0.9872018
0.8047,0.9884463
0.7934985,0.967786
0.8159014,0.9872018
0.8159014,0.9884463
0.8047,0.9864548
0.8047,0.967786
0.8271025,0.9872018
0.8271025,0.9884463
0.8383038,0.9884463
0.8159014,0.9864548
0.8159014,0.9304481
0.8159014,0.967786
0.8383038,0.9872018
0.8495051,0.9872018
0.8495051,0.9884463
0.8607066,0.9884463
0.8271025,0.9864548
0.8271025,0.967786
0.8383038,0.9864548
0.8271025,0.9304481
0.8271025,0.9117794
0.8383038,0.967786
0.8607066,0.9872018
0.8719077,0.9884463
0.8495051,0.9864548
0.8383039,0.9304481
0.8271026,0.8931112
0.8719077,0.9872018
0.8831091,0.9884463
0.8607066,0.9864548
0.8495051,0.967786
0.8383039,0.9117794
0.8271026,0.8744419
0.8831091,0.9872018
0.8943102,0.9884463
0.8607066,0.967786
0.8495051,0.9304481
0.8383039,0.8931112
0.8271026,0.855773
0.8607066,0.9304481
0.8719077,0.967786
0.8495051,0.9117794
0.8383039,0.8744419
0.8271026,0.837104
0.8607066,0.9117794
0.8495051,0.8931112
0.8383039,0.855773
0.8271026,0.8184353
0.8719077,0.9304481
0.8607066,0.8931112
0.8495051,0.8744419
0.8383039,0.837104
0.8271026,0.7997664
0.8719077,0.9117794
0.8607066,0.8744419
0.8495051,0.855773
0.8383039,0.8184353
0.8271026,0.7624285
0.8719077,0.8931112
0.8607066,0.855773
0.8495051,0.837104
0.8383039,0.7997664
0.8271026,0.7250909
0.8719077,0.8744419
0.8607066,0.837104
0.8495051,0.8184353
0.8383039,0.7624285
0.8271026,0.7064217
0.8719077,0.855773
0.8607066,0.8184353
0.8495051,0.7997664
0.8383039,0.7250909
0.8271026,0.6877528
0.8719077,0.837104
0.8607066,0.7997664
0.8495051,0.7624285
0.8383039,0.7064217
0.8271026,0.6870061
0.8383039,0.6877528
0.8383039,0.6870061
0.8383039,0.6857616
0.8495051,0.7250909
0.8607066,0.7624285
0.8495052,0.7064217
0.8495052,0.6877528
0.8495052,0.6870061
0.8495052,0.6857616
0.8607066,0.6857616
0.8607066,0.6870061
0.8719081,0.6857615
0.8607066,0.7250909
0.8607066,0.7064217
0.8607066,0.6877528
0.8719081,0.6870061
0.8831091,0.6857615
0.8831091,0.6870061
0.8943104,0.6857615
0.8719081,0.6877528
0.8719081,0.7064217
0.8719081,0.7250909
0.8943104,0.6870061
0.9055119,0.6857615
0.8831091,0.6877528
0.8831091,0.7064217
0.8719077,0.7624285
0.9055119,0.6870061
0.9177091,0.6867572
0.8943104,0.6877528
0.8831091,0.7250909
0.8719077,0.7997664
0.9055119,0.6877528
0.9170868,0.6873796
0.8943104,0.7064217
0.8831091,0.7624285
0.8719077,0.8184353
0.9174601,0.7064217
0.9187047,0.7064217
0.9055119,0.7064217
0.9167134,0.6877528
0.8831091,0.7997664
0.8831091,0.8184353
0.9167134,0.7064217
0.9174601,0.7250909
0.9187047,0.7250909
0.9055119,0.7250909
0.9167134,0.7250909
0.9174601,0.7624285
0.9187047,0.7624286
0.8943104,0.7250909
0.9055119,0.7624285
0.9167134,0.7624285
0.9174601,0.7997664
0.9187047,0.7997666
0.9187047,0.8184353
0.8943104,0.7624285
0.9055119,0.7997664
0.8943104,0.7997664
0.9167134,0.7997664
0.9174601,0.8184353
0.9187047,0.837104
0.9055119,0.8184353
0.8943104,0.8184353
0.9167134,0.8184353
0.9174601,0.837104
0.9187047,0.855773
0.9055119,0.837104
0.8831091,0.837104
0.9174601,0.8557731
0.9187047,0.8744419
0.9167134,0.837104
0.8943104,0.837104
0.8831091,0.855773
0.9174601,0.8744419
0.9187047,0.8931112
0.9055119,0.855773
0.9167134,0.855773
0.8831091,0.8744419
0.8943104,0.855773
0.9174601,0.8931112
0.9187047,0.9117794
0.9055117,0.8744419
0.9167134,0.8744419
0.8831091,0.8931112
0.8943104,0.8744419
0.9174601,0.9117794
0.9187047,0.9304484
0.9055117,0.8931112
0.9167134,0.8931112
0.8831091,0.9117794
0.8943104,0.8931112
0.9174601,0.9304484
0.9187047,0.9677864
0.9055117,0.9117794
0.9167134,0.9117794
0.8831091,0.9304481
0.8943104,0.9117794
0.9174601,0.967786
0.9177091,0.9874503
0.9055117,0.9304481
0.9167134,0.9304481
0.8943104,0.9304481
0.8831091,0.967786
0.9055117,0.967786
0.9167134,0.967786
0.8943102,0.967786
0.8719077,0.9864548
0.8831091,0.9864548
0.9055117,0.9864548
0.8943102,0.9864548
0.8943102,0.9872018
0.9055117,0.9884463
0.9055117,0.9872018
0.9167134,0.9864548
0.9170865,0.9868281
0.3039284,0.1525334
0.3037786,0.1474189
0.2897811,0.1529961
0.2896275,0.1470399
0.01525474,0.1054004
0.01104385,0.1193144
0.02345106,0.1197149
0.02087121,0.1053771
0.03546715,0.1058167
0.03515366,0.119974
0.06504777,0.1063733
0.06473431,0.1205304
0.1052499,0.1075377
0.1049366,0.121695
0.1291817,0.10946
0.1288684,0.1236174
0.1366556,0.1237897
0.136969,0.1096324
0.1571972,0.1110795
0.1467795,0.1107571
0.1501846,0.1248901
0.1598012,0.1252164
0.1977136,0.1125294
0.1972139,0.1266814
0.2338281,0.1138054
0.240154,0.1279244
0.267794,0.1133382
0.267294,0.1274901
0.2755427,0.1136118
0.2750428,0.127764
0.2904289,0.166761
0.3045751,0.1661512
0.2905295,0.1601438
0.304681,0.1604687
0.3043303,0.1560306
0.2901757,0.1549753
0.1432147,0.1499938
0.1464698,0.1641276
0.1564035,0.150396
0.1559033,0.1645478
0.1709156,0.1649617
0.1714155,0.1508098
0.2012057,0.1661304
0.2017057,0.1519783
0.2428193,0.1673263
0.243319,0.1531744
0.2679629,0.1668217
0.2684631,0.1526696
0.2764692,0.1529524
0.275969,0.1671046
0.01624107,0.0962013
0.03033322,0.09669846
0.02038583,0.08230239
0.03382826,0.08275515
0.07200202,0.0978533
0.07240045,0.08369786
0.1099338,0.08475453
0.1095354,0.09890968
0.1449434,0.08740711
0.144545,0.1015623
0.4122728,0.1547197
0.4107906,0.153804
0.3890737,0.1560506
0.4169795,0.1511426
0.3841855,0.1583917
0.4188062,0.1511337
0.3546983,0.1547114
0.4161302,0.1465983
0.354142,0.1564529
0.414477,0.14706
0.3247641,0.1566612
0.4097086,0.1437914
0.3232971,0.1589122
0.4082352,0.1447212
0.3170196,0.1468672
0.3124782,0.1469508
0.3200017,0.1416124
0.3214854,0.14268
0.3320028,0.1384802
0.3331548,0.1397907
0.3562156,0.132296
0.3567883,0.1340321
0.3895329,0.1343807
0.3889767,0.1361223
0.3442407,0.09286356
0.3436678,0.09112734
0.3118082,0.09195095
0.3731437,0.09245688
0.3103253,0.09088355
0.3736997,0.09071535
0.4003447,0.09429592
0.4018174,0.09321398
0.3035267,0.1035919
0.2991009,0.1028679
0.3096829,0.1081181
0.3134766,0.107025
0.3217221,0.1129308
0.3228617,0.111609
0.3459851,0.117082
0.3465413,0.1153404
0.406561,0.0973298
0.4083882,0.09732085
0.4057599,0.1026303
0.4041019,0.1021102
0.3993683,0.1059666
0.3978854,0.104899
0.3792761,0.1137089
0.378703,0.1119727
0.5259959,0.1549262
0.5245134,0.1540104
0.5027969,0.1562572
0.5307024,0.1513492
0.4979088,0.1585983
0.5325291,0.1513404
0.4684212,0.154918
0.529853,0.1468048
0.4678652,0.1566594
0.5282,0.1472665
0.4384872,0.1568678
0.523432,0.1439979
0.43702,0.1591188
0.5219585,0.1449279
0.4307424,0.1470737
0.4262013,0.1471574
0.4337253,0.141819
0.4352083,0.1428863
0.4457259,0.1386867
0.4468781,0.1399972
0.4699385,0.1325025
0.4705116,0.1342387
0.503256,0.1345872
0.5027,0.1363288
0.4620606,0.08770573
0.4614877,0.08596957
0.4296277,0.08679339
0.4909631,0.08729924
0.4281445,0.08572581
0.4915193,0.08555765
0.518164,0.08913837
0.5196368,0.08805642
0.4213462,0.0984343
0.4169207,0.09771031
0.4275025,0.1029606
0.4312957,0.1018673
0.4395416,0.1077731
0.440681,0.1064513
0.4638045,0.1119242
0.4643608,0.1101826
0.524381,0.09217197
0.5262076,0.09216309
0.5235795,0.09747273
0.5219213,0.09695259
0.517188,0.1008089
0.5157048,0.09974132
0.4970955,0.1085512
0.4965223,0.1068152
1
7128
0
1
2
1
3
2
1
4
3
4
5
3
4
6
5
6
7
5
8
9
10
9
11
10
9
12
11
11
13
10
13
14
10
12
15
11
12
16
15
16
17
15
17
18
15
18
19
15
20
21
22
21
23
22
24
25
26
25
27
26
28
29
30
31
28
30
31
30
32
33
28
31
34
31
32
34
32
35
36
34
35
37
33
31
37
31
34
37
38
33
38
39
33
40
37
34
40
34
36
41
40
36
41
42
40
42
43
40
44
45
46
45
47
46
48
49
50
51
48
50
50
52
51
53
52
50
51
52
54
55
52
53
54
52
55
56
57
58
57
59
58
60
61
62
61
63
62
64
65
66
67
64
66
67
68
64
69
68
67
64
68
70
71
68
69
70
68
71
72
73
74
75
72
74
76
72
75
75
74
77
74
78
77
77
78
79
80
76
75
81
76
80
75
77
82
80
75
82
83
77
79
82
77
83
83
79
84
85
81
80
86
81
85
80
82
87
85
80
87
88
82
83
87
82
88
89
83
84
88
83
89
89
84
90
91
86
85
92
86
91
85
87
93
91
85
93
94
87
88
93
87
94
95
92
91
96
92
95
91
93
97
95
91
97
98
96
95
99
96
98
100
89
90
100
90
101
102
88
89
94
88
102
103
93
94
97
93
103
95
97
104
98
95
104
105
99
98
106
99
105
89
100
107
102
89
107
108
100
101
107
100
108
109
94
102
103
94
109
110
97
103
104
97
110
98
104
111
105
98
111
102
107
112
109
102
112
113
103
109
110
103
113
114
104
110
111
104
114
115
107
108
112
107
115
109
112
116
113
109
116
117
110
113
114
110
117
118
112
115
116
112
118
113
116
119
117
113
119
120
116
118
119
116
120
121
111
114
122
114
117
121
114
122
117
119
123
122
117
123
124
119
120
123
119
124
125
111
121
105
111
125
126
105
125
126
106
105
127
106
126
128
127
126
129
127
128
126
125
130
128
126
130
131
125
121
130
125
131
132
129
128
133
129
132
128
130
134
132
128
134
135
133
132
136
133
135
131
121
137
137
121
122
138
130
131
130
138
134
132
134
139
135
132
139
140
136
135
141
136
140
142
141
140
142
140
143
140
135
144
140
144
143
135
139
144
139
134
145
138
145
134
138
131
146
146
131
137
143
144
147
148
143
147
144
139
149
149
139
145
147
144
149
145
138
150
150
138
146
148
147
151
152
148
151
152
151
153
147
149
154
151
147
154
149
145
155
155
145
150
154
149
155
151
156
153
151
154
156
154
155
157
154
157
156
155
150
158
155
158
157
150
146
159
150
159
158
153
156
160
161
153
160
161
160
162
156
157
163
160
156
163
160
164
162
160
163
164
162
164
165
157
158
166
163
157
166
163
167
164
163
166
167
164
168
165
164
167
168
166
158
169
158
159
169
166
170
167
166
169
170
165
168
171
172
165
171
167
173
168
167
170
173
172
171
174
175
172
174
175
174
176
171
168
177
168
173
177
174
171
178
171
177
178
174
179
176
174
178
179
176
179
180
181
176
180
181
180
182
180
183
182
182
183
184
180
179
185
180
185
183
178
186
179
179
186
185
178
177
187
178
187
186
188
177
173
177
188
187
189
188
173
170
189
173
170
190
189
169
190
170
169
191
190
169
159
191
159
192
191
146
192
159
146
137
192
137
193
192
137
122
193
122
123
193
191
192
194
192
193
194
193
123
195
194
193
195
195
123
124
191
196
190
191
194
196
190
197
189
190
196
197
194
195
198
194
198
196
195
124
199
195
199
198
196
198
200
196
200
197
197
201
189
201
188
189
124
202
199
124
120
202
198
199
203
198
203
200
197
200
204
201
197
204
188
201
205
187
188
205
120
206
202
120
118
206
199
202
207
199
207
203
200
203
208
204
200
208
201
204
209
205
201
209
187
205
210
187
210
186
118
211
206
118
115
211
203
207
212
208
203
212
204
208
213
209
204
213
205
209
214
205
214
210
186
210
215
185
186
215
115
216
211
115
108
216
208
212
217
213
208
217
209
213
218
209
218
214
210
214
219
215
210
219
185
215
220
185
220
183
108
221
216
108
101
221
101
222
221
221
222
223
222
224
223
223
224
225
216
221
226
221
223
226
227
223
225
226
223
227
216
226
228
211
216
228
227
225
229
225
230
229
231
226
227
228
226
231
231
227
229
211
228
232
206
211
232
233
228
231
232
228
233
206
232
234
202
206
234
202
234
207
234
232
235
235
232
233
207
234
236
236
234
235
212
207
236
233
231
237
237
231
229
235
233
238
238
233
237
212
236
239
217
212
239
236
235
240
240
235
238
239
236
240
237
229
241
238
237
242
237
241
242
240
238
243
238
242
243
239
240
244
240
243
244
217
239
245
239
244
245
229
246
241
229
230
246
230
247
246
246
247
248
241
246
248
247
249
248
242
241
250
250
241
248
243
242
251
251
242
250
244
243
252
252
243
251
248
249
253
249
254
253
250
248
255
248
253
255
251
250
256
250
255
256
253
254
257
254
258
257
255
253
259
253
257
259
257
258
260
259
257
260
258
261
260
255
259
262
256
255
262
251
256
263
252
251
263
260
261
264
261
265
264
266
259
260
262
259
266
256
262
267
263
256
267
266
260
268
260
264
268
269
262
266
267
262
269
269
266
268
252
263
270
263
267
271
270
263
271
272
267
269
271
267
272
273
269
268
272
269
273
274
268
264
273
268
274
275
252
270
275
244
252
245
244
275
276
274
264
276
264
265
270
271
277
278
271
272
277
271
278
279
272
273
278
272
279
275
270
280
280
270
277
281
245
275
281
275
280
282
273
274
273
282
279
283
245
281
217
245
283
213
217
283
213
283
218
284
283
281
218
283
284
281
280
285
284
281
285
280
277
286
285
280
286
287
218
284
214
218
287
219
214
287
284
285
288
287
284
288
219
287
289
287
288
289
288
285
290
285
286
290
286
277
291
291
277
278
219
289
292
215
219
292
215
292
220
289
288
293
288
290
293
290
286
294
294
286
291
291
278
295
295
278
279
292
289
296
289
293
296
220
292
297
292
296
297
293
290
298
298
290
294
294
291
299
299
291
295
279
300
295
282
300
279
293
301
296
301
293
298
298
294
302
302
294
299
295
303
299
300
303
295
297
296
304
301
304
296
301
298
305
305
298
302
299
306
302
303
306
299
304
301
307
307
301
305
305
302
308
306
308
302
307
305
309
309
305
308
303
300
310
303
311
306
311
303
310
306
312
308
311
312
306
309
308
313
312
313
308
310
300
314
300
282
314
315
314
282
274
315
282
315
274
316
274
276
316
317
311
310
318
312
311
317
318
311
319
310
314
319
317
310
320
314
315
320
319
314
321
313
312
318
321
312
322
315
316
322
320
315
323
317
319
324
318
317
323
324
317
325
319
320
325
323
319
326
321
318
324
326
318
327
320
322
327
325
320
321
328
313
326
329
321
329
328
321
328
330
313
330
309
313
331
309
330
331
307
309
332
307
331
332
304
307
333
304
332
333
297
304
334
297
333
220
297
334
183
220
334
183
334
184
184
334
335
335
334
333
336
184
335
337
333
332
335
333
337
336
335
338
338
335
337
339
336
338
340
332
331
332
340
337
337
341
338
340
341
337
331
342
340
342
331
330
338
343
339
341
343
338
341
340
344
342
344
340
345
342
330
328
345
330
341
346
343
346
341
344
347
344
342
345
347
342
348
345
328
329
348
328
349
346
344
347
349
344
350
347
345
348
350
345
351
349
347
350
351
347
346
352
343
349
353
346
353
352
346
351
354
349
354
353
349
343
352
355
343
355
339
355
356
339
356
357
339
352
358
355
356
355
358
359
358
352
353
359
352
359
356
358
356
360
357
360
356
359
360
361
357
362
359
353
354
362
353
362
360
359
360
363
361
363
364
361
362
365
360
365
363
360
354
366
362
366
365
362
363
367
364
367
368
364
369
368
367
365
370
363
370
367
363
371
369
367
371
367
370
372
370
365
366
372
365
373
366
354
351
373
354
371
374
369
374
375
369
376
375
374
377
371
370
377
370
372
378
372
366
373
378
366
379
373
351
350
379
351
380
376
374
381
376
380
382
374
371
377
382
371
380
374
382
383
377
372
383
372
378
384
378
373
379
384
373
385
379
350
348
385
350
386
382
377
383
386
377
387
380
382
387
382
386
388
383
378
388
378
384
384
379
389
379
385
389
390
385
348
329
390
348
391
386
383
388
391
383
392
388
384
392
384
389
393
389
385
390
393
385
394
390
329
326
394
329
395
386
391
395
387
386
391
388
396
388
392
396
397
392
389
397
389
393
398
393
390
394
398
390
399
394
326
324
399
326
400
395
391
400
391
396
401
396
392
397
401
392
402
397
393
402
393
398
403
398
394
399
403
394
404
399
324
323
404
324
405
400
396
405
396
401
406
401
397
402
406
397
407
402
398
407
398
403
408
403
399
404
408
399
409
404
323
325
409
323
410
405
401
410
401
406
411
406
402
407
411
402
412
407
403
412
403
408
413
408
404
409
413
404
414
409
325
327
414
325
415
410
406
415
406
411
416
411
407
412
416
407
417
412
408
417
408
413
418
413
409
414
418
409
419
415
411
419
411
416
420
416
412
417
420
412
421
417
413
421
413
418
422
419
416
422
416
420
423
420
417
421
423
417
424
422
420
424
420
423
425
418
414
426
421
418
426
418
425
427
423
421
426
427
421
428
424
423
428
423
427
429
425
414
429
414
327
430
429
327
430
327
322
430
322
431
431
322
316
432
426
425
433
427
426
432
433
426
425
429
434
432
425
434
435
429
430
429
435
434
436
428
427
436
427
433
437
430
431
437
435
430
438
431
316
439
437
431
438
439
431
440
435
437
439
440
437
441
434
435
440
441
435
442
438
316
316
276
442
276
443
442
443
276
265
443
444
442
444
443
265
444
438
442
445
444
265
444
446
438
446
444
445
446
439
438
447
446
445
447
448
446
446
449
439
449
440
439
448
449
446
449
450
440
450
449
448
451
450
448
450
441
440
452
450
451
450
452
441
453
452
451
452
454
441
441
454
434
455
452
453
452
455
454
456
455
453
454
457
434
457
432
434
458
455
456
459
458
456
455
460
454
454
460
457
455
458
460
457
461
432
460
461
457
461
433
432
462
458
459
463
462
459
463
464
462
458
465
460
460
465
461
458
462
465
466
433
461
466
436
433
465
467
461
467
466
461
464
468
462
469
468
464
470
469
464
470
471
469
462
472
465
462
468
472
473
467
465
472
473
465
468
474
472
468
469
474
472
474
473
475
466
467
473
475
467
476
436
466
475
476
466
474
477
473
473
477
475
471
478
469
471
479
478
469
480
474
474
480
477
477
481
475
475
481
476
476
482
436
482
428
436
479
483
478
479
484
483
478
485
469
485
480
469
480
486
477
477
486
481
481
487
476
476
487
482
482
488
428
488
424
428
484
489
483
484
490
489
485
491
480
491
486
480
486
492
481
481
492
487
487
493
482
482
493
488
488
494
424
494
422
424
491
495
486
495
492
486
496
491
485
495
491
496
492
497
487
487
497
493
493
498
488
488
498
494
494
499
422
499
419
422
495
500
492
500
497
492
497
501
493
493
501
498
498
502
494
494
502
499
499
503
419
503
415
419
495
504
500
504
495
496
500
505
497
505
501
497
501
506
498
498
506
502
502
507
499
499
507
503
503
508
415
508
410
415
504
509
500
500
509
505
505
510
501
510
506
501
506
511
502
502
511
507
507
512
503
503
512
508
508
513
410
513
405
410
509
514
505
505
514
510
510
515
506
515
511
506
511
516
507
507
516
512
512
517
508
508
517
513
513
518
405
518
400
405
514
519
510
510
519
515
515
520
511
520
516
511
516
521
512
512
521
517
517
522
513
513
522
518
518
523
400
523
395
400
519
524
515
515
524
520
520
525
516
525
521
516
521
526
517
517
526
522
522
527
518
518
527
523
523
528
395
528
387
395
524
529
520
520
529
525
525
530
521
530
526
521
526
531
522
527
522
531
527
532
523
523
532
528
528
533
387
533
380
387
533
381
380
528
534
533
532
534
528
533
535
381
534
535
533
535
536
381
527
537
532
537
527
531
538
531
526
530
538
526
532
539
534
537
539
532
534
540
535
539
540
534
535
541
536
540
541
535
541
542
536
543
542
541
544
543
541
544
541
540
545
543
544
546
537
531
538
546
531
547
539
537
546
547
537
548
540
539
548
544
540
547
548
539
549
545
544
549
544
548
550
545
549
551
550
549
552
550
551
553
549
548
551
549
553
547
554
548
554
553
548
546
555
547
555
554
547
556
552
551
557
552
556
558
551
553
558
553
554
556
551
558
559
558
554
559
554
555
560
555
546
538
560
546
561
557
556
562
557
561
563
556
558
563
558
559
564
559
555
564
555
560
560
538
565
538
530
565
566
561
556
563
566
556
567
562
561
567
561
566
568
563
559
568
559
564
569
564
560
569
560
565
570
565
530
525
570
530
529
570
525
567
571
562
571
572
562
573
566
563
568
573
563
574
567
566
571
567
574
574
566
573
575
565
570
575
569
565
576
570
529
576
575
570
577
574
573
577
571
574
571
578
572
578
579
572
577
573
580
580
573
568
577
581
571
581
578
571
581
577
580
578
582
579
582
583
579
584
580
568
584
568
564
584
564
569
581
580
585
585
580
584
581
586
578
586
582
578
586
581
585
582
587
583
587
582
586
587
588
583
588
587
589
590
584
569
590
585
584
590
569
575
586
585
591
591
585
590
592
590
575
592
591
590
592
575
576
593
587
586
593
586
591
587
594
589
587
593
594
589
594
595
596
591
592
593
591
596
597
592
576
597
596
592
593
598
594
598
593
596
594
599
595
594
598
599
600
595
599
598
596
601
601
596
597
597
576
602
602
576
529
602
529
524
603
600
599
604
600
603
598
605
599
605
598
601
603
599
605
606
601
597
606
597
602
607
602
524
606
602
607
607
524
519
608
604
603
609
604
608
605
601
610
610
601
606
611
603
605
608
603
611
611
605
610
612
607
519
612
519
514
613
606
607
613
610
606
613
607
612
614
609
608
615
609
614
611
610
616
616
610
613
617
608
611
608
617
614
617
611
616
618
612
514
618
514
509
619
613
612
619
616
613
619
612
618
620
615
614
615
620
621
617
616
622
622
616
619
617
623
614
614
623
620
623
617
622
624
618
509
624
509
504
625
619
618
625
622
619
625
618
624
620
626
621
621
626
627
623
622
628
628
622
625
623
629
620
626
620
629
629
623
628
630
624
504
630
504
496
631
625
624
631
628
625
631
624
630
626
632
627
627
632
633
629
628
634
634
628
631
635
626
629
626
635
632
635
629
634
636
631
630
636
634
631
637
630
496
636
630
637
635
634
638
638
634
636
635
639
632
639
635
638
640
638
636
640
636
637
637
496
641
641
496
485
641
485
478
483
641
478
642
637
641
642
641
483
640
637
642
489
642
483
639
638
643
643
638
640
644
640
642
644
642
489
644
643
640
645
644
489
643
644
645
490
645
489
490
646
645
646
647
645
647
643
645
646
633
647
648
639
643
648
643
647
632
639
648
633
649
647
632
649
633
649
648
647
649
632
648
650
651
652
651
653
652
654
655
656
657
654
656
657
656
658
656
659
658
658
659
660
659
661
660
660
661
662
661
663
662
662
663
664
663
665
664
664
665
666
667
664
666
668
669
670
671
668
670
672
668
671
673
672
671
674
672
673
675
674
673
676
674
675
677
676
675
678
676
677
679
678
677
680
681
682
681
683
682
682
683
684
685
682
684
686
687
688
687
689
688
688
689
690
691
688
690
690
692
691
692
693
691
693
692
694
695
693
694
695
694
696
697
695
696
697
696
698
696
699
698
700
701
702
701
703
702
701
704
703
704
705
703
706
705
704
707
706
704
708
706
707
709
708
707
710
711
712
713
710
712
714
710
713
713
712
715
712
716
715
715
716
717
718
714
713
719
714
718
713
715
720
718
713
720
721
715
717
720
715
721
721
717
722
723
719
718
724
719
723
718
720
725
723
718
725
726
720
721
725
720
726
727
721
722
726
721
727
727
722
728
729
724
723
730
724
729
723
725
731
729
723
731
732
725
726
731
725
732
733
730
729
734
730
733
729
731
735
733
729
735
736
734
733
737
734
736
738
727
728
738
728
739
740
726
727
732
726
740
741
731
732
735
731
741
733
735
742
736
733
742
743
737
736
744
737
743
727
738
745
740
727
745
746
738
739
745
738
746
747
732
740
741
732
747
748
735
741
742
735
748
736
742
749
743
736
749
740
745
750
747
740
750
751
741
747
748
741
751
752
742
748
749
742
752
753
745
746
750
745
753
747
750
754
751
747
754
755
748
751
752
748
755
756
750
753
754
750
756
751
754
757
755
751
757
758
754
756
757
754
758
759
749
752
760
752
755
759
752
760
755
757
761
760
755
761
762
757
758
761
757
762
763
749
759
743
749
763
764
743
763
764
744
743
765
744
764
766
765
764
767
765
766
764
763
768
766
764
768
769
763
759
768
763
769
770
767
766
771
767
770
766
768
772
770
766
772
773
771
770
774
771
773
769
759
775
775
759
760
776
768
769
768
776
772
770
772
777
773
770
777
778
774
773
779
774
778
780
779
778
780
778
781
778
773
782
778
782
781
773
777
782
777
772
783
776
783
772
776
769
784
784
769
775
781
782
785
786
781
785
782
777
787
787
777
783
785
782
787
783
776
788
788
776
784
786
785
789
790
786
789
790
789
791
785
787
792
789
785
792
787
783
793
793
783
788
792
787
793
789
794
791
789
792
794
792
793
795
792
795
794
793
788
796
793
796
795
788
784
797
788
797
796
791
794
798
799
791
798
799
798
800
794
795
801
798
794
801
798
802
800
798
801
802
800
802
803
795
796
804
801
795
804
801
805
802
801
804
805
802
806
803
802
805
806
804
796
807
796
797
807
804
808
805
804
807
808
803
806
809
810
803
809
805
811
806
805
808
811
810
809
812
813
810
812
813
812
814
809
806
815
806
811
815
812
809
816
809
815
816
812
817
814
812
816
817
814
817
818
819
814
818
819
818
820
818
821
820
820
821
822
818
817
823
818
823
821
816
824
817
817
824
823
816
815
825
816
825
824
826
815
811
815
826
825
827
826
811
808
827
811
808
828
827
807
828
808
807
829
828
807
797
829
797
830
829
784
830
797
784
775
830
775
831
830
775
760
831
760
761
831
829
830
832
830
831
832
831
761
833
832
831
833
833
761
762
829
834
828
829
832
834
828
835
827
828
834
835
832
833
836
832
836
834
833
762
837
833
837
836
834
836
838
834
838
835
835
839
827
839
826
827
762
840
837
762
758
840
836
837
841
836
841
838
835
838
842
839
835
842
826
839
843
825
826
843
758
844
840
758
756
844
837
840
845
837
845
841
838
841
846
842
838
846
839
842
847
843
839
847
825
843
848
825
848
824
756
849
844
756
753
849
841
845
850
846
841
850
842
846
851
847
842
851
843
847
852
843
852
848
824
848
853
823
824
853
753
854
849
753
746
854
846
850
855
851
846
855
847
851
856
847
856
852
848
852
857
853
848
857
823
853
858
823
858
821
746
859
854
746
739
859
739
860
859
859
860
861
860
862
861
861
862
863
854
859
864
859
861
864
865
861
863
864
861
865
854
864
866
849
854
866
865
863
867
863
868
867
869
864
865
866
864
869
869
865
867
849
866
870
844
849
870
871
866
869
870
866
871
844
870
872
840
844
872
840
872
845
872
870
873
873
870
871
845
872
874
874
872
873
850
845
874
871
869
875
875
869
867
873
871
876
876
871
875
850
874
877
855
850
877
874
873
878
878
873
876
877
874
878
875
867
879
876
875
880
875
879
880
878
876
881
876
880
881
877
878
882
878
881
882
855
877
883
877
882
883
867
884
879
867
868
884
868
885
884
884
885
886
879
884
886
885
887
886
880
879
888
888
879
886
881
880
889
889
880
888
882
881
890
890
881
889
886
887
891
887
892
891
888
886
893
886
891
893
889
888
894
888
893
894
891
892
895
892
896
895
893
891
897
891
895
897
895
896
898
897
895
898
896
899
898
893
897
900
894
893
900
889
894
901
890
889
901
898
899
902
899
903
902
904
897
898
900
897
904
894
900
905
901
894
905
904
898
906
898
902
906
907
900
904
905
900
907
907
904
906
890
901
908
901
905
909
908
901
909
910
905
907
909
905
910
911
907
906
910
907
911
912
906
902
911
906
912
913
890
908
913
882
890
883
882
913
914
912
902
914
902
903
908
909
915
916
909
910
915
909
916
917
910
911
916
910
917
913
908
918
918
908
915
919
883
913
919
913
918
920
911
912
911
920
917
921
883
919
855
883
921
851
855
921
851
921
856
922
921
919
856
921
922
919
918
923
922
919
923
918
915
924
923
918
924
925
856
922
852
856
925
857
852
925
922
923
926
925
922
926
857
925
927
925
926
927
926
923
928
923
924
928
924
915
929
929
915
916
857
927
930
853
857
930
853
930
858
927
926
931
926
928
931
928
924
932
932
924
929
929
916
933
933
916
917
930
927
934
927
931
934
858
930
935
930
934
935
931
928
936
936
928
932
932
929
937
937
929
933
917
938
933
920
938
917
931
939
934
939
931
936
936
932
940
940
932
937
933
941
937
938
941
933
935
934
942
939
942
934
939
936
943
943
936
940
937
944
940
941
944
937
942
939
945
945
939
943
943
940
946
944
946
940
945
943
947
947
943
946
941
938
948
941
949
944
949
941
948
944
950
946
949
950
944
947
946
951
950
951
946
948
938
952
938
920
952
953
952
920
912
953
920
953
912
954
912
914
954
955
949
948
956
950
949
955
956
949
957
948
952
957
955
948
958
952
953
958
957
952
959
951
950
956
959
950
960
953
954
960
958
953
961
955
957
962
956
955
961
962
955
963
957
958
963
961
957
964
959
956
962
964
956
965
958
960
965
963
958
959
966
951
964
967
959
967
966
959
966
968
951
968
947
951
969
947
968
969
945
947
970
945
969
970
942
945
971
942
970
971
935
942
972
935
971
858
935
972
821
858
972
821
972
822
822
972
973
973
972
971
974
822
973
975
971
970
973
971
975
974
973
976
976
973
975
977
974
976
978
970
969
970
978
975
975
979
976
978
979
975
969
980
978
980
969
968
976
981
977
979
981
976
979
978
982
980
982
978
983
980
968
966
983
968
979
984
981
984
979
982
985
982
980
983
985
980
986
983
966
967
986
966
987
984
982
985
987
982
988
985
983
986
988
983
989
987
985
988
989
985
984
990
981
987
991
984
991
990
984
989
992
987
992
991
987
981
990
993
981
993
977
993
994
977
994
995
977
990
996
993
994
993
996
997
996
990
991
997
990
997
994
996
994
998
995
998
994
997
998
999
995
1000
997
991
992
1000
991
1000
998
997
998
1001
999
1001
1002
999
1000
1003
998
1003
1001
998
992
1004
1000
1004
1003
1000
1001
1005
1002
1005
1006
1002
1007
1006
1005
1003
1008
1001
1008
1005
1001
1009
1007
1005
1009
1005
1008
1010
1008
1003
1004
1010
1003
1011
1004
992
989
1011
992
1009
1012
1007
1012
1013
1007
1014
1013
1012
1015
1009
1008
1015
1008
1010
1016
1010
1004
1011
1016
1004
1017
1011
989
988
1017
989
1018
1014
1012
1019
1014
1018
1020
1012
1009
1015
1020
1009
1018
1012
1020
1021
1015
1010
1021
1010
1016
1022
1016
1011
1017
1022
1011
1023
1017
988
986
1023
988
1024
1020
1015
1021
1024
1015
1025
1018
1020
1025
1020
1024
1026
1021
1016
1026
1016
1022
1022
1017
1027
1017
1023
1027
1028
1023
986
967
1028
986
1029
1024
1021
1026
1029
1021
1030
1026
1022
1030
1022
1027
1031
1027
1023
1028
1031
1023
1032
1028
967
964
1032
967
1033
1024
1029
1033
1025
1024
1029
1026
1034
1026
1030
1034
1035
1030
1027
1035
1027
1031
1036
1031
1028
1032
1036
1028
1037
1032
964
962
1037
964
1038
1033
1029
1038
1029
1034
1039
1034
1030
1035
1039
1030
1040
1035
1031
1040
1031
1036
1041
1036
1032
1037
1041
1032
1042
1037
962
961
1042
962
1043
1038
1034
1043
1034
1039
1044
1039
1035
1040
1044
1035
1045
1040
1036
1045
1036
1041
1046
1041
1037
1042
1046
1037
1047
1042
961
963
1047
961
1048
1043
1039
1048
1039
1044
1049
1044
1040
1045
1049
1040
1050
1045
1041
1050
1041
1046
1051
1046
1042
1047
1051
1042
1052
1047
963
965
1052
963
1053
1048
1044
1053
1044
1049
1054
1049
1045
1050
1054
1045
1055
1050
1046
1055
1046
1051
1056
1051
1047
1052
1056
1047
1057
1053
1049
1057
1049
1054
1058
1054
1050
1055
1058
1050
1059
1055
1051
1059
1051
1056
1060
1057
1054
1060
1054
1058
1061
1058
1055
1059
1061
1055
1062
1060
1058
1062
1058
1061
1063
1056
1052
1064
1059
1056
1064
1056
1063
1065
1061
1059
1064
1065
1059
1066
1062
1061
1066
1061
1065
1067
1063
1052
1067
1052
965
1068
1067
965
1068
965
960
1068
960
1069
1069
960
954
1070
1064
1063
1071
1065
1064
1070
1071
1064
1063
1067
1072
1070
1063
1072
1073
1067
1068
1067
1073
1072
1074
1066
1065
1074
1065
1071
1075
1068
1069
1075
1073
1068
1076
1069
954
1077
1075
1069
1076
1077
1069
1078
1073
1075
1077
1078
1075
1079
1072
1073
1078
1079
1073
1080
1076
954
954
914
1080
914
1081
1080
1081
914
903
1081
1082
1080
1082
1081
903
1082
1076
1080
1083
1082
903
1082
1084
1076
1084
1082
1083
1084
1077
1076
1085
1084
1083
1085
1086
1084
1084
1087
1077
1087
1078
1077
1086
1087
1084
1087
1088
1078
1088
1087
1086
1089
1088
1086
1088
1079
1078
1090
1088
1089
1088
1090
1079
1091
1090
1089
1090
1092
1079
1079
1092
1072
1093
1090
1091
1090
1093
1092
1094
1093
1091
1092
1095
1072
1095
1070
1072
1096
1093
1094
1097
1096
1094
1093
1098
1092
1092
1098
1095
1093
1096
1098
1095
1099
1070
1098
1099
1095
1099
1071
1070
1100
1096
1097
1101
1100
1097
1101
1102
1100
1096
1103
1098
1098
1103
1099
1096
1100
1103
1104
1071
1099
1104
1074
1071
1103
1105
1099
1105
1104
1099
1102
1106
1100
1107
1106
1102
1108
1107
1102
1108
1109
1107
1100
1110
1103
1100
1106
1110
1111
1105
1103
1110
1111
1103
1106
1112
1110
1106
1107
1112
1110
1112
1111
1113
1104
1105
1111
1113
1105
1114
1074
1104
1113
1114
1104
1112
1115
1111
1111
1115
1113
1109
1116
1107
1109
1117
1116
1107
1118
1112
1112
1118
1115
1115
1119
1113
1113
1119
1114
1114
1120
1074
1120
1066
1074
1117
1121
1116
1117
1122
1121
1116
1123
1107
1123
1118
1107
1118
1124
1115
1115
1124
1119
1119
1125
1114
1114
1125
1120
1120
1126
1066
1126
1062
1066
1122
1127
1121
1122
1128
1127
1123
1129
1118
1129
1124
1118
1124
1130
1119
1119
1130
1125
1125
1131
1120
1120
1131
1126
1126
1132
1062
1132
1060
1062
1129
1133
1124
1133
1130
1124
1134
1129
1123
1133
1129
1134
1130
1135
1125
1125
1135
1131
1131
1136
1126
1126
1136
1132
1132
1137
1060
1137
1057
1060
1133
1138
1130
1138
1135
1130
1135
1139
1131
1131
1139
1136
1136
1140
1132
1132
1140
1137
1137
1141
1057
1141
1053
1057
1133
1142
1138
1142
1133
1134
1138
1143
1135
1143
1139
1135
1139
1144
1136
1136
1144
1140
1140
1145
1137
1137
1145
1141
1141
1146
1053
1146
1048
1053
1142
1147
1138
1138
1147
1143
1143
1148
1139
1148
1144
1139
1144
1149
1140
1140
1149
1145
1145
1150
1141
1141
1150
1146
1146
1151
1048
1151
1043
1048
1147
1152
1143
1143
1152
1148
1148
1153
1144
1153
1149
1144
1149
1154
1145
1145
1154
1150
1150
1155
1146
1146
1155
1151
1151
1156
1043
1156
1038
1043
1152
1157
1148
1148
1157
1153
1153
1158
1149
1158
1154
1149
1154
1159
1150
1150
1159
1155
1155
1160
1151
1151
1160
1156
1156
1161
1038
1161
1033
1038
1157
1162
1153
1153
1162
1158
1158
1163
1154
1163
1159
1154
1159
1164
1155
1155
1164
1160
1160
1165
1156
1156
1165
1161
1161
1166
1033
1166
1025
1033
1162
1167
1158
1158
1167
1163
1163
1168
1159
1168
1164
1159
1164
1169
1160
1165
1160
1169
1165
1170
1161
1161
1170
1166
1166
1171
1025
1171
1018
1025
1171
1019
1018
1166
1172
1171
1170
1172
1166
1171
1173
1019
1172
1173
1171
1173
1174
1019
1165
1175
1170
1175
1165
1169
1176
1169
1164
1168
1176
1164
1170
1177
1172
1175
1177
1170
1172
1178
1173
1177
1178
1172
1173
1179
1174
1178
1179
1173
1179
1180
1174
1181
1180
1179
1182
1181
1179
1182
1179
1178
1183
1181
1182
1184
1175
1169
1176
1184
1169
1185
1177
1175
1184
1185
1175
1186
1178
1177
1186
1182
1178
1185
1186
1177
1187
1183
1182
1187
1182
1186
1188
1183
1187
1189
1188
1187
1190
1188
1189
1191
1187
1186
1189
1187
1191
1185
1192
1186
1192
1191
1186
1184
1193
1185
1193
1192
1185
1194
1190
1189
1195
1190
1194
1196
1189
1191
1196
1191
1192
1194
1189
1196
1197
1196
1192
1197
1192
1193
1198
1193
1184
1176
1198
1184
1199
1195
1194
1200
1195
1199
1201
1194
1196
1201
1196
1197
1202
1197
1193
1202
1193
1198
1198
1176
1203
1176
1168
1203
1204
1199
1194
1201
1204
1194
1205
1200
1199
1205
1199
1204
1206
1201
1197
1206
1197
1202
1207
1202
1198
1207
1198
1203
1208
1203
1168
1163
1208
1168
1167
1208
1163
1205
1209
1200
1209
1210
1200
1211
1204
1201
1206
1211
1201
1212
1205
1204
1209
1205
1212
1212
1204
1211
1213
1203
1208
1213
1207
1203
1214
1208
1167
1214
1213
1208
1215
1212
1211
1215
1209
1212
1209
1216
1210
1216
1217
1210
1215
1211
1218
1218
1211
1206
1215
1219
1209
1219
1216
1209
1219
1215
1218
1216
1220
1217
1220
1221
1217
1222
1218
1206
1222
1206
1202
1222
1202
1207
1219
1218
1223
1223
1218
1222
1219
1224
1216
1224
1220
1216
1224
1219
1223
1220
1225
1221
1225
1220
1224
1225
1226
1221
1226
1225
1227
1228
1222
1207
1228
1223
1222
1228
1207
1213
1224
1223
1229
1229
1223
1228
1230
1228
1213
1230
1229
1228
1230
1213
1214
1231
1225
1224
1231
1224
1229
1225
1232
1227
1225
1231
1232
1227
1232
1233
1234
1229
1230
1231
1229
1234
1235
1230
1214
1235
1234
1230
1231
1236
1232
1236
1231
1234
1232
1237
1233
1232
1236
1237
1238
1233
1237
1236
1234
1239
1239
1234
1235
1235
1214
1240
1240
1214
1167
1240
1167
1162
1241
1238
1237
1242
1238
1241
1236
1243
1237
1243
1236
1239
1241
1237
1243
1244
1239
1235
1244
1235
1240
1245
1240
1162
1244
1240
1245
1245
1162
1157
1246
1242
1241
1247
1242
1246
1243
1239
1248
1248
1239
1244
1249
1241
1243
1246
1241
1249
1249
1243
1248
1250
1245
1157
1250
1157
1152
1251
1244
1245
1251
1248
1244
1251
1245
1250
1252
1247
1246
1253
1247
1252
1249
1248
1254
1254
1248
1251
1255
1246
1249
1246
1255
1252
1255
1249
1254
1256
1250
1152
1256
1152
1147
1257
1251
1250
1257
1254
1251
1257
1250
1256
1258
1253
1252
1253
1258
1259
1255
1254
1260
1260
1254
1257
1255
1261
1252
1252
1261
1258
1261
1255
1260
1262
1256
1147
1262
1147
1142
1263
1257
1256
1263
1260
1257
1263
1256
1262
1258
1264
1259
1259
1264
1265
1261
1260
1266
1266
1260
1263
1261
1267
1258
1264
1258
1267
1267
1261
1266
1268
1262
1142
1268
1142
1134
1269
1263
1262
1269
1266
1263
1269
1262
1268
1264
1270
1265
1265
1270
1271
1267
1266
1272
1272
1266
1269
1273
1264
1267
1264
1273
1270
1273
1267
1272
1274
1269
1268
1274
1272
1269
1275
1268
1134
1274
1268
1275
1273
1272
1276
1276
1272
1274
1273
1277
1270
1277
1273
1276
1278
1276
1274
1278
1274
1275
1275
1134
1279
1279
1134
1123
1279
1123
1116
1121
1279
1116
1280
1275
1279
1280
1279
1121
1278
1275
1280
1127
1280
1121
1277
1276
1281
1281
1276
1278
1282
1278
1280
1282
1280
1127
1282
1281
1278
1283
1282
1127
1281
1282
1283
1128
1283
1127
1128
1284
1283
1284
1285
1283
1285
1281
1283
1284
1271
1285
1286
1277
1281
1286
1281
1285
1270
1277
1286
1271
1287
1285
1270
1287
1271
1287
1286
1285
1287
1270
1286
1288
1289
1290
1289
1291
1290
1292
1293
1294
1295
1292
1294
1295
1294
1296
1294
1297
1296
1296
1297
1298
1297
1299
1298
1298
1299
1300
1299
1301
1300
1300
1301
1302
1301
1303
1302
1302
1303
1304
1305
1302
1304
1306
1307
1308
1309
1306
1308
1310
1306
1309
1311
1310
1309
1312
1310
1311
1313
1312
1311
1314
1312
1313
1315
1314
1313
1316
1314
1315
1317
1316
1315
1318
1319
1320
1319
1321
1320
1320
1321
1322
1323
1320
1322
1324
1325
1326
1325
1327
1326
1326
1327
1328
1329
1326
1328
1328
1330
1329
1330
1331
1329
1331
1330
1332
1333
1331
1332
1333
1332
1334
1335
1333
1334
1335
1334
1336
1334
1337
1336
1338
1339
1340
1339
1341
1340
1339
1342
1341
1342
1343
1341
1344
1343
1342
1345
1344
1342
1346
1344
1345
1347
1346
1345
1348
1349
1350
1351
1349
1348
1352
1348
1350
1353
1351
1348
1352
1350
1354
1353
1355
1351
1356
1352
1354
1355
1357
1351
1356
1354
1358
1355
1359
1357
1360
1356
1358
1359
1361
1357
1360
1358
1362
1363
1360
1362
1363
1362
1364
1362
1365
1364
1364
1365
1366
1365
1367
1366
1366
1367
1368
1367
1369
1368
1359
1370
1361
1368
1369
1370
1370
1371
1361
1369
1371
1370
1372
1373
1374
1372
1375
1373
1373
1376
1374
1375
1377
1373
1375
1378
1377
1378
1379
1377
1374
1376
1380
1376
1381
1380
1380
1381
1382
1383
1380
1382
1383
1382
1384
1385
1383
1384
1385
1384
1386
1387
1385
1386
1378
1388
1379
1388
1389
1379
1390
1389
1388
1391
1390
1388
1392
1390
1391
1393
1392
1391
1387
1386
1394
1394
1392
1393
1395
1387
1394
1395
1394
1393
1396
1397
1398
1399
1397
1396
1400
1396
1398
1401
1399
1396
1400
1398
1402
1401
1403
1399
1404
1400
1402
1403
1405
1399
1404
1402
1406
1403
1407
1405
1408
1404
1406
1407
1409
1405
1408
1406
1410
1411
1408
1410
1411
1410
1412
1410
1413
1412
1412
1413
1414
1413
1415
1414
1414
1415
1416
1415
1417
1416
1407
1418
1409
1416
1417
1418
1418
1419
1409
1417
1419
1418
1420
1421
1422
1420
1423
1421
1421
1424
1422
1423
1425
1421
1423
1426
1425
1426
1427
1425
1422
1424
1428
1424
1429
1428
1428
1429
1430
1431
1428
1430
1431
1430
1432
1433
1431
1432
1433
1432
1434
1435
1433
1434
1426
1436
1427
1436
1437
1427
1438
1437
1436
1439
1438
1436
1440
1438
1439
1441
1440
1439
1435
1434
1442
1442
1440
1441
1443
1435
1442
1443
1442
1441
