MESH3
Pick Up_11
2686
-1.086996,1.086443,2.487065
-1.054426,1.086443,2.550679
-1.048484,1.130453,2.515166
-1.147683,0.6775545,2.318223
-1.086996,0.6775545,2.441279
-1.086996,0.6775545,2.48616
1.086996,1.086443,2.487065
1.048484,1.130453,2.515166
1.054426,1.086443,2.550679
1.147683,0.6775545,2.318223
1.086996,0.6775545,2.48616
1.086996,0.6775545,2.441279
-1.0631,1.301221,0.6597365
-1.064753,1.302467,0.9199032
-1.043653,1.318716,0.9339105
-1.049145,1.318716,0.6597365
-1.065284,1.296486,-3.097989
-1.046115,1.333277,-2.382892
-1.044779,1.326606,-3.098118
-1.065751,1.30349,-2.382892
-1.050101,1.327522,-1.160786
-1.065835,1.30353,-1.160786
-1.026641,0.6937464,2.569309
-1.054426,0.7282093,2.549946
-1.054426,0.6775545,2.549845
-0.9895684,0.6775545,2.595178
-0.9895684,0.6942613,2.595239
-1.063063,1.301267,0.3300123
-1.0631,1.301221,0.6597365
-1.049145,1.318716,0.6597365
-1.049145,1.318716,0.3300122
-1.065835,1.30353,-1.160786
-1.05863,1.296804,-0.2984063
-1.034294,1.318716,-0.2984063
-1.050101,1.327522,-1.160786
-0.5442786,0.8045298,2.61787
-0.3853122,0.8044257,2.621244
-0.3853213,0.8712137,2.621381
-0.544283,0.8712832,2.618007
-0.533062,1.963202,0.3478017
-0.533062,1.935574,0.6596487
0,1.940494,0.6535296
0,1.968122,0.3478017
0.533062,1.963202,0.3478017
0.533062,1.935574,0.6596487
-0.9387471,1.302404,1.813126
-1.019839,1.289474,1.813126
-0.9909189,1.134138,2.556237
-0.843397,1.134785,2.574276
-0.7373222,1.135631,2.575032
-0.8273759,1.313404,1.813126
-0.4765701,1.320518,1.813126
-0.3788681,1.135994,2.583215
-0.4572947,1.331514,1.81111
-0.3595348,1.147237,2.581729
0,1.143315,2.582162
0,1.331202,1.813126
0.4572947,1.331514,1.81111
0.3595348,1.147237,2.581729
-1.043537,1.330411,0.3304341
-1.044481,1.330411,-0.03693056
-1.049145,1.318716,0.3300122
-1.049145,1.318716,-0.2670901
-1.033979,1.359659,-0.05548382
-0.8755,1.891575,-0.2032133
-0.9958424,1.492512,-0.06216204
-0.8946936,1.800393,-0.04429793
-0.8885264,1.845732,-0.008096427
-0.8875122,1.845732,0.342174
-0.875722,1.884175,0.3430611
-0.8831964,1.845732,0.5082166
-0.8767316,1.857831,0.6144477
-0.8839508,1.838524,0.5640827
-0.8951325,1.798876,0.6127412
-0.9069457,1.762047,0.6376901
-1.048484,1.130453,2.515166
-1.054426,1.086443,2.550679
-0.9895684,1.086443,2.596044
-0.9909189,1.134138,2.556237
-1.064753,1.302467,0.9199032
-1.054636,1.268836,1.813126
-1.019839,1.289474,1.813126
-1.043653,1.318716,0.9339105
-1.091933,0.438959,-2.326388
-1.057047,0.506592,-3.061036
0,0.506592,-3.061036
-0.6991087,0.4380104,-2.326389
0,0.4380104,-2.315289
1.057047,0.506592,-3.061036
0.6991087,0.4380104,-2.326389
1.091933,0.438959,-2.326388
-0.8383274,0.8941115,-3.12798
-0.8577744,0.8941115,-3.115587
-0.857774,0.9857377,-3.11517
-0.8577735,1.077364,-3.114753
-0.8577731,1.16899,-3.114336
-0.8383274,1.338464,-3.097851
-0.6287456,0.8941115,-3.12798
-1.044779,1.326606,-3.098118
-1.048519,1.16899,-3.114201
-0.6287456,1.338464,-3.097851
-0.4191637,0.8941115,-3.12798
-0.4191637,1.338464,-3.097851
0,0.8941115,-3.12798
0,1.338464,-3.097851
0.4191637,0.8941115,-3.12798
0.4191637,1.338464,-3.097851
0.6287456,0.8941115,-3.12798
0.6287456,1.338464,-3.097851
0.8383274,0.8941115,-3.12798
0.8383274,1.338464,-3.097851
0.8577744,0.8941115,-3.115587
0.8577735,1.077364,-3.114753
0.857774,0.9857377,-3.11517
0.8577731,1.16899,-3.114336
1.044779,1.326606,-3.098118
1.048519,1.16899,-3.114201
-0.8273759,1.313404,1.813126
-0.4765701,1.320518,1.813126
-0.5339765,1.365558,1.166743
-0.7928878,1.365558,1.117776
-0.6788788,1.939315,0.347252
-0.533062,1.935574,0.6596487
-0.533062,1.963202,0.3478017
-0.679,1.911628,0.6492565
-0.8390177,1.906657,0.3456803
-0.8422799,1.877331,0.6341368
-1.136515,0.6775542,-1.162648
-1.086996,1.232052,-0.2984063
-1.086996,1.232051,-1.160917
-1.150337,0.6775543,-0.2984063
-1.086996,1.232055,0.3291818
-1.150337,0.6775544,0.3179992
-1.086996,1.232058,0.6597366
-1.150337,0.6775544,0.6597365
-1.086996,1.232062,0.9051369
-1.150337,0.6775544,0.9051369
-1.147683,0.6775544,1.33324
-1.147683,0.8532994,1.397312
-1.147683,0.9230362,1.513961
-1.147683,0.9445788,1.813126
-1.086996,1.210486,1.813126
-0.533062,1.971165,-0.2307728
-0.533062,1.963202,0.3478017
0,1.968122,0.3478017
0,1.976085,-0.2307728
0.533062,1.971165,-0.2307728
0.533062,1.963202,0.3478017
-1.049145,1.318716,-0.2670901
-1.034294,1.318716,-0.2984063
-1.05863,1.296804,-0.2984063
-1.063063,1.301267,0.3300123
-1.049145,1.318716,0.3300122
-0.5442837,0.9947394,2.61826
-0.3853236,0.9947046,2.621634
-0.3853235,1.061493,2.621771
-0.5442834,1.061493,2.618397
-1.049145,1.318716,0.3300122
-1.049145,1.318716,0.6597365
-1.042305,1.330411,0.6586761
-1.043537,1.330411,0.3304341
-0.6786017,1.947344,-0.2276593
-0.533062,1.963202,0.3478017
-0.533062,1.971165,-0.2307728
-0.6788788,1.939315,0.347252
-0.8391855,1.914165,-0.2182971
-0.8390177,1.906657,0.3456803
-0.8422799,1.877331,0.6341368
-0.8767316,1.857831,0.6144477
-1.043653,1.318716,0.9339105
-1.02041,1.332477,0.9822955
-0.8390177,1.906657,0.3456803
-0.875722,1.884175,0.3430611
-0.8767316,1.857831,0.6144477
-0.8422799,1.877331,0.6341368
-0.8755,1.891575,-0.2032133
-0.8391855,1.914165,-0.2182971
-1.034294,1.318716,-0.2984063
-1.049145,1.318716,-0.2670901
-0.8391855,1.914165,-0.2182971
-0.8755,1.891575,-0.2032133
-0.875722,1.884175,0.3430611
-0.8390177,1.906657,0.3456803
-0.9080219,1.412201,-0.2858955
-0.7703003,1.832463,-0.2289953
-0.8383273,1.412267,-0.286385
-0.6632528,1.855015,-0.2386018
-0.6287455,1.412431,-0.2877253
-0.5251011,1.877528,-0.2406382
-0.4191637,1.412527,-0.2886328
0,1.889955,-0.2403173
0,1.412551,-0.2888643
0.4191637,1.412527,-0.2886328
0.5251011,1.877528,-0.2406382
0.6287455,1.412431,-0.2877253
0.6632528,1.855015,-0.2386018
0.8383273,1.412267,-0.286385
0.7703003,1.832463,-0.2289953
0.9080219,1.412201,-0.2858955
-0.8351986,1.871529,0.6433035
-1.008009,1.341717,0.9810742
-0.7911202,1.373916,1.111123
-0.6781577,1.903677,0.656548
-0.5332624,1.373679,1.159615
-0.5323364,1.927563,0.6668947
0,1.373565,1.175841
0,1.932487,0.6608077
0.5323364,1.927563,0.6668947
0.5332624,1.373679,1.159615
0.6781577,1.903677,0.656548
0.7911202,1.373916,1.111123
0.8351986,1.871529,0.6433035
1.008009,1.341717,0.9810742
0,0.3662369,2.61932
-0.3449727,0.3660812,2.73677
-0.3449727,0.3662369,2.620441
0,0.3660812,2.737151
0.3449727,0.3660812,2.73677
0.3449727,0.3662369,2.620441
-1.131024,0.439154,-2.326389
-1.147563,0.6761229,-2.306119
-1.147563,0.6775541,-2.390757
-1.147563,0.6737649,-2.283797
-1.131024,0.4373456,-2.303976
-0.8383493,1.337941,-3.045613
-0.8383274,1.338464,-3.097851
-1.044779,1.326606,-3.098118
-0.9942305,1.32806,-3.045821
-0.6287456,1.337767,-3.045615
-0.8383274,1.338464,-3.097851
-0.8383493,1.337941,-3.045613
-0.6287456,1.338464,-3.097851
-0.4191637,1.337767,-3.045615
-0.4191637,1.338464,-3.097851
0,1.337767,-3.045615
0,1.338464,-3.097851
0.4191637,1.338464,-3.097851
0.4191637,1.337767,-3.045615
0.6287456,1.338464,-3.097851
0.6287456,1.337767,-3.045615
0.8383274,1.338464,-3.097851
0.8383493,1.337941,-3.045613
-0.9942305,1.32806,-3.045821
-1.044779,1.326606,-3.098118
-1.046115,1.333277,-2.382892
-0.9942305,1.334361,-2.382738
-1.050101,1.327522,-1.160786
-0.9942305,1.327708,-1.161124
-1.034294,1.318716,-0.2984063
-0.9942305,1.319184,-0.3506449
-0.8383274,1.318716,-0.2984063
-0.8383274,1.319184,-0.3506449
-0.6287456,1.318716,-0.2984063
-0.6287456,1.319184,-0.3506449
-0.4191637,1.318716,-0.2984063
-0.4191637,1.319184,-0.3506449
0,1.318716,-0.2984063
0,1.319184,-0.350645
0.4191637,1.319184,-0.3506449
0.4191637,1.318716,-0.2984063
0.6287456,1.319184,-0.3506449
0.6287456,1.318716,-0.2984063
0.8383274,1.319184,-0.3506449
0.8383274,1.318716,-0.2984063
0.9942305,1.319184,-0.3506449
1.034294,1.318716,-0.2984063
0.9942305,1.327708,-1.161124
1.050101,1.327522,-1.160786
0.9942305,1.334361,-2.382738
1.046115,1.333277,-2.382892
0.9942305,1.32806,-3.045821
1.044779,1.326606,-3.098118
-0.8053021,0.9037873,2.115803
-1.147683,0.9091071,2.116991
-1.147683,0.9222251,1.813287
-0.8053021,0.9168506,1.813364
-0.8053021,0.6746848,1.361155
-1.147683,0.6756166,1.35587
-1.131145,0.3662367,1.336957
-0.8053021,0.3848612,1.313388
-0.1786111,0.8037819,2.620801
-0.009364034,0.8032349,2.62025
-0.009364034,0.8704198,2.620387
-0.1786156,0.8707844,2.620938
-0.5127454,1.374855,1.186733
-0.4572947,1.331514,1.81111
0,1.331202,1.813126
0,1.37486,1.202457
0.5127454,1.374855,1.186733
0.4572947,1.331514,1.81111
-0.9387471,1.302404,1.813126
-0.8273759,1.313404,1.813126
-0.7928878,1.365558,1.117776
-1.02041,1.332477,0.9822955
-1.043653,1.318716,0.9339105
-1.019839,1.289474,1.813126
-0.6991087,0.7470269,-2.267809
-1.147563,0.7498964,-2.272346
-1.147563,0.6737649,-2.283797
-0.6991087,0.672631,-2.278552
-1.057047,0.7168777,-3.096145
-1.086996,0.6858339,-3.081229
-1.086996,0.8941115,-3.104157
-1.051749,0.8941115,-3.115645
-1.052467,0.7168777,-3.097078
-0.8383274,0.6775545,2.613181
-0.7313304,0.6942613,2.613673
-0.8383274,0.6942613,2.613242
-0.7313304,0.6775545,2.613611
-0.375962,0.6938561,2.621216
-0.4080939,0.6775545,2.620485
-0.3449727,0.6775545,2.621052
0,0.6923307,2.619993
0,0.6775545,2.619932
0.3449727,0.6775545,2.621052
0.375962,0.6938561,2.621216
0.4080939,0.6775545,2.620485
0.7313304,0.6775545,2.613611
0.7313304,0.6942613,2.613673
0.8383274,0.6775545,2.613181
0.8383274,0.6942613,2.613242
-0.7313304,0.6775545,2.613611
-0.4080939,0.6773989,2.735554
-0.4080939,0.6775545,2.620485
-0.7324505,0.6773989,2.717118
-0.8383274,0.6775545,2.613181
-0.8543022,0.6773992,2.711954
-0.9895684,0.6775545,2.595178
-1.023822,0.6774067,2.699746
-1.054426,0.6775545,2.549845
-1.086181,0.6774482,2.669153
-1.086996,0.6775545,2.48616
-1.131694,0.6775165,2.544865
-1.086996,0.6775545,2.441279
-1.135933,0.6775545,2.457643
-0.9895684,0.6775545,2.595178
-0.8383274,0.6775545,2.613181
-0.8383274,0.6942613,2.613242
-0.9895684,0.6942613,2.595239
0,0.7168777,-3.096978
-1.052467,0.7168777,-3.097078
-1.051749,0.8941115,-3.115645
-0.8577744,0.8941115,-3.115587
-0.8383274,0.8941115,-3.12798
-0.6287456,0.8941115,-3.12798
-0.4191637,0.8941115,-3.12798
0,0.8941115,-3.12798
0.4191637,0.8941115,-3.12798
0.6287456,0.8941115,-3.12798
0.8383274,0.8941115,-3.12798
1.052467,0.7168777,-3.097078
0.8577744,0.8941115,-3.115587
1.051749,0.8941115,-3.115645
-1.131145,0.3662368,2.317946
-1.086996,0.3662369,2.441114
-1.086996,0.6775545,2.441279
-1.147683,0.6775545,2.318223
-0.7324505,0.3660812,2.716507
-0.4080939,0.3660812,2.734942
-0.4080939,0.6773989,2.735554
-0.7324505,0.6773989,2.717118
-0.8512437,0.4705041,2.711421
-0.7468077,0.470504,2.714944
-0.8543028,0.3660814,2.711342
-1.015666,0.4705067,2.701996
-1.023837,0.366089,2.69913
-0.7468077,0.572978,2.715396
-0.8543022,0.6773992,2.711954
-0.8512346,0.5729781,2.711874
-1.023822,0.6774067,2.699746
-1.015653,0.5729806,2.702453
-1.056371,0.5376214,-3.259153
-1.086996,0.5376303,-3.259154
-1.086996,0.6858392,-3.275145
-1.053143,0.6858482,-3.275146
0,0.5376077,-3.259151
0,0.6858619,-3.275148
1.053143,0.6858482,-3.275146
1.056371,0.5376214,-3.259153
1.086996,0.6858392,-3.275145
1.086996,0.5376303,-3.259154
-1.0631,1.301221,0.6597365
-1.086996,1.232062,0.9051369
-1.064753,1.302467,0.9199032
-1.086996,1.232058,0.6597366
-1.063063,1.301267,0.3300123
-1.086996,1.232055,0.3291818
-1.05863,1.296804,-0.2984063
-1.086996,1.232052,-0.2984063
-1.065835,1.30353,-1.160786
-1.086996,1.232051,-1.160917
-0.3595348,1.147237,2.581729
-0.35746,1.112164,2.609733
0,1.111995,2.608361
0,1.143315,2.582162
0.3595348,1.147237,2.581729
0.35746,1.112164,2.609733
-1.054636,1.268836,1.813126
-1.086996,1.210486,1.813126
-1.086996,1.086443,2.487065
-1.048484,1.130453,2.515166
-0.9909189,1.134138,2.556237
-0.9895684,1.086443,2.596044
-0.8383274,1.086443,2.614047
-0.843397,1.134785,2.574276
-0.7373222,1.135631,2.575032
-0.375962,1.086443,2.622021
-0.3788681,1.135994,2.583215
-0.7313304,1.086443,2.614478
-0.843397,1.134785,2.574276
-0.8383274,1.086443,2.614047
-1.065284,1.296486,-3.097989
-1.086996,1.225379,-3.098817
-1.086996,1.23205,-2.383483
-1.065751,1.30349,-2.382892
-1.086996,1.232051,-1.160917
-1.065835,1.30353,-1.160786
-1.064753,1.302467,0.9199032
-1.086996,1.232062,0.9051369
-1.086996,1.210486,1.813126
-1.054636,1.268836,1.813126
-1.054636,1.268836,1.813126
-1.048484,1.130453,2.515166
-0.9909189,1.134138,2.556237
-1.019839,1.289474,1.813126
-0.1786168,0.99449,2.621191
-0.009364034,0.9943077,2.62064
-0.009364033,1.061493,2.620777
-0.1786167,1.061493,2.621328
-0.8383292,0.7098477,2.613274
-0.8383274,0.6942613,2.613242
-0.7313304,0.6942613,2.613673
-0.7313316,0.7098477,2.613705
-0.5536344,0.7096925,2.617476
-0.7313316,0.7098477,2.613705
-0.7313304,0.6942613,2.613673
-0.375962,0.6938561,2.621216
-0.3759372,0.7095371,2.621248
0,0.6923307,2.619993
-0.1879686,0.7087272,2.620636
0,0.7079173,2.620025
0.1879686,0.7087272,2.620636
0.375962,0.6938561,2.621216
0.3759372,0.7095371,2.621248
0.5536344,0.7096925,2.617476
0.7313304,0.6942613,2.613673
0.7313316,0.7098477,2.613705
-0.9896461,0.7098478,2.595218
-0.9895684,0.6942613,2.595239
-0.8383274,0.6942613,2.613242
-0.8383292,0.7098477,2.613274
-0.8383256,1.070857,2.614015
-0.8383274,1.086443,2.614047
-0.9895684,1.086443,2.596044
-0.9895595,1.070857,2.596017
-0.375962,1.086443,2.622021
-0.7313304,1.086443,2.614478
-0.7313291,1.070857,2.614446
-0.5536453,1.070857,2.618217
-0.3759615,1.070857,2.621989
0,1.086443,2.620798
-0.1879808,1.070857,2.621377
0,1.070857,2.620766
0.375962,1.086443,2.622021
0.1879808,1.070857,2.621377
0.3759615,1.070857,2.621989
0.5536453,1.070857,2.618217
0.7313304,1.086443,2.614478
0.7313291,1.070857,2.614446
-0.7313291,1.070857,2.614446
-0.7313304,1.086443,2.614478
-0.8383274,1.086443,2.614047
-0.8383256,1.070857,2.614015
-0.9895595,1.070857,2.596017
-0.9895684,1.086443,2.596044
-1.054426,1.086443,2.550679
-1.041998,1.070857,2.55934
-1.054426,0.900533,2.550298
-1.041998,0.9005152,2.558991
-1.041998,0.8812686,2.558952
-1.054426,0.8812864,2.550259
-1.054426,0.7282093,2.549946
-1.041998,0.7347034,2.558652
-1.026641,0.6937464,2.569309
-1.021601,0.7094041,2.572866
-0.9895684,0.6942613,2.595239
-0.9896461,0.7098478,2.595218
-1.054426,0.900533,2.550298
-1.054426,1.086443,2.550679
-1.086996,1.086443,2.487065
-1.054426,0.8812864,2.550259
-1.054426,0.7282093,2.549946
-1.086996,0.6775545,2.48616
-1.054426,0.6775545,2.549845
-0.8383273,0.8999755,2.613664
-0.8383275,0.880729,2.613625
-0.7313305,0.880729,2.614056
-0.7313303,0.8999755,2.614095
-0.5536456,0.8806514,2.617827
-0.5536461,0.8998979,2.617867
-0.3759606,0.8805737,2.621599
-0.3759619,0.8998202,2.621638
-0.1879803,0.8801687,2.620987
-0.1879809,0.8994153,2.621027
0,0.8797637,2.620376
0,0.8990102,2.620415
0.1879809,0.8994153,2.621027
0.1879803,0.8801687,2.620987
0.3759619,0.8998202,2.621638
0.3759606,0.8805737,2.621599
0.5536461,0.8998979,2.617867
0.5536456,0.8806514,2.617827
0.7313303,0.8999755,2.614095
0.7313305,0.880729,2.614056
0.8383273,0.8999755,2.613664
0.8383275,0.880729,2.613625
-0.989568,0.8999755,2.595662
-0.9895725,0.880729,2.595619
-0.8383275,0.880729,2.613625
-0.8383273,0.8999755,2.613664
-0.9895725,0.880729,2.595619
-0.989568,0.8999755,2.595662
-1.041998,0.9005152,2.558991
-1.041998,0.8812686,2.558952
-0.1786169,0.9087591,2.621015
-0.009364034,0.9083945,2.620465
-0.009364034,0.9755796,2.620602
-0.1786168,0.9757618,2.621152
-0.3665978,0.9091641,2.621627
-0.197345,0.9087995,2.621076
-0.1973449,0.975782,2.621213
-0.3665977,0.9759644,2.621764
-0.3665976,0.9946925,2.621803
-0.1973449,0.9945102,2.621252
-0.1973448,1.061493,2.621389
-0.3665975,1.061493,2.621939
-0.1786052,0.7180511,2.620625
-0.009364035,0.7173219,2.620075
-0.009364034,0.7845067,2.620212
-0.1786098,0.7850536,2.620762
-0.3665744,0.718861,2.621237
-0.1973333,0.7181318,2.620686
-0.1973379,0.7851142,2.620823
-0.3665836,0.7856611,2.621374
-0.3665861,0.8043893,2.621412
-0.1973391,0.8038424,2.620862
-0.1973437,0.8708248,2.620999
-0.3665953,0.8711894,2.621549
-0.544284,0.9092579,2.618085
-0.3853239,0.9091884,2.621459
-0.3853237,0.9759765,2.621596
-0.5442838,0.9760112,2.618222
-0.7219682,0.9093355,2.614313
-0.563008,0.9092661,2.617687
-0.5630078,0.9760153,2.617824
-0.7219678,0.97605,2.61445
-0.7219676,0.9947782,2.614488
-0.5630077,0.9947435,2.617862
-0.5630074,1.061493,2.618
-0.7219672,1.061493,2.614625
-0.544273,0.7190483,2.617694
-0.3853005,0.7189094,2.621068
-0.3853096,0.7856975,2.621206
-0.5442774,0.7858017,2.617831
-0.7219695,0.7192036,2.613923
-0.562997,0.7190647,2.617297
-0.5630013,0.785814,2.617434
-0.7219691,0.7859182,2.61406
-0.7219689,0.8046463,2.614098
-0.5630025,0.8045421,2.617472
-0.5630069,0.8712913,2.617609
-0.7219685,0.8713608,2.614235
-0.8383312,0.7261048,2.613308
-0.8383292,0.7098477,2.613274
-0.7313316,0.7098477,2.613705
-0.7469485,0.7261048,2.613675
-0.731331,0.7952884,2.61388
-0.746948,0.7952886,2.613817
-0.7313305,0.880729,2.614056
-0.7469476,0.864472,2.613959
-0.8383275,0.880729,2.613625
-0.8383255,0.8644719,2.61359
-0.9897272,0.726105,2.595197
-0.9896461,0.7098478,2.595218
-0.8383292,0.7098477,2.613274
-0.8383312,0.7261048,2.613308
-0.8383237,1.0546,2.613982
-0.8383256,1.070857,2.614015
-0.9895595,1.070857,2.596017
-0.9895504,1.0546,2.595989
-0.7469463,1.0546,2.61435
-0.8383256,1.070857,2.614015
-0.8383237,1.0546,2.613982
-0.7313291,1.070857,2.614446
-0.7469467,0.9854164,2.614208
-0.7313297,0.9854162,2.61427
-0.7469472,0.9162326,2.614066
-0.7313303,0.8999755,2.614095
-0.8383292,0.9162326,2.613698
-0.8383273,0.8999755,2.613664
-0.9895504,1.0546,2.595989
-0.9895595,1.070857,2.596017
-1.041998,1.070857,2.55934
-1.029035,1.0546,2.568373
-1.041998,0.9005152,2.558991
-1.029035,0.9166392,2.568091
-0.989568,0.8999755,2.595662
-0.989524,0.9162326,2.595727
-1.016344,0.7257353,2.576576
-0.9896461,0.7098478,2.595218
-0.9897272,0.726105,2.595197
-1.021601,0.7094041,2.572866
-1.029035,0.741477,2.567732
-1.041998,0.7347034,2.558652
-1.029035,0.8648777,2.567985
-1.041998,0.8812686,2.558952
-0.9896164,0.864472,2.595553
-0.9895725,0.880729,2.595619
-0.989524,0.9162326,2.595727
-0.989568,0.8999755,2.595662
-0.8383273,0.8999755,2.613664
-0.8383292,0.9162326,2.613698
-0.8383255,0.8644719,2.61359
-0.8383275,0.880729,2.613625
-0.9895725,0.880729,2.595619
-0.9896164,0.864472,2.595553
-1.136515,0.6775542,-1.162648
-1.147563,0.6692539,-1.324174
-1.131024,0.3907905,-1.321935
-1.12207,0.3862202,-1.164029
-1.150337,0.6775543,-0.2984063
-1.12207,0.3662366,-0.2984064
-1.12207,0.3662367,0.3108432
-1.12207,0.3662367,0.6597365
-1.150337,0.6775544,0.6597365
-1.150337,0.6775544,0.3179992
-1.12207,0.3662367,0.9051369
-1.131145,0.3662367,1.314459
-1.150337,0.6775544,0.9051369
-1.147683,0.6775544,1.33324
-1.147683,0.6756166,1.35587
-1.131145,0.3662367,1.336957
-1.052467,0.7168777,-3.097078
-1.057047,0.7168777,-3.247318
-1.057047,0.7168777,-3.096145
-1.052467,0.7168777,-3.247318
0,0.7168777,-3.096978
0,0.7168777,-3.247318
1.052467,0.7168777,-3.247318
1.052467,0.7168777,-3.097078
1.057047,0.7168777,-3.247318
1.057047,0.7168777,-3.096145
-1.097681,0.8941115,-2.966611
-1.086996,0.8941115,-3.104157
-1.086996,0.6858339,-3.081229
-1.124625,0.9425661,-2.387843
-1.095975,0.9847888,-2.965748
-1.094269,1.075466,-2.964885
-1.092563,1.166144,-2.964022
-1.147563,0.6775541,-2.390757
-1.147563,0.7535396,-2.29645
-1.147563,0.6761229,-2.306119
-1.086996,0.6858339,-3.081229
-1.086996,0.6858392,-3.275145
-1.086996,0.5376303,-3.259154
-1.086996,0.5376357,-3.062914
-0.3449727,0.6775545,2.621052
-0.3449727,0.6773989,2.737381
0,0.6773989,2.737762
0,0.6775545,2.619932
0.3449727,0.6775545,2.621052
0.3449727,0.6773989,2.737381
-1.086181,0.6774482,2.669153
-1.131694,0.6775165,2.544865
-1.131705,0.3661989,2.544235
-1.086205,0.3661305,2.668481
-0.3449727,0.3660812,2.73677
0,0.6773989,2.737762
-0.3449727,0.6773989,2.737381
0,0.3660812,2.737151
0.3449727,0.3660812,2.73677
0.3449727,0.6773989,2.737381
-1.086205,0.3661305,2.668481
-1.023837,0.366089,2.69913
-1.023822,0.6774067,2.699746
-1.086181,0.6774482,2.669153
-1.135933,0.3662369,2.457478
-1.131705,0.3661989,2.544235
-1.131694,0.6775165,2.544865
-1.135933,0.6775545,2.457643
-1.086996,0.3662369,2.485573
-1.135933,0.3662369,2.457478
-1.086996,0.3662369,2.441114
-1.131705,0.3661989,2.544235
-1.054427,0.3662369,2.5492
-1.086205,0.3661305,2.668481
-0.9895684,0.3662369,2.594567
-1.023837,0.366089,2.69913
-0.8383274,0.3662369,2.612569
-0.8543028,0.3660814,2.711342
-0.7313304,0.3662369,2.613
-0.7324505,0.3660812,2.716507
-0.4080939,0.3662369,2.619874
-0.4080939,0.3660812,2.734942
-1.086996,0.3662369,2.441114
-1.135933,0.3662369,2.457478
-1.135933,0.6775545,2.457643
-1.086996,0.6775545,2.441279
0,0.3662369,2.61932
-0.3449727,0.3662369,2.620441
-0.4080939,0.3662369,2.619874
-0.7313304,0.3662369,2.613
-0.8053021,0.3662367,2.319324
-0.8053021,0.3848612,1.313388
-0.8053021,0.3848612,1.293414
-1.12207,0.3662367,0.6597365
-1.12207,0.3662367,0.3108432
-1.12207,0.3662366,-0.2984064
-1.12207,0.3862202,-1.164029
-1.12207,0.3662367,0.9051369
-1.131145,0.3662367,1.314459
-0.8053021,0.3848612,1.313388
-1.131145,0.3662367,1.336957
-1.131024,0.3907905,-1.321935
-0.6991087,0.4028807,-1.323606
0,0.4380104,-2.315289
-0.6991087,0.4380104,-2.326389
-1.091933,0.438959,-2.326388
-0.6991087,0.4380104,-2.297336
-1.131024,0.4373456,-2.303976
-1.131024,0.439154,-2.326389
0.4080939,0.3662369,2.619874
0.3449727,0.3662369,2.620441
0.7313304,0.3662369,2.613
0.8053021,0.3662367,2.319324
0.8053021,0.3848612,1.313388
0.8053021,0.3848612,1.293414
1.086996,0.3662369,2.441114
1.131145,0.3662368,2.317946
1.131145,0.3662368,2.295071
0.8053021,0.3662367,2.295071
1.086996,0.3662369,2.485573
1.054427,0.3662369,2.5492
0.9895684,0.3662369,2.594567
0.8383274,0.3662369,2.612569
1.12207,0.3662367,0.6597365
1.12207,0.3662367,0.9051369
1.131145,0.3662367,1.314459
0.8053021,0.3848612,1.313388
1.131145,0.3662367,1.336957
1.12207,0.3662367,0.3108432
1.12207,0.3662366,-0.2984064
1.12207,0.3862202,-1.164029
1.131024,0.3907905,-1.321935
0.6991087,0.4028807,-1.323606
0,0.4380104,-2.315289
0.6991087,0.4380104,-2.326389
0.6991087,0.4380104,-2.297336
1.091933,0.438959,-2.326388
1.131024,0.4373456,-2.303976
1.131024,0.439154,-2.326389
-0.3449727,0.3662369,2.620441
-0.3449727,0.3290328,2.620382
-0.4080939,0.3290328,2.619815
-0.4080939,0.3662369,2.619874
-0.3449727,0.3660812,2.73677
-0.3449727,0.3290328,2.620382
-0.3449727,0.3662369,2.620441
-0.3449727,0.3290328,2.766887
-0.3449727,0.6773989,2.737381
-0.3449727,0.7507226,2.766887
-0.3449727,0.6775545,2.621052
-0.3449727,0.7507226,2.62111
-0.3449727,0.3290328,2.766887
-0.4080939,0.3290328,2.766887
-0.4080939,0.3290328,2.619815
-0.3449727,0.3290328,2.620382
-0.3449727,0.7507226,2.62111
-0.4080939,0.7507226,2.620543
-0.4080939,0.7507226,2.766887
-0.3449727,0.7507226,2.766887
-0.3449727,0.7507226,2.766887
-0.4080939,0.7507226,2.766887
-0.4080939,0.3290328,2.766887
-0.3449727,0.3290328,2.766887
-0.4080939,0.3662369,2.619874
-0.4080939,0.3290328,2.619815
-0.4080939,0.3290328,2.766887
-0.4080939,0.3660812,2.734942
-0.4080939,0.7507226,2.766887
-0.4080939,0.6773989,2.735554
-0.4080939,0.7507226,2.620543
-0.4080939,0.6775545,2.620485
-0.4080939,0.6775545,2.620485
-0.4080939,0.7507226,2.620543
-0.3449727,0.7507226,2.62111
-0.3449727,0.6775545,2.621052
-1.015653,0.5729806,2.702453
-1.023822,0.6774067,2.699746
-1.023837,0.366089,2.69913
-1.015666,0.4705067,2.701996
-0.7468077,0.470504,2.714944
-0.7324505,0.3660812,2.716507
-0.7324505,0.6773989,2.717118
-0.7468077,0.572978,2.715396
-0.8906674,1.835426,0.3422236
-0.8916759,1.835429,-0.002903044
-0.8959105,1.796536,-0.03368783
-0.9958958,1.492491,-0.05133143
-1.033091,1.362737,-0.04480958
-1.041373,1.340737,-0.03078416
-1.040381,1.340716,0.3304233
-0.9088038,1.756722,0.6284726
-1.039095,1.340698,0.6586195
-0.8973485,1.792052,0.604513
-0.8870414,1.828712,0.5595327
-0.8863868,1.835432,0.5075766
-1.031335,1.345431,0.8751535
-1.033191,1.340688,0.8641316
-1.027623,1.356921,0.873758
-1.042305,1.330411,0.6586761
-1.049145,1.318716,0.6597365
-1.043653,1.318716,0.9339105
-1.036361,1.330411,0.8665621
-1.032983,1.339122,0.8867861
-1.026295,1.360154,0.8842388
-0.8767316,1.857831,0.6144477
-0.9069457,1.762047,0.6376901
-0.8916759,1.835429,-0.002903044
-0.8885264,1.845732,-0.008096427
-0.8946936,1.800393,-0.04429793
-0.8959105,1.796536,-0.03368783
-0.8906674,1.835426,0.3422236
-0.8885264,1.845732,-0.008096427
-0.8916759,1.835429,-0.002903044
-0.8875122,1.845732,0.342174
-0.8863868,1.835432,0.5075766
-0.8831964,1.845732,0.5082166
-0.8870414,1.828712,0.5595327
-0.8839508,1.838524,0.5640827
-0.8973485,1.792052,0.604513
-0.8951325,1.798876,0.6127412
-0.9088038,1.756722,0.6284726
-0.9069457,1.762047,0.6376901
-1.027623,1.356921,0.873758
-1.026295,1.360154,0.8842388
-1.031335,1.345431,0.8751535
-1.032983,1.339122,0.8867861
-1.033191,1.340688,0.8641316
-1.036361,1.330411,0.8665621
-1.039095,1.340698,0.6586195
-1.042305,1.330411,0.6586761
-1.040381,1.340716,0.3304233
-1.043537,1.330411,0.3304341
-1.041373,1.340737,-0.03078416
-1.044481,1.330411,-0.03693056
-1.033091,1.362737,-0.04480958
-1.033979,1.359659,-0.05548382
-1.044481,1.330411,-0.03693056
-1.041373,1.340737,-0.03078416
-0.9958958,1.492491,-0.05133143
-1.033979,1.359659,-0.05548382
-1.033091,1.362737,-0.04480958
-0.9958424,1.492512,-0.06216204
-0.8959105,1.796536,-0.03368783
-0.8946936,1.800393,-0.04429793
-0.5332624,1.373679,1.159615
-0.5339765,1.365558,1.166743
0,1.365558,1.183118
0,1.373565,1.175841
0.5332624,1.373679,1.159615
0.5339765,1.365558,1.166743
0,1.932487,0.6608077
-0.533062,1.935574,0.6596487
-0.5323364,1.927563,0.6668947
0,1.940494,0.6535296
0.533062,1.935574,0.6596487
0.5323364,1.927563,0.6668947
-0.8351986,1.871529,0.6433035
-0.8422799,1.877331,0.6341368
-1.02041,1.332477,0.9822955
-1.008009,1.341717,0.9810742
-0.7911202,1.373916,1.111123
-0.7928878,1.365558,1.117776
-0.5339765,1.365558,1.166743
-0.5332624,1.373679,1.159615
-0.5323364,1.927563,0.6668947
-0.533062,1.935574,0.6596487
-0.679,1.911628,0.6492565
-0.6781577,1.903677,0.656548
-1.008009,1.341717,0.9810742
-1.02041,1.332477,0.9822955
-0.7928878,1.365558,1.117776
-0.7911202,1.373916,1.111123
-0.6781577,1.903677,0.656548
-0.679,1.911628,0.6492565
-0.8422799,1.877331,0.6341368
-0.8351986,1.871529,0.6433035
-0.9245118,1.399985,-0.2874726
-0.8391855,1.914165,-0.2182971
-0.7792952,1.843125,-0.2275252
-1.034294,1.318716,-0.2984063
-0.8383274,1.400054,-0.2879841
-0.8383274,1.318716,-0.2984063
-0.6287456,1.400194,-0.2891294
-0.6287456,1.318716,-0.2984063
-0.4191637,1.400275,-0.2899022
-0.4191637,1.318716,-0.2984063
0,1.400297,-0.2901104
0,1.318716,-0.2984063
0.4191637,1.318716,-0.2984063
0.4191637,1.400275,-0.2899022
0.6287456,1.318716,-0.2984063
0.6287456,1.400194,-0.2891294
0.8383274,1.318716,-0.2984063
0.8383274,1.400054,-0.2879841
1.034294,1.318716,-0.2984063
0.9245118,1.399985,-0.2874726
0.8391855,1.914165,-0.2182971
0.7792952,1.843125,-0.2275252
-0.7792952,1.843125,-0.2275252
-0.8391855,1.914165,-0.2182971
-0.6786017,1.947344,-0.2276593
-0.6652554,1.867071,-0.2371582
-0.6652554,1.867071,-0.2371582
-0.6786017,1.947344,-0.2276593
-0.533062,1.971165,-0.2307728
-0.5261409,1.889757,-0.2393572
0,1.976085,-0.2307728
0,1.902213,-0.2390709
0.5261409,1.889757,-0.2393572
0.533062,1.971165,-0.2307728
0.6652554,1.867071,-0.2371582
0.6786017,1.947344,-0.2276593
-0.9080219,1.412201,-0.2858955
-0.7792952,1.843125,-0.2275252
-0.7703003,1.832463,-0.2289953
-0.9245118,1.399985,-0.2874726
-0.8383273,1.412267,-0.286385
-0.8383274,1.400054,-0.2879841
-0.6287455,1.412431,-0.2877253
-0.6287456,1.400194,-0.2891294
-0.4191637,1.412527,-0.2886328
-0.4191637,1.400275,-0.2899022
0,1.412551,-0.2888643
0,1.400297,-0.2901104
0.4191637,1.400275,-0.2899022
0.4191637,1.412527,-0.2886328
0.6287456,1.400194,-0.2891294
0.6287455,1.412431,-0.2877253
0.8383274,1.400054,-0.2879841
0.8383273,1.412267,-0.286385
0.9245118,1.399985,-0.2874726
0.9080219,1.412201,-0.2858955
0.7792952,1.843125,-0.2275252
0.7703003,1.832463,-0.2289953
-0.7703003,1.832463,-0.2289953
-0.7792952,1.843125,-0.2275252
-0.6652554,1.867071,-0.2371582
-0.6632528,1.855015,-0.2386018
-0.6632528,1.855015,-0.2386018
-0.6652554,1.867071,-0.2371582
-0.5261409,1.889757,-0.2393572
-0.5251011,1.877528,-0.2406382
0,1.902213,-0.2390709
0,1.889955,-0.2403173
0.5251011,1.877528,-0.2406382
0.5261409,1.889757,-0.2393572
0.6632528,1.855015,-0.2386018
0.6652554,1.867071,-0.2371582
-0.8053021,0.8189495,2.247773
-1.147683,0.8221132,2.25223
-1.147683,0.8762367,2.195544
-0.8053021,0.8716697,2.192557
-1.131145,0.3662368,2.295071
-1.147683,0.6770868,2.295325
-0.8053021,0.6768616,2.289959
-0.8053021,0.3662367,2.295071
-0.6991087,0.6720291,-1.352583
-1.147563,0.6722832,-1.347214
-1.147563,0.8231102,-1.392296
-0.6991087,0.8201313,-1.396908
-0.6991087,0.4028807,-1.345133
-1.131024,0.3918688,-1.344298
-1.147563,0.6722832,-1.347214
-0.6991087,0.6720291,-1.352583
-0.8053021,0.8959078,1.522532
-1.147683,0.9011685,1.520874
-1.147683,0.8368176,1.413234
-0.8053021,0.8330097,1.417322
-0.8053021,0.8330097,1.417322
-1.147683,0.8368176,1.413234
-1.147683,0.6756166,1.35587
-0.8053021,0.6746848,1.361155
-0.8053021,0.6768616,2.289959
-1.147683,0.6770868,2.295325
-1.147683,0.8221132,2.25223
-0.8053021,0.8189495,2.247773
-1.147683,0.931241,2.121908
-1.147683,0.8952295,2.207969
-1.086996,1.086443,2.487065
-1.147683,0.9445788,1.813126
-1.086996,1.210486,1.813126
-0.8053021,0.8716697,2.192557
-1.147683,0.8762367,2.195544
-1.147683,0.9091071,2.116991
-0.8053021,0.9037873,2.115803
-0.8053021,0.9168506,1.813364
-1.147683,0.9222251,1.813287
-1.147683,0.9011685,1.520874
-0.8053021,0.8959078,1.522532
-0.6991087,0.8957092,-2.119277
-1.147563,0.9010641,-2.120404
-1.147563,0.8380892,-2.229696
-0.6991087,0.8335778,-2.226599
-0.6991087,0.917623,-1.827289
-1.147563,0.9229912,-1.827118
-1.147563,0.9010641,-2.120404
-0.6991087,0.8957092,-2.119277
-0.6991087,0.8201313,-1.396908
-1.147563,0.8231102,-1.392296
-1.147563,0.8736365,-1.450373
-0.6991087,0.8692468,-1.453638
-0.6991087,0.8335778,-2.226599
-1.147563,0.8380892,-2.229696
-1.147563,0.7498964,-2.272346
-0.6991087,0.7470269,-2.267809
-1.147683,0.8368176,1.413234
-1.147683,0.6775544,1.33324
-1.147683,0.6756166,1.35587
-1.147683,0.8532994,1.397312
-1.147683,0.9011685,1.520874
-1.147683,0.9230362,1.513961
-1.147683,0.9222251,1.813287
-1.147683,0.9445788,1.813126
-1.147683,0.9091071,2.116991
-1.147683,0.931241,2.121908
-1.147683,0.8762367,2.195544
-1.147683,0.8952295,2.207969
-1.147683,0.8221132,2.25223
-1.147683,0.8377752,2.268143
-1.147683,0.6770868,2.295325
-1.147683,0.6775545,2.318223
-1.131145,0.3662368,2.295071
-1.131145,0.3662368,2.317946
-1.147683,0.6775545,2.318223
-1.147683,0.6770868,2.295325
-1.131024,0.3918688,-1.344298
-1.131024,0.3907905,-1.321935
-1.147563,0.6692539,-1.324174
-1.147563,0.6722832,-1.347214
-1.147563,0.7498964,-2.272346
-1.147563,0.6761229,-2.306119
-1.147563,0.6737649,-2.283797
-1.147563,0.7535396,-2.29645
-1.147563,0.8380892,-2.229696
-1.147563,0.8571042,-2.241984
-1.147563,0.9010641,-2.120404
-1.147563,0.9233337,-2.12509
-1.147563,0.9229912,-1.827118
-1.147563,0.9453163,-1.826409
-1.147563,0.9100598,-1.529476
-1.147563,0.928489,-1.515831
-1.147563,0.8919013,-1.436788
-1.147563,0.8736365,-1.450373
-1.147563,0.8231102,-1.392296
-1.147563,0.8376045,-1.375228
-1.147563,0.6722832,-1.347214
-1.147563,0.6692539,-1.324174
-1.057047,0.506592,-3.061036
-1.057047,0.5065919,-3.224629
0,0.5065919,-3.224629
0,0.506592,-3.061036
1.057047,0.506592,-3.061036
1.057047,0.5065919,-3.224629
-1.057047,0.506592,-3.061036
-1.091933,0.438959,-2.326388
-1.131024,0.439154,-2.326389
-1.086996,0.5376357,-3.062914
-1.086996,0.6858339,-3.081229
-1.057047,0.7168777,-3.096145
-1.057047,0.7168777,-3.247318
-1.086996,0.6858392,-3.275145
-1.057047,0.5065919,-3.224629
-1.086996,0.5376303,-3.259154
-1.056371,0.5376214,-3.259153
0,0.5376077,-3.259151
0,0.5065919,-3.224629
1.057047,0.5065919,-3.224629
1.056371,0.5376214,-3.259153
1.086996,0.5376303,-3.259154
-1.052467,0.7168777,-3.247318
-1.086996,0.6858392,-3.275145
-1.057047,0.7168777,-3.247318
-1.053143,0.6858482,-3.275146
0,0.7168777,-3.247318
0,0.6858619,-3.275148
1.053143,0.6858482,-3.275146
1.052467,0.7168777,-3.247318
1.086996,0.6858392,-3.275145
1.057047,0.7168777,-3.247318
-1.057047,0.506592,-3.061036
-1.086996,0.5376357,-3.062914
-1.086996,0.5376303,-3.259154
-1.057047,0.5065919,-3.224629
-1.086996,0.5376357,-3.062914
-1.131024,0.439154,-2.326389
-1.147563,0.6775541,-2.390757
-1.086996,0.6858339,-3.081229
-1.048519,1.16899,-3.114201
-1.086996,1.16899,-3.105876
-1.086996,1.225379,-3.098817
-1.065284,1.296486,-3.097989
-1.044779,1.326606,-3.098118
-1.092563,1.166144,-2.964022
-1.124625,0.9425661,-2.387843
-1.086996,1.23205,-2.383483
-1.086996,1.16899,-3.105876
-1.086996,1.225379,-3.098817
-0.8676069,0.9043467,-3.115523
-1.051749,0.8941115,-3.115645
-1.051747,0.9043469,-3.115609
-0.8577744,0.8941115,-3.115587
-0.8676065,0.9891495,-3.115146
-0.857774,0.9857377,-3.11517
-0.867606,1.073952,-3.114769
-0.8577735,1.077364,-3.114753
-0.8676057,1.158755,-3.114393
-0.8577731,1.16899,-3.114336
-1.04852,1.158755,-3.114237
-1.048519,1.16899,-3.114201
-1.051747,0.9043469,-3.115609
-1.051749,0.8941115,-3.115645
-1.086996,0.8941115,-3.104157
-1.086936,0.9043469,-3.104146
-1.087049,1.158755,-3.105987
-1.086996,1.16899,-3.105876
-1.048519,1.16899,-3.114201
-1.04852,1.158755,-3.114237
-1.086936,0.9043469,-3.104146
-1.086996,0.8941115,-3.104157
-1.097681,0.8941115,-2.966611
-1.096978,0.9043487,-2.976719
-1.095975,0.9847888,-2.965748
-1.095344,0.9882697,-2.975928
-1.094269,1.075466,-2.964885
-1.093711,1.072191,-2.975137
-1.092563,1.166144,-2.964022
-1.092077,1.156112,-2.974346
-1.086996,1.16899,-3.105876
-1.087049,1.158755,-3.105987
-1.147683,0.8377752,2.268143
-1.147683,0.6775545,2.318223
-1.086996,0.6775545,2.48616
-1.086996,1.086443,2.487065
-1.147683,0.8952295,2.207969
-0.5536456,0.8806514,2.617827
-0.544283,0.8712832,2.618007
-0.3853213,0.8712137,2.621381
-0.3759606,0.8805737,2.621599
-0.5536399,0.7951719,2.617652
-0.544283,0.8712832,2.618007
-0.5442786,0.8045298,2.61787
-0.3759489,0.7950554,2.621423
-0.3853122,0.8044257,2.621244
-0.3853096,0.7856975,2.621206
-0.5442774,0.7858017,2.617831
-0.3853005,0.7189094,2.621068
-0.5536344,0.7096925,2.617476
-0.544273,0.7190483,2.617694
-0.3759372,0.7095371,2.621248
-0.3665836,0.7856611,2.621374
-0.3665744,0.718861,2.621237
-0.5630025,0.8045421,2.617472
-0.5630069,0.8712913,2.617609
-0.7313305,0.880729,2.614056
-0.7219685,0.8713608,2.614235
-0.731331,0.7952884,2.61388
-0.7219689,0.8046463,2.614098
-0.5630013,0.785814,2.617434
-0.7219691,0.7859182,2.61406
-0.7313316,0.7098477,2.613705
-0.7219695,0.7192036,2.613923
-0.5630013,0.785814,2.617434
-0.562997,0.7190647,2.617297
-0.5536344,0.7096925,2.617476
-0.5536344,0.7096925,2.617476
-0.7219695,0.7192036,2.613923
-0.562997,0.7190647,2.617297
-0.3759606,0.8805737,2.621599
-0.3853213,0.8712137,2.621381
-0.3853122,0.8044257,2.621244
-0.3665953,0.8711894,2.621549
-0.3759606,0.8805737,2.621599
-0.3665861,0.8043893,2.621412
-0.1879745,0.794448,2.620812
-0.1973391,0.8038424,2.620862
-0.1879803,0.8801687,2.620987
-0.1973437,0.8708248,2.620999
-0.1786111,0.8037819,2.620801
-0.1786156,0.8707844,2.620938
-0.1879803,0.8801687,2.620987
-0.1973379,0.7851142,2.620823
-0.1973333,0.7181318,2.620686
-0.1879686,0.7087272,2.620636
-0.1786098,0.7850536,2.620762
-0.1786052,0.7180511,2.620625
-0.009364034,0.7845067,2.620212
0,0.7079173,2.620025
-0.009364035,0.7173219,2.620075
0,0.7938405,2.620201
-0.1786111,0.8037819,2.620801
-0.009364034,0.8032349,2.62025
0,0.8797637,2.620376
-0.009364034,0.8704198,2.620387
-0.1786156,0.8707844,2.620938
0.009364035,0.7173219,2.620075
0.1786052,0.7180511,2.620625
0.1879686,0.7087272,2.620636
0.009364034,0.7845067,2.620212
0.1786098,0.7850536,2.620762
0.1879745,0.794448,2.620812
0.1786111,0.8037819,2.620801
0.1973333,0.7181318,2.620686
0.009364034,0.8032349,2.62025
0.009364034,0.8704198,2.620387
0.1973379,0.7851142,2.620823
0.3665744,0.718861,2.621237
0.1879803,0.8801687,2.620987
0.1786156,0.8707844,2.620938
0.3759372,0.7095371,2.621248
0.3665836,0.7856611,2.621374
0.3759489,0.7950554,2.621423
0.3853005,0.7189094,2.621068
0.3853096,0.7856975,2.621206
0.544273,0.7190483,2.617694
0.5536344,0.7096925,2.617476
0.5442774,0.7858017,2.617831
0.5536399,0.7951719,2.617652
0.5442786,0.8045298,2.61787
0.544283,0.8712832,2.618007
0.3853122,0.8044257,2.621244
0.5536456,0.8806514,2.617827
0.5630025,0.8045421,2.617472
0.5630069,0.8712913,2.617609
0.7219689,0.8046463,2.614098
0.7313305,0.880729,2.614056
0.7219685,0.8713608,2.614235
0.731331,0.7952884,2.61388
0.5630013,0.785814,2.617434
0.7219691,0.7859182,2.61406
0.7313316,0.7098477,2.613705
0.7219695,0.7192036,2.613923
0.3759606,0.8805737,2.621599
0.3853213,0.8712137,2.621381
0.544283,0.8712832,2.618007
0.5536344,0.7096925,2.617476
0.562997,0.7190647,2.617297
0.5630013,0.785814,2.617434
0.5536344,0.7096925,2.617476
0.7219695,0.7192036,2.613923
0.562997,0.7190647,2.617297
-0.1879808,0.985136,2.621202
-0.1786168,0.99449,2.621191
-0.1786167,1.061493,2.621328
-0.1879808,1.070857,2.621377
-0.1786167,1.061493,2.621328
-0.009364033,1.061493,2.620777
0,1.070857,2.620766
-0.009364034,0.9943077,2.62064
0,0.9849335,2.62059
-0.1786168,0.99449,2.621191
-0.1879808,0.985136,2.621202
-0.009364034,0.9755796,2.620602
-0.1786168,0.9757618,2.621152
-0.009364034,0.9083945,2.620465
-0.1879809,0.8994153,2.621027
-0.1786169,0.9087591,2.621015
0,0.8990102,2.620415
-0.197345,0.9087995,2.621076
-0.1973449,0.975782,2.621213
-0.3759617,0.9853385,2.621814
-0.3665977,0.9759644,2.621764
-0.3665976,0.9946925,2.621803
-0.3665975,1.061493,2.621939
-0.3759615,1.070857,2.621989
-0.1973449,0.9945102,2.621252
-0.1973448,1.061493,2.621389
0.009364034,0.9083945,2.620465
0.1786169,0.9087591,2.621015
0.1879809,0.8994153,2.621027
0.009364034,0.9755796,2.620602
0.1786168,0.9757618,2.621152
0.1879808,0.985136,2.621202
0.1786168,0.99449,2.621191
0.009364034,0.9943077,2.62064
0.009364033,1.061493,2.620777
0.1879808,1.070857,2.621377
0.1786167,1.061493,2.621328
0.197345,0.9087995,2.621076
0.1973449,0.975782,2.621213
0.3759617,0.9853385,2.621814
0.3665977,0.9759644,2.621764
0.3665976,0.9946925,2.621803
0.3665975,1.061493,2.621939
0.3759615,1.070857,2.621989
0.1973449,0.9945102,2.621252
0.1973448,1.061493,2.621389
0.3853236,0.9947046,2.621634
0.3853235,1.061493,2.621771
0.5536453,1.070857,2.618217
0.5442837,0.9947394,2.61826
0.5536457,0.9853773,2.618042
0.5442834,1.061493,2.618397
0.5630077,0.9947435,2.617862
0.5630074,1.061493,2.618
0.7313291,1.070857,2.614446
0.7219672,1.061493,2.614625
0.7313297,0.9854162,2.61427
0.7219676,0.9947782,2.614488
0.5630078,0.9760153,2.617824
0.7219678,0.97605,2.61445
0.563008,0.9092661,2.617687
0.5536461,0.8998979,2.617867
0.7219682,0.9093355,2.614313
0.7313303,0.8999755,2.614095
0.7313297,0.9854162,2.61427
0.7219678,0.97605,2.61445
0.7219682,0.9093355,2.614313
0.5536457,0.9853773,2.618042
0.5442838,0.9760112,2.618222
0.544284,0.9092579,2.618085
0.3759619,0.8998202,2.621638
0.544284,0.9092579,2.618085
0.3853239,0.9091884,2.621459
0.3853237,0.9759765,2.621596
0.3759619,0.8998202,2.621638
0.3665977,0.9759644,2.621764
0.3665978,0.9091641,2.621627
0.5536457,0.9853773,2.618042
0.3853237,0.9759765,2.621596
0.5442838,0.9760112,2.618222
-0.3759619,0.8998202,2.621638
-0.3665978,0.9091641,2.621627
-0.3665977,0.9759644,2.621764
-0.5442837,0.9947394,2.61826
-0.5536457,0.9853773,2.618042
-0.5442834,1.061493,2.618397
-0.3853236,0.9947046,2.621634
-0.3853235,1.061493,2.621771
-0.5536453,1.070857,2.618217
-0.5630077,0.9947435,2.617862
-0.5630074,1.061493,2.618
-0.7313291,1.070857,2.614446
-0.7219672,1.061493,2.614625
-0.7313297,0.9854162,2.61427
-0.7219676,0.9947782,2.614488
-0.5630078,0.9760153,2.617824
-0.7219678,0.97605,2.61445
-0.563008,0.9092661,2.617687
-0.5536461,0.8998979,2.617867
-0.7219682,0.9093355,2.614313
-0.7313303,0.8999755,2.614095
-0.7219682,0.9093355,2.614313
-0.7219678,0.97605,2.61445
-0.7313297,0.9854162,2.61427
-0.544284,0.9092579,2.618085
-0.5442838,0.9760112,2.618222
-0.5536457,0.9853773,2.618042
-0.3759619,0.8998202,2.621638
-0.544284,0.9092579,2.618085
-0.3853239,0.9091884,2.621459
-0.3853237,0.9759765,2.621596
-0.5536457,0.9853773,2.618042
-0.3853237,0.9759765,2.621596
-0.5442838,0.9760112,2.618222
-0.197345,0.9087995,2.621076
-0.3665978,0.9091641,2.621627
-0.3759619,0.8998202,2.621638
-0.3759489,0.7950554,2.621423
-0.3665836,0.7856611,2.621374
-0.1973379,0.7851142,2.620823
-0.1973333,0.7181318,2.620686
-0.3665744,0.718861,2.621237
-0.3759372,0.7095371,2.621248
-0.3759606,0.8805737,2.621599
-0.3665953,0.8711894,2.621549
-0.1973437,0.8708248,2.620999
-0.8383274,0.3662369,2.612569
-0.9895684,0.3662369,2.594567
-1.054427,0.3662369,2.5492
-1.086996,0.3662369,2.485573
-1.086996,0.3662369,2.441114
-1.131145,0.3662368,2.317946
-1.131145,0.3662368,2.295071
-0.8053021,0.3662367,2.295071
-0.6991087,0.9056214,-1.532716
-1.147563,0.9100598,-1.529476
-1.147563,0.9229912,-1.827118
-0.6991087,0.917623,-1.827289
-0.8053021,0.3848612,1.313388
-0.8053021,0.3662367,2.319324
-0.8053021,0.6768616,2.289959
-0.8053021,0.6746848,1.361155
-0.8053021,0.8330097,1.417322
-0.8053021,0.8189495,2.247773
-0.8053021,0.8716697,2.192557
-0.8053021,0.8959078,1.522532
-0.8053021,0.9037873,2.115803
-0.8053021,0.9168506,1.813364
-0.6991087,0.672631,-2.278552
-1.147563,0.6737649,-2.283797
-1.131024,0.4373456,-2.303976
-0.6991087,0.4380104,-2.297336
-1.147563,0.8736365,-1.450373
-1.147563,0.9100598,-1.529476
-0.6991087,0.9056214,-1.532716
-0.6991087,0.8692468,-1.453638
-0.6991087,0.4380104,-2.297336
-0.6991087,0.4028807,-1.323606
-0.6991087,0.6720291,-1.352583
-0.6991087,0.672631,-2.278552
-0.6991087,0.8201313,-1.396908
-0.6991087,0.7470269,-2.267809
-0.6991087,0.8335778,-2.226599
-0.6991087,0.8692468,-1.453638
-0.6991087,0.8957092,-2.119277
-0.6991087,0.9056214,-1.532716
-0.6991087,0.917623,-1.827289
-1.07359,1.070564,0.0269686
-1.073559,1.070049,-0.2596252
-1.071859,1.1202,-0.259738
-1.07189,1.120716,0.02685586
-1.073559,1.070049,-0.2596252
-1.121107,1.073764,-0.2596401
-1.119407,1.123916,-0.2597528
-1.071859,1.1202,-0.259738
-1.121107,1.073764,-0.2596401
-1.121138,1.07428,0.02695382
-1.119438,1.124431,0.0268411
-1.119407,1.123916,-0.2597528
-1.121138,1.07428,0.02695382
-1.07359,1.070564,0.0269686
-1.07189,1.120716,0.02685586
-1.119438,1.124431,0.0268411
-1.073559,1.070049,-0.2596252
-1.07359,1.070564,0.0269686
-1.121138,1.07428,0.02695382
-1.121107,1.073764,-0.2596401
-1.119407,1.123916,-0.2597528
-1.119438,1.124431,0.0268411
-1.07189,1.120716,0.02685586
-1.071859,1.1202,-0.259738
-0.4572947,1.331514,1.81111
-0.4765701,1.320518,1.813126
-0.3788681,1.135994,2.583215
-0.3595348,1.147237,2.581729
-0.5127454,1.374855,1.186733
-0.5339765,1.365558,1.166743
-0.4765701,1.320518,1.813126
-0.4572947,1.331514,1.81111
0,1.37486,1.202457
-0.5339765,1.365558,1.166743
-0.5127454,1.374855,1.186733
0,1.365558,1.183118
0.5339765,1.365558,1.166743
0.5127454,1.374855,1.186733
-0.35746,1.112164,2.609733
-0.375962,1.086443,2.622021
0,1.086443,2.620798
0,1.111995,2.608361
0.35746,1.112164,2.609733
0.375962,1.086443,2.622021
-0.3595348,1.147237,2.581729
-0.3788681,1.135994,2.583215
-0.375962,1.086443,2.622021
-0.35746,1.112164,2.609733
-1.124625,0.9425661,-2.387843
-1.147563,0.7535396,-2.29645
-1.147563,0.8571042,-2.241984
-1.147563,0.9233337,-2.12509
-1.147563,0.9453163,-1.826409
-1.086996,1.23205,-2.383483
-1.086996,1.232051,-1.160917
-1.147563,0.928489,-1.515831
-1.147563,0.8919013,-1.436788
-1.147563,0.8376045,-1.375228
-1.136515,0.6775542,-1.162648
-1.147563,0.6692539,-1.324174
-1.009552,1.286121,0.9140158
-1.009552,1.286121,0.93669
-1.072787,1.321403,0.9330486
-1.072787,1.321403,0.9103744
-1.009552,1.286121,0.93669
-1.009552,1.286121,0.9140158
-1.009552,1.304128,0.9140158
-1.009552,1.304128,0.93669
-1.072787,1.321403,0.9330486
-1.009552,1.286121,0.93669
-1.009552,1.304128,0.93669
-1.071986,1.352391,0.9330486
-1.073526,1.286313,0.9540308
-1.243333,1.300389,0.9540308
-1.243333,1.300389,0.8893923
-1.073526,1.286313,0.8893923
-1.071242,1.393706,0.9540308
-1.243333,1.381999,0.9540308
-1.243333,1.300389,0.9540308
-1.073526,1.286313,0.9540308
-1.243333,1.300389,0.8893923
-1.243333,1.300389,0.9540308
-1.243333,1.381999,0.9540308
-1.243333,1.381999,0.8893923
-1.071242,1.393706,0.8893923
-1.243333,1.381999,0.8893923
-1.243333,1.381999,0.9540308
-1.071242,1.393706,0.9540308
-1.234069,1.373344,0.8893923
-1.071242,1.393706,0.8893923
-1.080718,1.383777,0.8893923
-1.243333,1.381999,0.8893923
-1.234069,1.308917,0.8893923
-1.243333,1.300389,0.8893923
-1.082578,1.296359,0.8893923
-1.073526,1.286313,0.8893923
-1.080718,1.383777,0.8893923
-1.071242,1.393706,0.8893923
-1.082578,1.296359,0.8893923
-1.082578,1.296359,0.8893923
-1.234069,1.308917,0.8893923
-1.234069,1.373344,0.8893923
-1.080718,1.383777,0.8893923
-1.071986,1.352391,0.9103744
-1.071986,1.352391,0.9330486
-1.009552,1.304128,0.93669
-1.009552,1.304128,0.9140158
-1.009552,1.286121,0.9140158
-1.072787,1.321403,0.9103744
-1.071986,1.352391,0.9103744
-1.009552,1.304128,0.9140158
1.0631,1.301221,0.6597365
1.049145,1.318716,0.6597365
1.043653,1.318716,0.9339105
1.064753,1.302467,0.9199032
1.065284,1.296486,-3.097989
1.044779,1.326606,-3.098118
1.046115,1.333277,-2.382892
1.065751,1.30349,-2.382892
1.050101,1.327522,-1.160786
1.065835,1.30353,-1.160786
1.026641,0.6937464,2.569309
0.9895684,0.6942613,2.595239
0.9895684,0.6775545,2.595178
1.054426,0.6775545,2.549845
1.054426,0.7282093,2.549946
1.063063,1.301267,0.3300123
1.049145,1.318716,0.3300122
1.049145,1.318716,0.6597365
1.0631,1.301221,0.6597365
1.065835,1.30353,-1.160786
1.050101,1.327522,-1.160786
1.034294,1.318716,-0.2984063
1.05863,1.296804,-0.2984063
0.5442786,0.8045298,2.61787
0.544283,0.8712832,2.618007
0.3853213,0.8712137,2.621381
0.3853122,0.8044257,2.621244
0.9387471,1.302404,1.813126
0.9909189,1.134138,2.556237
1.019839,1.289474,1.813126
0.843397,1.134785,2.574276
0.7373222,1.135631,2.575032
0.8273759,1.313404,1.813126
0.4765701,1.320518,1.813126
0.3788681,1.135994,2.583215
1.044481,1.330411,-0.03693056
1.043537,1.330411,0.3304341
1.049145,1.318716,0.3300122
1.049145,1.318716,-0.2670901
1.033979,1.359659,-0.05548382
0.8755,1.891575,-0.2032133
0.9958424,1.492512,-0.06216204
0.8946936,1.800393,-0.04429793
0.8885264,1.845732,-0.008096427
0.8875122,1.845732,0.342174
0.875722,1.884175,0.3430611
0.8767316,1.857831,0.6144477
0.8831964,1.845732,0.5082166
0.8839508,1.838524,0.5640827
0.8951325,1.798876,0.6127412
0.9069457,1.762047,0.6376901
1.048484,1.130453,2.515166
0.9909189,1.134138,2.556237
0.9895684,1.086443,2.596044
1.054426,1.086443,2.550679
1.064753,1.302467,0.9199032
1.043653,1.318716,0.9339105
1.019839,1.289474,1.813126
1.054636,1.268836,1.813126
0.8273759,1.313404,1.813126
0.7928878,1.365558,1.117776
0.5339765,1.365558,1.166743
0.4765701,1.320518,1.813126
0.6788788,1.939315,0.347252
0.533062,1.963202,0.3478017
0.533062,1.935574,0.6596487
0.679,1.911628,0.6492565
0.8390177,1.906657,0.3456803
0.8422799,1.877331,0.6341368
1.136515,0.6775542,-1.162648
1.086996,1.232051,-1.160917
1.086996,1.232052,-0.2984063
1.150337,0.6775543,-0.2984063
1.086996,1.232055,0.3291818
1.150337,0.6775544,0.3179992
1.086996,1.232058,0.6597366
1.150337,0.6775544,0.6597365
1.086996,1.232062,0.9051369
1.150337,0.6775544,0.9051369
1.147683,0.6775544,1.33324
1.147683,0.8532994,1.397312
1.147683,0.9230362,1.513961
1.147683,0.9445788,1.813126
1.086996,1.210486,1.813126
1.05863,1.296804,-0.2984063
1.034294,1.318716,-0.2984063
1.049145,1.318716,-0.2670901
1.063063,1.301267,0.3300123
1.049145,1.318716,0.3300122
0.5442837,0.9947394,2.61826
0.5442834,1.061493,2.618397
0.3853235,1.061493,2.621771
0.3853236,0.9947046,2.621634
1.049145,1.318716,0.3300122
1.043537,1.330411,0.3304341
1.042305,1.330411,0.6586761
1.049145,1.318716,0.6597365
0.6786017,1.947344,-0.2276593
0.533062,1.971165,-0.2307728
0.533062,1.963202,0.3478017
0.6788788,1.939315,0.347252
0.8391855,1.914165,-0.2182971
0.8390177,1.906657,0.3456803
0.8422799,1.877331,0.6341368
1.02041,1.332477,0.9822955
1.043653,1.318716,0.9339105
0.8767316,1.857831,0.6144477
0.8390177,1.906657,0.3456803
0.8422799,1.877331,0.6341368
0.8767316,1.857831,0.6144477
0.875722,1.884175,0.3430611
0.8755,1.891575,-0.2032133
1.049145,1.318716,-0.2670901
1.034294,1.318716,-0.2984063
0.8391855,1.914165,-0.2182971
0.8391855,1.914165,-0.2182971
0.8390177,1.906657,0.3456803
0.875722,1.884175,0.3430611
0.8755,1.891575,-0.2032133
0.9942305,0.941223,-1.166962
0.9942305,0.9326994,-0.3564826
0.9942305,1.319184,-0.3506449
0.9942305,0.9478761,-2.388575
0.9942305,0.9482465,-3.098371
0.9942305,1.32806,-3.045821
0.9942305,1.327708,-1.161124
0.9942305,1.334361,-2.382738
-0.8363331,0.9326994,-0.3564826
-0.9942305,0.9326994,-0.3564826
-0.9942305,1.319184,-0.3506449
-0.8383274,1.319184,-0.3506449
-0.6287456,1.319184,-0.3506449
-0.6267512,0.9326994,-0.3564826
-0.4191637,1.319184,-0.3506449
-0.4171694,0.9326994,-0.3564826
0,1.319184,-0.350645
0,0.9326994,-0.3564826
0.4171694,0.9326994,-0.3564826
0.4191637,1.319184,-0.3506449
0.6267512,0.9326994,-0.3564826
0.6287456,1.319184,-0.3506449
0.8363331,0.9326994,-0.3564826
0.8383274,1.319184,-0.3506449
0.9942305,0.9326994,-0.3564826
0.9942305,1.319184,-0.3506449
-0.9942305,1.319184,-0.3506449
-0.9942305,0.9326994,-0.3564826
-0.9942305,0.941223,-1.166962
-0.9942305,0.9478761,-2.388575
-0.9942305,0.9482465,-3.098371
-0.9942305,1.32806,-3.045821
-0.9942305,1.327708,-1.161124
-0.9942305,1.334361,-2.382738
-0.8383493,1.337941,-3.045613
-0.9942305,1.32806,-3.045821
-0.9942305,0.9482465,-3.098371
-0.836355,0.9581273,-3.098163
-0.6287456,1.337767,-3.045615
-0.6267512,0.9579526,-3.098166
-0.4191637,1.337767,-3.045615
-0.4171694,0.9579526,-3.098166
0,1.337767,-3.045615
0,0.9579526,-3.098166
0.4191637,1.337767,-3.045615
0.4171694,0.9579526,-3.098166
0.6267512,0.9579526,-3.098166
0.6287456,1.337767,-3.045615
0.836355,0.9581273,-3.098163
0.8383493,1.337941,-3.045613
0.9942305,0.9482465,-3.098371
0.9942305,1.32806,-3.045821
1.131024,0.439154,-2.326389
1.147563,0.6775541,-2.390757
1.147563,0.6761229,-2.306119
1.147563,0.6737649,-2.283797
1.131024,0.4373456,-2.303976
0.8383493,1.337941,-3.045613
0.9942305,1.32806,-3.045821
1.044779,1.326606,-3.098118
0.8383274,1.338464,-3.097851
0.9942305,0.9478761,-2.388575
0.9942305,0.9482465,-3.098371
0.836355,0.9581273,-3.098163
-0.836355,0.9581273,-3.098163
-0.6267512,0.9579526,-3.098166
-0.4171694,0.9579526,-3.098166
0,0.9579526,-3.098166
0.4171694,0.9579526,-3.098166
0.6267512,0.9579526,-3.098166
-0.9942305,0.9478761,-2.388575
-0.9942305,0.9482465,-3.098371
0.9942305,0.941223,-1.166962
-0.9942305,0.941223,-1.166962
0.9942305,0.9326994,-0.3564826
-0.9942305,0.9326994,-0.3564826
0,0.9326994,-0.3564826
0.8363331,0.9326994,-0.3564826
0.4171694,0.9326994,-0.3564826
0.6267512,0.9326994,-0.3564826
-0.4171694,0.9326994,-0.3564826
-0.8363331,0.9326994,-0.3564826
-0.6267512,0.9326994,-0.3564826
0.8053021,0.9037873,2.115803
0.8053021,0.9168506,1.813364
1.147683,0.9222251,1.813287
1.147683,0.9091071,2.116991
0.8053021,0.6746848,1.361155
0.8053021,0.3848612,1.313388
1.131145,0.3662367,1.336957
1.147683,0.6756166,1.35587
0.1786111,0.8037819,2.620801
0.1786156,0.8707844,2.620938
0.009364034,0.8704198,2.620387
0.009364034,0.8032349,2.62025
0.7928878,1.365558,1.117776
0.8273759,1.313404,1.813126
0.9387471,1.302404,1.813126
1.02041,1.332477,0.9822955
1.043653,1.318716,0.9339105
1.019839,1.289474,1.813126
0.6991087,0.7470269,-2.267809
0.6991087,0.672631,-2.278552
1.147563,0.6737649,-2.283797
1.147563,0.7498964,-2.272346
1.052467,0.7168777,-3.097078
1.051749,0.8941115,-3.115645
1.086996,0.8941115,-3.104157
1.057047,0.7168777,-3.096145
1.086996,0.6858339,-3.081229
0.7313304,0.6775545,2.613611
0.4080939,0.6775545,2.620485
0.4080939,0.6773989,2.735554
0.7324505,0.6773989,2.717118
0.8383274,0.6775545,2.613181
0.8543022,0.6773992,2.711954
0.9895684,0.6775545,2.595178
1.023822,0.6774067,2.699746
1.054426,0.6775545,2.549845
1.086181,0.6774482,2.669153
1.086996,0.6775545,2.48616
1.131694,0.6775165,2.544865
1.086996,0.6775545,2.441279
1.135933,0.6775545,2.457643
0.9895684,0.6775545,2.595178
0.9895684,0.6942613,2.595239
0.8383274,0.6942613,2.613242
0.8383274,0.6775545,2.613181
1.131145,0.3662368,2.317946
1.147683,0.6775545,2.318223
1.086996,0.6775545,2.441279
1.086996,0.3662369,2.441114
0.7324505,0.3660812,2.716507
0.4080939,0.6773989,2.735554
0.4080939,0.3660812,2.734942
0.7324505,0.6773989,2.717118
0.8512437,0.4705041,2.711421
0.7468077,0.470504,2.714944
0.8543028,0.3660814,2.711342
1.015666,0.4705067,2.701996
1.023837,0.366089,2.69913
0.7468077,0.572978,2.715396
0.8543022,0.6773992,2.711954
0.8512346,0.5729781,2.711874
1.023822,0.6774067,2.699746
1.015653,0.5729806,2.702453
1.0631,1.301221,0.6597365
1.064753,1.302467,0.9199032
1.086996,1.232062,0.9051369
1.086996,1.232058,0.6597366
1.063063,1.301267,0.3300123
1.086996,1.232055,0.3291818
1.05863,1.296804,-0.2984063
1.086996,1.232052,-0.2984063
1.065835,1.30353,-1.160786
1.086996,1.232051,-1.160917
1.054636,1.268836,1.813126
1.048484,1.130453,2.515166
1.086996,1.086443,2.487065
1.086996,1.210486,1.813126
0.9909189,1.134138,2.556237
0.843397,1.134785,2.574276
0.8383274,1.086443,2.614047
0.9895684,1.086443,2.596044
0.7373222,1.135631,2.575032
0.3788681,1.135994,2.583215
0.375962,1.086443,2.622021
0.7313304,1.086443,2.614478
0.843397,1.134785,2.574276
0.8383274,1.086443,2.614047
1.065284,1.296486,-3.097989
1.086996,1.23205,-2.383483
1.086996,1.225379,-3.098817
1.065751,1.30349,-2.382892
1.086996,1.232051,-1.160917
1.065835,1.30353,-1.160786
1.064753,1.302467,0.9199032
1.054636,1.268836,1.813126
1.086996,1.210486,1.813126
1.086996,1.232062,0.9051369
1.054636,1.268836,1.813126
1.019839,1.289474,1.813126
0.9909189,1.134138,2.556237
1.048484,1.130453,2.515166
0.1786168,0.99449,2.621191
0.1786167,1.061493,2.621328
0.009364033,1.061493,2.620777
0.009364034,0.9943077,2.62064
0.8383292,0.7098477,2.613274
0.7313316,0.7098477,2.613705
0.7313304,0.6942613,2.613673
0.8383274,0.6942613,2.613242
0.9896461,0.7098478,2.595218
0.8383292,0.7098477,2.613274
0.8383274,0.6942613,2.613242
0.9895684,0.6942613,2.595239
0.8383256,1.070857,2.614015
0.9895595,1.070857,2.596017
0.9895684,1.086443,2.596044
0.8383274,1.086443,2.614047
0.7313291,1.070857,2.614446
0.8383256,1.070857,2.614015
0.8383274,1.086443,2.614047
0.7313304,1.086443,2.614478
0.9895595,1.070857,2.596017
1.054426,1.086443,2.550679
0.9895684,1.086443,2.596044
1.041998,1.070857,2.55934
1.054426,0.900533,2.550298
1.041998,0.9005152,2.558991
1.041998,0.8812686,2.558952
1.054426,0.8812864,2.550259
1.054426,0.7282093,2.549946
1.041998,0.7347034,2.558652
1.026641,0.6937464,2.569309
1.021601,0.7094041,2.572866
0.9895684,0.6942613,2.595239
0.9896461,0.7098478,2.595218
1.086996,1.086443,2.487065
1.054426,1.086443,2.550679
1.054426,0.900533,2.550298
1.054426,0.8812864,2.550259
1.054426,0.7282093,2.549946
1.086996,0.6775545,2.48616
1.054426,0.6775545,2.549845
0.989568,0.8999755,2.595662
0.8383273,0.8999755,2.613664
0.8383275,0.880729,2.613625
0.9895725,0.880729,2.595619
0.9895725,0.880729,2.595619
1.041998,0.8812686,2.558952
1.041998,0.9005152,2.558991
0.989568,0.8999755,2.595662
0.1786169,0.9087591,2.621015
0.1786168,0.9757618,2.621152
0.009364034,0.9755796,2.620602
0.009364034,0.9083945,2.620465
0.3665978,0.9091641,2.621627
0.3665977,0.9759644,2.621764
0.1973449,0.975782,2.621213
0.197345,0.9087995,2.621076
0.3665976,0.9946925,2.621803
0.3665975,1.061493,2.621939
0.1973448,1.061493,2.621389
0.1973449,0.9945102,2.621252
0.1786052,0.7180511,2.620625
0.1786098,0.7850536,2.620762
0.009364034,0.7845067,2.620212
0.009364035,0.7173219,2.620075
0.3665744,0.718861,2.621237
0.3665836,0.7856611,2.621374
0.1973379,0.7851142,2.620823
0.1973333,0.7181318,2.620686
0.3665861,0.8043893,2.621412
0.3665953,0.8711894,2.621549
0.1973437,0.8708248,2.620999
0.1973391,0.8038424,2.620862
0.544284,0.9092579,2.618085
0.5442838,0.9760112,2.618222
0.3853237,0.9759765,2.621596
0.3853239,0.9091884,2.621459
0.7219682,0.9093355,2.614313
0.7219678,0.97605,2.61445
0.5630078,0.9760153,2.617824
0.563008,0.9092661,2.617687
0.7219676,0.9947782,2.614488
0.7219672,1.061493,2.614625
0.5630074,1.061493,2.618
0.5630077,0.9947435,2.617862
0.544273,0.7190483,2.617694
0.5442774,0.7858017,2.617831
0.3853096,0.7856975,2.621206
0.3853005,0.7189094,2.621068
0.7219695,0.7192036,2.613923
0.7219691,0.7859182,2.61406
0.5630013,0.785814,2.617434
0.562997,0.7190647,2.617297
0.7219689,0.8046463,2.614098
0.7219685,0.8713608,2.614235
0.5630069,0.8712913,2.617609
0.5630025,0.8045421,2.617472
0.8383312,0.7261048,2.613308
0.7313316,0.7098477,2.613705
0.8383292,0.7098477,2.613274
0.7469485,0.7261048,2.613675
0.731331,0.7952884,2.61388
0.746948,0.7952886,2.613817
0.7313305,0.880729,2.614056
0.7469476,0.864472,2.613959
0.8383275,0.880729,2.613625
0.8383255,0.8644719,2.61359
0.9897272,0.726105,2.595197
0.8383312,0.7261048,2.613308
0.8383292,0.7098477,2.613274
0.9896461,0.7098478,2.595218
0.8383237,1.0546,2.613982
0.9895504,1.0546,2.595989
0.9895595,1.070857,2.596017
0.8383256,1.070857,2.614015
0.7469463,1.0546,2.61435
0.8383237,1.0546,2.613982
0.8383256,1.070857,2.614015
0.7313291,1.070857,2.614446
0.7469467,0.9854164,2.614208
0.7313297,0.9854162,2.61427
0.7469472,0.9162326,2.614066
0.7313303,0.8999755,2.614095
0.8383292,0.9162326,2.613698
0.8383273,0.8999755,2.613664
0.9895504,1.0546,2.595989
1.041998,1.070857,2.55934
0.9895595,1.070857,2.596017
1.029035,1.0546,2.568373
1.041998,0.9005152,2.558991
1.029035,0.9166392,2.568091
0.989568,0.8999755,2.595662
0.989524,0.9162326,2.595727
1.016344,0.7257353,2.576576
0.9897272,0.726105,2.595197
0.9896461,0.7098478,2.595218
1.021601,0.7094041,2.572866
1.029035,0.741477,2.567732
1.041998,0.7347034,2.558652
1.029035,0.8648777,2.567985
1.041998,0.8812686,2.558952
0.9896164,0.864472,2.595553
0.9895725,0.880729,2.595619
0.989524,0.9162326,2.595727
0.8383292,0.9162326,2.613698
0.8383273,0.8999755,2.613664
0.989568,0.8999755,2.595662
0.8383255,0.8644719,2.61359
0.9896164,0.864472,2.595553
0.9895725,0.880729,2.595619
0.8383275,0.880729,2.613625
1.086996,0.6858339,-3.081229
1.086996,0.8941115,-3.104157
1.097681,0.8941115,-2.966611
1.124625,0.9425661,-2.387843
1.095975,0.9847888,-2.965748
1.094269,1.075466,-2.964885
1.092563,1.166144,-2.964022
1.147563,0.6775541,-2.390757
1.147563,0.7535396,-2.29645
1.147563,0.6761229,-2.306119
1.086996,0.6858339,-3.081229
1.086996,0.5376357,-3.062914
1.086996,0.5376303,-3.259154
1.086996,0.6858392,-3.275145
1.086181,0.6774482,2.669153
1.086205,0.3661305,2.668481
1.131705,0.3661989,2.544235
1.131694,0.6775165,2.544865
1.086205,0.3661305,2.668481
1.086181,0.6774482,2.669153
1.023822,0.6774067,2.699746
1.023837,0.366089,2.69913
1.135933,0.3662369,2.457478
1.135933,0.6775545,2.457643
1.131694,0.6775165,2.544865
1.131705,0.3661989,2.544235
1.086996,0.3662369,2.485573
1.086996,0.3662369,2.441114
1.135933,0.3662369,2.457478
1.131705,0.3661989,2.544235
1.054427,0.3662369,2.5492
1.086205,0.3661305,2.668481
0.9895684,0.3662369,2.594567
1.023837,0.366089,2.69913
0.8383274,0.3662369,2.612569
0.8543028,0.3660814,2.711342
0.7313304,0.3662369,2.613
0.7324505,0.3660812,2.716507
0.4080939,0.3662369,2.619874
0.4080939,0.3660812,2.734942
1.086996,0.3662369,2.441114
1.086996,0.6775545,2.441279
1.135933,0.6775545,2.457643
1.135933,0.3662369,2.457478
0.3449727,0.3662369,2.620441
0.4080939,0.3662369,2.619874
0.4080939,0.3290328,2.619815
0.3449727,0.3290328,2.620382
0.3449727,0.3660812,2.73677
0.3449727,0.3662369,2.620441
0.3449727,0.3290328,2.620382
0.3449727,0.3290328,2.766887
0.3449727,0.6773989,2.737381
0.3449727,0.7507226,2.766887
0.3449727,0.6775545,2.621052
0.3449727,0.7507226,2.62111
0.3449727,0.3290328,2.766887
0.3449727,0.3290328,2.620382
0.4080939,0.3290328,2.619815
0.4080939,0.3290328,2.766887
0.3449727,0.7507226,2.62111
0.3449727,0.7507226,2.766887
0.4080939,0.7507226,2.766887
0.4080939,0.7507226,2.620543
0.3449727,0.7507226,2.766887
0.3449727,0.3290328,2.766887
0.4080939,0.3290328,2.766887
0.4080939,0.7507226,2.766887
0.4080939,0.3662369,2.619874
0.4080939,0.3290328,2.766887
0.4080939,0.3290328,2.619815
0.4080939,0.3660812,2.734942
0.4080939,0.7507226,2.766887
0.4080939,0.6773989,2.735554
0.4080939,0.7507226,2.620543
0.4080939,0.6775545,2.620485
0.4080939,0.6775545,2.620485
0.3449727,0.6775545,2.621052
0.3449727,0.7507226,2.62111
0.4080939,0.7507226,2.620543
1.015653,0.5729806,2.702453
1.015666,0.4705067,2.701996
1.023837,0.366089,2.69913
1.023822,0.6774067,2.699746
0.7468077,0.470504,2.714944
0.7468077,0.572978,2.715396
0.7324505,0.6773989,2.717118
0.7324505,0.3660812,2.716507
0.8959105,1.796536,-0.03368783
0.8916759,1.835429,-0.002903044
0.8906674,1.835426,0.3422236
0.9958958,1.492491,-0.05133143
1.033091,1.362737,-0.04480958
1.041373,1.340737,-0.03078416
1.040381,1.340716,0.3304233
0.9088038,1.756722,0.6284726
1.039095,1.340698,0.6586195
0.8973485,1.792052,0.604513
0.8870414,1.828712,0.5595327
0.8863868,1.835432,0.5075766
1.031335,1.345431,0.8751535
1.033191,1.340688,0.8641316
1.027623,1.356921,0.873758
1.026295,1.360154,0.8842388
0.9069457,1.762047,0.6376901
0.8767316,1.857831,0.6144477
1.043653,1.318716,0.9339105
1.032983,1.339122,0.8867861
1.036361,1.330411,0.8665621
1.049145,1.318716,0.6597365
1.042305,1.330411,0.6586761
0.8916759,1.835429,-0.002903044
0.8959105,1.796536,-0.03368783
0.8946936,1.800393,-0.04429793
0.8885264,1.845732,-0.008096427
0.8906674,1.835426,0.3422236
0.8916759,1.835429,-0.002903044
0.8885264,1.845732,-0.008096427
0.8875122,1.845732,0.342174
0.8863868,1.835432,0.5075766
0.8831964,1.845732,0.5082166
0.8870414,1.828712,0.5595327
0.8839508,1.838524,0.5640827
0.8973485,1.792052,0.604513
0.8951325,1.798876,0.6127412
0.9088038,1.756722,0.6284726
0.9069457,1.762047,0.6376901
1.027623,1.356921,0.873758
1.026295,1.360154,0.8842388
1.031335,1.345431,0.8751535
1.032983,1.339122,0.8867861
1.033191,1.340688,0.8641316
1.036361,1.330411,0.8665621
1.039095,1.340698,0.6586195
1.042305,1.330411,0.6586761
1.040381,1.340716,0.3304233
1.043537,1.330411,0.3304341
1.041373,1.340737,-0.03078416
1.044481,1.330411,-0.03693056
1.033091,1.362737,-0.04480958
1.041373,1.340737,-0.03078416
1.044481,1.330411,-0.03693056
1.033979,1.359659,-0.05548382
0.9958958,1.492491,-0.05133143
1.033091,1.362737,-0.04480958
1.033979,1.359659,-0.05548382
0.9958424,1.492512,-0.06216204
0.8959105,1.796536,-0.03368783
0.8946936,1.800393,-0.04429793
0.8351986,1.871529,0.6433035
1.008009,1.341717,0.9810742
1.02041,1.332477,0.9822955
0.8422799,1.877331,0.6341368
0.7911202,1.373916,1.111123
0.5332624,1.373679,1.159615
0.5339765,1.365558,1.166743
0.7928878,1.365558,1.117776
0.5323364,1.927563,0.6668947
0.6781577,1.903677,0.656548
0.679,1.911628,0.6492565
0.533062,1.935574,0.6596487
1.008009,1.341717,0.9810742
0.7911202,1.373916,1.111123
0.7928878,1.365558,1.117776
1.02041,1.332477,0.9822955
0.6781577,1.903677,0.656548
0.8351986,1.871529,0.6433035
0.8422799,1.877331,0.6341368
0.679,1.911628,0.6492565
0.7792952,1.843125,-0.2275252
0.6652554,1.867071,-0.2371582
0.6786017,1.947344,-0.2276593
0.8391855,1.914165,-0.2182971
0.7703003,1.832463,-0.2289953
0.6632528,1.855015,-0.2386018
0.6652554,1.867071,-0.2371582
0.7792952,1.843125,-0.2275252
0.8053021,0.8189495,2.247773
0.8053021,0.8716697,2.192557
1.147683,0.8762367,2.195544
1.147683,0.8221132,2.25223
1.131145,0.3662368,2.295071
0.8053021,0.6768618,2.289959
1.147683,0.6770868,2.295325
0.8053021,0.3662367,2.295071
0.6991087,0.6720291,-1.352583
0.6991087,0.8201313,-1.396908
1.147563,0.8231102,-1.392296
1.147563,0.6722832,-1.347214
0.6991087,0.4028807,-1.345133
0.6991087,0.6720291,-1.352583
1.147563,0.6722832,-1.347214
1.131024,0.3918688,-1.344298
0.8053021,0.8959078,1.522532
0.8053021,0.8330097,1.417322
1.147683,0.8368176,1.413234
1.147683,0.9011685,1.520874
0.8053021,0.8330097,1.417322
0.8053021,0.6746848,1.361155
1.147683,0.6756166,1.35587
1.147683,0.8368176,1.413234
0.8053021,0.6768618,2.289959
0.8053021,0.8189495,2.247773
1.147683,0.8221132,2.25223
1.147683,0.6770868,2.295325
1.086996,1.086443,2.487065
1.147683,0.8952295,2.207969
1.147683,0.931241,2.121908
1.147683,0.9445788,1.813126
1.086996,1.210486,1.813126
0.8053021,0.8716697,2.192557
0.8053021,0.9037873,2.115803
1.147683,0.9091071,2.116991
1.147683,0.8762367,2.195544
0.8053021,0.9168506,1.813364
0.8053021,0.8959078,1.522532
1.147683,0.9011685,1.520874
1.147683,0.9222251,1.813287
0.6991087,0.8957092,-2.119277
0.6991087,0.8335778,-2.226599
1.147563,0.8380892,-2.229696
1.147563,0.9010641,-2.120404
0.6991087,0.917623,-1.827289
0.6991087,0.8957092,-2.119277
1.147563,0.9010641,-2.120404
1.147563,0.9229912,-1.827118
0.6991087,0.8201313,-1.396908
0.6991087,0.8692468,-1.453638
1.147563,0.8736365,-1.450373
1.147563,0.8231102,-1.392296
0.6991087,0.8335778,-2.226599
0.6991087,0.7470269,-2.267809
1.147563,0.7498964,-2.272346
1.147563,0.8380892,-2.229696
1.147683,0.8368176,1.413234
1.147683,0.6756166,1.35587
1.147683,0.6775544,1.33324
1.147683,0.8532994,1.397312
1.147683,0.9011685,1.520874
1.147683,0.9230362,1.513961
1.147683,0.9222251,1.813287
1.147683,0.9445788,1.813126
1.147683,0.9091071,2.116991
1.147683,0.931241,2.121908
1.147683,0.8762367,2.195544
1.147683,0.8952295,2.207969
1.147683,0.8221132,2.25223
1.147683,0.8377752,2.268143
1.147683,0.6770868,2.295325
1.147683,0.6775545,2.318223
1.147683,0.6756166,1.35587
1.131145,0.3662367,1.336957
1.131145,0.3662367,1.314459
1.147683,0.6775544,1.33324
1.12207,0.3662367,0.9051369
1.150337,0.6775544,0.9051369
1.150337,0.6775544,0.6597365
1.12207,0.3662367,0.6597365
1.12207,0.3662367,0.3108432
1.150337,0.6775543,-0.2984063
1.150337,0.6775544,0.3179992
1.12207,0.3662366,-0.2984064
1.12207,0.3862202,-1.164029
1.136515,0.6775542,-1.162648
1.131024,0.3907905,-1.321935
1.147563,0.6692539,-1.324174
1.131145,0.3662368,2.295071
1.147683,0.6770868,2.295325
1.147683,0.6775545,2.318223
1.131145,0.3662368,2.317946
1.131024,0.3918688,-1.344298
1.147563,0.6722832,-1.347214
1.147563,0.6692539,-1.324174
1.131024,0.3907905,-1.321935
1.147563,0.7498964,-2.272346
1.147563,0.6737649,-2.283797
1.147563,0.6761229,-2.306119
1.147563,0.7535396,-2.29645
1.147563,0.8380892,-2.229696
1.147563,0.8571042,-2.241984
1.147563,0.9010641,-2.120404
1.147563,0.9233337,-2.12509
1.147563,0.9229912,-1.827118
1.147563,0.9453163,-1.826409
1.147563,0.9100598,-1.529476
1.147563,0.928489,-1.515831
1.147563,0.8919013,-1.436788
1.147563,0.8736365,-1.450373
1.147563,0.8231102,-1.392296
1.147563,0.8376045,-1.375228
1.147563,0.6722832,-1.347214
1.147563,0.6692539,-1.324174
1.057047,0.506592,-3.061036
1.086996,0.5376357,-3.062914
1.131024,0.439154,-2.326389
1.091933,0.438959,-2.326388
1.086996,0.6858339,-3.081229
1.086996,0.6858392,-3.275145
1.057047,0.7168777,-3.247318
1.057047,0.7168777,-3.096145
1.057047,0.506592,-3.061036
1.057047,0.5065919,-3.224629
1.086996,0.5376303,-3.259154
1.086996,0.5376357,-3.062914
1.086996,0.5376357,-3.062914
1.086996,0.6858339,-3.081229
1.147563,0.6775541,-2.390757
1.131024,0.439154,-2.326389
1.048519,1.16899,-3.114201
1.044779,1.326606,-3.098118
1.065284,1.296486,-3.097989
1.086996,1.16899,-3.105876
1.086996,1.225379,-3.098817
1.086996,1.23205,-2.383483
1.124625,0.9425661,-2.387843
1.092563,1.166144,-2.964022
1.086996,1.16899,-3.105876
1.086996,1.225379,-3.098817
0.8676069,0.9043467,-3.115523
1.051747,0.9043469,-3.115609
1.051749,0.8941115,-3.115645
0.8577744,0.8941115,-3.115587
0.8676065,0.9891495,-3.115146
0.857774,0.9857377,-3.11517
0.867606,1.073952,-3.114769
0.8577735,1.077364,-3.114753
0.8676057,1.158755,-3.114393
0.8577731,1.16899,-3.114336
1.04852,1.158755,-3.114237
1.048519,1.16899,-3.114201
1.051747,0.9043469,-3.115609
1.086936,0.9043469,-3.104146
1.086996,0.8941115,-3.104157
1.051749,0.8941115,-3.115645
1.087049,1.158755,-3.105987
1.04852,1.158755,-3.114237
1.048519,1.16899,-3.114201
1.086996,1.16899,-3.105876
1.086936,0.9043469,-3.104146
1.097681,0.8941115,-2.966611
1.086996,0.8941115,-3.104157
1.096978,0.9043487,-2.976719
1.095975,0.9847888,-2.965748
1.095344,0.9882697,-2.975928
1.094269,1.075466,-2.964885
1.093711,1.072191,-2.975137
1.092563,1.166144,-2.964022
1.092077,1.156112,-2.974346
1.086996,1.16899,-3.105876
1.087049,1.158755,-3.105987
1.086996,1.086443,2.487065
1.086996,0.6775545,2.48616
1.147683,0.6775545,2.318223
1.147683,0.8377752,2.268143
1.147683,0.8952295,2.207969
0.3759606,0.8805737,2.621599
0.3853122,0.8044257,2.621244
0.3853213,0.8712137,2.621381
0.3759606,0.8805737,2.621599
0.3665953,0.8711894,2.621549
0.3665861,0.8043893,2.621412
0.1973391,0.8038424,2.620862
0.1973437,0.8708248,2.620999
0.3759606,0.8805737,2.621599
0.1973437,0.8708248,2.620999
0.3665953,0.8711894,2.621549
0.1879803,0.8801687,2.620987
0.1786156,0.8707844,2.620938
0.1786111,0.8037819,2.620801
0.3759489,0.7950554,2.621423
0.1973379,0.7851142,2.620823
0.3665836,0.7856611,2.621374
0.1879808,0.985136,2.621202
0.1786167,1.061493,2.621328
0.1786168,0.99449,2.621191
0.3759619,0.8998202,2.621638
0.3665978,0.9091641,2.621627
0.197345,0.9087995,2.621076
0.6991087,0.9056214,-1.532716
0.6991087,0.917623,-1.827289
1.147563,0.9229912,-1.827118
1.147563,0.9100598,-1.529476
0.8053021,0.6768618,2.289959
0.8053021,0.3662367,2.319324
0.8053021,0.3848612,1.313388
0.8053021,0.6746848,1.361155
0.8053021,0.8330097,1.417322
0.8053021,0.8189495,2.247773
0.8053021,0.8716697,2.192557
0.8053021,0.8959078,1.522532
0.8053021,0.9037873,2.115803
0.8053021,0.9168506,1.813364
0.6991087,0.672631,-2.278552
0.6991087,0.4380104,-2.297336
1.131024,0.4373456,-2.303976
1.147563,0.6737649,-2.283797
1.147563,0.8736365,-1.450373
0.6991087,0.8692468,-1.453638
0.6991087,0.9056214,-1.532716
1.147563,0.9100598,-1.529476
0.6991087,0.6720291,-1.352583
0.6991087,0.4028807,-1.323606
0.6991087,0.4380104,-2.297336
0.6991087,0.672631,-2.278552
0.6991087,0.8201313,-1.396908
0.6991087,0.7470269,-2.267809
0.6991087,0.8335778,-2.226599
0.6991087,0.8692468,-1.453638
0.6991087,0.8957092,-2.119277
0.6991087,0.9056214,-1.532716
0.6991087,0.917623,-1.827289
1.07359,1.070564,0.0269686
1.07189,1.120716,0.02685586
1.071859,1.1202,-0.259738
1.073559,1.070049,-0.2596252
1.073559,1.070049,-0.2596252
1.071859,1.1202,-0.259738
1.119407,1.123916,-0.2597528
1.121107,1.073764,-0.2596401
1.121107,1.073764,-0.2596401
1.119407,1.123916,-0.2597528
1.119438,1.124431,0.0268411
1.121138,1.07428,0.02695382
1.121138,1.07428,0.02695382
1.119438,1.124431,0.0268411
1.07189,1.120716,0.02685586
1.07359,1.070564,0.0269686
1.073559,1.070049,-0.2596252
1.121107,1.073764,-0.2596401
1.121138,1.07428,0.02695382
1.07359,1.070564,0.0269686
1.119407,1.123916,-0.2597528
1.071859,1.1202,-0.259738
1.07189,1.120716,0.02685586
1.119438,1.124431,0.0268411
0.4572947,1.331514,1.81111
0.3595348,1.147237,2.581729
0.3788681,1.135994,2.583215
0.4765701,1.320518,1.813126
0.5127454,1.374855,1.186733
0.4572947,1.331514,1.81111
0.4765701,1.320518,1.813126
0.5339765,1.365558,1.166743
0.3595348,1.147237,2.581729
0.35746,1.112164,2.609733
0.375962,1.086443,2.622021
0.3788681,1.135994,2.583215
1.136515,0.6775542,-1.162648
1.147563,0.6692539,-1.324174
1.147563,0.8376045,-1.375228
1.086996,1.232051,-1.160917
1.147563,0.8919013,-1.436788
1.147563,0.928489,-1.515831
1.147563,0.9453163,-1.826409
1.086996,1.23205,-2.383483
1.124625,0.9425661,-2.387843
1.147563,0.9233337,-2.12509
1.147563,0.8571042,-2.241984
1.147563,0.7535396,-2.29645
1.009552,1.286121,0.9140158
1.072787,1.321403,0.9103744
1.072787,1.321403,0.9330486
1.009552,1.286121,0.93669
1.009552,1.286121,0.93669
1.009552,1.304128,0.93669
1.009552,1.304128,0.9140158
1.009552,1.286121,0.9140158
1.072787,1.321403,0.9330486
1.071986,1.352391,0.9330486
1.009552,1.304128,0.93669
1.009552,1.286121,0.93669
1.073526,1.286313,0.9540308
1.073526,1.286313,0.8893923
1.243333,1.300389,0.8893923
1.243333,1.300389,0.9540308
1.071242,1.393706,0.9540308
1.073526,1.286313,0.9540308
1.243333,1.300389,0.9540308
1.243333,1.381999,0.9540308
1.243333,1.300389,0.8893923
1.243333,1.381999,0.8893923
1.243333,1.381999,0.9540308
1.243333,1.300389,0.9540308
1.071242,1.393706,0.8893923
1.071242,1.393706,0.9540308
1.243333,1.381999,0.9540308
1.243333,1.381999,0.8893923
1.234069,1.373344,0.8893923
1.080718,1.383777,0.8893923
1.071242,1.393706,0.8893923
1.243333,1.381999,0.8893923
1.234069,1.308917,0.8893923
1.243333,1.300389,0.8893923
1.082578,1.296359,0.8893923
1.073526,1.286313,0.8893923
1.080718,1.383777,0.8893923
1.082578,1.296359,0.8893923
1.071242,1.393706,0.8893923
1.082578,1.296359,0.8893923
1.080718,1.383777,0.8893923
1.234069,1.373344,0.8893923
1.234069,1.308917,0.8893923
1.071986,1.352391,0.9103744
1.009552,1.304128,0.9140158
1.009552,1.304128,0.93669
1.071986,1.352391,0.9330486
1.009552,1.286121,0.9140158
1.009552,1.304128,0.9140158
1.071986,1.352391,0.9103744
1.072787,1.321403,0.9103744
1.072787,1.321403,0.9103744
1.071986,1.352391,0.9103744
1.071242,1.393706,0.8893923
1.073526,1.286313,0.8893923
1.071242,1.393706,0.9540308
1.072787,1.321403,0.9330486
1.071986,1.352391,0.9330486
1.073526,1.286313,0.9540308
0.8512325,0.5612696,2.711823
1.015653,0.5729806,2.702453
0.8512346,0.5729781,2.711874
1.004424,0.5612721,2.703045
0.7580494,0.5612696,2.714965
1.015666,0.4705067,2.701996
0.7468077,0.572978,2.715396
1.004434,0.4822149,2.702692
0.7580494,0.4822124,2.714616
0.8512437,0.4705041,2.711421
0.7468077,0.470504,2.714944
0.8512457,0.4822125,2.711473
-1.072787,1.321403,0.9103744
-1.073526,1.286313,0.8893923
-1.071242,1.393706,0.8893923
-1.072787,1.321403,0.9330486
-1.071986,1.352391,0.9103744
-1.073526,1.286313,0.9540308
-1.071242,1.393706,0.9540308
-1.071986,1.352391,0.9330486
-0.8512325,0.5612696,2.711823
-0.8512346,0.5729781,2.711874
-1.015653,0.5729806,2.702453
-1.004424,0.5612721,2.703045
-0.7580494,0.5612696,2.714965
-1.015666,0.4705067,2.701996
-0.7468077,0.572978,2.715396
-1.004434,0.4822149,2.702692
-0.7580494,0.4822124,2.714616
-0.8512437,0.4705041,2.711421
-0.7468077,0.470504,2.714944
-0.8512457,0.4822125,2.711473
-0.989524,0.9162326,2.595727
-0.8383292,0.9162326,2.613698
-0.8383237,1.0546,2.613982
-0.9895504,1.0546,2.595989
-0.8383255,0.8644719,2.61359
-0.8383312,0.7261048,2.613308
-0.7469485,0.7261048,2.613675
-0.7469476,0.864472,2.613959
-0.746948,0.7952886,2.613817
-0.8383237,1.0546,2.613982
-0.8383292,0.9162326,2.613698
-0.7469472,0.9162326,2.614066
-0.7469463,1.0546,2.61435
-0.7469467,0.9854164,2.614208
-0.989524,0.9162326,2.595727
-0.9895504,1.0546,2.595989
-1.029035,1.0546,2.568373
-1.029035,0.9166392,2.568091
-1.029035,0.8648777,2.567985
-1.029035,0.741477,2.567732
-1.016344,0.7257353,2.576576
-0.9896164,0.864472,2.595553
-0.9897272,0.726105,2.595197
-0.9897272,0.726105,2.595197
-0.8383312,0.7261048,2.613308
-0.8383255,0.8644719,2.61359
-0.9896164,0.864472,2.595553
-1.004434,0.4822149,2.702692
-0.8512325,0.5612696,2.711823
-1.004424,0.5612721,2.703045
-0.8512457,0.4822125,2.711473
-0.7580494,0.5612696,2.714965
-0.7580494,0.4822124,2.714616
-1.086974,0.9891496,-3.10476
-1.086936,0.9043469,-3.104146
-1.096978,0.9043487,-2.976719
-1.095344,0.9882697,-2.975928
-1.049596,1.073952,-3.114694
-1.04852,1.158755,-3.114237
-0.8676057,1.158755,-3.114393
-0.867606,1.073952,-3.114769
-1.087011,1.073952,-3.105373
-1.087049,1.158755,-3.105987
-1.04852,1.158755,-3.114237
-1.049596,1.073952,-3.114694
-1.131024,0.3918688,-1.344298
-0.6991087,0.4028807,-1.345133
-1.086936,0.9043469,-3.104146
-1.086974,0.9891496,-3.10476
-1.050672,0.9891495,-3.115152
-1.051747,0.9043469,-3.115609
-1.086974,0.9891496,-3.10476
-1.087011,1.073952,-3.105373
-1.049596,1.073952,-3.114694
-1.050672,0.9891495,-3.115152
-1.051747,0.9043469,-3.115609
-1.050672,0.9891495,-3.115152
-0.8676065,0.9891495,-3.115146
-0.8676069,0.9043467,-3.115523
-1.050672,0.9891495,-3.115152
-1.049596,1.073952,-3.114694
-0.867606,1.073952,-3.114769
-0.8676065,0.9891495,-3.115146
-1.087049,1.158755,-3.105987
-1.087011,1.073952,-3.105373
-1.093711,1.072191,-2.975137
-1.092077,1.156112,-2.974346
-1.087011,1.073952,-3.105373
-1.086974,0.9891496,-3.10476
-1.095344,0.9882697,-2.975928
-1.093711,1.072191,-2.975137
0.989524,0.9162326,2.595727
0.9895504,1.0546,2.595989
0.8383237,1.0546,2.613982
0.8383292,0.9162326,2.613698
0.8383255,0.8644719,2.61359
0.7469476,0.864472,2.613959
0.746948,0.7952886,2.613817
0.7469485,0.7261048,2.613675
0.8383312,0.7261048,2.613308
0.8383237,1.0546,2.613982
0.7469463,1.0546,2.61435
0.7469467,0.9854164,2.614208
0.7469472,0.9162326,2.614066
0.8383292,0.9162326,2.613698
0.989524,0.9162326,2.595727
1.029035,0.9166392,2.568091
1.029035,1.0546,2.568373
0.9895504,1.0546,2.595989
1.029035,0.8648777,2.567985
0.9896164,0.864472,2.595553
0.9897272,0.726105,2.595197
1.016344,0.7257353,2.576576
1.029035,0.741477,2.567732
0.9897272,0.726105,2.595197
0.9896164,0.864472,2.595553
0.8383255,0.8644719,2.61359
0.8383312,0.7261048,2.613308
1.004434,0.4822149,2.702692
1.004424,0.5612721,2.703045
0.8512325,0.5612696,2.711823
0.8512457,0.4822125,2.711473
0.7580494,0.5612696,2.714965
0.7580494,0.4822124,2.714616
1.086974,0.9891496,-3.10476
1.095344,0.9882697,-2.975928
1.096978,0.9043487,-2.976719
1.086936,0.9043469,-3.104146
1.049596,1.073952,-3.114694
0.867606,1.073952,-3.114769
0.8676057,1.158755,-3.114393
1.04852,1.158755,-3.114237
1.087011,1.073952,-3.105373
1.049596,1.073952,-3.114694
1.04852,1.158755,-3.114237
1.087049,1.158755,-3.105987
0.6991087,0.4028807,-1.345133
1.131024,0.3918688,-1.344298
1.086936,0.9043469,-3.104146
1.051747,0.9043469,-3.115609
1.050672,0.9891495,-3.115152
1.086974,0.9891496,-3.10476
1.086974,0.9891496,-3.10476
1.050672,0.9891495,-3.115152
1.049596,1.073952,-3.114694
1.087011,1.073952,-3.105373
1.051747,0.9043469,-3.115609
0.8676069,0.9043467,-3.115523
0.8676065,0.9891495,-3.115146
1.050672,0.9891495,-3.115152
1.050672,0.9891495,-3.115152
0.8676065,0.9891495,-3.115146
0.867606,1.073952,-3.114769
1.049596,1.073952,-3.114694
1.087049,1.158755,-3.105987
1.092077,1.156112,-2.974346
1.093711,1.072191,-2.975137
1.087011,1.073952,-3.105373
1.087011,1.073952,-3.105373
1.093711,1.072191,-2.975137
1.095344,0.9882697,-2.975928
1.086974,0.9891496,-3.10476
2686
0.9035204,0.6501553
0.9035204,0.6501553
0.9035204,0.6501553
0.9035204,0.6501553
0.9035204,0.6501553
0.9035204,0.6501553
0.9035204,0.6501553
0.9035204,0.6501553
0.9035204,0.6501553
0.9035204,0.6501553
0.9035204,0.6501553
0.9035204,0.6501553
0.9035204,0.6501553
0.9035204,0.6501553
0.9035204,0.6501553
0.9035204,0.6501553
0.9035204,0.6501553
0.9035204,0.6501553
0.9035204,0.6501553
0.9035204,0.6501553
0.9035204,0.6501553
0.9035204,0.6501553
0.9035204,0.6501553
0.9035204,0.6501553
0.9035204,0.6501553
0.9035204,0.6501553
0.9035204,0.6501553
0.9035204,0.6501553
0.9035204,0.6501553
0.9035204,0.6501553
0.9035204,0.6501553
0.9035204,0.6501553
0.9035204,0.6501553
0.9035204,0.6501553
0.9035204,0.6501553
0.07457227,0.980926
0.07457225,0.980926
0.07457225,0.9809259
0.07457225,0.980926
0.9035204,0.6501553
0.9035204,0.6501553
0.9035204,0.6501553
0.9035204,0.6501553
0.9035204,0.6501553
0.9035204,0.6501553
0.9035204,0.6501553
0.9035204,0.6501553
0.9035204,0.6501553
0.9035204,0.6501553
0.9035204,0.6501553
0.9035204,0.6501553
0.9035204,0.6501553
0.9035204,0.6501553
0.9035204,0.6501553
0.9035204,0.6501553
0.9035204,0.6501553
0.9035204,0.6501553
0.9035204,0.6501553
0.9035204,0.6501553
0.9035204,0.6501553
0.9035204,0.6501553
0.9035204,0.6501553
0.9035204,0.6501553
0.9035204,0.6501553
0.9035204,0.6501553
0.9035204,0.6501553
0.9035204,0.6501553
0.9035204,0.6501553
0.9035204,0.6501553
0.9035204,0.6501553
0.9035204,0.6501553
0.9035204,0.6501553
0.9035204,0.6501553
0.9035204,0.6501553
0.9035204,0.6501553
0.9035204,0.6501553
0.9035204,0.6501553
0.9035204,0.6501553
0.9035204,0.6501553
0.9035204,0.6501553
0.9035204,0.6501553
0.9035204,0.6501553
0.9035204,0.6501553
0.9035204,0.6501553
0.9035204,0.6501553
0.9035204,0.6501553
0.9035204,0.6501553
0.9035204,0.6501553
0.9035204,0.6501553
0.9035204,0.6501553
0.9035204,0.6501553
0.9035204,0.6501553
0.9035204,0.6501553
0.9035204,0.6501553
0.9035204,0.6501553
0.9035204,0.6501553
0.9035204,0.6501553
0.9035204,0.6501553
0.9035204,0.6501553
0.9035204,0.6501553
0.9035204,0.6501553
0.9035204,0.6501553
0.9035204,0.6501553
0.9035204,0.6501553
0.9035204,0.6501553
0.9035204,0.6501553
0.9035204,0.6501553
0.9035204,0.6501553
0.9035204,0.6501553
0.9035204,0.6501553
0.9035204,0.6501553
0.9035204,0.6501553
0.9035204,0.6501553
0.9035204,0.6501553
0.9035204,0.6501553
0.9035204,0.6501553
0.9035204,0.6501553
0.9035204,0.6501553
0.9035204,0.6501553
0.9035204,0.6501553
0.9035204,0.6501553
0.9035204,0.6501553
0.9035204,0.6501553
0.9035204,0.6501553
0.9035204,0.6501553
0.9035204,0.6501553
0.9035204,0.6501553
0.9035204,0.6501553
0.9035204,0.6501553
0.9035204,0.6501553
0.9035204,0.6501553
0.9035204,0.6501553
0.9035204,0.6501553
0.9035204,0.6501553
0.9035204,0.6501553
0.9035204,0.6501553
0.9035204,0.6501553
0.9035204,0.6501553
0.9035204,0.6501553
0.9035204,0.6501553
0.9035204,0.6501553
0.9035204,0.6501553
0.9035204,0.6501553
0.9035204,0.6501553
0.9035204,0.6501553
0.9035204,0.6501553
0.9035204,0.6501553
0.9035204,0.6501553
0.9035204,0.6501553
0.9035204,0.6501553
0.9035204,0.6501553
0.9035204,0.6501553
0.9035204,0.6501553
0.07457227,0.980926
0.07457227,0.980926
0.07457227,0.980926
0.07457225,0.980926
0.9035204,0.6501553
0.9035204,0.6501553
0.9035204,0.6501553
0.9035204,0.6501553
0.9035204,0.6501553
0.9035204,0.6501553
0.9035204,0.6501553
0.9035204,0.6501553
0.9035204,0.6501553
0.9035204,0.6501553
0.9035204,0.6501553
0.9035204,0.6501553
0.9035204,0.6501553
0.9035204,0.6501553
0.9035204,0.6501553
0.9035204,0.6501553
0.9035204,0.6501553
0.9035204,0.6501553
0.9035204,0.6501553
0.9035204,0.6501553
0.9035204,0.6501553
0.9035204,0.6501553
0.9035204,0.6501553
0.9035204,0.6501553
0.9035204,0.6501553
0.9035204,0.6501553
0.1028713,0.4759456
0.1028713,0.4759456
0.1028713,0.4759456
0.1028713,0.4759456
0.1028713,0.4759456
0.1028713,0.4759456
0.1028713,0.4759456
0.1028713,0.4759456
0.1028713,0.4759456
0.1028713,0.4759456
0.1028713,0.4759456
0.1028713,0.4759456
0.1028713,0.4759456
0.1028713,0.4759456
0.1028713,0.4759456
0.1028713,0.4759456
0.1028713,0.4759456
0.1028713,0.4759456
0.1028713,0.4759456
0.1028713,0.4759456
0.1028713,0.4759456
0.1028713,0.4759456
0.1028713,0.4759456
0.1028713,0.4759456
0.1028713,0.4759456
0.1028713,0.4759456
0.1028713,0.4759456
0.1028713,0.4759456
0.1028713,0.4759456
0.1028713,0.4759456
0.1396801,0.5222106
0.1396801,0.5222106
0.1396801,0.5222106
0.1396801,0.5222106
0.1396801,0.5222106
0.1396801,0.5222106
0.9035204,0.6501553
0.9035204,0.6501553
0.9035204,0.6501553
0.9035204,0.6501553
0.9035204,0.6501553
0.9035204,0.6501553
0.9035204,0.6501553
0.9035204,0.6501553
0.9035204,0.6501553
0.9035204,0.6501553
0.9035204,0.6501553
0.9035204,0.6501553
0.9035204,0.6501553
0.9035204,0.6501553
0.9035204,0.6501553
0.9035204,0.6501553
0.9035204,0.6501553
0.9035204,0.6501553
0.9035204,0.6501553
0.9035204,0.6501553
0.9035204,0.6501553
0.9035204,0.6501553
0.9035204,0.6501553
0.9035204,0.6501553
0.9035204,0.6501553
0.9035204,0.6501553
0.9035204,0.6501553
0.9035204,0.6501553
0.9035204,0.6501553
0.9035204,0.6501553
0.9035204,0.6501553
0.9035204,0.6501553
0.9035204,0.6501553
0.9035204,0.6501553
0.9035204,0.6501553
0.9035204,0.6501553
0.9035204,0.6501553
0.9035204,0.6501553
0.9035204,0.6501553
0.9035204,0.6501553
0.9035204,0.6501553
0.9035204,0.6501553
0.9035204,0.6501553
0.9035204,0.6501553
0.9035204,0.6501553
0.9035204,0.6501553
0.9035204,0.6501553
0.9035204,0.6501553
0.9035204,0.6501553
0.9035204,0.6501553
0.9035204,0.6501553
0.9035204,0.6501553
0.9035204,0.6501553
0.9035204,0.6501553
0.9035204,0.6501553
0.9035204,0.6501553
0.9035204,0.6501553
0.9035204,0.6501553
0.9035204,0.6501553
0.9035204,0.6501553
0.9035204,0.6501553
0.07457228,0.980926
0.07457227,0.980926
0.07457227,0.980926
0.07457227,0.980926
0.9035204,0.6501553
0.9035204,0.6501553
0.9035204,0.6501553
0.9035204,0.6501553
0.9035204,0.6501553
0.9035204,0.6501553
0.9035204,0.6501553
0.9035204,0.6501553
0.9035204,0.6501553
0.9035204,0.6501553
0.9035204,0.6501553
0.9035204,0.6501553
0.9035204,0.6501553
0.9035204,0.6501553
0.9035204,0.6501553
0.9035204,0.6501553
0.1444468,0.5222106
0.1444468,0.5222106
0.1444468,0.5222106
0.1444468,0.5222106
0.1444468,0.5222106
0.9035204,0.6501553
0.9035204,0.6501553
0.9035204,0.6501553
0.9035204,0.6501553
0.9035204,0.6501553
0.9035204,0.6501553
0.9035204,0.6501553
0.9035204,0.6501553
0.9035204,0.6501553
0.9035204,0.6501553
0.9035204,0.6501553
0.9035204,0.6501553
0.9035204,0.6501553
0.9035204,0.6501553
0.9035204,0.6501553
0.9035204,0.6501553
0.1396801,0.5222106
0.1396801,0.5222106
0.1396801,0.5222106
0.1396801,0.5222106
0.1396801,0.5222106
0.1396801,0.5222106
0.1396801,0.5222106
0.1396801,0.5222106
0.1396801,0.5222106
0.1396801,0.5222106
0.1396801,0.5222106
0.1396801,0.5222106
0.1396801,0.5222106
0.1396801,0.5222106
0.9035204,0.6501553
0.9035204,0.6501553
0.9035204,0.6501553
0.9035204,0.6501553
0.1444468,0.5222106
0.1444468,0.5222106
0.1444468,0.5222106
0.1444468,0.5222106
0.1444468,0.5222106
0.1444468,0.5222106
0.1444468,0.5222106
0.1444468,0.5222106
0.1444468,0.5222106
0.1444468,0.5222106
0.1444468,0.5222106
0.1444468,0.5222106
0.1444468,0.5222106
0.1444468,0.5222106
0.9035204,0.6501553
0.9035204,0.6501553
0.9035204,0.6501553
0.9035204,0.6501553
0.1396801,0.5222106
0.1396801,0.5222106
0.1396801,0.5222106
0.1396801,0.5222106
0.1396801,0.5222106
0.1396801,0.5222106
0.1396801,0.5222106
0.1396801,0.5222106
0.1396801,0.5222106
0.1396801,0.5222106
0.1396801,0.5222106
0.1396801,0.5222106
0.1396801,0.5222106
0.1396801,0.5222106
0.1444468,0.5269773
0.1444468,0.5269773
0.1444468,0.5269773
0.1444468,0.5269773
0.1444468,0.5269773
0.1444468,0.5269773
0.1444468,0.5269773
0.1444468,0.5269773
0.1444468,0.5269773
0.1444468,0.5269773
0.9035204,0.6501553
0.9035204,0.6501553
0.9035204,0.6501553
0.9035204,0.6501553
0.9035204,0.6501553
0.9035204,0.6501553
0.9035204,0.6501553
0.9035204,0.6501553
0.9035204,0.6501553
0.9035204,0.6501553
0.9035204,0.6501553
0.9035204,0.6501553
0.9035204,0.6501553
0.9035204,0.6501553
0.9035204,0.6501553
0.9035204,0.6501553
0.9035204,0.6501553
0.9035204,0.6501553
0.9035204,0.6501553
0.9035204,0.6501553
0.9035204,0.6501553
0.9035204,0.6501553
0.9035204,0.6501553
0.9035204,0.6501553
0.9035204,0.6501553
0.9035204,0.6501553
0.9035204,0.6501553
0.9035204,0.6501553
0.9035204,0.6501553
0.9035204,0.6501553
0.9035204,0.6501553
0.9035204,0.6501553
0.9035204,0.6501553
0.9035204,0.6501553
0.9035204,0.6501553
0.9035204,0.6501553
0.9035204,0.6501553
0.9035204,0.6501553
0.9035204,0.6501553
0.9035204,0.6501553
0.9035204,0.6501553
0.9035204,0.6501553
0.9035204,0.6501553
0.9035204,0.6501553
0.07457228,0.980926
0.07457227,0.980926
0.07457225,0.980926
0.07457225,0.980926
0.1621548,0.5392056
0.1621548,0.5392056
0.1621548,0.5392056
0.1621548,0.5392056
0.1697706,0.5392056
0.1697706,0.5392056
0.1697706,0.5392056
0.1697706,0.5392056
0.1697706,0.5392056
0.1697706,0.5392056
0.1697706,0.5392056
0.1697706,0.5392056
0.1697706,0.5392056
0.1697706,0.5392056
0.1697706,0.5392056
0.1697706,0.5392056
0.1697706,0.5392056
0.1697706,0.5392056
0.1621548,0.5392056
0.1621548,0.5392056
0.1621548,0.5392056
0.1621548,0.5392056
0.1621548,0.5392056
0.1621548,0.5392056
0.1621548,0.5392056
0.1621548,0.5392056
0.1659627,0.5506294
0.1659627,0.5506294
0.1659627,0.5506294
0.1659627,0.5506294
0.1659627,0.5506294
0.1659627,0.5506294
0.1659627,0.5506294
0.1659627,0.5506294
0.1659627,0.5506294
0.1659627,0.5506294
0.1659627,0.5506294
0.1659627,0.5506294
0.1659627,0.5506294
0.1659627,0.5506294
0.1621548,0.5392056
0.1621548,0.5392056
0.1621548,0.5392056
0.1621548,0.5392056
0.1621548,0.5392056
0.1621548,0.5392056
0.1621548,0.5392056
0.1621548,0.5392056
0.1621548,0.5392056
0.1621548,0.5392056
0.1621548,0.5392056
0.1621548,0.5392056
0.1621548,0.5392056
0.1621548,0.5392056
0.1621548,0.5392056
0.1621548,0.5392056
0.1621548,0.5392056
0.1621548,0.5392056
0.9035204,0.6501553
0.9035204,0.6501553
0.9035204,0.6501553
0.9035204,0.6501553
0.9035204,0.6501553
0.9035204,0.6501553
0.9035204,0.6501553
0.1659627,0.5506294
0.1659627,0.5506294
0.1659627,0.5506294
0.1659627,0.5506294
0.1659627,0.5506294
0.1659627,0.5506294
0.1659627,0.5506294
0.1659627,0.5506294
0.1659627,0.5506294
0.1659627,0.5506294
0.1659627,0.5506294
0.1659627,0.5506294
0.1659627,0.5506294
0.1659627,0.5506294
0.1659627,0.5506294
0.1659627,0.5506294
0.1659627,0.5506294
0.1659627,0.5506294
0.1659627,0.5506294
0.1659627,0.5506294
0.1659627,0.5506294
0.1659627,0.5506294
0.1659627,0.5506294
0.1659627,0.5506294
0.1659627,0.5506294
0.1659627,0.5506294
0.1659627,0.5506294
0.1659627,0.5506294
0.1659627,0.5506294
0.1659627,0.5506294
0.07457225,0.980926
0.07457227,0.980926
0.07457225,0.980926
0.07457225,0.980926
0.07457228,0.980926
0.07457227,0.980926
0.07457227,0.980926
0.07457227,0.9809259
0.07457228,0.980926
0.07457227,0.980926
0.07457225,0.9809259
0.07457227,0.980926
0.07457225,0.980926
0.07457228,0.980926
0.07457227,0.980926
0.07457227,0.980926
0.07457228,0.9809259
0.07457227,0.9809259
0.07457227,0.9809259
0.07457225,0.980926
0.07457227,0.980926
0.07457227,0.980926
0.07457225,0.980926
0.07457227,0.9809259
0.07457225,0.980926
0.07457227,0.980926
0.07457225,0.980926
0.07457227,0.9809259
0.07457225,0.980926
0.07457227,0.980926
0.07457227,0.980926
0.07457227,0.9809259
0.07457227,0.980926
0.07457227,0.980926
0.07457227,0.980926
0.07457225,0.980926
0.07457227,0.980926
0.07457225,0.9809259
0.07457227,0.980926
0.07457227,0.9809259
0.07457225,0.980926
0.07457228,0.980926
0.07457228,0.980926
0.07457227,0.980926
0.07457227,0.980926
0.07457228,0.980926
0.07457227,0.980926
0.07457227,0.980926
0.1012278,0.9580784
0.1012278,0.9580784
0.1012278,0.9580784
0.1012278,0.9580784
0.1012278,0.9580784
0.1012278,0.9580784
0.1012278,0.9580784
0.1012278,0.9580784
0.1012278,0.9580784
0.1012278,0.9580784
0.1012278,0.9580784
0.1012278,0.9580784
0.1012278,0.9580784
0.1012278,0.9580784
0.1012278,0.9580784
0.1012278,0.9580784
0.1012278,0.9580784
0.1012278,0.9580784
0.1012278,0.9580784
0.1012278,0.9580784
0.1012278,0.9580784
0.1012278,0.9580784
0.1012278,0.9580784
0.1012278,0.9580784
0.1012278,0.9580784
0.1012278,0.9580784
0.1012278,0.9580784
0.1012278,0.9580784
0.1012278,0.9580784
0.1012278,0.9580784
0.1012278,0.9580784
0.1012278,0.9580784
0.1012278,0.9580784
0.1012278,0.9580784
0.1012278,0.9580784
0.1012278,0.9580784
0.1012278,0.9580784
0.1012278,0.9580784
0.1012278,0.9580784
0.1012278,0.9580784
0.1012278,0.9580784
0.1012278,0.9580784
0.1012278,0.9580784
0.1012278,0.9580784
0.1012278,0.9580784
0.1012278,0.9580784
0.1012278,0.9580784
0.1012278,0.9580784
0.1012278,0.9580784
0.1012278,0.9580784
0.1012278,0.9580784
0.1012278,0.9580784
0.1012278,0.9580784
0.1012278,0.9580784
0.9035204,0.6501553
0.9035204,0.6501553
0.9035204,0.6501553
0.9035204,0.6501553
0.9035204,0.6501553
0.9035204,0.6501553
0.9035204,0.6501553
0.9035204,0.6501553
0.9035204,0.6501553
0.9035204,0.6501553
0.9035204,0.6501553
0.9035204,0.6501553
0.9035204,0.6501553
0.9035204,0.6501553
0.9035204,0.6501553
0.9035204,0.6501553
0.1444468,0.5269773
0.1444468,0.5269773
0.1444468,0.5269773
0.1444468,0.5269773
0.1444468,0.5269773
0.1444468,0.5269773
0.1444468,0.5269773
0.1444468,0.5269773
0.1444468,0.5269773
0.1444468,0.5269773
0.9035204,0.6501553
0.9035204,0.6501553
0.9035204,0.6501553
0.9035203,0.6501552
0.9035204,0.6501553
0.9035204,0.6501553
0.9035204,0.6501553
0.9035204,0.6501553
0.9035204,0.6501553
0.9035204,0.6501553
0.1444468,0.5269773
0.1444468,0.5269773
0.1444468,0.5269773
0.1444468,0.5269773
0.1396801,0.5222106
0.1396801,0.5222106
0.1396801,0.5222106
0.1396801,0.5222106
0.1396801,0.5222106
0.1396801,0.5222106
0.1396801,0.5222106
0.1396801,0.5222106
0.1396801,0.5222106
0.1396801,0.5222106
0.1396801,0.5222106
0.1396801,0.5222106
0.1396801,0.5222106
0.1396801,0.5222106
0.1396801,0.5222106
0.1396801,0.5222106
0.1396801,0.5222106
0.1396801,0.5222106
0.1396801,0.5222106
0.1396801,0.5222106
0.1396801,0.5222106
0.1396801,0.5222106
0.1396801,0.5222106
0.1396801,0.5222106
0.1396801,0.5222106
0.1396801,0.5222106
0.1396801,0.5222106
0.1396801,0.5222106
0.1396801,0.5222106
0.1396801,0.5222106
0.1396801,0.5222106
0.1396801,0.5222106
0.1396801,0.5222106
0.1396801,0.5222106
0.1396801,0.5222106
0.1396801,0.5222106
0.1396801,0.5222106
0.1396801,0.5222106
0.1396801,0.5222106
0.1396801,0.5222106
0.1396801,0.5222106
0.1396801,0.5222106
0.9035204,0.6501553
0.9035204,0.6501553
0.9035204,0.6501553
0.9035204,0.6501553
0.9035204,0.6501553
0.9035204,0.6501553
0.9035204,0.6501553
0.9035204,0.6501553
0.9035204,0.6501553
0.9035204,0.6501553
0.9035204,0.6501553
0.9035204,0.6501553
0.9035204,0.6501553
0.9035204,0.6501553
0.9035204,0.6501553
0.9035204,0.6501553
0.9035204,0.6501553
0.9035204,0.6501553
0.9035204,0.6501553
0.9035204,0.6501553
0.9035204,0.6501553
0.9035204,0.6501553
0.9035204,0.6501553
0.9035204,0.6501553
0.9035204,0.6501553
0.9035204,0.6501553
0.9035204,0.6501553
0.9035204,0.6501553
0.9035204,0.6501553
0.9035204,0.6501553
0.9035204,0.6501553
0.9035204,0.6501553
0.9035204,0.6501553
0.9035204,0.6501553
0.9035204,0.6501553
0.9035204,0.6501553
0.9035204,0.6501553
0.9035204,0.6501553
0.9035204,0.6501553
0.9035204,0.6501553
0.9035204,0.6501553
0.9035204,0.6501553
0.9035204,0.6501553
0.9035204,0.6501553
0.9035204,0.6501553
0.9035204,0.6501553
0.9035204,0.6501553
0.9035204,0.6501553
0.9035204,0.6501553
0.9035204,0.6501553
0.9035204,0.6501553
0.9035204,0.6501553
0.9035204,0.6501553
0.1396801,0.5222106
0.1396801,0.5222106
0.1396801,0.5222106
0.1396801,0.5222106
0.1396801,0.5222106
0.1396801,0.5222106
0.1396801,0.5222106
0.1396801,0.5222106
0.1396801,0.5222106
0.1396801,0.5222106
0.1396801,0.5222106
0.1396801,0.5222106
0.1396801,0.5222106
0.1396801,0.5222106
0.1396801,0.5222106
0.1396801,0.5222106
0.1396801,0.5222106
0.1396801,0.5222106
0.1396801,0.5222106
0.1396801,0.5222106
0.1396801,0.5222106
0.1396801,0.5222106
0.1396801,0.5222106
0.1396801,0.5222106
0.1396801,0.5222106
0.1396801,0.5222106
0.1396801,0.5222106
0.1396801,0.5222106
0.1396801,0.5222106
0.1396801,0.5222106
0.1396801,0.5222106
0.1396801,0.5222106
0.9035204,0.6501553
0.9035204,0.6501553
0.9035204,0.6501553
0.9035204,0.6501553
0.1396801,0.5222106
0.1396801,0.5222106
0.1396801,0.5222106
0.1396801,0.5222106
0.1396801,0.5222106
0.1396801,0.5222106
0.1396801,0.5222106
0.1396801,0.5222106
0.1028713,0.4759456
0.1028713,0.4759456
0.1028713,0.4759456
0.1028713,0.4759456
0.1028713,0.4759456
0.1028713,0.4759456
0.1028713,0.4759456
0.1028713,0.4759456
0.1028713,0.4759456
0.1028713,0.4759456
0.1028713,0.4759456
0.1028713,0.4759456
0.1028713,0.4759456
0.1028713,0.4759456
0.1028713,0.4759456
0.9035204,0.6501553
0.9035204,0.6501553
0.9035204,0.6501553
0.9035204,0.6501553
0.9035204,0.6501553
0.9035204,0.6501553
0.9035204,0.6501553
0.9035204,0.6501553
0.1126516,0.9580784
0.1126516,0.9580784
0.1126516,0.9580784
0.1126516,0.9580784
0.1126516,0.9580784
0.1126516,0.9580784
0.1126516,0.9580784
0.1126516,0.9580784
0.1126516,0.9580784
0.1126516,0.9580784
0.1126516,0.9580784
0.1126516,0.9580784
0.1126516,0.9580784
0.1126516,0.9580784
0.1126516,0.9580784
0.1126516,0.9580784
0.1126516,0.9580784
0.1126516,0.9580784
0.1126516,0.9580784
0.1126516,0.9580784
0.1126516,0.9580784
0.1126516,0.9580784
0.1126516,0.9580784
0.1126516,0.9580784
0.1126516,0.9580784
0.1126516,0.9580784
0.1126516,0.9580784
0.1126516,0.9580784
0.1126516,0.9580784
0.1126516,0.9580784
0.1126516,0.9580784
0.1126516,0.9580784
0.1126516,0.9580784
0.1126516,0.9580784
0.1126516,0.9580784
0.1126516,0.9580784
0.1126516,0.9580784
0.1126516,0.9580784
0.1126516,0.9580784
0.1126516,0.9580784
0.1126516,0.9580784
0.1126516,0.9580784
0.1126516,0.9580784
0.1126516,0.9580784
0.1126516,0.9580784
0.1126516,0.9580784
0.1126516,0.9580784
0.1126516,0.9580784
0.1126516,0.9580784
0.1126516,0.9580784
0.1126516,0.9580784
0.1126516,0.9580784
0.1126516,0.9580784
0.1126516,0.9580784
0.1126516,0.9580784
0.1126516,0.9580784
0.1126516,0.9580784
0.1126516,0.9580784
0.1126516,0.9580784
0.1126516,0.9580784
0.1126516,0.9580784
0.1126516,0.9580784
0.1126516,0.9580784
0.1126516,0.9580784
0.1126516,0.9580784
0.1126516,0.9580784
0.1126516,0.9580784
0.1126516,0.9580784
0.1126516,0.9580784
0.1126516,0.9580784
0.9035204,0.6501553
0.9035204,0.6501553
0.9035204,0.6501553
0.9035204,0.6501553
0.9035204,0.6501553
0.9035204,0.6501553
0.9035204,0.6501553
0.9035204,0.6501553
0.9035204,0.6501553
0.9035204,0.6501553
0.9035204,0.6501553
0.9035204,0.6501553
0.9035204,0.6501553
0.9035204,0.6501553
0.9035204,0.6501553
0.9035204,0.6501553
0.9035204,0.6501553
0.9035204,0.6501553
0.9035204,0.6501553
0.9035204,0.6501553
0.9035204,0.6501553
0.9035204,0.6501553
0.9035204,0.6501553
0.9035204,0.6501553
0.9035204,0.6501553
0.9035204,0.6501553
0.9035204,0.6501553
0.9035204,0.6501553
0.9035204,0.6501553
0.9035204,0.6501553
0.9035204,0.6501553
0.9035204,0.6501553
0.9035204,0.6501553
0.9035204,0.6501553
0.9035204,0.6501553
0.9035204,0.6501553
0.1126516,0.9580784
0.1126516,0.9580784
0.1126516,0.9580784
0.1126516,0.9580784
0.1126516,0.9580784
0.1126516,0.9580784
0.1126516,0.9580784
0.1126516,0.9580784
0.1126516,0.9580784
0.1126516,0.9580784
0.1126516,0.9580784
0.1126516,0.9580784
0.1126516,0.9580784
0.1126516,0.9580784
0.1126516,0.9580784
0.1126516,0.9580784
0.1126516,0.9580784
0.1126516,0.9580784
0.1126516,0.9580784
0.1126516,0.9580784
0.1126516,0.9580784
0.1126516,0.9580784
0.1126516,0.9580784
0.1126516,0.9580784
0.1126516,0.9580784
0.1126516,0.9580784
0.1126516,0.9580784
0.1126516,0.9580784
0.1126516,0.9580784
0.1126516,0.9580784
0.1126516,0.9580784
0.1126516,0.9580784
0.1126516,0.9580784
0.1126516,0.9580784
0.1126516,0.9580784
0.1126516,0.9580784
0.9035204,0.6501553
0.9035204,0.6501553
0.9035204,0.6501553
0.9035204,0.6501553
0.9035204,0.6501553
0.9035204,0.6501553
0.9035204,0.6501553
0.9035204,0.6501553
0.9035204,0.6501553
0.9035204,0.6501553
0.9035204,0.6501553
0.9035204,0.6501553
0.9035204,0.6501553
0.9035204,0.6501553
0.9035204,0.6501553
0.9035204,0.6501553
0.9035204,0.6501553
0.9035204,0.6501553
0.9035204,0.6501553
0.9035204,0.6501553
0.9035204,0.6501553
0.9035204,0.6501553
0.9035204,0.6501553
0.9035203,0.6501553
0.9035204,0.6501553
0.9035204,0.6501553
0.9035204,0.6501553
0.9035204,0.6501553
0.9035204,0.6501553
0.9035204,0.6501553
0.9035204,0.6501553
0.9035204,0.6501553
0.9035204,0.6501553
0.9035204,0.6501553
0.9035204,0.6501553
0.9035204,0.6501553
0.9035204,0.6501553
0.9035204,0.6501553
0.9035204,0.6501553
0.9035204,0.6501553
0.9035204,0.6501553
0.9035204,0.6501553
0.9035204,0.6501553
0.9035204,0.6501553
0.9035204,0.6501553
0.9035204,0.6501553
0.9035204,0.6501553
0.9035204,0.6501553
0.9035204,0.6501553
0.9035204,0.6501553
0.9035204,0.6501553
0.9035204,0.6501553
0.9035204,0.6501553
0.9035204,0.6501553
0.9035204,0.6501553
0.9035204,0.6501553
0.9035204,0.6501553
0.9035204,0.6501553
0.9035204,0.6501553
0.9035204,0.6501553
0.9035204,0.6501553
0.9035204,0.6501553
0.9035204,0.6501553
0.9035204,0.6501553
0.9035204,0.6501553
0.9035204,0.6501553
0.9035204,0.6501553
0.9035204,0.6501553
0.9035204,0.6501553
0.9035204,0.6501553
0.9035204,0.6501553
0.9035204,0.6501553
0.9035204,0.6501553
0.9035204,0.6501553
0.9035204,0.6501553
0.9035204,0.6501553
0.9035204,0.6501553
0.9035204,0.6501553
0.9035204,0.6501553
0.9035204,0.6501553
0.9035204,0.6501553
0.9035204,0.6501553
0.9035204,0.6501553
0.9035204,0.6501553
0.9035204,0.6501553
0.9035204,0.6501553
0.9035204,0.6501553
0.9035204,0.6501553
0.9035204,0.6501553
0.9035204,0.6501553
0.9035204,0.6501553
0.9035204,0.6501553
0.9035204,0.6501553
0.9035204,0.6501553
0.9035204,0.6501553
0.9035204,0.6501553
0.9035204,0.6501553
0.9035204,0.6501553
0.9035204,0.6501553
0.1444468,0.5269773
0.1444468,0.5269773
0.1444468,0.5269773
0.1444468,0.5269773
0.1444468,0.5269773
0.1444468,0.5269773
0.9035204,0.6501553
0.9035204,0.6501553
0.9035204,0.6501553
0.9035204,0.6501553
0.1444468,0.5269773
0.1444468,0.5269773
0.1444468,0.5269773
0.1444468,0.5269773
0.1444468,0.5269773
0.1444468,0.5269773
0.1444468,0.5269773
0.1444468,0.5269773
0.1444468,0.5269773
0.1444468,0.5269773
0.1444468,0.5269773
0.1444468,0.5269773
0.1444468,0.5269773
0.1444468,0.5269773
0.1444468,0.5269773
0.1444468,0.5269773
0.1444468,0.5269773
0.1444468,0.5269773
0.1444468,0.5269773
0.1444468,0.5269773
0.1444468,0.5269773
0.1444468,0.5269773
0.1444468,0.5269773
0.1444468,0.5269773
0.1444468,0.5269773
0.1444468,0.5269773
0.9035204,0.6501553
0.9035204,0.6501553
0.9035204,0.6501553
0.9035204,0.6501553
0.9035204,0.6501553
0.9035204,0.6501553
0.9035204,0.6501553
0.9035204,0.6501553
0.9035204,0.6501553
0.9035204,0.6501553
0.9035203,0.6501552
0.9035204,0.6501553
0.9035204,0.6501553
0.9035204,0.6501553
0.1063136,0.95836
0.1063136,0.95836
0.1063136,0.95836
0.1063136,0.95836
0.1063136,0.95836
0.1063136,0.95836
0.1063136,0.95836
0.1063136,0.95836
0.1063136,0.95836
0.1063136,0.95836
0.1063136,0.95836
0.1063136,0.95836
0.1063136,0.95836
0.1063136,0.95836
0.1063136,0.95836
0.1063136,0.95836
0.1063136,0.95836
0.1063136,0.95836
0.1063136,0.95836
0.1063136,0.95836
0.1063136,0.95836
0.1063136,0.95836
0.1063136,0.95836
0.1063136,0.95836
0.1063136,0.95836
0.1063136,0.95836
0.1063136,0.95836
0.1063136,0.95836
0.1063136,0.95836
0.1063136,0.95836
0.1063136,0.95836
0.1063136,0.95836
0.9035204,0.6501553
0.9035204,0.6501553
0.9035204,0.6501553
0.9035204,0.6501553
0.9035204,0.6501553
0.150731,0.5315896
0.150731,0.5315897
0.150731,0.5315896
0.150731,0.5315896
0.150731,0.5315896
0.150731,0.5315897
0.150731,0.5315896
0.150731,0.5315896
0.150731,0.5315896
0.150731,0.5315896
0.150731,0.5315896
0.150731,0.5315896
0.150731,0.5315896
0.150731,0.5315896
0.150731,0.5315896
0.150731,0.5315897
0.150731,0.5315896
0.150731,0.5315896
0.150731,0.5315896
0.150731,0.5315896
0.150731,0.5315896
0.150731,0.5315896
0.150731,0.5315896
0.150731,0.5315896
0.150731,0.5315896
0.150731,0.5315896
0.150731,0.5315896
0.150731,0.5315896
0.150731,0.5315897
0.150731,0.5315896
0.150731,0.5315896
0.150731,0.5315896
0.150731,0.5315897
0.150731,0.5315896
0.150731,0.5315896
0.150731,0.5315896
0.150731,0.5315896
0.150731,0.5315896
0.150731,0.5315896
0.150731,0.5315896
0.150731,0.5315896
0.150731,0.5315896
0.150731,0.5315896
0.150731,0.5315896
0.150731,0.5315897
0.150731,0.5315896
0.150731,0.5315896
0.150731,0.5315896
0.150731,0.5315896
0.150731,0.5315896
0.150731,0.5315896
0.150731,0.5315896
0.150731,0.5315896
0.150731,0.5315896
0.150731,0.5315896
0.150731,0.5315896
0.150731,0.5315896
0.150731,0.5315896
0.150731,0.5315896
0.150731,0.5315897
0.150731,0.5315896
0.150731,0.5315896
0.150731,0.5315896
0.150731,0.5315896
0.150731,0.5315896
0.150731,0.5315896
0.150731,0.5315896
0.150731,0.5315896
0.150731,0.5315896
0.150731,0.5315896
0.150731,0.5315896
0.150731,0.5315896
0.150731,0.5315896
0.150731,0.5315897
0.150731,0.5315896
0.150731,0.5315897
0.150731,0.5315896
0.150731,0.5315896
0.150731,0.5315896
0.150731,0.5315896
0.150731,0.5315896
0.150731,0.5315896
0.150731,0.5315896
0.150731,0.5315896
0.150731,0.5315897
0.150731,0.5315896
0.150731,0.5315896
0.150731,0.5315896
0.150731,0.5315896
0.150731,0.5315896
0.150731,0.5315896
0.150731,0.5315896
0.150731,0.5315896
0.150731,0.5315896
0.150731,0.5315896
0.150731,0.5315896
0.150731,0.5315896
0.150731,0.5315896
0.150731,0.5315896
0.150731,0.5315897
0.150731,0.5315896
0.150731,0.5315897
0.150731,0.5315896
0.150731,0.5315896
0.150731,0.5315896
0.150731,0.5315897
0.150731,0.5315896
0.150731,0.5315897
0.150731,0.5315896
0.150731,0.5315896
0.150731,0.5315896
0.150731,0.5315896
0.150731,0.5315896
0.150731,0.5315896
0.150731,0.5315896
0.150731,0.5315897
0.150731,0.5315896
0.150731,0.5315896
0.150731,0.5315896
0.150731,0.5315896
0.150731,0.5315896
0.150731,0.5315896
0.150731,0.5315896
0.150731,0.5315897
0.150731,0.5315896
0.150731,0.5315896
0.150731,0.5315896
0.150731,0.5315897
0.150731,0.5315896
0.150731,0.5315896
0.150731,0.5315896
0.150731,0.5315896
0.150731,0.5315896
0.150731,0.5315896
0.150731,0.5315896
0.150731,0.5315896
0.150731,0.5315896
0.150731,0.5315896
0.150731,0.5315897
0.150731,0.5315896
0.150731,0.5315896
0.150731,0.5315896
0.150731,0.5315896
0.150731,0.5315897
0.150731,0.5315896
0.150731,0.5315896
0.150731,0.5315896
0.150731,0.5315897
0.150731,0.5315896
0.150731,0.5315896
0.150731,0.5315896
0.150731,0.5315896
0.150731,0.5315896
0.150731,0.5315896
0.150731,0.5315896
0.150731,0.5315896
0.150731,0.5315896
0.150731,0.5315896
0.150731,0.5315896
0.150731,0.5315896
0.150731,0.5315896
0.150731,0.5315896
0.150731,0.5315896
0.150731,0.5315896
0.150731,0.5315896
0.150731,0.5315896
0.150731,0.5315896
0.150731,0.5315896
0.150731,0.5315896
0.150731,0.5315896
0.150731,0.5315896
0.150731,0.5315896
0.150731,0.5315896
0.150731,0.5315896
0.150731,0.5315896
0.150731,0.5315896
0.150731,0.5315896
0.150731,0.5315896
0.150731,0.5315896
0.150731,0.5315896
0.150731,0.5315896
0.150731,0.5315896
0.150731,0.5315897
0.150731,0.5315896
0.150731,0.5315896
0.150731,0.5315896
0.150731,0.5315896
0.150731,0.5315897
0.150731,0.5315896
0.150731,0.5315896
0.150731,0.5315896
0.150731,0.5315896
0.150731,0.5315896
0.150731,0.5315896
0.150731,0.5315896
0.150731,0.5315896
0.150731,0.5315896
0.150731,0.5315896
0.150731,0.5315896
0.150731,0.5315896
0.150731,0.5315896
0.150731,0.5315896
0.150731,0.5315896
0.150731,0.5315896
0.150731,0.5315896
0.150731,0.5315896
0.150731,0.5315896
0.150731,0.5315896
0.150731,0.5315896
0.150731,0.5315896
0.150731,0.5315896
0.150731,0.5315896
0.150731,0.5315896
0.150731,0.5315896
0.150731,0.5315896
0.150731,0.5315896
0.150731,0.5315896
0.150731,0.5315896
0.150731,0.5315896
0.150731,0.5315896
0.150731,0.5315897
0.150731,0.5315897
0.150731,0.5315896
0.150731,0.5315896
0.150731,0.5315897
0.150731,0.5315896
0.150731,0.5315896
0.150731,0.5315896
0.150731,0.5315896
0.150731,0.5315896
0.150731,0.5315896
0.150731,0.5315896
0.9035204,0.6501553
0.9035204,0.6501553
0.9035204,0.6501553
0.9035204,0.6501553
0.9035204,0.6501553
0.9035204,0.6501553
0.9035204,0.6501553
0.9035204,0.6501553
0.9035204,0.6501553
0.9035204,0.6501553
0.9035204,0.6501553
0.9035204,0.6501553
0.9035204,0.6501553
0.9035204,0.6501553
0.9035204,0.6501553
0.9035203,0.6501553
0.9035204,0.6501553
0.9035204,0.6501553
0.9035204,0.6501553
0.9035204,0.6501553
0.9035204,0.6501553
0.9035204,0.6501553
0.9035204,0.6501553
0.9035204,0.6501553
0.9035204,0.6501553
0.9035204,0.6501553
0.9035204,0.6501553
0.9035204,0.6501553
0.9035204,0.6501553
0.9035204,0.6501553
0.9035204,0.6501553
0.9035204,0.6501553
0.9035204,0.6501553
0.9035204,0.6501553
0.9035204,0.6501553
0.9035204,0.6501553
0.9035204,0.6501553
0.9035204,0.6501553
0.9035204,0.6501553
0.9035204,0.6501553
0.9035204,0.6501553
0.1562356,0.5357736
0.1562356,0.5357736
0.1562356,0.5357736
0.1562356,0.5357736
0.1562356,0.5357736
0.1562356,0.5357736
0.1562356,0.5357736
0.1562356,0.5357736
0.1562356,0.5357736
0.1562356,0.5357736
0.1562356,0.5357736
0.1562356,0.5357736
0.1562356,0.5357736
0.1562356,0.5357736
0.1562356,0.5357736
0.1562356,0.5357736
0.1562356,0.5357736
0.1562356,0.5357736
0.1562356,0.5357736
0.1562356,0.5357736
0.1562356,0.5357736
0.1562356,0.5357736
0.1562356,0.5357736
0.1562356,0.5357736
0.9035204,0.6501553
0.9035204,0.6501553
0.9035204,0.6501553
0.9035204,0.6501553
0.9035204,0.6501553
0.9035204,0.6501553
0.9035204,0.6501553
0.9035204,0.6501553
0.9035204,0.6501553
0.9035204,0.6501553
0.9035204,0.6501553
0.9035204,0.6501553
0.9035204,0.6501553
0.9035204,0.6501553
0.9035204,0.6501553
0.9035204,0.6501553
0.9035204,0.6501553
0.9035204,0.6501553
0.9035204,0.6501553
0.9035204,0.6501553
0.9035204,0.6501553
0.9035204,0.6501553
0.9035204,0.6501553
0.9035204,0.6501553
0.9035203,0.6501552
0.9035204,0.6501553
0.9035204,0.6501553
0.9035204,0.6501553
0.9035204,0.6501553
0.9035204,0.6501553
0.9035204,0.6501553
0.9035204,0.6501553
0.9035204,0.6501553
0.9035204,0.6501553
0.9035204,0.6501553
0.9035204,0.6501553
0.08984375,0.9628906
0.08984375,0.9628906
0.08984375,0.9628906
0.08984375,0.9628906
0.08984375,0.9628906
0.08984375,0.9628906
0.08984375,0.9628906
0.08984375,0.9628906
0.08984375,0.9628906
0.08984375,0.9628906
0.08984375,0.9628906
0.08984375,0.9628906
0.08984375,0.9628906
0.08984375,0.9628906
0.08984375,0.9628906
0.08984375,0.9628906
0.08984375,0.9628906
0.08984375,0.9628906
0.08984375,0.9628906
0.08984375,0.9628906
0.08984375,0.9628906
0.08984375,0.9628906
0.08984375,0.9628906
0.08984375,0.9628906
0.08984375,0.9628906
0.08984375,0.9628906
0.08984375,0.9628906
0.08984375,0.9628906
0.08984375,0.9628906
0.08984375,0.9628906
0.08984369,0.9628906
0.08984375,0.9628906
0.08984375,0.9628906
0.08984375,0.9628906
0.08984369,0.9628906
0.08984375,0.9628906
0.08984369,0.9628906
0.08984375,0.9628906
0.08984369,0.9628906
0.4003906,0.4733019
0.4003906,0.4733019
0.4003906,0.4733019
0.4003906,0.4733019
0.08984375,0.9628906
0.08984375,0.9628906
0.08984375,0.9628906
0.08984375,0.9628906
0.08984375,0.9628906
0.08984375,0.9628906
0.08984375,0.9628906
0.08984375,0.9628906
0.9035204,0.6501553
0.9035204,0.6501553
0.9035204,0.6501553
0.9035204,0.6501553
0.9035204,0.6501553
0.9035204,0.6501553
0.9035204,0.6501553
0.9035204,0.6501553
0.9035204,0.6501553
0.9035204,0.6501553
0.9035204,0.6501553
0.9035204,0.6501553
0.9035204,0.6501553
0.9035204,0.6501553
0.9035204,0.6501553
0.9035204,0.6501553
0.9035204,0.6501553
0.9035204,0.6501553
0.9035204,0.6501553
0.9035204,0.6501553
0.9035204,0.6501553
0.9035204,0.6501553
0.9035204,0.6501553
0.07457227,0.980926
0.07457225,0.980926
0.07457225,0.9809259
0.07457225,0.980926
0.9035204,0.6501553
0.9035204,0.6501553
0.9035204,0.6501553
0.9035204,0.6501553
0.9035204,0.6501553
0.9035204,0.6501553
0.9035204,0.6501553
0.9035204,0.6501553
0.9035204,0.6501553
0.9035204,0.6501553
0.9035204,0.6501553
0.9035204,0.6501553
0.9035204,0.6501553
0.9035204,0.6501553
0.9035204,0.6501553
0.9035204,0.6501553
0.9035204,0.6501553
0.9035204,0.6501553
0.9035204,0.6501553
0.9035204,0.6501553
0.9035204,0.6501553
0.9035204,0.6501553
0.9035204,0.6501553
0.9035204,0.6501553
0.9035204,0.6501553
0.9035204,0.6501553
0.9035204,0.6501553
0.9035204,0.6501553
0.9035204,0.6501553
0.9035204,0.6501553
0.9035204,0.6501553
0.9035204,0.6501553
0.9035204,0.6501553
0.9035204,0.6501553
0.9035204,0.6501553
0.9035204,0.6501553
0.9035204,0.6501553
0.9035204,0.6501553
0.9035204,0.6501553
0.9035204,0.6501553
0.9035204,0.6501553
0.9035204,0.6501553
0.9035204,0.6501553
0.9035204,0.6501553
0.9035204,0.6501553
0.9035204,0.6501553
0.9035204,0.6501553
0.9035204,0.6501553
0.9035204,0.6501553
0.9035204,0.6501553
0.9035204,0.6501553
0.9035204,0.6501553
0.9035204,0.6501553
0.9035204,0.6501553
0.9035204,0.6501553
0.9035204,0.6501553
0.9035204,0.6501553
0.9035204,0.6501553
0.9035204,0.6501553
0.9035204,0.6501553
0.9035204,0.6501553
0.9035204,0.6501553
0.07457227,0.980926
0.07457225,0.980926
0.07457227,0.980926
0.07457227,0.980926
0.9035204,0.6501553
0.9035204,0.6501553
0.9035204,0.6501553
0.9035204,0.6501553
0.9035204,0.6501553
0.9035204,0.6501553
0.9035204,0.6501553
0.9035204,0.6501553
0.9035204,0.6501553
0.9035204,0.6501553
0.9035204,0.6501553
0.9035204,0.6501553
0.9035204,0.6501553
0.9035204,0.6501553
0.9035204,0.6501553
0.9035204,0.6501553
0.9035204,0.6501553
0.9035204,0.6501553
0.9035204,0.6501553
0.9035204,0.6501553
0.9035204,0.6501553
0.9035204,0.6501553
0.9035204,0.6501553
0.9035204,0.6501553
0.9035204,0.6501553
0.9035204,0.6501553
0.9035204,0.6501553
0.9035204,0.6501553
0.9035204,0.6501553
0.9035204,0.6501553
0.9035204,0.6501553
0.9035204,0.6501553
0.9035204,0.6501553
0.9035204,0.6501553
0.9035204,0.6501553
0.9035204,0.6501553
0.9035204,0.6501553
0.9035204,0.6501553
0.9035204,0.6501553
0.9035204,0.6501553
0.9035204,0.6501553
0.9035204,0.6501553
0.9035204,0.6501553
0.9035204,0.6501553
0.9035204,0.6501553
0.9035204,0.6501553
0.9035204,0.6501553
0.9035204,0.6501553
0.9035204,0.6501553
0.9035204,0.6501553
0.9035204,0.6501553
0.9035204,0.6501553
0.9035204,0.6501553
0.9035204,0.6501553
0.9035204,0.6501553
0.9035204,0.6501553
0.9035204,0.6501553
0.9035204,0.6501553
0.9035204,0.6501553
0.9035204,0.6501553
0.9035204,0.6501553
0.9035204,0.6501553
0.9035204,0.6501553
0.9035204,0.6501553
0.9035204,0.6501553
0.9035204,0.6501553
0.9035204,0.6501553
0.9035204,0.6501553
0.9035204,0.6501553
0.9035204,0.6501553
0.9035204,0.6501553
0.9035204,0.6501553
0.9035204,0.6501553
0.9035204,0.6501553
0.9035204,0.6501553
0.9035204,0.6501553
0.9035204,0.6501553
0.9035204,0.6501553
0.9035204,0.6501553
0.9035204,0.6501553
0.9035204,0.6501553
0.9035204,0.6501553
0.9035204,0.6501553
0.9035204,0.6501553
0.9035204,0.6501553
0.9035204,0.6501553
0.9035204,0.6501553
0.9035204,0.6501553
0.9035204,0.6501553
0.9035204,0.6501553
0.9035204,0.6501553
0.9035204,0.6501553
0.9035204,0.6501553
0.9035204,0.6501553
0.9035204,0.6501553
0.9035204,0.6501553
0.9035204,0.6501553
0.9035204,0.6501553
0.9035204,0.6501553
0.9035204,0.6501553
0.9035204,0.6501553
0.9035204,0.6501553
0.9035204,0.6501553
0.9035204,0.6501553
0.9035204,0.6501553
0.9035204,0.6501553
0.9035204,0.6501553
0.9035204,0.6501553
0.9035204,0.6501553
0.9035204,0.6501553
0.9035204,0.6501553
0.9035204,0.6501553
0.9035204,0.6501553
0.9035204,0.6501553
0.9035204,0.6501553
0.9035204,0.6501553
0.9035204,0.6501553
0.07457228,0.980926
0.07457227,0.980926
0.07457227,0.980926
0.07457227,0.980926
0.9035204,0.6501553
0.9035204,0.6501553
0.9035204,0.6501553
0.9035204,0.6501553
0.9035204,0.6501553
0.9035204,0.6501553
0.9035204,0.6501553
0.9035204,0.6501553
0.9035204,0.6501553
0.9035204,0.6501553
0.1444468,0.5222106
0.1444468,0.5222106
0.1444468,0.5222106
0.1444468,0.5222106
0.1444468,0.5222106
0.1396801,0.5222106
0.1396801,0.5222106
0.1396801,0.5222106
0.1396801,0.5222106
0.1396801,0.5222106
0.1396801,0.5222106
0.1396801,0.5222106
0.1396801,0.5222106
0.1396801,0.5222106
0.1396801,0.5222106
0.1396801,0.5222106
0.1396801,0.5222106
0.1396801,0.5222106
0.1396801,0.5222106
0.9035204,0.6501553
0.9035204,0.6501553
0.9035204,0.6501553
0.9035204,0.6501553
0.9035204,0.6501553
0.9035204,0.6501553
0.9035204,0.6501553
0.9035204,0.6501553
0.1396801,0.5222106
0.1396801,0.5222106
0.1396801,0.5222106
0.1396801,0.5222106
0.1396801,0.5222106
0.1396801,0.5222106
0.1396801,0.5222106
0.1396801,0.5222106
0.1396801,0.5222106
0.1396801,0.5222106
0.1396801,0.5222106
0.1396801,0.5222106
0.1396801,0.5222106
0.1396801,0.5222106
0.9035204,0.6501553
0.9035204,0.6501553
0.9035204,0.6501553
0.9035204,0.6501553
0.9035204,0.6501553
0.9035204,0.6501553
0.9035204,0.6501553
0.9035204,0.6501553
0.9035204,0.6501553
0.9035204,0.6501553
0.9035204,0.6501553
0.9035204,0.6501553
0.9035204,0.6501553
0.9035204,0.6501553
0.9035204,0.6501553
0.9035204,0.6501553
0.9035204,0.6501553
0.9035204,0.6501553
0.9035204,0.6501553
0.9035204,0.6501553
0.9035204,0.6501553
0.9035204,0.6501553
0.9035204,0.6501553
0.9035204,0.6501553
0.9035204,0.6501553
0.9035204,0.6501553
0.9035204,0.6501553
0.9035204,0.6501553
0.9035204,0.6501553
0.9035204,0.6501553
0.9035204,0.6501553
0.9035204,0.6501553
0.9035204,0.6501553
0.9035204,0.6501553
0.9035204,0.6501553
0.9035204,0.6501553
0.9035204,0.6501553
0.9035204,0.6501553
0.07457228,0.980926
0.07457225,0.980926
0.07457225,0.980926
0.07457227,0.980926
0.1621548,0.5392056
0.1621548,0.5392056
0.1621548,0.5392056
0.1621548,0.5392056
0.1621548,0.5392056
0.1621548,0.5392056
0.1621548,0.5392056
0.1621548,0.5392056
0.1621548,0.5392056
0.1621548,0.5392056
0.1621548,0.5392056
0.1621548,0.5392056
0.1621548,0.5392056
0.1621548,0.5392056
0.1621548,0.5392056
0.1621548,0.5392056
0.1621548,0.5392056
0.1621548,0.5392056
0.1621548,0.5392056
0.1621548,0.5392056
0.1621548,0.5392056
0.1621548,0.5392056
0.1621548,0.5392056
0.1621548,0.5392056
0.1621548,0.5392056
0.1621548,0.5392056
0.1621548,0.5392056
0.1621548,0.5392056
0.1621548,0.5392056
0.1621548,0.5392056
0.9035204,0.6501553
0.9035204,0.6501553
0.9035204,0.6501553
0.9035204,0.6501553
0.9035204,0.6501553
0.9035204,0.6501553
0.9035204,0.6501553
0.1659627,0.5506294
0.1659627,0.5506294
0.1659627,0.5506294
0.1659627,0.5506294
0.1659627,0.5506294
0.1659627,0.5506294
0.1659627,0.5506294
0.1659627,0.5506294
0.07457225,0.980926
0.07457225,0.980926
0.07457225,0.980926
0.07457227,0.980926
0.07457228,0.980926
0.07457227,0.9809259
0.07457227,0.980926
0.07457227,0.980926
0.07457228,0.980926
0.07457227,0.980926
0.07457225,0.9809259
0.07457227,0.980926
0.07457225,0.980926
0.07457227,0.980926
0.07457227,0.980926
0.07457228,0.980926
0.07457228,0.9809259
0.07457225,0.980926
0.07457227,0.9809259
0.07457227,0.9809259
0.07457227,0.980926
0.07457227,0.9809259
0.07457225,0.980926
0.07457227,0.980926
0.07457225,0.980926
0.07457227,0.9809259
0.07457225,0.980926
0.07457227,0.980926
0.07457225,0.980926
0.07457227,0.9809259
0.07457227,0.980926
0.07457227,0.980926
0.07457227,0.980926
0.07457225,0.980926
0.07457227,0.980926
0.07457227,0.980926
0.07457227,0.980926
0.07457227,0.9809259
0.07457227,0.980926
0.07457225,0.9809259
0.07457225,0.980926
0.07457227,0.980926
0.07457228,0.980926
0.07457228,0.980926
0.07457227,0.980926
0.07457227,0.980926
0.07457227,0.980926
0.07457228,0.980926
0.1012278,0.9580784
0.1012278,0.9580784
0.1012278,0.9580784
0.1012278,0.9580784
0.1012278,0.9580784
0.1012278,0.9580784
0.1012278,0.9580784
0.1012278,0.9580784
0.1012278,0.9580784
0.1012278,0.9580784
0.1012278,0.9580784
0.1012278,0.9580784
0.1012278,0.9580784
0.1012278,0.9580784
0.1012278,0.9580784
0.1012278,0.9580784
0.1012278,0.9580784
0.1012278,0.9580784
0.1012278,0.9580784
0.1012278,0.9580784
0.1012278,0.9580784
0.1012278,0.9580784
0.1012278,0.9580784
0.1012278,0.9580784
0.1012278,0.9580784
0.1012278,0.9580784
0.1012278,0.9580784
0.1012278,0.9580784
0.1012278,0.9580784
0.1012278,0.9580784
0.1012278,0.9580784
0.1012278,0.9580784
0.1012278,0.9580784
0.1012278,0.9580784
0.1012278,0.9580784
0.1012278,0.9580784
0.1012278,0.9580784
0.1012278,0.9580784
0.1012278,0.9580784
0.1012278,0.9580784
0.1012278,0.9580784
0.1012278,0.9580784
0.1012278,0.9580784
0.1012278,0.9580784
0.1012278,0.9580784
0.1012278,0.9580784
0.1012278,0.9580784
0.1012278,0.9580784
0.1012278,0.9580784
0.1012278,0.9580784
0.1012278,0.9580784
0.1012278,0.9580784
0.1012278,0.9580784
0.1012278,0.9580784
0.9035204,0.6501553
0.9035204,0.6501553
0.9035204,0.6501553
0.9035203,0.6501552
0.9035204,0.6501553
0.9035204,0.6501553
0.9035204,0.6501553
0.9035204,0.6501553
0.9035204,0.6501553
0.9035204,0.6501553
0.1444468,0.5269773
0.1444468,0.5269773
0.1444468,0.5269773
0.1444468,0.5269773
0.1396801,0.5222106
0.1396801,0.5222106
0.1396801,0.5222106
0.1396801,0.5222106
0.1396801,0.5222106
0.1396801,0.5222106
0.1396801,0.5222106
0.1396801,0.5222106
0.1396801,0.5222106
0.1396801,0.5222106
0.1396801,0.5222106
0.1396801,0.5222106
0.1396801,0.5222106
0.1396801,0.5222106
0.1396801,0.5222106
0.1396801,0.5222106
0.1396801,0.5222106
0.1396801,0.5222106
0.1396801,0.5222106
0.1396801,0.5222106
0.1396801,0.5222106
0.1396801,0.5222106
0.1396801,0.5222106
0.1396801,0.5222106
0.1396801,0.5222106
0.1396801,0.5222106
0.1396801,0.5222106
0.1396801,0.5222106
0.1396801,0.5222106
0.1396801,0.5222106
0.1396801,0.5222106
0.1396801,0.5222106
0.1396801,0.5222106
0.1396801,0.5222106
0.1396801,0.5222106
0.1396801,0.5222106
0.1396801,0.5222106
0.1396801,0.5222106
0.1396801,0.5222106
0.1396801,0.5222106
0.1396801,0.5222106
0.1396801,0.5222106
0.1396801,0.5222106
0.1396801,0.5222106
0.1396801,0.5222106
0.1396801,0.5222106
0.1396801,0.5222106
0.1396801,0.5222106
0.1396801,0.5222106
0.1396801,0.5222106
0.1396801,0.5222106
0.1396801,0.5222106
0.1396801,0.5222106
0.1396801,0.5222106
0.1396801,0.5222106
0.1396801,0.5222106
0.1396801,0.5222106
0.1396801,0.5222106
0.1396801,0.5222106
0.1396801,0.5222106
0.1396801,0.5222106
0.1396801,0.5222106
0.9035204,0.6501553
0.9035204,0.6501553
0.9035204,0.6501553
0.9035204,0.6501553
0.1396801,0.5222106
0.1396801,0.5222106
0.1396801,0.5222106
0.1396801,0.5222106
0.1396801,0.5222106
0.1396801,0.5222106
0.1396801,0.5222106
0.1396801,0.5222106
0.1028713,0.4759456
0.1028713,0.4759456
0.1028713,0.4759456
0.1028713,0.4759456
0.1028713,0.4759456
0.1028713,0.4759456
0.1028713,0.4759456
0.1028713,0.4759456
0.1028713,0.4759456
0.1028713,0.4759456
0.1028713,0.4759456
0.1028713,0.4759456
0.1028713,0.4759456
0.1028713,0.4759456
0.1028713,0.4759456
0.9035204,0.6501553
0.9035204,0.6501553
0.9035204,0.6501553
0.9035204,0.6501553
0.9035204,0.6501553
0.9035204,0.6501553
0.9035204,0.6501553
0.9035204,0.6501553
0.1126516,0.9580784
0.1126516,0.9580784
0.1126516,0.9580784
0.1126516,0.9580784
0.1126516,0.9580784
0.1126516,0.9580784
0.1126516,0.9580784
0.1126516,0.9580784
0.1126516,0.9580784
0.1126516,0.9580784
0.1126516,0.9580784
0.1126516,0.9580784
0.1126516,0.9580784
0.1126516,0.9580784
0.1126516,0.9580784
0.1126516,0.9580784
0.1126516,0.9580784
0.1126516,0.9580784
0.1126516,0.9580784
0.1126516,0.9580784
0.1126516,0.9580784
0.1126516,0.9580784
0.1126516,0.9580784
0.1126516,0.9580784
0.1126516,0.9580784
0.1126516,0.9580784
0.1126516,0.9580784
0.1126516,0.9580784
0.1126516,0.9580784
0.1126516,0.9580784
0.1126516,0.9580784
0.1126516,0.9580784
0.1126516,0.9580784
0.1126516,0.9580784
0.1126516,0.9580784
0.1126516,0.9580784
0.1126516,0.9580784
0.1126516,0.9580784
0.1126516,0.9580784
0.1126516,0.9580784
0.1126516,0.9580784
0.1126516,0.9580784
0.1126516,0.9580784
0.1126516,0.9580784
0.1126516,0.9580784
0.1126516,0.9580784
0.1126516,0.9580784
0.1126516,0.9580784
0.1126516,0.9580784
0.1126516,0.9580784
0.1126516,0.9580784
0.1126516,0.9580784
0.1126516,0.9580784
0.1126516,0.9580784
0.1126516,0.9580784
0.1126516,0.9580784
0.1126516,0.9580784
0.1126516,0.9580784
0.9035204,0.6501553
0.9035204,0.6501553
0.9035204,0.6501553
0.9035204,0.6501553
0.1126516,0.9580784
0.1126516,0.9580784
0.1126516,0.9580784
0.1126516,0.9580784
0.9035204,0.6501553
0.9035204,0.6501553
0.9035204,0.6501553
0.9035204,0.6501553
0.9035204,0.6501553
0.9035204,0.6501553
0.9035204,0.6501553
0.9035204,0.6501553
0.9035204,0.6501553
0.9035204,0.6501553
0.9035204,0.6501553
0.9035204,0.6501553
0.9035204,0.6501553
0.9035204,0.6501553
0.9035204,0.6501553
0.9035204,0.6501553
0.9035204,0.6501553
0.9035204,0.6501553
0.9035204,0.6501553
0.9035204,0.6501553
0.9035204,0.6501553
0.9035203,0.6501552
0.9035204,0.6501553
0.9035204,0.6501553
0.9035204,0.6501553
0.9035204,0.6501553
0.9035204,0.6501553
0.9035204,0.6501553
0.9035204,0.6501553
0.9035204,0.6501553
0.9035204,0.6501553
0.9035204,0.6501553
0.9035204,0.6501553
0.9035204,0.6501553
0.9035204,0.6501553
0.9035204,0.6501553
0.9035204,0.6501553
0.9035204,0.6501553
0.9035204,0.6501553
0.9035204,0.6501553
0.9035204,0.6501553
0.9035204,0.6501553
0.9035204,0.6501553
0.9035204,0.6501553
0.9035204,0.6501553
0.9035204,0.6501553
0.9035204,0.6501553
0.9035204,0.6501553
0.9035204,0.6501553
0.9035204,0.6501553
0.9035204,0.6501553
0.9035204,0.6501553
0.9035204,0.6501553
0.9035204,0.6501553
0.9035204,0.6501553
0.9035204,0.6501553
0.9035204,0.6501553
0.9035204,0.6501553
0.9035204,0.6501553
0.9035204,0.6501553
0.9035204,0.6501553
0.9035204,0.6501553
0.9035204,0.6501553
0.9035204,0.6501553
0.9035204,0.6501553
0.9035204,0.6501553
0.9035204,0.6501553
0.9035204,0.6501553
0.9035204,0.6501553
0.9035204,0.6501553
0.9035204,0.6501553
0.9035204,0.6501553
0.9035204,0.6501553
0.9035204,0.6501553
0.9035204,0.6501553
0.9035204,0.6501553
0.9035204,0.6501553
0.9035204,0.6501553
0.9035204,0.6501553
0.9035204,0.6501553
0.9035204,0.6501553
0.9035204,0.6501553
0.9035204,0.6501553
0.9035204,0.6501553
0.9035204,0.6501553
0.9035204,0.6501553
0.9035204,0.6501553
0.9035204,0.6501553
0.9035204,0.6501553
0.9035204,0.6501553
0.9035204,0.6501553
0.9035204,0.6501553
0.9035204,0.6501553
0.9035204,0.6501553
0.9035204,0.6501553
0.9035204,0.6501553
0.9035204,0.6501553
0.9035204,0.6501553
0.9035204,0.6501553
0.9035204,0.6501553
0.9035204,0.6501553
0.9035204,0.6501553
0.9035204,0.6501553
0.9035204,0.6501553
0.9035204,0.6501553
0.9035204,0.6501553
0.9035204,0.6501553
0.9035204,0.6501553
0.9035204,0.6501553
0.9035204,0.6501553
0.9035204,0.6501553
0.9035204,0.6501553
0.9035204,0.6501553
0.9035204,0.6501553
0.9035204,0.6501553
0.9035204,0.6501553
0.9035204,0.6501553
0.9035204,0.6501553
0.9035204,0.6501553
0.1444468,0.5269773
0.1444468,0.5269773
0.1444468,0.5269773
0.1444468,0.5269773
0.1444468,0.5269773
0.1444468,0.5269773
0.1444468,0.5269773
0.1444468,0.5269773
0.9035204,0.6501553
0.9035204,0.6501553
0.9035204,0.6501553
0.9035204,0.6501553
0.9035204,0.6501553
0.9035204,0.6501553
0.9035204,0.6501553
0.9035204,0.6501553
0.9035204,0.6501553
0.9035204,0.6501553
0.9035203,0.6501552
0.9035204,0.6501553
0.9035204,0.6501553
0.9035204,0.6501553
0.1063136,0.95836
0.1063136,0.95836
0.1063136,0.95836
0.1063136,0.95836
0.1063136,0.95836
0.1063136,0.95836
0.1063136,0.95836
0.1063136,0.95836
0.1063136,0.95836
0.1063136,0.95836
0.1063136,0.95836
0.1063136,0.95836
0.1063136,0.95836
0.1063136,0.95836
0.1063136,0.95836
0.1063136,0.95836
0.1063136,0.95836
0.1063136,0.95836
0.1063136,0.95836
0.1063136,0.95836
0.1063136,0.95836
0.1063136,0.95836
0.1063136,0.95836
0.1063136,0.95836
0.1063136,0.95836
0.1063136,0.95836
0.1063136,0.95836
0.1063136,0.95836
0.1063136,0.95836
0.1063136,0.95836
0.1063136,0.95836
0.1063136,0.95836
0.9035204,0.6501553
0.9035204,0.6501553
0.9035204,0.6501553
0.9035204,0.6501553
0.9035204,0.6501553
0.150731,0.5315896
0.150731,0.5315896
0.150731,0.5315896
0.150731,0.5315896
0.150731,0.5315896
0.150731,0.5315896
0.150731,0.5315896
0.150731,0.5315896
0.150731,0.5315896
0.150731,0.5315896
0.150731,0.5315896
0.150731,0.5315896
0.150731,0.5315897
0.150731,0.5315896
0.150731,0.5315896
0.150731,0.5315896
0.150731,0.5315897
0.150731,0.5315896
0.150731,0.5315896
0.150731,0.5315897
0.150731,0.5315896
0.150731,0.5315897
0.150731,0.5315897
0.9035204,0.6501553
0.9035204,0.6501553
0.9035204,0.6501553
0.9035204,0.6501553
0.9035204,0.6501553
0.9035204,0.6501553
0.9035204,0.6501553
0.9035204,0.6501553
0.9035204,0.6501553
0.9035204,0.6501553
0.9035204,0.6501553
0.9035204,0.6501553
0.9035204,0.6501553
0.9035204,0.6501553
0.9035204,0.6501553
0.9035204,0.6501553
0.9035204,0.6501553
0.9035204,0.6501553
0.9035204,0.6501553
0.9035204,0.6501553
0.9035204,0.6501553
0.9035204,0.6501553
0.9035204,0.6501553
0.9035204,0.6501553
0.9035204,0.6501553
0.9035204,0.6501553
0.9035204,0.6501553
0.9035204,0.6501553
0.9035204,0.6501553
0.9035204,0.6501553
0.9035204,0.6501553
0.9035204,0.6501553
0.9035204,0.6501553
0.1562356,0.5357736
0.1562356,0.5357736
0.1562356,0.5357736
0.1562356,0.5357736
0.1562356,0.5357736
0.1562356,0.5357736
0.1562356,0.5357736
0.1562356,0.5357736
0.1562356,0.5357736
0.1562356,0.5357736
0.1562356,0.5357736
0.1562356,0.5357736
0.1562356,0.5357736
0.1562356,0.5357736
0.1562356,0.5357736
0.1562356,0.5357736
0.1562356,0.5357736
0.1562356,0.5357736
0.1562356,0.5357736
0.1562356,0.5357736
0.1562356,0.5357736
0.1562356,0.5357736
0.1562356,0.5357736
0.1562356,0.5357736
0.9035204,0.6501553
0.9035204,0.6501553
0.9035204,0.6501553
0.9035204,0.6501553
0.9035204,0.6501553
0.9035204,0.6501553
0.9035204,0.6501553
0.9035204,0.6501553
0.9035204,0.6501553
0.9035204,0.6501553
0.9035204,0.6501553
0.9035204,0.6501553
0.9035204,0.6501553
0.9035204,0.6501553
0.9035204,0.6501553
0.9035204,0.6501553
0.9035204,0.6501553
0.9035204,0.6501553
0.9035204,0.6501553
0.9035204,0.6501553
0.9035203,0.6501552
0.9035204,0.6501553
0.9035204,0.6501553
0.9035204,0.6501553
0.08984375,0.9628906
0.08984375,0.9628906
0.08984375,0.9628906
0.08984375,0.9628906
0.08984375,0.9628906
0.08984375,0.9628906
0.08984375,0.9628906
0.08984375,0.9628906
0.08984375,0.9628906
0.08984375,0.9628906
0.08984375,0.9628906
0.08984375,0.9628906
0.08984375,0.9628906
0.08984375,0.9628906
0.08984375,0.9628906
0.08984375,0.9628906
0.08984375,0.9628906
0.08984375,0.9628906
0.08984375,0.9628906
0.08984375,0.9628906
0.08984375,0.9628906
0.08984375,0.9628906
0.08984375,0.9628906
0.08984375,0.9628906
0.08984375,0.9628906
0.08984375,0.9628906
0.08984375,0.9628906
0.08984375,0.9628906
0.08984375,0.9628906
0.08984369,0.9628906
0.08984375,0.9628906
0.08984375,0.9628906
0.08984375,0.9628906
0.08984375,0.9628906
0.08984369,0.9628906
0.08984375,0.9628906
0.08984369,0.9628906
0.08984369,0.9628906
0.08984375,0.9628906
0.4003906,0.4733019
0.4003906,0.4733019
0.4003906,0.4733019
0.4003906,0.4733019
0.08984375,0.9628906
0.08984375,0.9628906
0.08984375,0.9628906
0.08984375,0.9628906
0.08984375,0.9628906
0.08984375,0.9628906
0.08984375,0.9628906
0.08984375,0.9628906
0.08984375,0.9628906
0.08984375,0.9628906
0.08984375,0.9628906
0.08984375,0.9628906
0.08984375,0.9628906
0.08984375,0.9628906
0.08984375,0.9628906
0.08984375,0.9628906
0.1039302,0.9607433
0.1039302,0.9607433
0.1039302,0.9607433
0.1039302,0.9607433
0.1039302,0.9607433
0.1039302,0.9607433
0.1039302,0.9607433
0.1039302,0.9607433
0.1039302,0.9607433
0.1039302,0.9607433
0.1039302,0.9607433
0.1039302,0.9607433
0.08984375,0.9628906
0.08984375,0.9628906
0.08984375,0.9628906
0.08984375,0.9628906
0.08984375,0.9628906
0.08984375,0.9628906
0.08984375,0.9628906
0.08984375,0.9628906
0.1039302,0.9607433
0.1039302,0.9607433
0.1039302,0.9607433
0.1039302,0.9607433
0.1039302,0.9607433
0.1039302,0.9607433
0.1039302,0.9607433
0.1039302,0.9607433
0.1039302,0.9607433
0.1039302,0.9607433
0.1039302,0.9607433
0.1039302,0.9607433
0.2763928,0.9771181
0.2763928,0.9771181
0.2763928,0.9771181
0.2763928,0.9771181
0.2763928,0.9771181
0.2763928,0.9771181
0.2763928,0.9771181
0.2763928,0.9771181
0.2763928,0.9771181
0.2763928,0.9771181
0.2763928,0.9771181
0.2763928,0.9771181
0.2763928,0.9771181
0.2763928,0.9771181
0.2763928,0.9771181
0.2763928,0.9771181
0.2763928,0.9771181
0.2763928,0.9771181
0.2763928,0.9771181
0.2763928,0.9771181
0.2763928,0.9771181
0.2763928,0.9771181
0.2763928,0.9771181
0.2763928,0.9771181
0.2763928,0.9771181
0.2763928,0.9771181
0.2763928,0.9771181
0.28268,0.9678934
0.28268,0.9678934
0.28268,0.9678934
0.28268,0.9678934
0.28268,0.9678934
0.28268,0.9678934
0.7641126,0.02409466
0.7641126,0.02409466
0.7641126,0.02409466
0.7641126,0.02409466
0.7641126,0.02409466
0.7641126,0.02409466
0.7641126,0.02409466
0.7641126,0.02409466
0.7641126,0.02409466
0.7641126,0.02409466
0.7641126,0.02409466
0.7641126,0.02409466
0.9035204,0.6501553
0.9035204,0.6501553
0.7641126,0.02409466
0.7641126,0.02409466
0.7641126,0.02409466
0.7641126,0.02409466
0.8356125,0.6580604
0.8356125,0.6580604
0.8356125,0.6580604
0.8356125,0.6580604
0.7641126,0.02409466
0.7641126,0.02409466
0.7641126,0.02409466
0.7641126,0.02409466
0.8356125,0.6580604
0.8356125,0.6580604
0.8356125,0.6580604
0.8356125,0.6580604
0.7641126,0.02409466
0.7641126,0.02409466
0.7641126,0.02409466
0.7641126,0.02409466
0.8356125,0.6580604
0.8356125,0.6580604
0.8356125,0.6580604
0.8356125,0.6580604
0.2763928,0.9771181
0.2763928,0.9771181
0.2763928,0.9771181
0.2763928,0.9771181
0.2763928,0.9771181
0.2763928,0.9771181
0.2763928,0.9771181
0.2763928,0.9771181
0.2763928,0.9771181
0.2763928,0.9771181
0.2763928,0.9771181
0.2763928,0.9771181
0.2763928,0.9771181
0.2763928,0.9771181
0.2763928,0.9771181
0.2763928,0.9771181
0.2763928,0.9771181
0.2763928,0.9771181
0.2763928,0.9771181
0.2763928,0.9771181
0.2763928,0.9771181
0.2763928,0.9771181
0.2763928,0.9771181
0.2763928,0.9771181
0.2763928,0.9771181
0.2763928,0.9771181
0.2763928,0.9771181
0.28268,0.9678934
0.28268,0.9678934
0.28268,0.9678934
0.28268,0.9678934
0.28268,0.9678934
0.28268,0.9678934
0.7641126,0.02409466
0.7641126,0.02409466
0.7641126,0.02409466
0.7641126,0.02409466
0.7641126,0.02409466
0.7641126,0.02409466
0.7641126,0.02409466
0.7641126,0.02409466
0.7641126,0.02409466
0.7641126,0.02409466
0.7641126,0.02409466
0.7641126,0.02409466
0.9035204,0.6501553
0.9035204,0.6501553
0.7641126,0.02409466
0.7641126,0.02409466
0.7641126,0.02409466
0.7641126,0.02409466
0.8356125,0.6580604
0.8356125,0.6580604
0.8356125,0.6580604
0.8356125,0.6580604
0.7641126,0.02409466
0.7641126,0.02409466
0.7641126,0.02409466
0.7641126,0.02409466
0.8356125,0.6580604
0.8356125,0.6580604
0.8356125,0.6580604
0.8356125,0.6580604
0.7641126,0.02409466
0.7641126,0.02409466
0.7641126,0.02409466
0.7641126,0.02409466
0.8356125,0.6580604
0.8356125,0.6580604
0.8356125,0.6580604
0.8356125,0.6580604
2
5508
0
1
2
3
4
5
6
7
8
9
10
11
12
13
14
12
14
15
16
17
18
16
19
17
19
20
17
19
21
20
22
23
24
24
25
22
25
26
22
27
28
29
27
29
30
31
32
33
31
33
34
35
36
37
35
37
38
39
40
41
39
41
42
43
42
41
43
41
44
45
46
47
45
47
48
45
48
49
45
49
50
49
51
50
49
52
51
53
54
55
53
55
56
57
56
55
57
55
58
59
60
61
62
61
60
60
63
62
63
64
62
63
65
64
65
66
64
66
67
64
67
68
64
68
69
64
69
68
70
70
71
69
71
70
72
71
72
73
73
74
71
75
76
77
75
77
78
79
80
81
79
81
82
83
84
85
85
86
83
87
86
85
87
85
88
88
89
87
90
89
88
91
92
93
93
94
91
94
95
91
96
91
95
97
91
96
98
96
95
95
99
98
96
100
97
100
101
97
100
102
101
102
103
101
102
104
103
104
105
103
104
106
105
106
107
105
106
108
107
108
109
107
108
110
109
111
109
110
110
112
111
112
113
111
110
114
112
114
110
115
115
116
114
117
118
119
117
119
120
121
122
123
121
124
122
125
124
121
125
126
124
127
128
129
127
130
128
130
131
128
130
132
131
132
133
131
132
134
133
134
135
133
134
136
135
135
136
137
137
138
135
138
139
135
139
140
135
140
141
135
142
143
144
142
144
145
146
145
144
146
144
147
148
149
150
150
151
148
151
152
148
153
154
155
153
155
156
157
158
159
157
159
160
161
162
163
161
164
162
165
164
161
165
166
164
167
168
169
167
169
170
171
172
173
171
173
174
175
176
177
175
177
178
179
180
181
179
181
182
183
184
185
185
184
186
185
186
187
187
186
188
187
188
189
189
188
190
189
190
191
192
191
190
192
190
193
194
192
193
194
193
195
196
194
195
196
195
197
198
196
197
199
200
201
199
201
202
202
201
203
202
203
204
204
203
205
204
205
206
207
206
205
207
205
208
209
207
208
209
208
210
211
209
210
211
210
212
213
214
215
213
216
214
213
217
216
213
218
217
219
220
221
222
220
219
222
219
223
224
225
226
224
226
227
228
229
230
228
231
229
232
231
228
232
233
231
234
233
232
234
235
233
234
236
235
234
237
236
237
238
236
237
239
238
239
240
238
239
241
240
242
243
244
242
244
245
245
244
246
245
246
247
247
246
248
247
248
249
249
248
250
249
250
251
251
250
252
251
252
253
253
252
254
253
254
255
255
254
256
255
256
257
258
257
256
258
256
259
260
258
259
260
259
261
262
260
261
262
261
263
264
262
263
264
263
265
266
264
265
266
265
267
268
266
267
268
267
269
270
268
269
270
269
271
272
273
274
272
274
275
276
277
278
276
278
279
280
281
282
280
282
283
284
285
286
284
286
287
288
287
286
288
286
289
290
291
292
290
292
293
293
294
290
294
295
290
296
297
298
296
298
299
300
301
302
302
303
300
303
304
300
305
306
307
305
308
306
308
309
306
308
310
309
311
309
310
311
312
309
311
313
312
314
312
313
314
315
312
314
316
315
317
315
316
317
318
315
319
318
317
319
320
318
321
322
323
321
324
322
325
324
321
325
326
324
327
326
325
327
328
326
329
328
327
329
330
328
331
330
329
331
332
330
333
332
331
333
334
332
335
336
337
335
337
338
339
340
341
341
342
339
342
343
339
339
343
344
339
344
345
339
345
346
339
346
347
339
347
348
339
348
349
350
339
349
349
351
350
351
352
350
353
354
355
353
355
356
357
358
359
357
359
360
361
357
362
361
363
357
364
363
361
364
365
363
366
360
367
366
367
368
368
367
369
368
369
370
371
372
373
371
373
374
375
371
374
375
374
376
375
376
377
375
377
378
378
377
379
378
379
380
381
382
383
381
384
382
385
384
381
385
386
384
387
386
385
387
388
386
389
388
387
389
390
388
391
392
393
391
393
394
395
394
393
395
393
396
397
398
399
397
399
400
401
402
403
401
403
404
405
406
407
405
408
406
409
408
405
409
410
408
411
412
413
411
413
414
414
413
415
414
415
416
417
418
419
417
419
420
421
422
423
421
423
424
425
426
427
425
427
428
429
430
431
429
431
432
433
434
435
435
436
433
436
437
433
437
436
438
438
439
437
438
440
439
441
440
438
438
442
441
442
443
441
444
443
442
442
445
444
445
446
444
447
448
449
447
449
450
451
452
453
451
453
454
455
456
457
457
458
455
458
459
455
460
455
459
459
461
460
461
462
460
463
460
462
462
464
463
464
465
463
463
465
466
466
467
463
466
468
467
469
470
471
469
471
472
473
474
475
473
475
476
476
475
477
476
477
478
477
479
478
477
480
479
479
480
481
479
481
482
482
481
483
482
483
484
484
483
485
484
485
486
487
488
489
490
487
489
491
490
489
489
492
491
491
492
493
494
495
496
494
496
497
497
496
498
497
498
499
499
498
500
499
500
501
501
500
502
501
502
503
503
502
504
503
504
505
506
505
504
506
504
507
508
506
507
508
507
509
510
508
509
510
509
511
512
510
511
512
511
513
514
512
513
514
513
515
516
517
518
516
518
519
520
521
522
520
522
523
524
525
526
524
526
527
528
529
530
528
530
531
532
533
534
532
534
535
536
537
538
536
538
539
540
541
542
540
542
543
544
545
546
544
546
547
548
549
550
548
550
551
552
553
554
552
554
555
556
557
558
556
558
559
560
561
562
560
562
563
564
565
566
564
566
567
568
569
570
568
570
571
572
573
574
572
574
575
575
574
576
575
576
577
577
576
578
577
578
579
579
578
580
579
580
581
582
583
584
582
584
585
586
587
588
586
588
589
590
591
592
590
593
591
594
593
590
594
595
593
596
595
594
596
597
595
598
597
596
598
599
597
600
601
602
600
602
603
603
602
604
603
604
605
605
604
606
605
606
607
608
609
610
608
611
609
612
611
608
612
613
611
614
613
612
614
615
613
616
615
614
616
617
615
618
619
620
618
620
621
622
623
624
622
624
625
626
627
628
626
628
629
630
626
629
630
629
631
630
631
632
632
633
630
633
634
630
634
635
630
634
633
636
636
637
634
637
638
634
637
639
638
640
639
637
640
637
641
642
643
644
642
645
643
646
645
642
646
647
645
646
648
647
646
649
648
649
650
648
649
651
650
652
653
654
655
652
654
652
655
656
656
655
657
657
655
658
654
659
655
659
660
655
659
661
660
662
663
664
662
664
665
666
667
668
666
668
669
670
669
668
670
668
671
672
673
674
672
674
675
676
677
678
676
679
677
680
677
679
680
681
677
682
683
684
682
684
685
686
687
688
686
688
689
690
691
692
690
693
691
694
693
690
694
695
693
696
695
694
696
697
695
698
697
696
698
699
697
700
699
698
700
701
699
702
701
700
702
703
701
704
705
706
704
706
707
708
709
710
708
710
711
708
711
712
712
713
708
714
708
713
708
714
715
708
715
716
708
716
717
708
717
718
714
719
715
720
719
714
720
714
721
720
721
722
708
718
723
723
724
708
724
725
708
724
726
725
727
726
728
728
729
727
729
730
727
731
732
708
733
731
708
734
733
708
708
735
734
736
735
708
737
733
734
734
738
737
734
739
738
734
740
739
737
741
733
741
742
733
742
743
733
743
744
733
745
736
708
745
746
736
747
736
746
747
748
736
747
749
748
750
745
708
751
750
708
752
751
708
753
752
708
708
754
753
754
708
755
754
755
756
757
756
758
758
759
757
759
758
760
761
762
763
761
763
764
765
766
767
765
768
766
769
768
765
769
770
768
771
770
769
771
772
770
773
774
775
773
775
776
777
778
779
777
779
780
781
782
783
781
783
784
785
786
787
785
787
788
788
787
789
788
789
790
790
789
791
790
791
792
793
794
795
793
795
796
797
798
799
797
799
800
801
802
803
801
803
804
805
806
807
805
807
808
805
808
809
805
809
810
810
811
805
812
805
811
811
813
812
812
814
805
814
815
805
815
816
805
817
812
813
813
818
817
817
819
812
820
821
822
822
823
820
822
824
823
822
825
824
822
826
825
826
827
825
828
829
830
828
830
831
832
833
834
832
835
833
836
835
832
836
837
835
838
837
836
838
839
837
840
839
838
840
841
839
842
841
840
842
843
841
844
843
842
844
845
843
846
845
844
846
847
845
848
847
846
848
849
847
850
849
848
850
851
849
852
851
850
852
853
851
854
853
852
854
855
853
856
857
858
856
858
859
860
861
862
860
863
861
864
863
860
864
865
863
866
867
868
866
868
869
870
869
868
870
868
871
872
873
874
872
875
873
872
876
875
872
877
876
878
879
880
878
880
881
882
883
884
882
884
885
886
887
888
886
888
889
890
891
892
890
892
893
894
895
896
894
896
897
898
899
900
898
901
899
902
901
898
902
903
901
904
903
902
904
905
903
906
905
904
906
907
905
908
907
906
908
909
907
908
910
909
908
911
910
911
912
910
911
913
912
913
914
912
913
915
914
915
916
914
915
917
916
917
918
916
917
919
918
920
921
922
920
922
923
924
925
926
924
926
927
927
926
928
927
928
929
930
929
928
930
928
931
932
930
931
932
931
933
934
935
936
934
937
935
938
937
934
938
939
937
940
939
938
940
941
939
942
941
940
942
943
941
944
943
942
944
945
943
944
946
945
944
947
946
947
948
946
947
949
948
949
950
948
949
951
950
951
952
950
951
953
952
953
954
952
953
955
954
956
957
958
956
958
959
960
961
962
960
962
963
963
962
964
963
964
965
966
965
964
966
964
967
968
966
967
968
967
969
970
971
972
970
972
973
974
975
976
976
977
974
978
979
980
978
980
981
982
983
984
982
984
985
986
987
988
986
988
989
990
991
992
990
992
993
994
995
996
994
996
997
998
999
1000
1000
1001
998
1000
1002
1001
1003
1004
1005
1003
1005
1006
1007
1008
1009
1007
1009
1010
1011
1012
1013
1011
1013
1014
1015
1016
1017
1015
1017
1018
1019
1020
1021
1019
1021
1022
1023
1024
1025
1023
1025
1026
1027
1028
1029
1027
1030
1028
1031
1030
1027
1031
1032
1030
1033
1032
1031
1033
1034
1032
1035
1034
1033
1035
1036
1034
1037
1036
1035
1037
1038
1036
1039
1038
1037
1039
1040
1038
1041
1040
1039
1041
1042
1040
1043
1044
1045
1043
1045
1046
1047
1048
1049
1047
1049
1050
1051
1052
1053
1051
1054
1052
1054
1051
1055
1054
1055
1056
1056
1055
1057
1056
1057
1058
1058
1057
1059
1058
1059
1060
1060
1059
1061
1060
1061
1062
1063
1062
1061
1063
1061
1064
1063
1064
1065
1063
1065
1066
1066
1065
1067
1066
1067
1068
1069
1070
1071
1069
1071
1072
1073
1072
1071
1073
1071
1074
1075
1076
1077
1075
1077
1078
1079
1080
1081
1079
1081
1082
1083
1084
1085
1085
1086
1083
1086
1087
1083
1088
1087
1086
1088
1086
1089
1089
1090
1088
1091
1092
1093
1091
1094
1092
1095
1094
1091
1095
1096
1094
1095
1097
1096
1095
1098
1097
1098
1099
1097
1098
1100
1099
1101
1102
1103
1101
1103
1104
1105
1106
1107
1105
1107
1108
1109
1110
1111
1111
1112
1109
1112
1113
1109
1114
1115
1116
1116
1117
1114
1116
1118
1117
1119
1120
1121
1119
1122
1120
1123
1122
1119
1123
1124
1122
1125
1124
1123
1125
1126
1124
1127
1126
1125
1127
1128
1126
1129
1128
1127
1129
1130
1128
1131
1132
1133
1131
1133
1134
1135
1136
1137
1135
1137
1138
1139
1140
1141
1139
1141
1142
1142
1141
1143
1142
1143
1144
1144
1143
1145
1144
1145
1146
1146
1145
1147
1146
1147
1148
1148
1147
1149
1148
1149
1150
1151
1152
1153
1153
1154
1151
1154
1155
1151
1156
1157
1158
1156
1158
1159
1160
1161
1156
1160
1162
1161
1163
1162
1160
1163
1164
1162
1160
1165
1163
1160
1166
1165
1163
1165
1167
1168
1166
1160
1168
1169
1166
1170
1169
1168
1170
1167
1169
1163
1167
1170
1170
1171
1163
1170
1172
1171
1156
1173
1160
1156
1174
1173
1175
1174
1156
1175
1176
1174
1177
1176
1175
1160
1173
1178
1177
1178
1176
1160
1178
1177
1177
1179
1160
1177
1180
1179
1181
1180
1177
1181
1182
1180
1160
1183
1184
1160
1184
1185
1186
1187
1181
1186
1188
1187
1189
1190
1191
1189
1191
1163
1163
1192
1193
1163
1194
1192
1195
1194
1163
1195
1196
1194
1197
1196
1195
1197
1198
1196
1195
1199
1200
1195
1200
1201
1195
1202
1203
1195
1203
1204
1204
1205
1195
1204
1206
1205
1195
1205
1207
1208
1206
1204
1208
1209
1206
1210
1207
1209
1195
1207
1210
1210
1209
1208
1210
1211
1195
1210
1212
1211
1213
1212
1210
1213
1214
1212
1197
1214
1213
1197
1215
1214
1210
1208
1216
1208
1217
1216
1208
1218
1217
1210
1216
1219
1218
1220
1217
1221
1219
1220
1221
1210
1219
1218
1221
1220
1210
1221
1222
1221
1218
1223
1210
1222
1224
1213
1210
1224
1213
1224
1225
1221
1223
1226
1218
1227
1223
1228
1213
1225
1228
1225
1229
1218
1230
1227
1230
1231
1227
1230
1232
1231
1232
1230
1233
1232
1233
1234
1230
1235
1233
1230
1236
1235
1236
1237
1235
1236
1238
1237
1238
1234
1237
1238
1232
1234
1232
1238
1239
1238
1240
1239
1232
1239
1241
1238
1242
1240
1242
1238
1243
1242
1243
1244
1238
1245
1243
1246
1242
1244
1246
1244
1247
1248
1246
1247
1248
1247
1245
1238
1248
1245
1248
1238
1249
1248
1249
1250
1251
1248
1250
1251
1250
1252
1242
1253
1254
1242
1254
1255
1238
1256
1257
1238
1257
1258
1259
1251
1260
1259
1260
1261
1262
1263
1264
1262
1264
1265
1265
1266
1267
1265
1267
1268
1268
1267
1269
1268
1269
1270
1270
1269
1271
1270
1271
1272
1272
1273
1270
1272
1274
1273
1270
1273
1275
1276
1274
1272
1276
1277
1274
1278
1275
1277
1270
1275
1278
1278
1277
1276
1272
1279
1276
1272
1280
1279
1281
1280
1272
1281
1282
1280
1272
1283
1281
1281
1283
1284
1281
1284
1285
1272
1286
1283
1265
1286
1272
1265
1287
1286
1285
1284
1287
1285
1287
1265
1270
1278
1288
1278
1289
1288
1278
1290
1289
1270
1288
1291
1290
1292
1289
1293
1291
1292
1293
1270
1291
1290
1293
1292
1270
1293
1294
1270
1294
1295
1268
1270
1295
1268
1295
1296
1297
1268
1296
1297
1296
1298
1293
1290
1299
1293
1299
1300
1301
1293
1300
1301
1300
1302
1293
1301
1303
1301
1304
1303
1301
1305
1304
1293
1303
1306
1297
1293
1306
1297
1306
1307
1305
1307
1304
1305
1297
1307
1305
1301
1308
1305
1308
1309
1310
1305
1309
1301
1311
1308
1301
1312
1311
1312
1313
1311
1310
1309
1313
1312
1310
1313
1310
1312
1314
1310
1314
1315
1316
1310
1315
1316
1315
1317
1318
1316
1317
1312
1319
1314
1318
1317
1319
1312
1318
1319
1318
1312
1320
1318
1320
1321
1312
1322
1320
1312
1323
1322
1323
1324
1322
1323
1325
1324
1325
1326
1327
1325
1327
1328
1323
1329
1330
1323
1330
1331
1332
1323
1333
1332
1333
1334
1301
1332
1334
1301
1334
1335
1336
1301
1337
1336
1337
1338
1339
1301
1340
1339
1340
1341
1342
1343
1344
1342
1344
1281
1281
1345
1346
1346
1345
1347
1281
1348
1345
1285
1348
1281
1285
1349
1348
1350
1349
1285
1350
1347
1349
1346
1347
1350
1350
1351
1346
1350
1352
1351
1353
1352
1350
1353
1354
1352
1355
1354
1353
1346
1351
1356
1355
1356
1354
1346
1356
1355
1355
1357
1346
1355
1358
1357
1346
1357
1359
1346
1359
1360
1360
1359
1361
1360
1361
1362
1362
1363
1364
1362
1364
1365
1360
1366
1367
1360
1367
1368
1369
1370
1360
1369
1371
1370
1281
1371
1369
1281
1372
1371
1373
1374
1281
1373
1375
1374
1276
1376
1377
1276
1377
1378
1379
1380
1381
1379
1381
1195
1204
1382
1383
1204
1383
1384
1385
1386
1387
1385
1387
1197
711
1388
1389
711
1389
1390
711
1390
1391
711
1391
1392
712
711
1392
1392
1393
712
712
1393
1394
712
1394
1395
1396
1397
1398
1396
1398
1399
1400
1401
1402
1402
1403
1400
1402
1404
1403
1402
1405
1404
1405
1406
1404
1406
1407
1404
1406
1408
1407
1408
1409
1407
1410
1411
1412
1410
1412
1413
1414
1415
1416
1414
1416
1417
1418
1419
1420
1420
1421
1418
1420
1422
1421
1422
1423
1421
1422
1424
1423
1422
1425
1424
1425
1426
1424
1425
1427
1426
1427
1428
1426
1429
1430
1431
1429
1431
1432
1433
1434
1435
1433
1435
1436
1437
1438
1439
1437
1439
1440
1441
1442
1443
1441
1443
1444
1445
1446
1447
1445
1447
1448
1449
1450
1451
1449
1451
1452
1453
1454
1455
1453
1455
1456
1457
1458
1459
1457
1459
1460
1461
1462
1463
1461
1464
1462
1461
1465
1464
1461
1466
1465
1467
1468
1469
1467
1469
1470
1471
1470
1469
1471
1469
1472
1473
1474
1475
1473
1475
1476
1477
1478
1479
1479
1480
1477
1480
1481
1477
1481
1482
1477
1483
1482
1481
1483
1481
1484
1483
1484
1485
1483
1485
1486
1487
1483
1486
1486
1488
1487
1489
1490
1491
1489
1491
1492
1493
1494
1495
1493
1495
1496
1497
1498
1499
1497
1499
1500
1501
1502
1503
1501
1503
1504
1505
1506
1507
1505
1507
1508
1509
1510
1511
1509
1511
1512
1513
1514
1515
1513
1515
1516
1517
1518
1519
1517
1520
1518
1521
1520
1517
1521
1522
1520
1523
1522
1521
1523
1524
1522
1525
1526
1524
1525
1524
1527
1528
1529
1530
1528
1530
1531
1532
1533
1534
1532
1534
1535
1536
1537
1538
1536
1538
1539
1540
1541
1542
1540
1542
1543
1544
1545
1546
1544
1546
1547
1547
1546
1548
1547
1548
1549
1550
1551
1552
1552
1553
1550
1553
1554
1550
1555
1556
1557
1555
1557
1558
1559
1560
1561
1559
1561
1562
1563
1564
1565
1563
1565
1566
1567
1568
1569
1567
1570
1568
1567
1571
1570
1567
1572
1571
1571
1572
1573
1571
1573
1574
1575
1576
1577
1575
1577
1578
1579
1575
1578
1578
1580
1579
1580
1581
1579
1580
1582
1581
1580
1583
1582
1580
1584
1583
1580
1585
1584
1584
1585
1586
1587
1584
1586
1588
1587
1586
1589
1588
1586
1586
1590
1589
1591
1592
1593
1591
1593
1594
1595
1596
1597
1595
1597
1598
1599
1600
1601
1599
1601
1602
1603
1604
1605
1603
1605
1606
1607
1603
1606
1607
1606
1608
1609
1610
1611
1609
1611
1612
1612
1611
1613
1612
1613
1614
1614
1613
1615
1614
1615
1616
1616
1615
1617
1616
1617
1618
1619
1618
1617
1617
1620
1619
1617
1621
1620
1617
1622
1621
1617
1623
1622
1624
1625
1626
1626
1627
1624
1626
1628
1627
1629
1630
1631
1629
1631
1632
1633
1634
1635
1633
1635
1636
1637
1638
1639
1637
1639
1640
1641
1637
1640
1641
1640
1642
1643
1644
1645
1643
1645
1646
1647
1648
1649
1647
1649
1650
1651
1652
1653
1651
1653
1654
1655
1656
1657
1655
1657
1658
1659
1660
1661
1661
1662
1659
1661
1663
1662
1661
1664
1663
1661
1665
1664
1665
1666
1664
1667
1668
1669
1669
1670
1667
1670
1671
1667
1671
1672
1667
1671
1673
1672
1673
1674
1672
1673
1675
1674
1675
1676
1674
1675
1677
1676
1675
1678
1677
1678
1679
1677
1678
1680
1679
1680
1681
1679
1680
1682
1681
1682
1683
1681
1682
1684
1683
1685
1686
1687
1687
1688
1685
1688
1689
1685
1689
1690
1685
1690
1691
1685
1690
1692
1691
1693
1694
1695
1695
1696
1693
1696
1697
1693
1696
1698
1697
1698
1699
1697
1698
1700
1699
1700
1701
1699
1700
1702
1701
1702
1703
1701
1702
1704
1703
1704
1705
1703
1705
1706
1703
1705
1707
1706
1707
1708
1706
1707
1709
1708
1709
1710
1708
1711
1712
1713
1714
1711
1713
1714
1715
1711
1716
1717
1718
1716
1718
1719
1720
1721
1722
1722
1723
1720
1724
1723
1722
1725
1724
1722
1726
1725
1722
1727
1726
1722
1722
1728
1727
1729
1720
1723
1723
1730
1729
1729
1731
1720
1729
1732
1731
1732
1733
1731
1732
1734
1733
1734
1735
1733
1736
1733
1735
1735
1737
1736
1737
1738
1736
1734
1739
1735
1734
1740
1739
1740
1741
1739
1742
1743
1744
1742
1744
1745
1746
1747
1748
1746
1748
1749
1750
1751
1752
1750
1752
1753
1754
1755
1756
1757
1754
1756
1756
1758
1757
1758
1756
1759
1760
1761
1762
1760
1762
1763
1764
1765
1766
1766
1767
1764
1766
1768
1767
1769
1770
1771
1769
1771
1772
1773
1769
1772
1773
1772
1774
1775
1773
1774
1775
1774
1776
1777
1775
1776
1777
1776
1778
1779
1777
1778
1779
1778
1780
1781
1779
1780
1781
1780
1782
1783
1784
1785
1783
1785
1786
1787
1788
1789
1787
1789
1790
1791
1792
1793
1791
1794
1792
1795
1796
1791
1795
1791
1797
1798
1795
1797
1798
1797
1799
1800
1801
1794
1800
1802
1801
1802
1803
1801
1802
1804
1803
1805
1806
1807
1805
1807
1808
1809
1805
1808
1809
1808
1810
1811
1809
1810
1811
1810
1812
1813
1811
1812
1813
1812
1814
1815
1816
1817
1815
1817
1818
1819
1820
1821
1819
1821
1822
1823
1824
1825
1823
1825
1826
1827
1823
1826
1827
1826
1828
1829
1830
1831
1829
1832
1830
1832
1833
1830
1832
1834
1833
1835
1836
1837
1835
1837
1838
1839
1840
1841
1839
1841
1842
1843
1844
1845
1843
1845
1846
1847
1848
1849
1847
1849
1850
1851
1852
1853
1851
1853
1854
1855
1856
1857
1855
1857
1858
1859
1860
1861
1859
1861
1862
1863
1864
1865
1863
1866
1864
1866
1867
1864
1866
1868
1867
1867
1868
1869
1867
1869
1870
1869
1871
1870
1869
1872
1871
1872
1873
1871
1872
1874
1873
1874
1875
1873
1874
1876
1875
1877
1878
1879
1877
1879
1880
1877
1880
1881
1881
1882
1877
1881
1883
1882
1884
1885
1886
1884
1886
1887
1888
1889
1890
1888
1890
1891
1892
1893
1894
1892
1894
1895
1896
1897
1898
1896
1898
1899
1900
1901
1902
1900
1902
1903
1904
1905
1906
1904
1906
1907
1908
1909
1910
1908
1910
1911
1912
1913
1914
1912
1914
1915
1916
1917
1918
1916
1918
1919
1920
1921
1922
1920
1922
1923
1924
1925
1926
1924
1926
1927
1928
1929
1930
1928
1930
1931
1932
1933
1934
1932
1934
1935
1936
1937
1938
1936
1938
1939
1940
1941
1942
1940
1943
1941
1943
1944
1941
1943
1945
1944
1945
1946
1944
1945
1947
1946
1947
1948
1946
1947
1949
1948
1950
1951
1952
1950
1952
1953
1954
1955
1956
1954
1956
1957
1958
1959
1960
1958
1960
1961
1962
1958
1961
1962
1961
1963
1964
1962
1963
1964
1963
1965
1966
1964
1965
1966
1965
1967
1968
1969
1970
1968
1971
1969
1971
1972
1969
1971
1973
1972
1973
1974
1972
1973
1975
1974
1976
1977
1978
1976
1978
1979
1980
1976
1979
1980
1979
1981
1982
1980
1981
1982
1981
1983
1984
1982
1983
1984
1983
1985
1986
1987
1988
1986
1988
1989
1990
1991
1992
1990
1992
1993
1994
1995
1996
1994
1996
1997
1996
1998
1997
1998
1999
1997
1999
2000
1997
1997
2001
1994
2001
1997
2002
2001
2002
2003
2004
2005
2006
2004
2006
2007
2008
2009
2010
2008
2010
2011
2012
2013
2014
2012
2014
2015
2016
2017
2018
2016
2018
2019
2020
2021
2022
2020
2022
2023
2024
2020
2023
2024
2023
2025
2026
2024
2025
2026
2025
2027
2028
2026
2027
2028
2027
2029
2030
2028
2029
2030
2029
2031
2032
2030
2031
2032
2031
2033
2034
2035
2036
2034
2036
2037
2038
2039
2040
2038
2040
2041
2042
2043
2044
2042
2044
2045
2046
2042
2045
2046
2045
2047
2048
2046
2047
2048
2047
2049
2050
2051
2052
2050
2052
2053
2054
2055
2056
2054
2056
2057
2058
2059
2060
2058
2060
2061
2062
2063
2064
2062
2065
2063
2065
2066
2063
2065
2067
2066
2067
2068
2066
2067
2069
2068
2070
2071
2072
2070
2072
2073
2074
2075
2076
2074
2076
2077
2078
2079
2080
2078
2080
2081
2082
2083
2084
2085
2082
2084
2086
2085
2084
2087
2086
2084
2084
2088
2087
2088
2084
2089
2089
2090
2088
2084
2091
2089
2084
2092
2091
2084
2093
2092
2090
2089
2094
2094
2095
2090
2089
2096
2094
2097
2098
2099
2097
2099
2100
2101
2097
2100
2102
2101
2100
2100
2103
2102
2104
2102
2103
2105
2106
2107
2105
2107
2108
2109
2110
2111
2109
2111
2112
2113
2109
2112
2113
2112
2114
2115
2113
2114
2115
2114
2116
2117
2115
2116
2117
2116
2118
2119
2117
2118
2119
2118
2120
2121
2119
2120
2121
2120
2122
2123
2121
2122
2123
2122
2124
2125
2123
2124
2125
2124
2126
2127
2125
2126
2127
2126
2128
2129
2127
2128
2129
2128
2130
2131
2129
2130
2131
2130
2132
2133
2134
2135
2133
2135
2136
2137
2138
2139
2137
2139
2140
2141
2137
2140
2141
2140
2142
2143
2144
2145
2143
2145
2146
2147
2148
2149
2147
2149
2150
2151
2152
2153
2151
2153
2154
2155
2156
2157
2155
2157
2158
2159
2160
2161
2159
2161
2162
2163
2164
2165
2163
2165
2166
2167
2168
2169
2167
2169
2170
2171
2172
2173
2171
2173
2174
2175
2176
2177
2176
2175
2178
2179
2180
2181
2179
2181
2182
2183
2184
2185
2183
2185
2186
2187
2188
2189
2187
2189
2190
2191
2192
2193
2191
2193
2194
2195
2196
2197
2195
2197
2198
2199
2200
2201
2201
2202
2199
2202
2203
2199
2204
2205
2206
2204
2206
2207
2208
2209
2210
2208
2210
2211
2212
2213
2214
2212
2214
2215
2216
2217
2218
2216
2218
2219
2220
2221
2222
2220
2222
2223
2224
2225
2226
2224
2226
2227
2228
2229
2230
2228
2230
2231
2232
2228
2231
2232
2231
2233
2234
2232
2233
2234
2233
2235
2236
2234
2235
2236
2235
2237
2238
2236
2237
2238
2237
2239
2240
2238
2239
2240
2239
2241
2242
2240
2241
2242
2241
2243
2244
2245
2246
2244
2246
2247
2247
2246
2248
2248
2249
2247
2250
2249
2248
2248
2251
2250
2250
2251
2252
2252
2253
2250
2253
2254
2250
2253
2252
2255
2256
2253
2255
2256
2257
2253
2258
2257
2256
2258
2259
2257
2260
2261
2262
2260
2262
2263
2264
2265
2266
2264
2266
2267
2268
2269
2270
2268
2270
2271
2271
2272
2268
2271
2273
2272
2273
2274
2272
2273
2275
2274
2275
2276
2274
2275
2277
2276
2277
2278
2276
2277
2279
2278
2280
2278
2279
2280
2281
2278
2280
2282
2281
2280
2283
2282
2283
2284
2282
2283
2285
2284
2286
2287
2288
2286
2288
2289
2290
2291
2292
2290
2292
2293
2294
2295
2296
2294
2296
2297
2298
2299
2300
2298
2300
2301
2302
2303
2304
2304
2305
2302
2304
2306
2305
2307
2308
2309
2309
2310
2307
2310
2311
2307
2312
2313
2314
2312
2314
2315
2316
2312
2315
2316
2315
2317
2318
2316
2317
2318
2317
2319
2320
2318
2319
2320
2319
2321
2322
2320
2321
2322
2321
2323
2324
2325
2326
2324
2326
2327
2328
2329
2330
2328
2330
2331
2332
2333
2334
2332
2335
2333
2335
2336
2333
2335
2337
2336
2337
2338
2336
2337
2339
2338
2339
2340
2338
2339
2341
2340
2341
2342
2340
2341
2343
2342
2344
2345
2346
2346
2347
2344
2347
2348
2344
2349
2350
2351
2349
1232
2350
1232
2352
2353
1232
2353
2354
1221
1232
2354
1221
2354
2355
1228
1221
2355
1228
2355
2356
2357
1228
2358
2357
2358
2359
1221
2360
2361
1221
2361
2362
2363
1221
2364
2363
2364
2365
2366
2367
2368
2366
1297
2367
1290
2369
2370
1290
2370
2371
2372
2373
2374
2372
2374
2375
2376
2377
2378
2378
2379
2376
2379
2380
2376
2380
2381
2376
2380
2382
2381
2380
2383
2382
2383
2384
2382
2383
2385
2384
2386
2387
2388
2386
2388
2389
2390
2391
2392
2390
2392
2393
2394
2395
2396
2396
2397
2394
2397
2398
2394
2397
2399
2398
2399
2400
2398
2400
2401
2398
2400
2402
2401
2402
2403
2401
2402
2404
2403
2405
2406
2407
2405
2407
2408
2409
2410
2411
2409
2411
2412
2413
2414
2415
2413
2415
2416
2417
2418
2419
2417
2419
2420
2421
2422
2423
2421
2423
2424
2425
2426
2427
2425
2427
2428
2429
2430
2431
2429
2431
2432
2433
2434
2435
2433
2435
2436
2437
2438
2439
2437
2439
2440
2441
2442
2443
2443
2444
2441
2443
2445
2444
2445
2446
2444
2446
2447
2444
2447
2448
2444
2449
2448
2447
2449
2447
2450
2449
2450
2451
2451
2452
2449
2453
2454
2455
2453
2455
2456
2457
2458
2459
2457
2459
2460
2461
2462
2463
2461
2463
2464
2465
2466
2467
2465
2467
2468
2469
2470
2471
2469
2471
2472
2473
2474
2475
2473
2475
2476
2477
2478
2479
2477
2479
2480
2481
2482
2483
2481
2483
2484
2485
2481
2484
2485
2484
2486
2487
2485
2486
2487
2486
2488
2489
2490
2488
2489
2488
2491
2492
2493
2494
2492
2494
2495
2496
2497
2498
2496
2498
2499
2500
2501
2502
2500
2502
2503
2504
2505
2506
2504
2506
2507
2505
2508
2506
2509
2504
2507
2505
2510
2508
2509
2507
2511
2510
2509
2511
2510
2511
2508
2512
2513
2514
2512
2515
2513
2516
2512
2514
2515
2517
2513
2516
2514
2518
2515
2519
2517
2520
2516
2518
2519
2521
2517
2520
2518
2522
2519
2523
2521
2523
2520
2522
2523
2522
2521
2524
2525
2526
2527
2525
2524
2524
2526
2528
2527
2529
2525
2528
2526
2530
2531
2529
2527
2528
2530
2531
2531
2530
2529
2532
2533
2534
2532
2534
2535
2536
2533
2532
2535
2534
2537
2536
2538
2533
2535
2537
2539
2540
2538
2536
2539
2537
2541
2540
2542
2538
2539
2541
2543
2543
2542
2540
2543
2541
2542
234
2544
2545
2546
2544
2546
2547
2548
2549
2550
2550
2551
2548
2550
2552
2551
2553
2554
2555
2555
2556
2553
2555
2557
2556
2558
2559
2560
2558
2560
2561
2562
2563
2564
2564
2565
2562
2564
2566
2565
2567
2568
2569
2567
2569
2570
2571
2572
2573
2571
2574
2572
2574
2575
2572
2574
2576
2575
2577
2578
2579
2577
2579
2580
2581
2582
2583
2581
2583
2584
2585
2586
2587
2585
2587
2588
723
2589
2590
723
2590
724
2591
2592
2593
2591
2593
2594
2595
2596
2597
2595
2597
2598
2599
2600
2601
2599
2601
2602
2603
2604
2605
2603
2605
2606
2607
2608
2609
2607
2609
2610
2611
2612
2613
2611
2613
2614
2615
2616
2617
2615
2617
2618
2619
2620
2621
2621
2622
2619
2622
2623
2619
2624
2625
2626
2626
2627
2624
2627
2628
2624
2629
2630
2631
2629
2631
2632
2633
2634
2635
2635
2636
2633
2636
2637
2633
2638
2639
2640
2638
2640
2641
2642
2643
2644
2642
2644
2645
2645
2644
2646
2645
2646
2647
2648
2649
2650
2648
2650
2651
2652
2653
2654
2652
2654
2655
2656
2657
2658
2656
2658
2659
753
754
2660
753
2660
2661
2662
2663
2664
2662
2664
2665
2666
2667
2668
2666
2668
2669
2670
2671
2672
2670
2672
2673
2674
2675
2676
2674
2676
2677
2678
2679
2680
2678
2680
2681
2682
2683
2684
2682
2684
2685
