MESH3
Police Car N_4
3550
0.9341507,0.6117135,-0.04043853
0.9341507,0.6392663,-0.04043853
0.9341507,0.6143458,0.01443508
0.9341507,0.6392663,-0.04043853
0.9341507,0.6417479,-0.008687913
0.9341507,0.6143458,0.01443508
0.9341507,0.6724548,0.1101625
0.9341507,0.7331644,0.09382811
0.9341504,0.9236336,0.51225
0.9341507,0.6063908,-0.6143504
0.9341507,0.6063908,-0.5836666
0.9341507,0.6059358,-0.4004576
0.9341507,0.6063908,-0.1869692
0.9341507,0.7469726,-0.1869692
0.9341507,0.6520571,-0.1528524
0.9341507,0.7158366,-0.00822401
0.9341507,0.6784037,-0.01664296
0.9341507,0.7103399,-0.04356954
0.9341507,0.6610321,-0.1247428
0.9341507,0.712363,-0.1138501
0.9341507,0.6784037,-0.01664296
0.9341507,0.712363,-0.1138501
0.9341507,0.7103399,-0.04356954
0.9341507,0.6784037,-0.01664296
0.9341507,0.712363,-0.1138501
0.9341507,0.7245656,-0.07321261
0.9341507,0.7103399,-0.04356954
0.9341507,0.6470938,0.1076576
0.9341507,0.6300145,0.07132581
0.9341507,0.6398217,0.02594012
0.9341507,0.6398217,0.02594012
0.9341507,0.6724548,0.01122296
0.9341507,0.6470938,0.1076576
0.9341507,0.6724548,0.01122296
0.9341507,0.6724548,0.1101625
0.9341507,0.6470938,0.1076576
0.9341507,0.6407583,-0.3555962
0.9341507,0.6286209,-0.3914233
0.9341507,0.6408764,-0.4248216
0.9341507,0.6408764,-0.4248216
0.9341507,0.6920021,-0.3440728
0.9341507,0.6407583,-0.3555962
0.3697689,0.4105204,2.171358
0.3277892,0.4105204,2.178134
0.3478746,0.4092809,2.155398
0.3990861,0.4109385,-2.547697
0.4270977,0.4109385,-2.546196
0.4144681,0.4109385,-2.533927
0.5963269,0.3658522,0.8381146
0.5963269,0.3658522,0.8563871
0.5963269,0.3658523,1.366097
-0.6344188,0.6217379,-2.443185
-0.3899375,0.6217379,-2.45525
-0.4179513,0.6217379,-2.453748
-0.9292412,0.8157817,-0.02613622
-0.9292412,0.8199248,0.07222468
-0.9292412,0.8199248,-0.2587218
-0.9292412,0.6063908,-0.2865877
-0.9292412,0.8199248,-0.2865877
-0.9292412,0.7469726,-0.3272907
-0.9292412,0.8199248,-0.2865877
-0.9292412,0.7807165,-0.3258786
-0.9292412,0.7469726,-0.3272907
-0.9292412,0.8199248,-0.2865877
-0.9292412,0.8050556,-0.3325424
-0.9292412,0.7807165,-0.3258786
-0.9292412,0.6470938,-0.6497834
-0.9292412,0.6300145,-0.6134515
-0.9292412,0.6398217,-0.5680658
-0.9292412,0.6398217,-0.5680658
-0.9292412,0.6724548,-0.5533487
-0.9292412,0.6470938,-0.6497834
-0.9292412,0.7308949,-0.01867929
-0.9292412,0.726308,0.04154089
-0.9292412,0.792372,0.04154089
-0.3697727,0.4105204,2.171358
-0.3478785,0.4092809,2.155398
-0.327793,0.4105204,2.178134
-0.39909,0.4109385,-2.547697
-0.4144719,0.4109385,-2.533927
-0.4271016,0.4109385,-2.546196
-0.5963307,0.3868933,1.785798
-0.5963307,0.3658522,0.8381146
-0.5963307,0.3658523,1.366097
0.9341507,0.6025241,0.06745377
0.9341507,0.6074044,0.04556659
0.9341507,0.6143458,0.01443508
0.9341507,0.7146305,-0.4554
0.9341507,0.7222286,-0.4475467
0.9341507,0.7401772,-0.4289953
0.9341507,0.6130123,-0.3513466
0.9341507,0.6060003,-0.3808848
0.9341507,0.6035729,-0.3911102
0.9341507,0.6029166,-0.07326882
0.9341507,0.60695,-0.09244089
0.9341507,0.6126528,-0.1195484
0.9341507,0.6117135,-0.04043853
0.9341507,0.6070641,-0.05779032
-0.9292412,0.7469726,-0.3272907
-0.9292412,0.7469726,-0.3375037
-0.9292412,0.7469726,-0.3551565
-0.9292412,0.6377531,-0.3551565
-0.9292412,0.6063908,-0.3551565
-0.9292412,0.6052881,-0.5971832
-0.9292412,0.6143458,-0.5565608
-0.9292412,0.6025241,-0.6095794
-0.9292412,0.69675,0.04074591
-0.9292412,0.6073911,0.0415321
-0.9292412,0.6063908,0.04154089
-0.9292412,0.6063908,0.07222468
-0.9292412,0.6074921,0.07222468
-0.9292412,0.8199248,0.07222468
-0.9292412,0.605755,-0.4553647
-0.9292412,0.6126528,-0.4225773
-0.9292412,0.6029166,-0.4688569
-0.9292412,0.6201672,-0.6497834
-0.9292412,0.6052271,-0.6157387
-0.9292412,0.6025241,-0.6095794
0.5087894,0.7514641,2.112578
0.8449345,0.7514641,2.054692
0.8486331,0.7514641,2.076169
0.5124879,0.7514641,2.134055
0.5124879,0.7514641,2.134055
0.5124879,0.8138595,2.134055
0.5087894,0.8138595,2.112578
0.5087894,0.7514641,2.112578
0.8449345,0.8138595,2.054692
0.5087894,0.8138595,2.112578
0.5124879,0.8138595,2.134055
0.8486331,0.8138595,2.076169
0.8449345,0.7514641,2.054692
0.8449345,0.8138595,2.054692
0.8486331,0.8138595,2.076169
0.8486331,0.7514641,2.076169
0.5087894,0.7514641,2.112578
0.5087894,0.8138595,2.112578
0.8449345,0.8138595,2.054692
0.8449345,0.7514641,2.054692
0.8449345,0.7132044,2.054692
0.5087894,0.7132044,2.112578
0.5124879,0.7132044,2.134055
0.8486331,0.7132044,2.076169
0.5087894,0.650809,2.112578
0.5087894,0.7132044,2.112578
0.8449345,0.7132044,2.054692
0.8449345,0.650809,2.054692
0.8449345,0.650809,2.054692
0.8449345,0.7132044,2.054692
0.8486331,0.7132044,2.076169
0.8486331,0.650809,2.076169
0.5087894,0.650809,2.112578
0.8449345,0.650809,2.054692
0.8486331,0.650809,2.076169
0.5124879,0.650809,2.134055
0.8939776,0.7037237,1.926643
0.8939776,0.7428512,1.926643
0.8939776,0.7428512,1.763327
0.8939776,0.7037237,1.763327
0.9242372,0.7037237,1.926643
0.9242372,0.7428512,1.926643
0.8939776,0.7428512,1.926643
0.8939776,0.7037237,1.926643
0.9242372,0.7428512,1.763327
0.8939776,0.7428512,1.763327
0.8939776,0.7428512,1.926643
0.9242372,0.7428512,1.926643
0.8939776,0.7037237,1.763327
0.8939776,0.7428512,1.763327
0.9242372,0.7428512,1.763327
0.9242372,0.7037237,1.763327
0.8939776,0.7037237,1.763327
0.9242372,0.7037237,1.763327
0.9242372,0.7037237,1.926643
0.8939776,0.7037237,1.926643
0.916319,0.7037234,-2.161956
0.916319,0.7428509,-2.161956
0.916319,0.7428509,-2.325271
0.916319,0.7037234,-2.325271
0.9465785,0.7037234,-2.161956
0.9465785,0.7428509,-2.161956
0.916319,0.7428509,-2.161956
0.916319,0.7037234,-2.161956
0.9465785,0.7428509,-2.325271
0.916319,0.7428509,-2.325271
0.916319,0.7428509,-2.161956
0.9465785,0.7428509,-2.161956
0.916319,0.7037234,-2.325271
0.916319,0.7428509,-2.325271
0.9465785,0.7428509,-2.325271
0.9465785,0.7037234,-2.325271
0.916319,0.7037234,-2.325271
0.9465785,0.7037234,-2.325271
0.9465785,0.7037234,-2.161956
0.916319,0.7037234,-2.161956
0.8402575,0.9324314,0.5050154
0.8402575,0.949867,0.5050154
0.8402575,0.949867,0.4830606
0.8402575,0.9324314,0.4830606
0.8402575,0.9324314,0.4830606
0.8402575,0.949867,0.4830606
0.90071,0.9965994,0.4795346
0.9014868,0.9665937,0.4795346
0.9014868,0.9665937,0.5014896
0.90071,0.9965994,0.5014896
0.8402575,0.949867,0.5050154
0.8402575,0.9324314,0.5050154
0.8402575,0.9324314,0.4830606
0.9014868,0.9665937,0.4795346
0.9014868,0.9665937,0.5014896
0.8402575,0.9324314,0.5050154
0.90071,0.9965994,0.4795346
0.8402575,0.949867,0.4830606
0.8402575,0.949867,0.5050154
0.90071,0.9965994,0.5014896
0.8999897,1.036603,0.4592182
0.8999897,1.036603,0.521806
1.066621,1.025268,0.521806
1.066621,1.025268,0.4592182
1.066621,0.9462472,0.4592182
1.066621,1.025268,0.4592182
1.066621,1.025268,0.521806
1.066621,0.9462472,0.521806
0.9109662,0.9423445,0.4592182
0.9091656,1.026989,0.4592182
1.057652,1.016888,0.4592182
1.057651,0.954504,0.4592182
0.8999897,1.036603,0.521806
0.9022016,0.9326177,0.521806
1.066621,0.9462472,0.521806
1.066621,1.025268,0.521806
0.9022016,0.9326177,0.521806
0.9022016,0.9326177,0.4592182
1.066621,0.9462472,0.4592182
1.066621,0.9462472,0.521806
0.9516921,0.8888868,-0.3297626
0.9516919,0.8888868,-0.1362978
0.9516919,0.8507927,-0.1362978
0.9516921,0.8507927,-0.3297626
0.9516919,0.8888868,-0.1362978
0.918418,0.8888868,-0.1362978
0.918418,0.8507927,-0.1362978
0.9516919,0.8507927,-0.1362978
0.918418,0.8888868,-0.1362978
0.918418,0.8888868,-0.3297626
0.918418,0.8507927,-0.3297626
0.918418,0.8507927,-0.1362978
0.918418,0.8888868,-0.3297626
0.9516921,0.8888868,-0.3297626
0.9516921,0.8507927,-0.3297626
0.918418,0.8507927,-0.3297626
0.9516919,0.8888868,-0.1362978
0.9516921,0.8888868,-0.3297626
0.918418,0.8888868,-0.3297626
0.918418,0.8888868,-0.1362978
0.918418,0.8507927,-0.1362978
0.918418,0.8507927,-0.3297626
0.9516921,0.8507927,-0.3297626
0.9516919,0.8507927,-0.1362978
0.9516921,0.8888868,-0.8527504
0.9516919,0.8888868,-0.6592856
0.9516919,0.8507927,-0.6592856
0.9516921,0.8507927,-0.8527504
0.9516919,0.8888868,-0.6592856
0.918418,0.8888868,-0.6592855
0.918418,0.8507927,-0.6592855
0.9516919,0.8507927,-0.6592856
0.918418,0.8888868,-0.6592855
0.918418,0.8888868,-0.8527504
0.918418,0.8507927,-0.8527504
0.918418,0.8507927,-0.6592855
0.918418,0.8888868,-0.8527504
0.9516921,0.8888868,-0.8527504
0.9516921,0.8507927,-0.8527504
0.918418,0.8507927,-0.8527504
0.9516919,0.8888868,-0.6592856
0.9516921,0.8888868,-0.8527504
0.918418,0.8888868,-0.8527504
0.918418,0.8888868,-0.6592855
0.918418,0.8507927,-0.6592855
0.918418,0.8507927,-0.8527504
0.9516921,0.8507927,-0.8527504
0.9516919,0.8507927,-0.6592856
0.5124879,0.650809,2.134055
0.5124879,0.7132044,2.134055
0.5087894,0.7132044,2.112578
0.5087894,0.650809,2.112578
0.6492976,0.7309778,-2.439275
0.6492976,0.8516006,-2.439275
0.4594115,0.8516006,-2.451115
0.4594115,0.7309778,-2.451115
0.4594115,0.8516006,-2.451115
0.6492976,0.8516006,-2.439275
0.6505326,0.8516006,-2.460823
0.4606466,0.8516006,-2.472664
0.8732829,0.7309778,-2.42688
0.8732829,0.8516006,-2.42688
0.6833969,0.8516006,-2.438721
0.6833969,0.7309778,-2.438721
0.6833969,0.8516006,-2.438721
0.8732829,0.8516006,-2.42688
0.874518,0.8516006,-2.448429
0.684632,0.8516006,-2.460269
0.4594115,0.7309778,-2.451115
0.4594115,0.8516006,-2.451115
0.4606466,0.8516006,-2.472664
0.4606466,0.7309778,-2.472664
0.6505326,0.7309778,-2.460823
0.6505326,0.8516006,-2.460823
0.6492976,0.8516006,-2.439275
0.6492976,0.7309778,-2.439275
0.6492976,0.7309778,-2.439275
0.4594115,0.7309778,-2.451115
0.4606466,0.7309778,-2.472664
0.6505326,0.7309778,-2.460823
0.6833969,0.7309778,-2.438721
0.6833969,0.8516006,-2.438721
0.684632,0.8516006,-2.460269
0.684632,0.7309778,-2.460269
0.874518,0.7309778,-2.448429
0.874518,0.8516006,-2.448429
0.8732829,0.8516006,-2.42688
0.8732829,0.7309778,-2.42688
0.8732829,0.7309778,-2.42688
0.6833969,0.7309778,-2.438721
0.684632,0.7309778,-2.460269
0.874518,0.7309778,-2.448429
0.8632265,0.7422912,-2.449133
0.874518,0.8516006,-2.448429
0.874518,0.7309778,-2.448429
0.8632265,0.8402872,-2.449133
0.684632,0.8516006,-2.460269
0.6959235,0.8402872,-2.459565
0.684632,0.7309778,-2.460269
0.6959235,0.7422912,-2.459565
0.874518,0.7309778,-2.448429
0.8632265,0.7422912,-2.449133
-0.5087932,0.7514641,2.112578
-0.5124917,0.7514641,2.134055
-0.8486369,0.7514641,2.076169
-0.8449383,0.7514641,2.054692
-0.5124917,0.7514641,2.134055
-0.5087932,0.7514641,2.112578
-0.5087932,0.8138595,2.112578
-0.5124917,0.8138595,2.134055
-0.8449383,0.8138595,2.054692
-0.8486369,0.8138595,2.076169
-0.5124917,0.8138595,2.134055
-0.5087932,0.8138595,2.112578
-0.8449383,0.7514641,2.054692
-0.8486369,0.7514641,2.076169
-0.8486369,0.8138595,2.076169
-0.8449383,0.8138595,2.054692
-0.5087932,0.7514641,2.112578
-0.8449383,0.7514641,2.054692
-0.8449383,0.8138595,2.054692
-0.5087932,0.8138595,2.112578
-0.8449383,0.7132044,2.054692
-0.8486369,0.7132044,2.076169
-0.5124917,0.7132044,2.134055
-0.5087932,0.7132044,2.112578
-0.5087932,0.650809,2.112578
-0.8449383,0.650809,2.054692
-0.8449383,0.7132044,2.054692
-0.5087932,0.7132044,2.112578
-0.8449383,0.650809,2.054692
-0.8486369,0.650809,2.076169
-0.8486369,0.7132044,2.076169
-0.8449383,0.7132044,2.054692
-0.5087932,0.650809,2.112578
-0.5124917,0.650809,2.134055
-0.8486369,0.650809,2.076169
-0.8449383,0.650809,2.054692
-0.8939815,0.7037237,1.926643
-0.8939815,0.7037237,1.763327
-0.8939815,0.7428512,1.763327
-0.8939815,0.7428512,1.926643
-0.924241,0.7037237,1.926643
-0.8939815,0.7037237,1.926643
-0.8939815,0.7428512,1.926643
-0.924241,0.7428512,1.926643
-0.924241,0.7428512,1.763327
-0.924241,0.7428512,1.926643
-0.8939815,0.7428512,1.926643
-0.8939815,0.7428512,1.763327
-0.8939815,0.7037237,1.763327
-0.924241,0.7037237,1.763327
-0.924241,0.7428512,1.763327
-0.8939815,0.7428512,1.763327
-0.8939815,0.7037237,1.763327
-0.8939815,0.7037237,1.926643
-0.924241,0.7037237,1.926643
-0.924241,0.7037237,1.763327
-0.9163228,0.7037234,-2.161956
-0.9163228,0.7037234,-2.325271
-0.9163228,0.7428509,-2.325271
-0.9163228,0.7428509,-2.161956
-0.9465823,0.7037234,-2.161956
-0.9163228,0.7037234,-2.161956
-0.9163228,0.7428509,-2.161956
-0.9465823,0.7428509,-2.161956
-0.9465823,0.7428509,-2.325271
-0.9465823,0.7428509,-2.161956
-0.9163228,0.7428509,-2.161956
-0.9163228,0.7428509,-2.325271
-0.9163228,0.7037234,-2.325271
-0.9465823,0.7037234,-2.325271
-0.9465823,0.7428509,-2.325271
-0.9163228,0.7428509,-2.325271
-0.9163228,0.7037234,-2.325271
-0.9163228,0.7037234,-2.161956
-0.9465823,0.7037234,-2.161956
-0.9465823,0.7037234,-2.325271
-0.8402613,0.9324314,0.5050154
-0.8402613,0.9324314,0.4830606
-0.8402613,0.949867,0.4830606
-0.8402613,0.949867,0.5050154
-0.8402613,0.9324314,0.4830606
-0.9014906,0.9665937,0.4795346
-0.9007138,0.9965994,0.4795346
-0.8402613,0.949867,0.4830606
-0.9014906,0.9665937,0.5014896
-0.8402613,0.9324314,0.5050154
-0.8402613,0.949867,0.5050154
-0.9007138,0.9965994,0.5014896
-0.8402613,0.9324314,0.4830606
-0.8402613,0.9324314,0.5050154
-0.9014906,0.9665937,0.5014896
-0.9014906,0.9665937,0.4795346
-0.9007138,0.9965994,0.4795346
-0.9007138,0.9965994,0.5014896
-0.8402613,0.949867,0.5050154
-0.8402613,0.949867,0.4830606
-0.8999935,1.036603,0.4592182
-1.066625,1.025268,0.4592182
-1.066625,1.025268,0.521806
-0.8999935,1.036603,0.521806
-1.066624,0.9462472,0.4592182
-1.066624,0.9462472,0.521806
-1.066625,1.025268,0.521806
-1.066625,1.025268,0.4592182
-0.91097,0.9423445,0.4592182
-1.057655,0.954504,0.4592182
-1.057656,1.016888,0.4592182
-0.9091694,1.026989,0.4592182
-0.8999935,1.036603,0.521806
-1.066625,1.025268,0.521806
-1.066624,0.9462472,0.521806
-0.9022054,0.9326177,0.521806
-0.9022054,0.9326177,0.521806
-1.066624,0.9462472,0.521806
-1.066624,0.9462472,0.4592182
-0.9022054,0.9326177,0.4592182
-0.9516959,0.8888868,-0.3297626
-0.9516959,0.8507927,-0.3297626
-0.9516957,0.8507927,-0.1362978
-0.9516957,0.8888868,-0.1362978
-0.9516957,0.8888868,-0.1362978
-0.9516957,0.8507927,-0.1362978
-0.9184219,0.8507927,-0.1362978
-0.9184219,0.8888868,-0.1362978
-0.9184219,0.8888868,-0.1362978
-0.9184219,0.8507927,-0.1362978
-0.9184219,0.8507927,-0.3297626
-0.9184219,0.8888868,-0.3297626
-0.9184219,0.8888868,-0.3297626
-0.9184219,0.8507927,-0.3297626
-0.9516959,0.8507927,-0.3297626
-0.9516959,0.8888868,-0.3297626
-0.9516957,0.8888868,-0.1362978
-0.9184219,0.8888868,-0.1362978
-0.9184219,0.8888868,-0.3297626
-0.9516959,0.8888868,-0.3297626
-0.9184219,0.8507927,-0.1362978
-0.9516957,0.8507927,-0.1362978
-0.9516959,0.8507927,-0.3297626
-0.9184219,0.8507927,-0.3297626
-0.9516959,0.8888868,-0.8527504
-0.9516959,0.8507927,-0.8527504
-0.9516957,0.8507927,-0.6592856
-0.9516957,0.8888868,-0.6592856
-0.9516957,0.8888868,-0.6592856
-0.9516957,0.8507927,-0.6592856
-0.9184219,0.8507927,-0.6592855
-0.9184219,0.8888868,-0.6592855
-0.9184219,0.8888868,-0.6592855
-0.9184219,0.8507927,-0.6592855
-0.9184219,0.8507927,-0.8527504
-0.9184219,0.8888868,-0.8527504
-0.9184219,0.8888868,-0.8527504
-0.9184219,0.8507927,-0.8527504
-0.9516959,0.8507927,-0.8527504
-0.9516959,0.8888868,-0.8527504
-0.9516957,0.8888868,-0.6592856
-0.9184219,0.8888868,-0.6592855
-0.9184219,0.8888868,-0.8527504
-0.9516959,0.8888868,-0.8527504
-0.9184219,0.8507927,-0.6592855
-0.9516957,0.8507927,-0.6592856
-0.9516959,0.8507927,-0.8527504
-0.9184219,0.8507927,-0.8527504
-0.5124917,0.650809,2.134055
-0.5087932,0.650809,2.112578
-0.5087932,0.7132044,2.112578
-0.5124917,0.7132044,2.134055
-0.6493014,0.7309778,-2.439275
-0.4594153,0.7309778,-2.451115
-0.4594153,0.8516006,-2.451115
-0.6493014,0.8516006,-2.439275
-0.4594153,0.8516006,-2.451115
-0.4606504,0.8516006,-2.472664
-0.6505364,0.8516006,-2.460823
-0.6493014,0.8516006,-2.439275
-0.8732867,0.7309778,-2.42688
-0.6834007,0.7309778,-2.438721
-0.6834007,0.8516006,-2.438721
-0.8732867,0.8516006,-2.42688
-0.6834007,0.8516006,-2.438721
-0.6846358,0.8516006,-2.460269
-0.8745218,0.8516006,-2.448429
-0.8732867,0.8516006,-2.42688
-0.4594153,0.7309778,-2.451115
-0.4606504,0.7309778,-2.472664
-0.4606504,0.8516006,-2.472664
-0.4594153,0.8516006,-2.451115
-0.6505364,0.7309778,-2.460823
-0.6493014,0.7309778,-2.439275
-0.6493014,0.8516006,-2.439275
-0.6505364,0.8516006,-2.460823
-0.6493014,0.7309778,-2.439275
-0.6505364,0.7309778,-2.460823
-0.4606504,0.7309778,-2.472664
-0.4594153,0.7309778,-2.451115
-0.6834007,0.7309778,-2.438721
-0.6846358,0.7309778,-2.460269
-0.6846358,0.8516006,-2.460269
-0.6834007,0.8516006,-2.438721
-0.8745218,0.7309778,-2.448429
-0.8732867,0.7309778,-2.42688
-0.8732867,0.8516006,-2.42688
-0.8745218,0.8516006,-2.448429
-0.8732867,0.7309778,-2.42688
-0.8745218,0.7309778,-2.448429
-0.6846358,0.7309778,-2.460269
-0.6834007,0.7309778,-2.438721
-0.8632303,0.7422912,-2.449133
-0.8745218,0.7309778,-2.448429
-0.8745218,0.8516006,-2.448429
-0.8632303,0.8402872,-2.449133
-0.6846358,0.8516006,-2.460269
-0.6959273,0.8402872,-2.459565
-0.6846358,0.7309778,-2.460269
-0.6959273,0.7422912,-2.459565
-0.8745218,0.7309778,-2.448429
-0.8632303,0.7422912,-2.449133
-0.1580375,1.665822,-0.3718862
0.1580336,1.665822,-0.3718862
0.1580336,1.665822,-0.5189816
-0.1580375,1.665822,-0.5189816
-0.4729539,1.535959,-0.3414681
-0.1580375,1.535959,-0.3414681
-0.1580375,1.635404,-0.3414681
-0.4729539,1.635404,-0.3414681
-0.1580375,1.535959,-0.5493996
-0.1580375,1.535959,-0.3414681
-0.4729539,1.535959,-0.3414681
-0.4729539,1.535959,-0.5493996
-0.4729539,1.535959,-0.5493996
-0.4729539,1.535959,-0.3414681
-0.4729539,1.635404,-0.3414681
-0.4729539,1.635404,-0.5493996
-0.1580375,1.535959,-0.5493996
-0.4729539,1.535959,-0.5493996
-0.4729539,1.635404,-0.5493996
-0.1580375,1.635404,-0.5493996
-0.3009113,1.535959,-0.5493996
-0.3300802,1.535959,-0.5493996
-0.3300802,1.535959,-0.3414681
-0.3009113,1.535959,-0.3414681
-0.3009113,1.465386,-0.5493996
-0.3009113,1.465386,-0.3414681
-0.3300802,1.465386,-0.3414681
-0.3300802,1.465386,-0.5493996
-0.3009113,1.535959,-0.3414681
-0.3009113,1.465386,-0.3414681
-0.3009113,1.465386,-0.5493996
-0.3009113,1.535959,-0.5493996
-0.3300802,1.535959,-0.3414681
-0.3300802,1.465386,-0.3414681
-0.3009113,1.465386,-0.3414681
-0.3009113,1.535959,-0.3414681
-0.3009113,1.535959,-0.5493996
-0.3009113,1.465386,-0.5493996
-0.3300802,1.465386,-0.5493996
-0.3300802,1.535959,-0.5493996
-0.3300802,1.535959,-0.5493996
-0.3300802,1.465386,-0.5493996
-0.3300802,1.465386,-0.3414681
-0.3300802,1.535959,-0.3414681
-0.1580375,1.535959,-0.5493996
-0.1580375,1.635404,-0.5493996
0.1580336,1.635404,-0.5493996
0.1580336,1.535959,-0.5493996
0.4729501,1.535959,-0.3414681
0.4729501,1.635404,-0.3414681
0.1580336,1.635404,-0.3414681
0.1580336,1.535959,-0.3414681
0.1580336,1.535959,-0.5493996
0.4729501,1.535959,-0.5493996
0.4729501,1.535959,-0.3414681
0.1580336,1.535959,-0.3414681
0.4729501,1.535959,-0.5493996
0.4729501,1.635404,-0.5493996
0.4729501,1.635404,-0.3414681
0.4729501,1.535959,-0.3414681
0.1580336,1.535959,-0.5493996
0.1580336,1.635404,-0.5493996
0.4729501,1.635404,-0.5493996
0.4729501,1.535959,-0.5493996
0.3009075,1.535959,-0.5493996
0.3009075,1.535959,-0.3414681
0.3300763,1.535959,-0.3414681
0.3300763,1.535959,-0.5493996
0.3009075,1.465386,-0.5493996
0.3300763,1.465386,-0.5493996
0.3300763,1.465386,-0.3414681
0.3009075,1.465386,-0.3414681
0.3009075,1.535959,-0.3414681
0.3009075,1.535959,-0.5493996
0.3009075,1.465386,-0.5493996
0.3009075,1.465386,-0.3414681
0.3300763,1.535959,-0.3414681
0.3009075,1.535959,-0.3414681
0.3009075,1.465386,-0.3414681
0.3300763,1.465386,-0.3414681
0.3009075,1.535959,-0.5493996
0.3300763,1.535959,-0.5493996
0.3300763,1.465386,-0.5493996
0.3009075,1.465386,-0.5493996
0.3300763,1.535959,-0.5493996
0.3300763,1.535959,-0.3414681
0.3300763,1.465386,-0.3414681
0.3300763,1.465386,-0.5493996
0.442532,1.665822,-0.5189816
0.1580336,1.665822,-0.5189816
0.1580336,1.665822,-0.3718862
0.442532,1.665822,-0.3718862
-0.1580375,1.535959,-0.3414681
-0.1580375,1.535959,-0.5493996
0.1580336,1.535959,-0.5493996
0.1580336,1.535959,-0.3414681
0.1580336,1.535959,-0.3414681
0.1580336,1.635404,-0.3414681
-0.1580375,1.635404,-0.3414681
-0.1580375,1.535959,-0.3414681
-0.5893872,0.4448034,-2.433553
-0.5903347,0.4832827,-2.272338
-0.5409333,0.459767,-2.266534
-0.5399858,0.4212878,-2.427749
-0.5895324,0.3894875,-2.590837
-0.5520362,0.371639,-2.586431
-0.5399858,0.4212878,-2.427749
-0.5409333,0.459767,-2.266534
-0.523126,0.409101,-2.254572
-0.5221785,0.3706218,-2.415787
-0.5520362,0.371639,-2.586431
-0.5385203,0.3331829,-2.577352
-0.5221785,0.3706218,-2.415787
-0.523126,0.409101,-2.254572
-0.5473455,0.3609633,-2.243462
-0.546398,0.3224841,-2.404677
-0.5385203,0.3331829,-2.577352
-0.5569032,0.2966458,-2.568919
-0.546398,0.3224841,-2.404677
-0.5473455,0.3609633,-2.243462
-0.599403,0.3435529,-2.23971
-0.5984555,0.3050736,-2.400925
-0.5569032,0.2966458,-2.568919
-0.5964153,0.2834311,-2.566072
-0.5984555,0.3050736,-2.400925
-0.599403,0.3435529,-2.23971
-0.6488051,0.3670684,-2.245515
-0.6478576,0.3285892,-2.40673
-0.5964153,0.2834311,-2.566072
-0.6339121,0.3012797,-2.570478
-0.6478576,0.3285892,-2.40673
-0.6488051,0.3670684,-2.245515
-0.666612,0.417735,-2.257476
-0.6656646,0.3792557,-2.418691
-0.6339121,0.3012797,-2.570478
-0.6474279,0.3397361,-2.579556
-0.6423929,0.4658721,-2.268587
-0.666612,0.417735,-2.257476
-0.6488051,0.3670684,-2.245515
-0.599403,0.3435529,-2.23971
-0.5903347,0.4832827,-2.272338
-0.5473455,0.3609633,-2.243462
-0.5409333,0.459767,-2.266534
-0.523126,0.409101,-2.254572
-0.6656646,0.3792557,-2.418691
-0.666612,0.417735,-2.257476
-0.6423929,0.4658721,-2.268587
-0.6414453,0.4273929,-2.429802
-0.6474279,0.3397361,-2.579556
-0.6290452,0.3762728,-2.58799
-0.6414453,0.4273929,-2.429802
-0.6423929,0.4658721,-2.268587
-0.5903347,0.4832827,-2.272338
-0.5893872,0.4448034,-2.433553
-0.6290452,0.3762728,-2.58799
-0.5895324,0.3894875,-2.590837
-0.6260647,0.3080233,-2.572007
-0.6369896,0.339108,-2.579345
-0.6221307,0.368641,-2.586162
-0.5957556,0.2935963,-2.568446
-0.5901921,0.3793226,-2.588463
-0.5638176,0.3042778,-2.570747
-0.5598836,0.3648955,-2.584902
-0.5489587,0.333811,-2.577563
-0.1580375,1.665822,-0.5189816
-0.1580375,1.635404,-0.5493996
-0.4729539,1.635404,-0.5493996
-0.4425358,1.665822,-0.5189816
-0.4425358,1.665822,-0.5189816
-0.4729539,1.635404,-0.5493996
-0.4729539,1.635404,-0.3414681
-0.4425358,1.665822,-0.3718862
-0.4425358,1.665822,-0.3718862
-0.4729539,1.635404,-0.3414681
-0.1580375,1.635404,-0.3414681
-0.1580375,1.665822,-0.3718862
0.1580336,1.635404,-0.5493996
0.1580336,1.665822,-0.5189816
0.442532,1.665822,-0.5189816
0.4729501,1.635404,-0.5493996
0.4729501,1.635404,-0.5493996
0.442532,1.665822,-0.5189816
0.442532,1.665822,-0.3718862
0.4729501,1.635404,-0.3414681
0.4729501,1.635404,-0.3414681
0.442532,1.665822,-0.3718862
0.1580336,1.665822,-0.3718862
0.1580336,1.635404,-0.3414681
0.1580336,1.635404,-0.3414681
0.1580336,1.665822,-0.3718862
-0.1580375,1.665822,-0.3718862
-0.1580375,1.635404,-0.3414681
-0.1580375,1.635404,-0.5493996
-0.1580375,1.665822,-0.5189816
0.1580336,1.665822,-0.5189816
0.1580336,1.635404,-0.5493996
-0.4425358,1.665822,-0.5189816
-0.4425358,1.665822,-0.3718862
-0.1580375,1.665822,-0.3718862
-0.1580375,1.665822,-0.5189816
0.9341504,0.7344015,-1.541919
0.9341504,0.594052,-1.66157
0.9341504,0.6217379,-2.410877
0.9341504,0.9138756,-2.410877
0.9341504,0.7927743,-1.415611
0.9341504,0.79504,-1.375395
0.9341504,0.9236335,-1.417054
0.9341504,0.9236334,-2.401533
0.4586796,0.5979451,2.155557
0.3697689,0.5979451,2.171359
0.3697689,0.5979451,2.301846
0.5498752,0.5979451,2.270354
0.8248147,0.5979451,2.084873
0.8248147,0.5979451,2.218582
0.9079928,0.597945,2.070445
0.9079928,0.597945,2.165303
0.9210716,0.9329071,1.368842
0.8378935,0.9819651,1.374746
0.8248147,0.880944,2.084921
0.9079928,0.831886,2.069955
0.4748673,0.861312,2.153731
0.4748673,0.6171633,2.153675
0.4748673,0.6171633,2.131087
0.4748673,0.861312,2.131142
0.8510134,0.9731762,-2.417712
0.8238897,1.024158,-1.439494
0.8553411,1.024158,-1.440317
0.6361925,0.9731742,-2.433769
0.5280254,1.024158,-1.448526
0.4239204,0.9731705,-2.445067
0.2640108,1.024158,-1.455431
0.2119582,0.9731705,-2.450168
-1.907349E-06,1.024158,-1.456615
-1.907349E-06,0.9731712,-2.449672
-0.211962,0.9731705,-2.450168
-0.2640146,1.024158,-1.455431
-0.4239242,0.9731705,-2.445067
-0.5280293,1.024158,-1.448526
-0.6361963,0.9731742,-2.433769
-0.8238935,1.024158,-1.439494
-0.8510172,0.9731762,-2.417712
-0.855345,1.024158,-1.440317
0.4270988,0.6217379,-2.546196
0.6460999,0.604341,-2.569739
0.4292069,0.604341,-2.580326
0.6435666,0.6217379,-2.535633
0.8722023,0.604341,-2.551749
0.8601238,0.6217379,-2.519454
0.6887337,1.397694,-0.8623837
0.8419647,1.00101,-0.917566
0.8423903,1.002259,-1.084473
0.6948465,1.369686,-0.9953833
0.6919562,1.387339,-0.9182824
0.2107465,1.4765,-0.0539023
-1.907349E-06,1.486125,-0.0408905
-1.907349E-06,1.463368,0.1669804
0.2122646,1.454866,0.1565143
0.4214967,1.466874,-0.06691413
0.434103,1.446364,0.1399317
0.632247,1.457249,-0.07992592
0.6464438,1.426847,0.09536311
0.9341504,0.9236335,-1.109066
0.9341504,0.9236335,-1.417054
0.8553411,1.024158,-1.440317
0.8509723,1.01257,-1.372684
0.8509722,0.9828836,-1.102636
0.8509723,0.6217379,-2.427006
0.8509723,0.9629732,-2.427006
0.9341504,0.9138756,-2.410877
0.9341504,0.6217379,-2.410877
0.8509723,0.3811903,-1.760143
0.8509723,0.4109385,-2.427006
0.9341504,0.4109385,-2.410877
0.9341504,0.4045065,-2.317478
0.9341504,0.3658521,-1.756179
0.634415,0.6217379,-2.443185
0.8509723,0.9629732,-2.427006
0.8509723,0.6217379,-2.427006
0.634415,0.9630172,-2.443185
0.422942,0.9630305,-2.454432
0.3899337,0.6217379,-2.45525
0.3827906,0.6944579,-2.457129
0.3827906,0.8330789,-2.456607
0.211471,0.6944578,-2.459544
0.3827906,0.6944579,-2.457129
0.2114691,0.6217379,-2.459516
-1.907349E-06,0.6944578,-2.459018
-1.907349E-06,0.6217379,-2.459018
-0.2114729,0.6217379,-2.459516
-0.2114749,0.6944578,-2.459544
-0.3899375,0.6217379,-2.45525
-0.3827944,0.6944579,-2.457129
0.3827906,0.8330789,-2.456607
0.211469,0.9633886,-2.459514
0.2114674,0.8330789,-2.459487
-1.907349E-06,0.9633886,-2.459018
-1.907349E-06,0.8330789,-2.459018
-0.2114712,0.8330789,-2.459487
-0.2114728,0.9633886,-2.459514
-0.3827944,0.8330789,-2.456607
-0.4229458,0.9630305,-2.454432
-0.6344188,0.9630172,-2.443185
-0.4229458,0.9630305,-2.454432
-0.6344188,0.6217379,-2.443185
-0.8509761,0.9629732,-2.427006
-0.8509761,0.6217379,-2.427006
-0.3827944,0.6944579,-2.457129
-0.3899375,0.6217379,-2.45525
-0.3827944,0.8330789,-2.456607
0.2138478,1.447003,-1.08285
-1.907349E-06,1.455042,-1.088402
-1.907349E-06,1.485887,-0.765927
0.212814,1.476174,-0.7692572
0.4276994,1.438963,-1.077298
0.4256319,1.46646,-0.7725874
0.6543357,1.417903,-1.066265
0.6405197,1.439511,-0.9733709
0.6384497,1.456747,-0.7759177
0.6353483,1.465192,-0.4704427
0.6741374,1.435652,-0.4730519
0.6781324,1.423617,-0.7719084
0.6384497,1.456747,-0.7759177
0.8509723,0.9726916,0.5012828
0.6750704,1.408619,0.07876274
0.6464438,1.426847,0.09536311
0.8310533,0.9726916,0.5470762
0.212814,1.476174,-0.7692572
-1.907349E-06,1.485887,-0.765927
-1.907349E-06,1.493341,-0.4454341
0.2117802,1.483958,-0.4537703
-1.907349E-06,1.486125,-0.0408905
0.4256319,1.46646,-0.7725874
0.2107465,1.4765,-0.0539023
0.4235643,1.474575,-0.4621065
0.6384497,1.456747,-0.7759177
0.4214967,1.466874,-0.06691413
0.6353483,1.465192,-0.4704427
0.632247,1.457249,-0.07992592
0.6825817,1.39284,0.06863898
0.8421318,0.9931283,0.4547914
0.8419043,0.9974635,-0.243025
0.6811159,1.41643,-0.3181324
0.679907,1.41316,-0.09501397
0.6750704,1.408619,0.07876274
0.6721333,1.430161,-0.09748372
0.632247,1.457249,-0.07992592
0.6464438,1.426847,0.09536311
0.8509723,1.01257,-1.372684
0.758436,1.237431,-1.150778
0.6880757,1.383539,-1.006935
0.8509722,0.9828836,-1.102636
0.9341504,0.4906132,-2.410877
0.9341504,0.6217379,-2.410877
0.9341504,0.594052,-1.66157
0.941939,0.48586,-2.316226
0.9341504,0.4501725,-1.724437
0.9341504,0.4045065,-2.317478
0.9341504,0.3658521,-1.756179
0.9341504,0.4906132,-2.410877
0.9341504,0.4109385,-2.410877
0.923418,0.4109385,-2.477313
0.923418,0.4906132,-2.477313
-1.907349E-06,0.4105204,2.206545
0.3277892,0.4105204,2.178134
0.3277892,0.4105204,2.31544
-1.907349E-06,0.4105204,2.343851
-0.327793,0.4105204,2.31544
-0.327793,0.4105204,2.178134
0.8509723,0.6217379,-2.427006
0.9341504,0.6217379,-2.410877
0.923418,0.6217379,-2.477313
0.8601238,0.6217379,-2.519454
0.634415,0.6217379,-2.443185
0.6435666,0.6217379,-2.535633
0.4179475,0.6217379,-2.453748
0.4270988,0.6217379,-2.546196
0.6543357,1.417903,-1.066265
0.6880757,1.383539,-1.006935
0.758436,1.237431,-1.150778
0.8238897,1.024158,-1.439494
0.8509723,1.01257,-1.372684
0.8553411,1.024158,-1.440317
0.6843717,1.40359,-0.9185942
0.6405197,1.439511,-0.9733709
0.6384497,1.456747,-0.7759177
0.6805198,1.415954,-0.8452023
0.679419,1.419487,-0.8114073
0.6781324,1.423617,-0.7719084
0.9752449,0.6618093,1.033079
0.9649652,0.5966704,0.9560535
0.9213213,0.5966703,0.9415404
0.9213213,0.7087952,1.021491
0.9341504,0.9236336,0.51225
0.8509723,0.9726916,0.5012828
0.8378935,0.9819651,1.374746
0.9210716,0.9329071,1.368842
0.9341507,0.6132906,-0.429552
0.9341507,0.6059358,-0.4004576
0.9341507,0.6063908,-0.5836666
0.9341507,0.69675,-0.5828716
0.9341507,0.6395678,-0.4556784
0.9341507,0.6780906,-0.4653149
0.9341507,0.69675,-0.5828716
0.9341507,0.7146305,-0.4554
0.9341507,0.6780906,-0.4653149
0.9341507,0.7151418,-0.4955831
0.9341507,0.7222286,-0.4475467
0.9341507,0.7585068,-0.4846562
0.9341507,0.7768645,-0.4800305
0.9341507,0.8199248,-0.2834039
0.9341507,0.8157817,-0.5159895
0.9341507,0.7497905,-0.3911102
0.9341507,0.8199248,-0.6143504
0.9341507,0.7404554,-0.351764
0.9341507,0.7151871,-0.3249418
0.9341507,0.6780906,-0.315027
0.9341507,0.6063908,-0.2834039
0.9341507,0.6390111,-0.3247331
0.9341504,0.9236336,0.51225
0.9341507,0.8199248,-0.255538
0.9341504,0.9236335,-1.109066
0.9341507,0.8050556,-0.2095833
0.9341504,0.74029,-1.07054
0.9341504,0.7066697,-1.024287
0.9341504,0.6583055,-0.9738953
0.9341507,0.6063908,-0.6143504
0.9341507,0.7807165,-0.2162471
0.9341507,0.7469726,-0.214835
0.9341507,0.6063908,-0.255538
0.9341507,0.6063908,-0.214835
0.9341507,0.7760347,-0.199147
0.9341507,0.7469726,-0.1988977
0.9341507,0.7740527,-0.191908
0.9341507,0.7469726,-0.1869692
0.9341507,0.7504627,-0.07526608
0.9341504,0.9236336,0.51225
0.9341507,0.7497905,0.04910797
0.9341507,0.7331644,0.09382811
0.9341507,0.7407454,0.01480618
0.9341507,0.6074044,0.04556659
0.9341507,0.6070641,-0.05779032
0.9341507,0.6117135,-0.04043853
0.9341507,0.6143458,0.01443508
0.9341504,0.6089409,0.51225
0.9341507,0.6075138,0.07882407
0.9341507,0.6201672,0.1076576
0.9341504,0.9236336,0.51225
0.9341507,0.6470938,0.1076576
0.9341507,0.6724548,0.1101625
0.9341507,0.7740527,-0.191908
0.9341507,0.7983918,-0.1852441
0.9341504,0.9236336,0.51225
0.9341507,0.8050556,-0.2095833
0.9341504,0.6041684,-0.9372827
0.9341504,0.6583055,-0.9738953
0.9341507,0.6063908,-0.6143504
0.9341507,0.6059358,-0.4004576
0.9341507,0.6063908,-0.2834039
0.9341507,0.6063908,-0.2622824
0.9341507,0.6060003,-0.3808848
0.9341507,0.6130123,-0.3513466
0.9341507,0.6390111,-0.3247331
0.9341507,0.6520571,-0.1528524
0.9341507,0.6126528,-0.1195484
0.9341507,0.6063908,-0.1869692
0.9341507,0.60695,-0.09244089
0.9341507,0.7469726,-0.1869692
0.9341507,0.7142594,-0.1452226
0.9341507,0.6520571,-0.1528524
0.9341507,0.7404439,-0.1212183
0.9341507,0.7504627,-0.07526608
0.9341507,0.7400844,-0.04356954
0.9341507,0.7407454,0.01480618
0.9341507,0.7158366,-0.00822401
0.9341507,0.7103399,-0.04356954
0.9341507,0.7401772,-0.4289953
0.9341507,0.7222286,-0.4475467
0.9341507,0.7585068,-0.4846562
0.9341507,0.6392663,-0.04043853
0.9341507,0.6294566,-0.07014884
0.9341507,0.6354975,-0.1028382
0.9341507,0.6610321,-0.1247428
0.9341507,0.6610321,-0.1247428
0.9341507,0.6417479,-0.008687913
0.9341507,0.6392663,-0.04043853
0.9341507,0.6784037,-0.01664296
0.9341507,0.6408764,-0.4248216
0.9341507,0.6921228,-0.4363517
0.9341507,0.6920021,-0.3440728
0.9341507,0.7186196,-0.3666189
0.9341507,0.7243488,-0.4047424
0.9341507,0.7173626,0.07345372
0.9341507,0.6909277,0.08260968
0.9341507,0.6909277,0.01184911
0.9341507,0.7177214,0.02406943
0.9341507,0.7256818,0.04973421
0.9341507,0.7308949,-0.5234464
0.9341507,0.726308,-0.5836666
0.9341507,0.792372,-0.5836666
0.9341507,0.7688752,-0.5113493
0.9341507,0.7898891,-0.5294856
0.5935996,0.9964656,0.6867427
0.2677427,1.005512,1.428712
0.5203319,1.005639,1.403167
0.2700214,0.9964514,0.7399002
-1.907349E-06,1.005512,1.438982
-1.907349E-06,0.9964596,0.7576276
-0.2700252,0.9964514,0.7399002
-0.2677465,1.005512,1.428712
-0.5936034,0.9964656,0.6867427
-0.5203357,1.005639,1.403167
0.8248147,0.4105204,2.083859
0.8984342,0.4105204,2.071088
0.8984342,0.4105204,2.166566
0.8248147,0.4105204,2.218738
0.5498752,0.4105204,2.137921
0.5498752,0.4105204,2.270766
0.3697689,0.4105204,2.171358
0.3697689,0.4105204,2.302499
0.3277892,0.5979451,2.31544
-1.907349E-06,0.5746949,2.377189
0.3277892,0.5746949,2.348778
-1.907349E-06,0.5979451,2.343851
-0.327793,0.5979451,2.31544
-0.327793,0.5746949,2.348778
0.2119338,0.7142155,-2.450857
0.3621213,0.813321,-2.448962
0.3621213,0.7142156,-2.44921
0.2119262,0.8133211,-2.450742
-1.907349E-06,0.7142155,-2.450495
-1.907349E-06,0.8133212,-2.450495
-0.21193,0.8133211,-2.450742
-0.2119376,0.7142155,-2.450857
-0.3621251,0.813321,-2.448962
-0.3621251,0.7142156,-2.44921
0.6435666,0.4990673,-2.535633
0.4270978,0.4990673,-2.546196
0.4292066,0.4990672,-2.580326
0.6460999,0.4990672,-2.569739
0.8601238,0.4990673,-2.519454
0.8731501,0.4990672,-2.551433
0.7900641,1.039445,-1.425211
0.4249061,1.424068,-1.092826
0.6344745,1.404431,-1.082492
0.5212377,1.039145,-1.433174
0.2194204,1.431582,-1.097978
0.2675655,1.03935,-1.439988
-1.907349E-06,1.439158,-1.103179
-1.907349E-06,1.039498,-1.441258
-0.2675694,1.03935,-1.439988
-0.2194243,1.431582,-1.097978
-0.5212415,1.039145,-1.433174
-0.4249099,1.424068,-1.092826
-0.7900679,1.039445,-1.425211
-0.6344783,1.404431,-1.082492
0.6285226,1.413557,0.1177922
0.6238524,0.9885476,0.6516682
0.8000469,0.9879057,0.5403086
0.4329984,1.430903,0.1583721
0.2826287,0.9882977,0.7052196
0.219129,1.439061,0.1743311
-1.907349E-06,0.9883243,0.7217292
-1.907349E-06,1.44719,0.1843667
-0.2191328,1.439061,0.1743311
-0.2826325,0.9882977,0.7052196
-0.4330022,1.430903,0.1583721
-0.6238562,0.9885476,0.6516682
-0.6285264,1.413557,0.1177922
-0.8000507,0.9879057,0.5403086
-0.2114729,0.4109385,-2.459516
-1.907349E-06,0.4109385,-2.464664
0.2114691,0.4109385,-2.459516
-0.4229458,0.4109385,-2.454432
0.422942,0.4109385,-2.454432
-0.6344188,0.4109385,-2.443185
0.634415,0.4109385,-2.443185
-0.8509761,0.4109385,-2.427006
0.8509723,0.4109385,-2.427006
-0.8509761,0.3811903,-1.760143
-0.7072853,0.3817953,-1.760298
0.7072815,0.3817953,-1.760298
0.8509723,0.3811903,-1.760143
-0.5963307,0.3813491,-1.760182
0.5963269,0.3813491,-1.760182
-0.5963307,0.3658521,-1.396433
0.5963269,0.3658521,-1.396433
-0.5963307,0.3658521,-0.8714533
0.5963269,0.3658521,-0.8714533
-0.7072853,0.3658521,-0.8714526
-0.8175668,0.3658521,-0.8714522
0.7072815,0.3658521,-0.8714526
0.8175629,0.3658521,-0.8714522
-0.9007449,0.3658521,-0.8714556
-0.5963307,0.3658521,-0.8895995
-0.9048739,0.3658521,-0.893404
-0.9007449,0.3658522,0.5122501
0.900741,0.3658521,-0.8714556
0.5963269,0.3658521,-0.8895995
0.9048701,0.3658521,-0.893404
0.900741,0.3658522,0.5122501
-0.8879157,0.3658522,0.8380425
0.8879119,0.3658522,0.8380425
-0.8123077,0.3658522,0.8380762
-0.899591,0.3658522,0.8563871
0.8123038,0.3658522,0.8380762
0.8995872,0.3658522,0.8563871
-0.7539312,0.3658522,0.8380932
0.7539274,0.3658522,0.8380932
-0.5963307,0.3658522,0.8381146
-0.5963307,0.3658522,0.8563871
0.5963269,0.3658522,0.8381146
0.5963269,0.3658522,0.8563871
-0.5963307,0.3658523,1.366097
0.5963269,0.3658523,1.366097
-0.5963307,0.3868933,1.785798
0.5963269,0.3855992,1.763483
0.8984342,0.4105204,2.071088
0.7730954,0.3868938,1.755038
0.8317324,0.3868946,1.7457
0.9213213,0.3868906,1.732899
0.9300236,0.3861772,1.720133
-0.898438,0.4105204,2.071088
-0.8248185,0.4105204,2.083859
0.8248147,0.4105204,2.083859
-0.549879,0.4105204,2.137921
0.5498752,0.4105204,2.137921
-0.7730992,0.3868938,1.755038
-0.5963307,0.3855992,1.763483
-0.8317362,0.3868946,1.7457
-0.9213251,0.3868906,1.732899
-0.9296135,0.3862111,1.72074
-0.3478785,0.4092809,2.155398
-0.3697727,0.4105204,2.171358
0.3478746,0.4092809,2.155398
0.3697689,0.4105204,2.171358
-0.327793,0.4105204,2.178134
0.3277892,0.4105204,2.178134
-1.907349E-06,0.4105204,2.206545
0.8378935,0.9819651,1.374746
0.5585945,0.9819651,1.400992
0.4586796,0.880944,2.1556
0.8248147,0.880944,2.084921
0.5203319,1.005639,1.403167
0.2635634,0.906684,2.172818
0.426382,0.906684,2.146906
0.2677427,1.005512,1.428712
-1.907349E-06,0.906684,2.191937
-1.907349E-06,1.005512,1.438982
-0.2677465,1.005512,1.428712
-0.2635672,0.906684,2.172818
-0.5203357,1.005639,1.403167
-0.4263858,0.906684,2.146906
0.891805,0.8206787,2.07222
0.8201049,0.861312,2.085886
0.8201049,0.861312,2.066694
0.891805,0.8206787,2.054981
0.8378935,0.9819651,1.374746
0.8509723,0.9726916,0.5012828
0.8310533,0.9726916,0.5470762
0.6372429,0.9726916,0.6689211
0.5585945,0.9819651,1.400992
0.9213213,0.4606919,1.724653
0.9213213,0.5898461,1.676071
0.9079928,0.597945,2.070445
0.9032136,0.5152074,2.057994
0.9213213,0.3868906,1.732899
0.8984342,0.4105204,2.071088
0.9079928,0.597945,2.070445
0.9213213,0.5898461,1.676071
0.9213213,0.7129696,1.574868
0.9079928,0.831886,2.069955
0.9213213,0.753661,1.507831
0.9213213,0.8035699,1.324225
0.9210716,0.9329071,1.368842
0.9341504,0.9236336,0.51225
0.9213213,0.7784412,1.159434
0.9213213,0.7087952,1.021491
0.9341504,0.6089409,0.51225
0.9213213,0.5966703,0.9415404
0.9443126,0.4706617,0.51225
0.9544747,0.5754711,0.51225
0.9416455,0.5632052,0.9214221
0.9314833,0.4706627,0.8797903
0.900741,0.3658522,0.5122501
0.8879119,0.3658522,0.8380425
0.9341504,0.9236335,-1.109066
0.9341504,0.74029,-1.07054
0.9341504,0.7731441,-1.139216
0.9341504,0.8020784,-1.29887
0.9341504,0.9236335,-1.417054
0.9341504,0.79504,-1.375395
0.9384297,0.4589406,1.713617
0.9502192,0.5869601,1.664669
0.9213213,0.5898461,1.676071
0.9213213,0.4606919,1.724653
0.9502192,0.5869601,1.664669
0.9594638,0.6734357,1.563927
0.9213213,0.7129696,1.574868
0.9213213,0.5898461,1.676071
0.9594638,0.6734357,1.563927
0.9660973,0.7039644,1.499274
0.9213213,0.753661,1.507831
0.9213213,0.7129696,1.574868
0.9660973,0.7039644,1.499274
0.9213213,0.8035699,1.324225
0.9213213,0.753661,1.507831
0.9752449,0.7530519,1.319139
0.9213213,0.7784412,1.159434
0.9752449,0.7278344,1.164948
0.9752449,0.7278344,1.164948
0.9752449,0.6618093,1.033079
0.9213213,0.7087952,1.021491
0.9213213,0.7784412,1.159434
0.9389375,0.4706627,0.8960232
0.8995872,0.3658522,0.8563871
0.8879119,0.3658522,0.8380425
0.9314833,0.4706627,0.8797903
0.9587256,0.5632051,0.9355429
0.9416455,0.5632052,0.9214221
0.9382794,0.468111,-0.9209994
0.9542872,0.5703699,-0.94868
0.9544747,0.5706987,-0.9280166
0.9443126,0.4682754,-0.8997361
0.9866647,0.7490627,-1.374477
0.9866647,0.7469686,-1.411647
0.9341504,0.7927743,-1.415611
0.9341504,0.79504,-1.375395
0.9866647,0.7560207,-1.29938
0.9341504,0.8020784,-1.29887
0.9866647,0.7469686,-1.411647
0.9866647,0.691587,-1.531359
0.9341504,0.7344015,-1.541919
0.9341504,0.7927743,-1.415611
0.9866647,0.691587,-1.531359
0.9754539,0.5849972,-1.647959
0.9341504,0.594052,-1.66157
0.9341504,0.7344015,-1.541919
0.9719211,0.6488702,-0.9877658
0.9752443,0.6744379,-1.031774
0.9341504,0.7066697,-1.024287
0.9341504,0.6583055,-0.9738953
0.9752443,0.6744379,-1.031774
0.9826527,0.7005348,-1.078465
0.9341504,0.74029,-1.07054
0.9341504,0.7066697,-1.024287
0.9826527,0.7005348,-1.078465
0.9866647,0.7276886,-1.144784
0.9341504,0.7731441,-1.139216
0.9341504,0.74029,-1.07054
0.9866647,0.7276886,-1.144784
0.9866647,0.7560207,-1.29938
0.9341504,0.8020784,-1.29887
0.9341504,0.7731441,-1.139216
0.9634014,0.6160282,-0.9641092
0.9719211,0.6488702,-0.9877658
0.9341504,0.6583055,-0.9738953
0.9341504,0.6041684,-0.9372827
0.9507838,0.4456451,-1.706906
0.9382794,0.3658521,-1.73473
0.9341504,0.3658521,-1.756179
0.9341504,0.4501725,-1.724437
0.9341507,0.6025241,0.06745377
0.9341507,0.6075138,0.07882407
0.9341504,0.6089409,0.51225
0.9341504,0.592206,0.51225
0.9341504,0.6041684,-0.9372827
0.9341504,0.5874335,-0.9319831
0.9341507,0.6029166,-0.07326882
0.9341507,0.6074044,0.04556659
0.9341507,0.6070641,-0.05779032
0.9341507,0.6035729,-0.3911102
0.9341507,0.6059358,-0.4004576
0.9341507,0.60695,-0.09244089
0.9341507,0.6029166,-0.07326882
0.9341507,0.6035729,-0.3911102
0.9341507,0.6063908,-0.1869692
0.9341507,0.6060003,-0.3808848
0.9341507,0.6063908,-0.2622824
0.9341507,0.6063908,-0.214835
0.9341507,0.6063908,-0.255538
0.9341504,0.5874335,-0.9319831
0.9341504,0.592206,0.51225
0.9544747,0.5754711,0.51225
0.9544747,0.5706987,-0.9280166
0.9341504,0.6089409,0.51225
0.9213213,0.5966703,0.9415404
0.9213213,0.5799379,0.9311711
0.9341504,0.592206,0.51225
0.9341504,0.592206,0.51225
0.9213213,0.5799379,0.9311711
0.9416455,0.5632052,0.9214221
0.9544747,0.5754711,0.51225
0.9587256,0.5632051,0.9355429
0.9416455,0.5632052,0.9214221
0.9213213,0.5799379,0.9311711
0.9619076,0.583048,0.9453442
0.9619076,0.583048,0.9453442
0.9213213,0.5799379,0.9311711
0.9213213,0.5966703,0.9415404
0.9649652,0.5966704,0.9560535
0.9544747,0.5706987,-0.9280166
0.9542872,0.5703699,-0.94868
0.9594545,0.5970815,-0.9542785
0.9341504,0.5874335,-0.9319831
0.9341504,0.5874335,-0.9319831
0.9594545,0.5970815,-0.9542785
0.9634014,0.6160282,-0.9641092
0.9341504,0.6041684,-0.9372827
0.9443126,0.4682754,-0.8997361
0.9544747,0.5706987,-0.9280166
0.9544747,0.5754711,0.51225
0.9443126,0.4706617,0.51225
0.900741,0.3658521,-0.8714556
0.900741,0.3658522,0.5122501
0.8248147,0.5979451,2.218582
0.5498524,0.5746949,2.301538
0.8334776,0.5744693,2.247875
0.5498752,0.5979451,2.270354
0.3697689,0.5746949,2.33559
0.3697689,0.5979451,2.301846
0.9079928,0.597945,2.070445
0.9079928,0.597945,2.165303
0.9376075,0.5733992,2.176359
0.9390099,0.5731022,2.063808
0.9032136,0.5152074,2.160372
0.9032136,0.5152074,2.057994
0.9355736,0.5136148,2.056813
0.9339325,0.5139284,2.173925
0.8248147,0.5152074,2.215329
0.8334636,0.5149821,2.245948
0.5498752,0.5152074,2.267644
0.5498524,0.5152074,2.301656
0.3697689,0.5152074,2.301793
0.3697689,0.5152074,2.336063
0.3277892,0.5152074,2.348795
0.3277892,0.5746949,2.348778
-1.907349E-06,0.5746949,2.377189
-1.907349E-06,0.5152074,2.377189
-0.327793,0.5152074,2.348795
-0.327793,0.5746949,2.348778
0.4172192,0.6444827,2.153389
0.4172282,0.8344064,2.154095
0.274932,0.8344064,2.175884
0.3697761,0.6444826,2.161448
0.3277993,0.6444823,2.168259
-1.907349E-06,0.6444829,2.196589
-1.907349E-06,0.8344061,2.196589
-0.2749358,0.8344064,2.175884
-0.3278031,0.6444823,2.168259
-0.3697799,0.6444826,2.161448
-0.417223,0.6444827,2.153389
-0.417232,0.8344064,2.154095
0.9032136,0.5152074,2.057994
0.9079928,0.597945,2.070445
0.9390099,0.5731022,2.063808
0.9355736,0.5136148,2.056813
0.8984342,0.4105204,2.071088
0.9032136,0.5152074,2.057994
0.9032136,0.5152074,2.160372
0.8984342,0.4105204,2.166566
0.8248147,0.4105204,2.218738
0.8248147,0.5152074,2.215329
0.5498752,0.5152074,2.267644
0.5498752,0.4105204,2.270766
0.3697689,0.5152074,2.301793
0.3697689,0.4105204,2.302499
0.8984342,0.4105204,2.166566
0.9032136,0.5152074,2.160372
0.8248147,0.5152074,2.215329
0.8248147,0.4105204,2.218738
0.9300236,0.3861772,1.720133
0.9384297,0.4589406,1.713617
0.9213213,0.4606919,1.724653
0.9213213,0.3868906,1.732899
0.9339325,0.5139284,2.173925
0.9376075,0.5733992,2.176359
0.8334776,0.5744693,2.247875
0.8334636,0.5149821,2.245948
0.5498524,0.5152074,2.301656
0.3697689,0.5746949,2.33559
0.3697689,0.5152074,2.336063
0.5498524,0.5746949,2.301538
0.8334636,0.5149821,2.245948
0.8334776,0.5744693,2.247875
0.3277892,0.4976988,2.330647
0.3277892,0.3930118,2.329098
0.3697689,0.3930118,2.32227
0.3697689,0.4976988,2.323707
0.9355736,0.5136148,2.056813
0.9390099,0.5731022,2.063808
0.9376075,0.5733992,2.176359
0.9339325,0.5139284,2.173925
-1.907349E-06,0.5152074,2.343851
0.3277892,0.5152074,2.31544
0.3277892,0.5152074,2.348795
-1.907349E-06,0.5152074,2.377189
-0.327793,0.5152074,2.348795
-0.327793,0.5152074,2.31544
0.3277892,0.4105204,2.31544
0.3277892,0.5152074,2.31544
-1.907349E-06,0.5152074,2.343851
-1.907349E-06,0.4105204,2.343851
-0.327793,0.4105204,2.31544
-0.327793,0.5152074,2.31544
0.9079928,0.597945,2.165303
0.8248147,0.5979451,2.218582
0.8334776,0.5744693,2.247875
0.9376075,0.5733992,2.176359
0.3277892,0.3930118,2.329098
0.3277892,0.3857595,2.174263
0.3697689,0.3857595,2.170218
0.3697689,0.3930118,2.32227
0.3277892,0.4105204,2.31544
0.3277892,0.4105204,2.178134
0.3277892,0.3857595,2.174263
0.3277892,0.3930118,2.329098
0.3277892,0.5152074,2.31544
0.3277892,0.4976988,2.330647
0.3277892,0.5152074,2.348795
0.3277892,0.4976988,2.362454
0.3277892,0.5746949,2.348778
0.3277892,0.586274,2.363047
0.3277892,0.5979451,2.31544
0.3277892,0.6208929,2.311901
0.3277892,0.5979451,2.178134
0.3277892,0.6208929,2.174553
0.3697689,0.5979451,2.301846
0.3697689,0.5979451,2.171359
0.3697689,0.6208929,2.17037
0.3697689,0.6208929,2.305036
0.3697689,0.5746949,2.33559
0.3697689,0.586274,2.356063
0.3697689,0.5152074,2.336063
0.3697689,0.4976988,2.355837
0.3697689,0.5152074,2.301793
0.3697689,0.4976988,2.323707
0.3697689,0.4105204,2.302499
0.3697689,0.3930118,2.32227
0.3697689,0.4105204,2.171358
0.3697689,0.3857595,2.170218
0.3277892,0.5979451,2.178134
-1.907349E-06,0.5979451,2.343851
0.3277892,0.5979451,2.31544
-1.907349E-06,0.5979451,2.206545
-0.327793,0.5979451,2.178134
-0.327793,0.5979451,2.31544
0.3277892,0.6208929,2.174553
0.3277892,0.6208929,2.311901
0.3697689,0.6208929,2.305036
0.3697689,0.6208929,2.17037
0.3697689,0.4976988,2.323707
0.3697689,0.4976988,2.355837
0.3277892,0.4976988,2.362454
0.3277892,0.4976988,2.330647
0.3277892,0.586274,2.363047
0.3277892,0.4976988,2.362454
0.3697689,0.4976988,2.355837
0.3697689,0.586274,2.356063
0.3697689,0.586274,2.356063
0.3697689,0.6208929,2.305036
0.3277892,0.6208929,2.311901
0.3277892,0.586274,2.363047
0.3697689,0.5979451,2.171359
0.3277892,0.5979451,2.178134
0.3277892,0.6208929,2.174553
0.3697689,0.6208929,2.17037
0.3277892,0.4105204,2.178134
0.3697689,0.4105204,2.171358
0.3697689,0.3857595,2.170218
0.3277892,0.3857595,2.174263
0.891805,0.8206787,2.07222
0.891805,0.6171633,2.0732
0.9079928,0.597945,2.070445
0.9079928,0.831886,2.069955
0.8201049,0.861312,2.085886
0.8248147,0.880944,2.084921
0.4748673,0.861312,2.153731
0.4586796,0.880944,2.1556
0.4748673,0.6171633,2.153675
0.4586796,0.5979451,2.155557
0.4436197,0.8598251,2.15889
0.4436197,0.6190639,2.158371
0.2749357,0.8598251,2.185885
0.2749357,0.880944,2.185885
-1.907349E-06,0.8598251,2.206545
-1.907349E-06,0.880944,2.206545
-0.2749395,0.880944,2.185885
-0.2749395,0.8598251,2.185885
-0.4586835,0.880944,2.1556
-0.4436235,0.8598251,2.15889
-0.4586835,0.5979451,2.155557
-0.4436235,0.6190639,2.158371
-0.4748711,0.6171633,2.153675
-0.4748711,0.861312,2.153731
-0.8248185,0.880944,2.084921
-0.8201087,0.861312,2.085886
-0.9079966,0.831886,2.069955
-0.8918088,0.8206787,2.07222
-0.9079966,0.597945,2.070445
-0.8918088,0.6171633,2.0732
0.891805,0.6171633,2.0732
0.8248147,0.5979451,2.084873
0.9079928,0.597945,2.070445
0.8248147,0.6171633,2.08497
0.4586796,0.5979451,2.155557
0.4748673,0.6171633,2.153675
0.4436197,0.6190639,2.158371
0.3697689,0.5979451,2.171359
0.3697689,0.6190639,2.171371
0.891805,0.6171633,2.054153
0.891805,0.8206787,2.054981
0.8201049,0.861312,2.066694
0.8248147,0.6171633,2.065781
0.4748673,0.861312,2.131142
0.4748673,0.6171633,2.131087
0.4748673,0.6171633,2.153675
0.8248147,0.6171633,2.065781
0.4748673,0.6171633,2.131087
0.8248147,0.6171633,2.08497
0.891805,0.6171633,2.054153
0.891805,0.6171633,2.0732
0.891805,0.6171633,2.0732
0.891805,0.8206787,2.07222
0.891805,0.8206787,2.054981
0.891805,0.6171633,2.054153
0.8201049,0.861312,2.085886
0.4748673,0.861312,2.153731
0.4748673,0.861312,2.131142
0.8201049,0.861312,2.066694
0.3697689,0.6190639,2.171371
0.3277892,0.6190639,2.178141
0.3277892,0.5979451,2.178134
0.3697689,0.5979451,2.171359
0.3277892,0.6190639,2.178141
-1.907349E-06,0.5979451,2.206545
0.3277892,0.5979451,2.178134
-1.907349E-06,0.6190639,2.206545
-0.327793,0.6190639,2.178141
-0.327793,0.5979451,2.178134
0.2749357,0.8455322,2.175929
0.4282144,0.8455322,2.152376
0.4436197,0.8598251,2.15889
0.2749357,0.8598251,2.185885
-1.907349E-06,0.8455322,2.196589
-1.907349E-06,0.8598251,2.206545
-0.2749395,0.8598251,2.185885
-0.2749395,0.8455322,2.175929
-0.4436235,0.8598251,2.15889
-0.4282182,0.8455322,2.152376
0.4282144,0.8455322,2.152376
0.4282144,0.6333568,2.151651
0.4436197,0.6190639,2.158371
0.4436197,0.8598251,2.15889
0.4282144,0.6333568,2.151651
0.3697689,0.6190639,2.171371
0.4436197,0.6190639,2.158371
0.3697689,0.6333568,2.161403
0.3277892,0.6190639,2.178141
0.3277892,0.6333568,2.168178
-1.907349E-06,0.6190639,2.206545
-1.907349E-06,0.6333568,2.196589
-0.327793,0.6333568,2.168178
-0.327793,0.6190639,2.178141
-0.3697727,0.6333568,2.161403
-0.3697727,0.6190639,2.171371
-0.4282182,0.6333568,2.151651
-0.4436235,0.6190639,2.158371
0.923418,0.4906132,-2.477313
0.8601238,0.4990673,-2.519454
0.8731501,0.4990672,-2.551433
0.9551675,0.4906132,-2.494664
0.9341504,0.4109385,-2.410877
0.8601238,0.4109385,-2.519454
0.923418,0.4109385,-2.477313
0.8509723,0.4109385,-2.427006
0.6435666,0.4109385,-2.535633
0.634415,0.4109385,-2.443185
0.4144681,0.4109385,-2.533927
0.422942,0.4109385,-2.454432
0.4270977,0.4109385,-2.546196
0.2114691,0.4109385,-2.459516
0.3990861,0.4109385,-2.547697
0.4004664,0.4109385,-2.565863
0.428478,0.4109385,-2.565863
0.2206207,0.4109385,-2.551963
-1.907349E-06,0.4109385,-2.554202
-1.907349E-06,0.4109385,-2.464664
-0.2114729,0.4109385,-2.459516
-0.2206245,0.4109385,-2.551963
-0.39909,0.4109385,-2.547697
-0.4144719,0.4109385,-2.533927
-0.4229458,0.4109385,-2.454432
-0.6344188,0.4109385,-2.443185
-0.6435704,0.4109385,-2.535633
-0.4271016,0.4109385,-2.546196
-0.4004702,0.4109385,-2.565863
-0.4284818,0.4109385,-2.565863
-0.8509761,0.4109385,-2.427006
-0.8601276,0.4109385,-2.519454
-0.9341542,0.4109385,-2.410877
-0.9234218,0.4109385,-2.477313
0.2206207,0.4109385,-2.551963
0.3990861,0.4990673,-2.547697
0.3990861,0.4109385,-2.547697
0.2206207,0.4990672,-2.551963
-1.907349E-06,0.4109385,-2.554202
-1.907349E-06,0.4990672,-2.554202
-0.2206245,0.4990672,-2.551963
-0.2206245,0.4109385,-2.551963
-0.3990899,0.4990673,-2.547697
-0.39909,0.4109385,-2.547697
0.4270977,0.4109385,-2.546196
0.4270978,0.4990673,-2.546196
0.6435666,0.4990673,-2.535633
0.6435666,0.4109385,-2.535633
0.8601238,0.4990673,-2.519454
0.8601238,0.4109385,-2.519454
0.8601238,0.4109385,-2.519454
0.8601238,0.4990673,-2.519454
0.923418,0.4906132,-2.477313
0.923418,0.4109385,-2.477313
0.9754539,0.5849972,-1.647959
0.9507838,0.4456451,-1.706906
0.9341504,0.4501725,-1.724437
0.9341504,0.594052,-1.66157
0.4292066,0.4990672,-2.580326
0.4292069,0.604341,-2.580326
0.6460999,0.604341,-2.569739
0.6460999,0.4990672,-2.569739
0.8722023,0.604341,-2.551749
0.8731501,0.4990672,-2.551433
0.9341504,0.4109385,-2.410877
0.9341504,0.4906132,-2.410877
0.941939,0.48586,-2.316226
0.9341504,0.4045065,-2.317478
0.2226858,0.4990672,-2.586096
0.4011945,0.604341,-2.581828
0.4011947,0.4990672,-2.581828
0.2226858,0.604341,-2.586096
-1.907349E-06,0.4990672,-2.588338
-1.907349E-06,0.604341,-2.588338
-0.2226896,0.604341,-2.586096
-0.2226896,0.4990672,-2.586096
-0.4011984,0.604341,-2.581828
-0.4011985,0.4990672,-2.581828
0.8731501,0.4990672,-2.551433
0.8722023,0.604341,-2.551749
0.9544171,0.603142,-2.495787
0.9551675,0.4906132,-2.494664
0.9705911,0.603142,-2.415944
0.9705911,0.4906132,-2.415944
0.9551675,0.4906132,-2.494664
0.9544171,0.603142,-2.495787
0.3990861,0.4990673,-2.547697
0.2226858,0.4990672,-2.586096
0.4011947,0.4990672,-2.581828
0.2206207,0.4990672,-2.551963
-1.907349E-06,0.4990672,-2.588338
-1.907349E-06,0.4990672,-2.554202
-0.2206245,0.4990672,-2.551963
-0.2226896,0.4990672,-2.586096
-0.3990899,0.4990673,-2.547697
-0.4011985,0.4990672,-2.581828
0.2206207,0.6217379,-2.551963
0.3990856,0.6217379,-2.547697
0.4011945,0.604341,-2.581828
0.2226858,0.604341,-2.586096
-1.907349E-06,0.6217379,-2.554202
-1.907349E-06,0.604341,-2.588338
-0.2226896,0.604341,-2.586096
-0.2206246,0.6217379,-2.551963
-0.4011984,0.604341,-2.581828
-0.3990894,0.6217379,-2.547697
0.9341504,0.6217379,-2.410877
0.9341504,0.4906132,-2.410877
0.941939,0.48586,-2.316226
0.9472001,0.6217379,-2.317034
0.9341504,0.4906132,-2.410877
0.923418,0.4906132,-2.477313
0.9551675,0.4906132,-2.494664
0.9705911,0.4906132,-2.415944
0.923418,0.6217379,-2.477313
0.9705911,0.603142,-2.415944
0.9544171,0.603142,-2.495787
0.9341504,0.6217379,-2.410877
0.9705911,0.603142,-2.415944
0.9472001,0.6217379,-2.317034
0.9777275,0.6061596,-2.321279
0.8601238,0.6217379,-2.519454
0.923418,0.6217379,-2.477313
0.9544171,0.603142,-2.495787
0.8722023,0.604341,-2.551749
0.3990856,0.6217379,-2.547697
0.3899337,0.6217379,-2.45525
0.3899337,0.6417693,-2.45525
0.3990856,0.6417693,-2.547697
0.4011945,0.604341,-2.581828
0.4021708,0.6193058,-2.597501
0.4011947,0.4990672,-2.581828
0.402171,0.4833728,-2.597502
0.3990861,0.4990673,-2.547697
0.4000619,0.4833682,-2.565863
0.3990861,0.4109385,-2.547697
0.4004664,0.4109385,-2.565863
0.4270978,0.4990673,-2.546196
0.4270977,0.4109385,-2.546196
0.428478,0.4109385,-2.565863
0.4280739,0.4833727,-2.565863
0.4292066,0.4990672,-2.580326
0.4301826,0.4833682,-2.595995
0.4292069,0.604341,-2.580326
0.430183,0.6193051,-2.595994
0.4270988,0.6217379,-2.546196
0.4270988,0.6417693,-2.546196
0.4179475,0.6217379,-2.453748
0.4179475,0.6417693,-2.453748
0.2114691,0.6217379,-2.459516
0.3899337,0.6217379,-2.45525
0.3990856,0.6217379,-2.547697
0.2206207,0.6217379,-2.551963
-1.907349E-06,0.6217379,-2.459018
-1.907349E-06,0.6217379,-2.554202
-0.2206246,0.6217379,-2.551963
-0.2114729,0.6217379,-2.459516
-0.3990894,0.6217379,-2.547697
-0.3899375,0.6217379,-2.45525
0.3990856,0.6417693,-2.547697
0.3899337,0.6417693,-2.45525
0.4179475,0.6417693,-2.453748
0.4270988,0.6417693,-2.546196
0.4280739,0.4833727,-2.565863
0.428478,0.4109385,-2.565863
0.4004664,0.4109385,-2.565863
0.4000619,0.4833682,-2.565863
0.4301826,0.4833682,-2.595995
0.4280739,0.4833727,-2.565863
0.4000619,0.4833682,-2.565863
0.402171,0.4833728,-2.597502
0.430183,0.6193051,-2.595994
0.4301826,0.4833682,-2.595995
0.402171,0.4833728,-2.597502
0.4021708,0.6193058,-2.597501
0.4270988,0.6417693,-2.546196
0.430183,0.6193051,-2.595994
0.4021708,0.6193058,-2.597501
0.3990856,0.6417693,-2.547697
0.3899337,0.6217379,-2.45525
0.4179475,0.6217379,-2.453748
0.4179475,0.6417693,-2.453748
0.3899337,0.6417693,-2.45525
0.6405197,1.439511,-0.9733709
0.6843717,1.40359,-0.9185942
0.6880757,1.383539,-1.006935
0.6543357,1.417903,-1.066265
0.3621213,0.813321,-2.448962
0.2114674,0.8330789,-2.459487
0.3827906,0.8330789,-2.456607
0.2119262,0.8133211,-2.450742
-1.907349E-06,0.8330789,-2.459018
-1.907349E-06,0.8133212,-2.450495
-0.21193,0.8133211,-2.450742
-0.2114712,0.8330789,-2.459487
-0.3621251,0.813321,-2.448962
-0.3827944,0.8330789,-2.456607
0.3621213,0.7142156,-2.44921
0.3621213,0.813321,-2.448962
0.3827906,0.8330789,-2.456607
0.3827906,0.6944579,-2.457129
0.2119338,0.7142155,-2.450857
0.3621213,0.7142156,-2.44921
0.3827906,0.6944579,-2.457129
0.211471,0.6944578,-2.459544
-1.907349E-06,0.7142155,-2.450495
-1.907349E-06,0.6944578,-2.459018
-0.2114749,0.6944578,-2.459544
-0.2119376,0.7142155,-2.450857
-0.3827944,0.6944579,-2.457129
-0.3621251,0.7142156,-2.44921
0.9341504,0.9236336,0.51225
0.9341504,0.9236335,-1.109066
0.8509722,0.9828836,-1.102636
0.8509722,0.9816374,-0.9065223
0.8509722,0.9814265,-0.8733473
0.8509723,0.9777495,-0.2946887
0.8509723,0.9775366,-0.261175
0.8509723,0.9726916,0.5012828
0.6736277,1.434256,-0.3775392
0.6741374,1.435652,-0.4730519
0.6353483,1.465192,-0.4704427
0.632247,1.457249,-0.07992592
0.6734486,1.433765,-0.3439889
0.6721333,1.430161,-0.09748372
0.6734486,1.433765,-0.3439889
0.8509723,0.9775366,-0.261175
0.8509723,0.9777495,-0.2946887
0.6736277,1.434256,-0.3775392
0.679419,1.419487,-0.8114073
0.8509722,0.9814265,-0.8733473
0.8509722,0.9816374,-0.9065223
0.6805198,1.415954,-0.8452023
0.6808178,1.4184,-0.3949354
0.8416854,0.9991423,-0.3197657
0.8417445,1.002537,-0.8501172
0.6860035,1.404967,-0.7939252
0.6851785,1.408104,-0.7644614
0.6813501,1.41965,-0.4778058
0.6919562,1.387339,-0.9182824
0.6948465,1.369686,-0.9953833
0.6880757,1.383539,-1.006935
0.6843717,1.40359,-0.9185942
0.6887337,1.397694,-0.8623837
0.6919562,1.387339,-0.9182824
0.6805198,1.415954,-0.8452023
0.8419647,1.00101,-0.917566
0.8509722,0.9816374,-0.9065223
0.6948465,1.369686,-0.9953833
0.8509722,0.9828836,-1.102636
0.6880757,1.383539,-1.006935
0.8423903,1.002259,-1.084473
0.8509722,0.9816374,-0.9065223
0.8419647,1.00101,-0.917566
0.6851785,1.408104,-0.7644614
0.6860035,1.404967,-0.7939252
0.679419,1.419487,-0.8114073
0.6781324,1.423617,-0.7719084
0.6813501,1.41965,-0.4778058
0.6741374,1.435652,-0.4730519
0.6808178,1.4184,-0.3949354
0.6736277,1.434256,-0.3775392
0.8416854,0.9991423,-0.3197657
0.8509723,0.9777495,-0.2946887
0.8417445,1.002537,-0.8501172
0.8509722,0.9814265,-0.8733473
0.6860035,1.404967,-0.7939252
0.4329984,1.430903,0.1583721
0.6464438,1.426847,0.09536311
0.434103,1.446364,0.1399317
0.6285226,1.413557,0.1177922
0.8310533,0.9726916,0.5470762
0.8000469,0.9879057,0.5403086
0.8000469,0.9879057,0.5403086
0.6238524,0.9885476,0.6516682
0.6372429,0.9726916,0.6689211
0.8310533,0.9726916,0.5470762
-1.907349E-06,1.44719,0.1843667
0.2122646,1.454866,0.1565143
-1.907349E-06,1.463368,0.1669804
0.219129,1.439061,0.1743311
0.434103,1.446364,0.1399317
0.4329984,1.430903,0.1583721
0.2826287,0.9882977,0.7052196
-1.907349E-06,0.9883243,0.7217292
-1.907349E-06,0.9726916,0.7424747
0.2798084,0.9726916,0.7252116
0.6238524,0.9885476,0.6516682
0.2826287,0.9882977,0.7052196
0.2798084,0.9726916,0.7252116
0.6372429,0.9726916,0.6689211
0.7900641,1.039445,-1.425211
0.6344745,1.404431,-1.082492
0.6543357,1.417903,-1.066265
0.8238897,1.024158,-1.439494
0.5212377,1.039145,-1.433174
0.5280254,1.024158,-1.448526
0.2675655,1.03935,-1.439988
0.2640108,1.024158,-1.455431
-1.907349E-06,1.039498,-1.441258
-1.907349E-06,1.024158,-1.456615
-0.2640146,1.024158,-1.455431
-0.2675694,1.03935,-1.439988
-0.5280293,1.024158,-1.448526
-0.5212415,1.039145,-1.433174
-0.8238935,1.024158,-1.439494
-0.7900679,1.039445,-1.425211
-0.6543395,1.417903,-1.066265
-0.6344783,1.404431,-1.082492
0.6344745,1.404431,-1.082492
0.4249061,1.424068,-1.092826
0.4276994,1.438963,-1.077298
0.6543357,1.417903,-1.066265
0.2194204,1.431582,-1.097978
-1.907349E-06,1.439158,-1.103179
-1.907349E-06,1.455042,-1.088402
0.2138478,1.447003,-1.08285
0.4249061,1.424068,-1.092826
0.4276994,1.438963,-1.077298
0.9719211,0.6488702,-0.9877658
0.9634014,0.6160282,-0.9641092
0.5963269,0.6032642,-0.954915
0.5963269,0.6488702,-0.9877658
0.9754539,0.5849972,-1.647959
0.9866647,0.691587,-1.531359
0.5963269,0.7212671,-1.531359
0.5963269,0.5849972,-1.647959
0.9507838,0.4456451,-1.706906
0.9754539,0.5849972,-1.647959
0.5963269,0.5849972,-1.647959
0.5963269,0.4456451,-1.706906
0.9382794,0.3658521,-1.73473
0.5963269,0.3658521,-1.73473
0.9752443,0.6744379,-1.031774
0.9719211,0.6488702,-0.9877658
0.5963269,0.6488702,-0.9877658
0.5963269,0.693626,-1.034211
0.9594545,0.5970815,-0.9542785
0.5963269,0.5703699,-0.9447904
0.5963269,0.5865294,-0.9493529
0.9542872,0.5703699,-0.94868
0.5963269,0.468111,-0.9171949
0.9382794,0.468111,-0.9209994
0.5963269,0.3658521,-0.8895995
0.9048701,0.3658521,-0.893404
0.9826527,0.7005348,-1.078465
0.9752443,0.6744379,-1.031774
0.5963269,0.693626,-1.034211
0.5963269,0.7264614,-1.079213
0.9866647,0.7276886,-1.144784
0.9826527,0.7005348,-1.078465
0.5963269,0.7264614,-1.079213
0.5963269,0.7573687,-1.144784
0.9634014,0.6160282,-0.9641092
0.9594545,0.5970815,-0.9542785
0.5963269,0.5865294,-0.9493529
0.5963269,0.6032642,-0.954915
0.9866647,0.7560207,-1.29938
0.9866647,0.7276886,-1.144784
0.5963269,0.7573687,-1.144784
0.5963269,0.7857007,-1.29938
0.9866647,0.7490627,-1.374477
0.9866647,0.7560207,-1.29938
0.5963269,0.7857007,-1.29938
0.5963269,0.7787428,-1.374477
0.9866647,0.7469686,-1.411647
0.5963269,0.7766487,-1.411647
0.9866647,0.691587,-1.531359
0.9866647,0.7469686,-1.411647
0.5963269,0.7766487,-1.411647
0.5963269,0.7212671,-1.531359
0.5963269,0.3658521,-0.8895995
0.5963269,0.3658521,-1.73473
0.5963269,0.4456451,-1.706906
0.5963269,0.468111,-0.9171949
0.5963269,0.5849972,-1.647959
0.5963269,0.5703699,-0.9447904
0.5963269,0.5865294,-0.9493529
0.5963269,0.7212671,-1.531359
0.5963269,0.6032642,-0.954915
0.5963269,0.6488702,-0.9877658
0.5963269,0.693626,-1.034211
0.5963269,0.7264614,-1.079213
0.5963269,0.7766487,-1.411647
0.5963269,0.7573687,-1.144784
0.5963269,0.7787428,-1.374477
0.5963269,0.7857007,-1.29938
0.9660973,0.7039644,1.499274
0.9594638,0.6734357,1.563927
0.5963269,0.7014511,1.575626
0.5963269,0.7388551,1.507061
0.9752449,0.6618093,1.033079
0.9752449,0.7278344,1.164948
0.5963269,0.7627252,1.164949
0.5963269,0.6967001,1.033079
0.9752449,0.7530519,1.319139
0.9660973,0.7039644,1.499274
0.5963269,0.7388551,1.507061
0.5963269,0.7879427,1.320109
0.9752449,0.7278344,1.164948
0.5963269,0.7627252,1.164949
0.9594638,0.6734357,1.563927
0.9502192,0.5869601,1.664669
0.5963269,0.5861754,1.687831
0.5963269,0.7014511,1.575626
0.9649652,0.5966704,0.9560535
0.9752449,0.6618093,1.033079
0.5963269,0.6967001,1.033079
0.5963269,0.5966704,0.9560535
0.9619076,0.583048,0.9453442
0.9649652,0.5966704,0.9560535
0.5963269,0.5966704,0.9560535
0.5963269,0.583048,0.9453442
0.9502192,0.5869601,1.664669
0.5963269,0.4582109,1.751471
0.5963269,0.5861754,1.687831
0.9384297,0.4589406,1.713617
0.5963269,0.3855992,1.763483
0.9300236,0.3861772,1.720133
0.9389375,0.4706627,0.8960232
0.9587256,0.5632051,0.9355429
0.5963269,0.5632051,0.9355429
0.5963269,0.4706627,0.8960232
0.8995872,0.3658522,0.8563871
0.5963269,0.3658522,0.8563871
0.9587256,0.5632051,0.9355429
0.9619076,0.583048,0.9453442
0.5963269,0.583048,0.9453442
0.5963269,0.5632051,0.9355429
0.5963269,0.7627252,1.164949
0.5963269,0.7879427,1.320109
0.5963269,0.7388551,1.507061
0.5963269,0.7014511,1.575626
0.5963269,0.6967001,1.033079
0.5963269,0.5966704,0.9560535
0.5963269,0.5861754,1.687831
0.5963269,0.583048,0.9453442
0.5963269,0.5632051,0.9355429
0.5963269,0.4706627,0.8960232
0.5963269,0.4582109,1.751471
0.5963269,0.3855992,1.763483
0.5963269,0.3658522,0.8563871
0.5963269,0.3658523,1.366097
0.5963269,0.3813491,-1.760182
0.7072815,0.3817953,-1.760298
0.8509723,0.3811903,-1.760143
0.5963269,0.3658521,-1.73473
0.9341504,0.3658521,-1.756179
0.9382794,0.3658521,-1.73473
-1.907349E-06,0.9964596,0.7576276
0.2700214,0.9964514,0.7399002
0.2798084,0.9726916,0.7252116
-1.907349E-06,0.9726916,0.7424747
0.2700214,0.9964514,0.7399002
0.5935996,0.9964656,0.6867427
0.6372429,0.9726916,0.6689211
0.2798084,0.9726916,0.7252116
0.426382,0.906684,2.146906
0.2749357,0.880944,2.185885
0.4586796,0.880944,2.1556
0.2635634,0.906684,2.172818
-1.907349E-06,0.880944,2.206545
-1.907349E-06,0.906684,2.191937
-0.2635672,0.906684,2.172818
-0.2749395,0.880944,2.185885
-0.4263858,0.906684,2.146906
-0.4586835,0.880944,2.1556
0.5935996,0.9964656,0.6867427
0.5203319,1.005639,1.403167
0.5585945,0.9819651,1.400992
0.6372429,0.9726916,0.6689211
0.5203319,1.005639,1.403167
0.426382,0.906684,2.146906
0.4586796,0.880944,2.1556
0.5585945,0.9819651,1.400992
0.9048701,0.3658521,-0.893404
0.9382794,0.468111,-0.9209994
0.9443126,0.4682754,-0.8997361
0.900741,0.3658521,-0.8714556
0.8510134,0.9731762,-2.417712
0.9341504,0.9236334,-2.401533
0.9341504,0.9138756,-2.410877
0.8509723,0.9629732,-2.427006
0.6361925,0.9731742,-2.433769
0.8510134,0.9731762,-2.417712
0.8509723,0.9629732,-2.427006
0.634415,0.9630172,-2.443185
0.4239204,0.9731705,-2.445067
0.422942,0.9630305,-2.454432
0.2119582,0.9731705,-2.450168
0.211469,0.9633886,-2.459514
-1.907349E-06,0.9731712,-2.449672
-1.907349E-06,0.9633886,-2.459018
-0.2114728,0.9633886,-2.459514
-0.211962,0.9731705,-2.450168
-0.4229458,0.9630305,-2.454432
-0.4239242,0.9731705,-2.445067
-0.6344188,0.9630172,-2.443185
-0.6361963,0.9731742,-2.433769
-0.8509761,0.9629732,-2.427006
-0.8510172,0.9731762,-2.417712
0.9341504,0.9236334,-2.401533
0.8510134,0.9731762,-2.417712
0.8553411,1.024158,-1.440317
0.9341504,0.9236335,-1.417054
0.9472001,0.6217379,-2.317034
0.941939,0.48586,-2.316226
0.97561,0.4896978,-2.320969
0.9777275,0.6061596,-2.321279
0.9705911,0.4906132,-2.415944
0.9705911,0.603142,-2.415944
0.9777275,0.6061596,-2.321279
0.97561,0.4896978,-2.320969
0.9341504,0.4906132,-2.410877
0.9705911,0.4906132,-2.415944
0.97561,0.4896978,-2.320969
0.941939,0.48586,-2.316226
-0.9341542,0.6217379,-2.410877
-0.9341542,0.594052,-1.66157
-0.9341542,0.7344015,-1.541919
-0.9341542,0.9138756,-2.410877
-0.9341542,0.7927743,-1.415611
-0.9341542,0.79504,-1.375395
-0.9341542,0.9236335,-1.417054
-0.9341542,0.9236334,-2.401533
-0.4586835,0.5979451,2.155557
-0.3697727,0.5979451,2.301846
-0.3697727,0.5979451,2.171359
-0.549879,0.5979451,2.270354
-0.8248185,0.5979451,2.084873
-0.8248185,0.5979451,2.218582
-0.9079966,0.597945,2.070445
-0.9079966,0.597945,2.165303
-0.9210755,0.9329071,1.368842
-0.9079966,0.831886,2.069955
-0.8248185,0.880944,2.084921
-0.8378974,0.9819651,1.374746
-0.4748711,0.861312,2.153731
-0.4748711,0.861312,2.131142
-0.4748711,0.6171633,2.131087
-0.4748711,0.6171633,2.153675
-0.4271027,0.6217379,-2.546196
-0.4292108,0.604341,-2.580326
-0.6461037,0.604341,-2.569739
-0.6435704,0.6217379,-2.535633
-0.8722061,0.604341,-2.551749
-0.8601276,0.6217379,-2.519454
-0.8423941,1.002259,-1.084473
-0.8419685,1.00101,-0.917566
-0.6887375,1.397694,-0.8623837
-0.6948503,1.369686,-0.9953833
-0.69196,1.387339,-0.9182824
-0.2107503,1.4765,-0.0539023
-1.907349E-06,1.463368,0.1669804
-1.907349E-06,1.486125,-0.0408905
-0.2122685,1.454866,0.1565143
-0.4215005,1.466874,-0.06691413
-0.4341068,1.446364,0.1399317
-0.6322508,1.457249,-0.07992592
-0.6464476,1.426847,0.09536311
-0.855345,1.024158,-1.440317
-0.850976,0.9828836,-1.102636
-0.8509761,1.01257,-1.372684
-0.9341542,0.9236335,-1.109066
-0.9341542,0.9236335,-1.417054
-0.8509761,0.6217379,-2.427006
-0.9341542,0.6217379,-2.410877
-0.9341542,0.9138756,-2.410877
-0.8509761,0.9629732,-2.427006
-0.9341542,0.4109385,-2.410877
-0.8509761,0.4109385,-2.427006
-0.8509761,0.3811903,-1.760143
-0.9341542,0.4045065,-2.317478
-0.9341542,0.3658521,-1.756179
-0.2138516,1.447003,-1.08285
-1.907349E-06,1.485887,-0.765927
-1.907349E-06,1.455042,-1.088402
-0.2128178,1.476174,-0.7692572
-0.4277032,1.438963,-1.077298
-0.4256357,1.46646,-0.7725874
-0.6543395,1.417903,-1.066265
-0.6405236,1.439511,-0.9733709
-0.6384535,1.456747,-0.7759177
-0.6353521,1.465192,-0.4704427
-0.6384535,1.456747,-0.7759177
-0.6781362,1.423617,-0.7719084
-0.6741412,1.435652,-0.4730519
-0.8509761,0.9726916,0.5012828
-0.8310571,0.9726916,0.5470762
-0.6464476,1.426847,0.09536311
-0.6750742,1.408619,0.07876274
-0.2128178,1.476174,-0.7692572
-1.907349E-06,1.493341,-0.4454341
-1.907349E-06,1.485887,-0.765927
-0.211784,1.483958,-0.4537703
-1.907349E-06,1.486125,-0.0408905
-0.4256357,1.46646,-0.7725874
-0.2107503,1.4765,-0.0539023
-0.4235681,1.474575,-0.4621065
-0.6384535,1.456747,-0.7759177
-0.4215005,1.466874,-0.06691413
-0.6353521,1.465192,-0.4704427
-0.6322508,1.457249,-0.07992592
-0.8419081,0.9974635,-0.243025
-0.8421356,0.9931283,0.4547914
-0.6825855,1.39284,0.06863898
-0.6811197,1.41643,-0.3181324
-0.6799108,1.41316,-0.09501397
-0.6750742,1.408619,0.07876274
-0.6464476,1.426847,0.09536311
-0.6322508,1.457249,-0.07992592
-0.6721371,1.430161,-0.09748372
-0.8509761,1.01257,-1.372684
-0.850976,0.9828836,-1.102636
-0.6880795,1.383539,-1.006935
-0.7584398,1.237431,-1.150778
-0.9341542,0.594052,-1.66157
-0.9341542,0.6217379,-2.410877
-0.9341542,0.4906132,-2.410877
-0.9419428,0.48586,-2.316226
-0.9341542,0.4501725,-1.724437
-0.9341542,0.4045065,-2.317478
-0.9341542,0.3658521,-1.756179
-0.9341542,0.4906132,-2.410877
-0.9234218,0.4906132,-2.477313
-0.9234218,0.4109385,-2.477313
-0.9341542,0.4109385,-2.410877
-0.8509761,0.6217379,-2.427006
-0.9234218,0.6217379,-2.477313
-0.9341542,0.6217379,-2.410877
-0.8601276,0.6217379,-2.519454
-0.6344188,0.6217379,-2.443185
-0.6435704,0.6217379,-2.535633
-0.4179513,0.6217379,-2.453748
-0.4271027,0.6217379,-2.546196
-0.8238935,1.024158,-1.439494
-0.855345,1.024158,-1.440317
-0.8509761,1.01257,-1.372684
-0.7584398,1.237431,-1.150778
-0.6543395,1.417903,-1.066265
-0.6880795,1.383539,-1.006935
-0.6384535,1.456747,-0.7759177
-0.6405236,1.439511,-0.9733709
-0.6843755,1.40359,-0.9185942
-0.6805236,1.415954,-0.8452023
-0.6794228,1.419487,-0.8114073
-0.6781362,1.423617,-0.7719084
-0.9752487,0.6618093,1.033079
-0.9213251,0.7087952,1.021491
-0.9213251,0.5966703,0.9415404
-0.964969,0.5966704,0.9560535
-0.9341542,0.9236336,0.51225
-0.9210755,0.9329071,1.368842
-0.8378974,0.9819651,1.374746
-0.8509761,0.9726916,0.5012828
-0.9292412,0.6143458,-0.5565608
-0.9292412,0.6052881,-0.5971832
-0.9292412,0.6056767,-0.4791577
-0.9292412,0.6117135,-0.5016872
-0.9292412,0.6392663,-0.5016872
-0.9292412,0.6417479,-0.5334378
-0.9292412,0.6610321,-0.4173829
-0.9292412,0.6784037,-0.5254828
-0.9292412,0.6354975,-0.4392875
-0.9292412,0.6294566,-0.4719769
-0.9292412,0.712363,-0.4282756
-0.9292412,0.7103399,-0.4985562
-0.9292412,0.7245656,-0.4689131
-0.9292412,0.7158366,-0.5339017
-0.9292412,0.7400844,-0.4985562
-0.9292412,0.7407454,-0.5569319
-0.9292412,0.7400844,-0.4985562
-0.9292412,0.7504627,-0.4668596
-0.9292412,0.7497905,-0.5912337
-0.9341542,0.9236335,-1.109066
-0.9292412,0.7740527,-0.3502177
-0.9292412,0.7983918,-0.3568816
-0.9292412,0.8050556,-0.3325424
-0.9341542,0.74029,-1.07054
-0.9292412,0.7331644,-0.6359538
-0.9341542,0.7066697,-1.024287
-0.9292412,0.6724548,-0.6522882
-0.9341542,0.6583055,-0.9738953
-0.9292412,0.6724548,-0.5533487
-0.9292412,0.6470938,-0.6497834
-0.9341542,0.6583055,-0.9738953
-0.9341542,0.6041684,-0.9372827
-0.9292412,0.6052271,-0.6157387
-0.9292412,0.6201672,-0.6497834
-0.9292412,0.6470938,-0.6497834
-0.9292412,0.8050556,-0.3325424
-0.9292412,0.8199248,-0.2865877
-0.9341542,0.9236335,-1.109066
-0.9292412,0.8199248,-0.2587218
-0.9292412,0.8199248,0.07222468
-0.9341542,0.9236336,0.51225
-0.9341542,0.6089409,0.51225
-0.9292412,0.8199248,0.07222468
-0.9292412,0.6074921,0.07222468
-0.9292412,0.6780906,-0.2270987
-0.9292412,0.6064025,-0.2587218
-0.9292412,0.6390111,-0.2173926
-0.9292412,0.6130123,-0.1907791
-0.9292412,0.6067135,-0.1642456
-0.9292412,0.6780906,-0.2270987
-0.9292412,0.7151871,-0.2171839
-0.9292412,0.8199248,-0.2587218
-0.9292412,0.7404554,-0.1903617
-0.9292412,0.7404554,-0.1903617
-0.9292412,0.7497905,-0.1510155
-0.9292412,0.8199248,-0.2587218
-0.9292412,0.7768645,-0.06209522
-0.9292412,0.8157817,-0.02613622
-0.9292412,0.7401772,-0.1131304
-0.9292412,0.7151418,-0.04654258
-0.9292412,0.7469726,-0.3272907
-0.9292412,0.6063908,-0.3272907
-0.9292412,0.6063908,-0.2865877
-0.9292412,0.6063908,-0.2622824
-0.9292412,0.6063908,-0.3551565
-0.9292412,0.605755,-0.4553647
-0.9292412,0.6126528,-0.4225773
-0.9292412,0.6377531,-0.3551565
-0.9292412,0.6520571,-0.3892733
-0.9292412,0.7469726,-0.3551565
-0.9292412,0.7807165,-0.3258786
-0.9292412,0.7753931,-0.345322
-0.9292412,0.7469726,-0.3272907
-0.9292412,0.7469726,-0.3375037
-0.9292412,0.7469726,-0.3551565
-0.9292412,0.7740527,-0.3502177
-0.9292412,0.7469726,-0.3551565
-0.9292412,0.7142594,-0.3969031
-0.9292412,0.6520571,-0.3892733
-0.9292412,0.7404439,-0.4209074
-0.9292412,0.7469726,-0.3551565
-0.9292412,0.7504627,-0.4668596
-0.9292412,0.7404439,-0.4209074
-0.9292412,0.7740527,-0.3502177
-0.9292412,0.6132906,-0.1125737
-0.9292412,0.6067991,-0.138253
-0.9292412,0.6073911,0.0415321
-0.9292412,0.69675,0.04074591
-0.9292412,0.69675,0.04074591
-0.9292412,0.6395678,-0.08644731
-0.9292412,0.6132906,-0.1125737
-0.9292412,0.6780906,-0.07681082
-0.9292412,0.7146305,-0.08672567
-0.9292412,0.7151418,-0.04654258
-0.9292412,0.7401772,-0.1131304
-0.9292412,0.792372,0.04154089
-0.9292412,0.7688752,-0.03077638
-0.9292412,0.7308949,-0.01867929
-0.9292412,0.7898891,-0.01264006
-0.9292412,0.6407583,-0.1865295
-0.9292412,0.6286209,-0.1507024
-0.9292412,0.6408764,-0.1173041
-0.9292412,0.6920021,-0.1980529
-0.9292412,0.6921228,-0.105774
-0.9292412,0.7186196,-0.1755068
-0.9292412,0.7243488,-0.1373834
-0.9292412,0.7173626,-0.6155794
-0.9292412,0.6909277,-0.6247354
-0.9292412,0.6909277,-0.5539748
-0.9292412,0.7177214,-0.5661951
-0.9292412,0.7256818,-0.5918599
-0.8248185,0.4105204,2.083859
-0.898438,0.4105204,2.166566
-0.898438,0.4105204,2.071088
-0.8248185,0.4105204,2.218738
-0.549879,0.4105204,2.137921
-0.549879,0.4105204,2.270766
-0.3697727,0.4105204,2.171358
-0.3697727,0.4105204,2.302499
-0.6435704,0.4990673,-2.535633
-0.4292105,0.4990672,-2.580326
-0.4271016,0.4990673,-2.546196
-0.6461037,0.4990672,-2.569739
-0.8601276,0.4990673,-2.519454
-0.8731539,0.4990672,-2.551433
-0.8378974,0.9819651,1.374746
-0.8248185,0.880944,2.084921
-0.4586835,0.880944,2.1556
-0.5585983,0.9819651,1.400992
-0.8918088,0.8206787,2.07222
-0.8918088,0.8206787,2.054981
-0.8201087,0.861312,2.066694
-0.8201087,0.861312,2.085886
-0.8310571,0.9726916,0.5470762
-0.8509761,0.9726916,0.5012828
-0.8378974,0.9819651,1.374746
-0.6372467,0.9726916,0.6689211
-0.5585983,0.9819651,1.400992
-0.9213251,0.4606919,1.724653
-0.9079966,0.597945,2.070445
-0.9213251,0.5898461,1.676071
-0.9032174,0.5152074,2.057994
-0.9213251,0.3868906,1.732899
-0.898438,0.4105204,2.071088
-0.9213251,0.7129696,1.574868
-0.9213251,0.5898461,1.676071
-0.9079966,0.597945,2.070445
-0.9079966,0.831886,2.069955
-0.9213251,0.753661,1.507831
-0.9213251,0.8035699,1.324225
-0.9210755,0.9329071,1.368842
-0.9341542,0.9236336,0.51225
-0.9213251,0.7784412,1.159434
-0.9213251,0.7087952,1.021491
-0.9341542,0.6089409,0.51225
-0.9213251,0.5966703,0.9415404
-0.9443164,0.4706617,0.51225
-0.9416493,0.5632052,0.9214221
-0.9544785,0.5754711,0.51225
-0.9314871,0.4706627,0.8797903
-0.9007449,0.3658522,0.5122501
-0.8879157,0.3658522,0.8380425
-0.9341542,0.9236335,-1.417054
-0.9341542,0.79504,-1.375395
-0.9341542,0.8020784,-1.29887
-0.9341542,0.9236335,-1.109066
-0.9341542,0.7731441,-1.139216
-0.9341542,0.74029,-1.07054
-0.9384335,0.4589406,1.713617
-0.9213251,0.4606919,1.724653
-0.9213251,0.5898461,1.676071
-0.950223,0.5869601,1.664669
-0.950223,0.5869601,1.664669
-0.9213251,0.5898461,1.676071
-0.9213251,0.7129696,1.574868
-0.9594676,0.6734357,1.563927
-0.9594676,0.6734357,1.563927
-0.9213251,0.7129696,1.574868
-0.9213251,0.753661,1.507831
-0.9661011,0.7039644,1.499274
-0.9661011,0.7039644,1.499274
-0.9213251,0.753661,1.507831
-0.9213251,0.8035699,1.324225
-0.9752487,0.7530519,1.319139
-0.9213251,0.7784412,1.159434
-0.9752487,0.7278344,1.164948
-0.9752487,0.7278344,1.164948
-0.9213251,0.7784412,1.159434
-0.9213251,0.7087952,1.021491
-0.9752487,0.6618093,1.033079
-0.9389413,0.4706627,0.8960232
-0.8879157,0.3658522,0.8380425
-0.899591,0.3658522,0.8563871
-0.9314871,0.4706627,0.8797903
-0.9587294,0.5632051,0.9355429
-0.9416493,0.5632052,0.9214221
-0.9382833,0.468111,-0.9209994
-0.9443164,0.4682754,-0.8997361
-0.9544785,0.5706987,-0.9280166
-0.954291,0.5703699,-0.94868
-0.9866685,0.7490627,-1.374477
-0.9341542,0.7927743,-1.415611
-0.9866685,0.7469686,-1.411647
-0.9341542,0.79504,-1.375395
-0.9866685,0.7560207,-1.29938
-0.9341542,0.8020784,-1.29887
-0.9866685,0.7469686,-1.411647
-0.9341542,0.7927743,-1.415611
-0.9341542,0.7344015,-1.541919
-0.9866685,0.691587,-1.531359
-0.9866685,0.691587,-1.531359
-0.9341542,0.7344015,-1.541919
-0.9341542,0.594052,-1.66157
-0.9754577,0.5849972,-1.647959
-0.971925,0.6488702,-0.9877658
-0.9341542,0.6583055,-0.9738953
-0.9341542,0.7066697,-1.024287
-0.9752481,0.6744379,-1.031774
-0.9752481,0.6744379,-1.031774
-0.9341542,0.7066697,-1.024287
-0.9341542,0.74029,-1.07054
-0.9826565,0.7005348,-1.078465
-0.9826565,0.7005348,-1.078465
-0.9341542,0.74029,-1.07054
-0.9341542,0.7731441,-1.139216
-0.9866685,0.7276886,-1.144784
-0.9866685,0.7276886,-1.144784
-0.9341542,0.7731441,-1.139216
-0.9341542,0.8020784,-1.29887
-0.9866685,0.7560207,-1.29938
-0.9634052,0.6160282,-0.9641092
-0.9341542,0.6041684,-0.9372827
-0.9341542,0.6583055,-0.9738953
-0.971925,0.6488702,-0.9877658
-0.9507876,0.4456451,-1.706906
-0.9341542,0.4501725,-1.724437
-0.9341542,0.3658521,-1.756179
-0.9382833,0.3658521,-1.73473
-0.9341542,0.6041684,-0.9372827
-0.9341542,0.5874335,-0.9319831
-0.9341542,0.592206,0.51225
-0.9292412,0.6025241,-0.6095794
-0.9292412,0.6035729,-0.1510155
-0.9292412,0.6052271,-0.6157387
-0.9341542,0.6089409,0.51225
-0.9292412,0.6063908,0.07222468
-0.9292412,0.6074921,0.07222468
-0.9292412,0.6063908,0.04154089
-0.9292412,0.6067991,-0.138253
-0.9292412,0.6073911,0.0415321
-0.9292412,0.6029166,-0.4688569
-0.9292412,0.6052881,-0.5971832
-0.9292412,0.6056767,-0.4791577
-0.9292412,0.605755,-0.4553647
-0.9292412,0.6067135,-0.1642456
-0.9292412,0.6067135,-0.1642456
-0.9292412,0.6063908,-0.2622824
-0.9292412,0.605755,-0.4553647
-0.9292412,0.6064025,-0.2587218
-0.9341542,0.5874335,-0.9319831
-0.9544785,0.5706987,-0.9280166
-0.9544785,0.5754711,0.51225
-0.9341542,0.592206,0.51225
-0.9341542,0.6089409,0.51225
-0.9341542,0.592206,0.51225
-0.9213251,0.5799379,0.9311711
-0.9213251,0.5966703,0.9415404
-0.9341542,0.592206,0.51225
-0.9544785,0.5754711,0.51225
-0.9416493,0.5632052,0.9214221
-0.9213251,0.5799379,0.9311711
-0.9587294,0.5632051,0.9355429
-0.9619114,0.583048,0.9453442
-0.9213251,0.5799379,0.9311711
-0.9416493,0.5632052,0.9214221
-0.9619114,0.583048,0.9453442
-0.964969,0.5966704,0.9560535
-0.9213251,0.5966703,0.9415404
-0.9213251,0.5799379,0.9311711
-0.9544785,0.5706987,-0.9280166
-0.9341542,0.5874335,-0.9319831
-0.9594583,0.5970815,-0.9542785
-0.954291,0.5703699,-0.94868
-0.9341542,0.5874335,-0.9319831
-0.9341542,0.6041684,-0.9372827
-0.9634052,0.6160282,-0.9641092
-0.9594583,0.5970815,-0.9542785
-0.9443164,0.4682754,-0.8997361
-0.9544785,0.5754711,0.51225
-0.9544785,0.5706987,-0.9280166
-0.9443164,0.4706617,0.51225
-0.9007449,0.3658521,-0.8714556
-0.9007449,0.3658522,0.5122501
-0.8248185,0.5979451,2.218582
-0.8334814,0.5744693,2.247875
-0.5498562,0.5746949,2.301538
-0.549879,0.5979451,2.270354
-0.3697727,0.5746949,2.33559
-0.3697727,0.5979451,2.301846
-0.9079966,0.597945,2.070445
-0.9390137,0.5731022,2.063808
-0.9376113,0.5733992,2.176359
-0.9079966,0.597945,2.165303
-0.9032174,0.5152074,2.160372
-0.9355775,0.5136148,2.056813
-0.9032174,0.5152074,2.057994
-0.9339364,0.5139284,2.173925
-0.8248185,0.5152074,2.215329
-0.8334674,0.5149821,2.245948
-0.549879,0.5152074,2.267644
-0.5498562,0.5152074,2.301656
-0.3697727,0.5152074,2.301793
-0.3697727,0.5152074,2.336063
-0.9032174,0.5152074,2.057994
-0.9355775,0.5136148,2.056813
-0.9390137,0.5731022,2.063808
-0.9079966,0.597945,2.070445
-0.898438,0.4105204,2.071088
-0.898438,0.4105204,2.166566
-0.9032174,0.5152074,2.160372
-0.9032174,0.5152074,2.057994
-0.8248185,0.4105204,2.218738
-0.549879,0.5152074,2.267644
-0.8248185,0.5152074,2.215329
-0.549879,0.4105204,2.270766
-0.3697727,0.5152074,2.301793
-0.3697727,0.4105204,2.302499
-0.898438,0.4105204,2.166566
-0.8248185,0.4105204,2.218738
-0.8248185,0.5152074,2.215329
-0.9032174,0.5152074,2.160372
-0.9296135,0.3862111,1.72074
-0.9213251,0.3868906,1.732899
-0.9213251,0.4606919,1.724653
-0.9384335,0.4589406,1.713617
-0.9339364,0.5139284,2.173925
-0.8334674,0.5149821,2.245948
-0.8334814,0.5744693,2.247875
-0.9376113,0.5733992,2.176359
-0.5498562,0.5152074,2.301656
-0.3697727,0.5152074,2.336063
-0.3697727,0.5746949,2.33559
-0.5498562,0.5746949,2.301538
-0.8334674,0.5149821,2.245948
-0.8334814,0.5744693,2.247875
-0.327793,0.4976988,2.330647
-0.3697727,0.4976988,2.323707
-0.3697727,0.3930118,2.32227
-0.327793,0.3930118,2.329098
-0.9355775,0.5136148,2.056813
-0.9339364,0.5139284,2.173925
-0.9376113,0.5733992,2.176359
-0.9390137,0.5731022,2.063808
-0.9079966,0.597945,2.165303
-0.9376113,0.5733992,2.176359
-0.8334814,0.5744693,2.247875
-0.8248185,0.5979451,2.218582
-0.327793,0.3930118,2.329098
-0.3697727,0.3930118,2.32227
-0.3697727,0.3857595,2.170218
-0.327793,0.3857595,2.174263
-0.327793,0.4105204,2.31544
-0.327793,0.3857595,2.174263
-0.327793,0.4105204,2.178134
-0.327793,0.3930118,2.329098
-0.327793,0.5152074,2.31544
-0.327793,0.4976988,2.330647
-0.327793,0.5152074,2.348795
-0.327793,0.4976988,2.362454
-0.327793,0.5746949,2.348778
-0.327793,0.586274,2.363047
-0.327793,0.5979451,2.31544
-0.327793,0.6208929,2.311901
-0.327793,0.5979451,2.178134
-0.327793,0.6208929,2.174553
-0.3697727,0.5979451,2.301846
-0.3697727,0.6208929,2.17037
-0.3697727,0.5979451,2.171359
-0.3697727,0.6208929,2.305036
-0.3697727,0.5746949,2.33559
-0.3697727,0.586274,2.356063
-0.3697727,0.5152074,2.336063
-0.3697727,0.4976988,2.355837
-0.3697727,0.5152074,2.301793
-0.3697727,0.4976988,2.323707
-0.3697727,0.4105204,2.302499
-0.3697727,0.3930118,2.32227
-0.3697727,0.4105204,2.171358
-0.3697727,0.3857595,2.170218
-0.327793,0.6208929,2.174553
-0.3697727,0.6208929,2.17037
-0.3697727,0.6208929,2.305036
-0.327793,0.6208929,2.311901
-0.3697727,0.4976988,2.323707
-0.327793,0.4976988,2.330647
-0.327793,0.4976988,2.362454
-0.3697727,0.4976988,2.355837
-0.327793,0.586274,2.363047
-0.3697727,0.586274,2.356063
-0.3697727,0.4976988,2.355837
-0.327793,0.4976988,2.362454
-0.3697727,0.586274,2.356063
-0.327793,0.586274,2.363047
-0.327793,0.6208929,2.311901
-0.3697727,0.6208929,2.305036
-0.3697727,0.5979451,2.171359
-0.3697727,0.6208929,2.17037
-0.327793,0.6208929,2.174553
-0.327793,0.5979451,2.178134
-0.327793,0.4105204,2.178134
-0.327793,0.3857595,2.174263
-0.3697727,0.3857595,2.170218
-0.3697727,0.4105204,2.171358
-0.8918088,0.6171633,2.0732
-0.9079966,0.597945,2.070445
-0.8248185,0.5979451,2.084873
-0.8248185,0.6171633,2.08497
-0.4586835,0.5979451,2.155557
-0.4748711,0.6171633,2.153675
-0.4436235,0.6190639,2.158371
-0.3697727,0.5979451,2.171359
-0.3697727,0.6190639,2.171371
-0.8918088,0.6171633,2.054153
-0.8201087,0.861312,2.066694
-0.8918088,0.8206787,2.054981
-0.8248185,0.6171633,2.065781
-0.4748711,0.861312,2.131142
-0.4748711,0.6171633,2.131087
-0.4748711,0.6171633,2.153675
-0.4748711,0.6171633,2.131087
-0.8248185,0.6171633,2.065781
-0.8248185,0.6171633,2.08497
-0.8918088,0.6171633,2.054153
-0.8918088,0.6171633,2.0732
-0.8918088,0.6171633,2.0732
-0.8918088,0.6171633,2.054153
-0.8918088,0.8206787,2.054981
-0.8918088,0.8206787,2.07222
-0.8201087,0.861312,2.085886
-0.8201087,0.861312,2.066694
-0.4748711,0.861312,2.131142
-0.4748711,0.861312,2.153731
-0.3697727,0.6190639,2.171371
-0.3697727,0.5979451,2.171359
-0.327793,0.5979451,2.178134
-0.327793,0.6190639,2.178141
-0.4282182,0.8455322,2.152376
-0.4436235,0.8598251,2.15889
-0.4436235,0.6190639,2.158371
-0.4282182,0.6333568,2.151651
-0.9234218,0.4906132,-2.477313
-0.9551713,0.4906132,-2.494664
-0.8731539,0.4990672,-2.551433
-0.8601276,0.4990673,-2.519454
-0.4271016,0.4109385,-2.546196
-0.6435704,0.4990673,-2.535633
-0.4271016,0.4990673,-2.546196
-0.6435704,0.4109385,-2.535633
-0.8601276,0.4990673,-2.519454
-0.8601276,0.4109385,-2.519454
-0.8601276,0.4109385,-2.519454
-0.9234218,0.4109385,-2.477313
-0.9234218,0.4906132,-2.477313
-0.8601276,0.4990673,-2.519454
-0.9754577,0.5849972,-1.647959
-0.9341542,0.594052,-1.66157
-0.9341542,0.4501725,-1.724437
-0.9507876,0.4456451,-1.706906
-0.4292105,0.4990672,-2.580326
-0.6461037,0.604341,-2.569739
-0.4292108,0.604341,-2.580326
-0.6461037,0.4990672,-2.569739
-0.8722061,0.604341,-2.551749
-0.8731539,0.4990672,-2.551433
-0.9341542,0.4109385,-2.410877
-0.9341542,0.4045065,-2.317478
-0.9419428,0.48586,-2.316226
-0.9341542,0.4906132,-2.410877
-0.8731539,0.4990672,-2.551433
-0.9551713,0.4906132,-2.494664
-0.9544209,0.603142,-2.495787
-0.8722061,0.604341,-2.551749
-0.9705949,0.603142,-2.415944
-0.9544209,0.603142,-2.495787
-0.9551713,0.4906132,-2.494664
-0.9705949,0.4906132,-2.415944
-0.9341542,0.6217379,-2.410877
-0.9472039,0.6217379,-2.317034
-0.9419428,0.48586,-2.316226
-0.9341542,0.4906132,-2.410877
-0.9341542,0.4906132,-2.410877
-0.9705949,0.4906132,-2.415944
-0.9551713,0.4906132,-2.494664
-0.9234218,0.4906132,-2.477313
-0.9234218,0.6217379,-2.477313
-0.9544209,0.603142,-2.495787
-0.9705949,0.603142,-2.415944
-0.9341542,0.6217379,-2.410877
-0.9705949,0.603142,-2.415944
-0.9472039,0.6217379,-2.317034
-0.9777313,0.6061596,-2.321279
-0.8601276,0.6217379,-2.519454
-0.8722061,0.604341,-2.551749
-0.9544209,0.603142,-2.495787
-0.9234218,0.6217379,-2.477313
-0.3990894,0.6217379,-2.547697
-0.3899375,0.6417693,-2.45525
-0.3899375,0.6217379,-2.45525
-0.3990894,0.6417693,-2.547697
-0.4011984,0.604341,-2.581828
-0.4021747,0.6193058,-2.597501
-0.4011985,0.4990672,-2.581828
-0.4021748,0.4833728,-2.597502
-0.3990899,0.4990673,-2.547697
-0.4000657,0.4833682,-2.565863
-0.39909,0.4109385,-2.547697
-0.4004702,0.4109385,-2.565863
-0.4271016,0.4990673,-2.546196
-0.4284818,0.4109385,-2.565863
-0.4271016,0.4109385,-2.546196
-0.4280777,0.4833727,-2.565863
-0.4292105,0.4990672,-2.580326
-0.4301865,0.4833682,-2.595995
-0.4292108,0.604341,-2.580326
-0.4301868,0.6193051,-2.595994
-0.4271027,0.6217379,-2.546196
-0.4271027,0.6417693,-2.546196
-0.4179513,0.6217379,-2.453748
-0.4179513,0.6417693,-2.453748
-0.3990894,0.6417693,-2.547697
-0.4271027,0.6417693,-2.546196
-0.4179513,0.6417693,-2.453748
-0.3899375,0.6417693,-2.45525
-0.4280777,0.4833727,-2.565863
-0.4000657,0.4833682,-2.565863
-0.4004702,0.4109385,-2.565863
-0.4284818,0.4109385,-2.565863
-0.4301865,0.4833682,-2.595995
-0.4021748,0.4833728,-2.597502
-0.4000657,0.4833682,-2.565863
-0.4280777,0.4833727,-2.565863
-0.4301868,0.6193051,-2.595994
-0.4021747,0.6193058,-2.597501
-0.4021748,0.4833728,-2.597502
-0.4301865,0.4833682,-2.595995
-0.4271027,0.6417693,-2.546196
-0.3990894,0.6417693,-2.547697
-0.4021747,0.6193058,-2.597501
-0.4301868,0.6193051,-2.595994
-0.3899375,0.6217379,-2.45525
-0.3899375,0.6417693,-2.45525
-0.4179513,0.6417693,-2.453748
-0.4179513,0.6217379,-2.453748
-0.6405236,1.439511,-0.9733709
-0.6543395,1.417903,-1.066265
-0.6880795,1.383539,-1.006935
-0.6843755,1.40359,-0.9185942
-0.3621251,0.7142156,-2.44921
-0.3827944,0.6944579,-2.457129
-0.3827944,0.8330789,-2.456607
-0.3621251,0.813321,-2.448962
-0.850976,0.9828836,-1.102636
-0.9341542,0.9236335,-1.109066
-0.9341542,0.9236336,0.51225
-0.850976,0.9816374,-0.9065223
-0.850976,0.9814265,-0.8733473
-0.8509761,0.9777495,-0.2946887
-0.8509761,0.9775366,-0.261175
-0.8509761,0.9726916,0.5012828
-0.6353521,1.465192,-0.4704427
-0.6741412,1.435652,-0.4730519
-0.6736315,1.434256,-0.3775392
-0.6322508,1.457249,-0.07992592
-0.6734524,1.433765,-0.3439889
-0.6721371,1.430161,-0.09748372
-0.6734524,1.433765,-0.3439889
-0.6736315,1.434256,-0.3775392
-0.8509761,0.9777495,-0.2946887
-0.8509761,0.9775366,-0.261175
-0.6794228,1.419487,-0.8114073
-0.6805236,1.415954,-0.8452023
-0.850976,0.9816374,-0.9065223
-0.850976,0.9814265,-0.8733473
-0.8417484,1.002537,-0.8501172
-0.8416892,0.9991423,-0.3197657
-0.6808216,1.4184,-0.3949354
-0.6860073,1.404967,-0.7939252
-0.6851823,1.408104,-0.7644614
-0.6813539,1.41965,-0.4778058
-0.69196,1.387339,-0.9182824
-0.6880795,1.383539,-1.006935
-0.6948503,1.369686,-0.9953833
-0.6843755,1.40359,-0.9185942
-0.6887375,1.397694,-0.8623837
-0.69196,1.387339,-0.9182824
-0.6805236,1.415954,-0.8452023
-0.8419685,1.00101,-0.917566
-0.850976,0.9816374,-0.9065223
-0.6948503,1.369686,-0.9953833
-0.6880795,1.383539,-1.006935
-0.850976,0.9828836,-1.102636
-0.8423941,1.002259,-1.084473
-0.850976,0.9816374,-0.9065223
-0.8419685,1.00101,-0.917566
-0.6851823,1.408104,-0.7644614
-0.6794228,1.419487,-0.8114073
-0.6860073,1.404967,-0.7939252
-0.6781362,1.423617,-0.7719084
-0.6813539,1.41965,-0.4778058
-0.6741412,1.435652,-0.4730519
-0.6808216,1.4184,-0.3949354
-0.6736315,1.434256,-0.3775392
-0.8416892,0.9991423,-0.3197657
-0.8509761,0.9777495,-0.2946887
-0.8417484,1.002537,-0.8501172
-0.850976,0.9814265,-0.8733473
-0.6860073,1.404967,-0.7939252
-0.4330022,1.430903,0.1583721
-0.4341068,1.446364,0.1399317
-0.6464476,1.426847,0.09536311
-0.6285264,1.413557,0.1177922
-0.8310571,0.9726916,0.5470762
-0.8000507,0.9879057,0.5403086
-0.8000507,0.9879057,0.5403086
-0.8310571,0.9726916,0.5470762
-0.6372467,0.9726916,0.6689211
-0.6238562,0.9885476,0.6516682
-1.907349E-06,1.44719,0.1843667
-1.907349E-06,1.463368,0.1669804
-0.2122685,1.454866,0.1565143
-0.2191328,1.439061,0.1743311
-0.4341068,1.446364,0.1399317
-0.4330022,1.430903,0.1583721
-0.2826325,0.9882977,0.7052196
-0.2798122,0.9726916,0.7252116
-1.907349E-06,0.9726916,0.7424747
-1.907349E-06,0.9883243,0.7217292
-0.6238562,0.9885476,0.6516682
-0.6372467,0.9726916,0.6689211
-0.2798122,0.9726916,0.7252116
-0.2826325,0.9882977,0.7052196
-0.6344783,1.404431,-1.082492
-0.6543395,1.417903,-1.066265
-0.4277032,1.438963,-1.077298
-0.4249099,1.424068,-1.092826
-0.2194243,1.431582,-1.097978
-1.907349E-06,1.455042,-1.088402
-1.907349E-06,1.439158,-1.103179
-0.2138516,1.447003,-1.08285
-0.4249099,1.424068,-1.092826
-0.4277032,1.438963,-1.077298
-0.971925,0.6488702,-0.9877658
-0.5963307,0.6488702,-0.9877658
-0.5963307,0.6032642,-0.954915
-0.9634052,0.6160282,-0.9641092
-0.9754577,0.5849972,-1.647959
-0.5963307,0.5849972,-1.647959
-0.5963307,0.7212671,-1.531359
-0.9866685,0.691587,-1.531359
-0.9507876,0.4456451,-1.706906
-0.5963307,0.5849972,-1.647959
-0.9754577,0.5849972,-1.647959
-0.5963307,0.4456451,-1.706906
-0.9382833,0.3658521,-1.73473
-0.5963307,0.3658521,-1.73473
-0.9752481,0.6744379,-1.031774
-0.5963307,0.693626,-1.034211
-0.5963307,0.6488702,-0.9877658
-0.971925,0.6488702,-0.9877658
-0.9594583,0.5970815,-0.9542785
-0.5963307,0.5865294,-0.9493529
-0.5963307,0.5703699,-0.9447904
-0.954291,0.5703699,-0.94868
-0.5963307,0.468111,-0.9171949
-0.9382833,0.468111,-0.9209994
-0.5963307,0.3658521,-0.8895995
-0.9048739,0.3658521,-0.893404
-0.9826565,0.7005348,-1.078465
-0.5963307,0.7264614,-1.079213
-0.5963307,0.693626,-1.034211
-0.9752481,0.6744379,-1.031774
-0.9866685,0.7276886,-1.144784
-0.5963307,0.7573687,-1.144784
-0.5963307,0.7264614,-1.079213
-0.9826565,0.7005348,-1.078465
-0.9634052,0.6160282,-0.9641092
-0.5963307,0.6032642,-0.954915
-0.5963307,0.5865294,-0.9493529
-0.9594583,0.5970815,-0.9542785
-0.9866685,0.7560207,-1.29938
-0.5963307,0.7857007,-1.29938
-0.5963307,0.7573687,-1.144784
-0.9866685,0.7276886,-1.144784
-0.9866685,0.7490627,-1.374477
-0.5963307,0.7857007,-1.29938
-0.9866685,0.7560207,-1.29938
-0.5963307,0.7787428,-1.374477
-0.9866685,0.7469686,-1.411647
-0.5963307,0.7766487,-1.411647
-0.9866685,0.691587,-1.531359
-0.5963307,0.7212671,-1.531359
-0.5963307,0.7766487,-1.411647
-0.9866685,0.7469686,-1.411647
-0.5963307,0.4456451,-1.706906
-0.5963307,0.3658521,-1.73473
-0.5963307,0.3658521,-0.8895995
-0.5963307,0.468111,-0.9171949
-0.5963307,0.5849972,-1.647959
-0.5963307,0.5703699,-0.9447904
-0.5963307,0.5865294,-0.9493529
-0.5963307,0.7212671,-1.531359
-0.5963307,0.6032642,-0.954915
-0.5963307,0.6488702,-0.9877658
-0.5963307,0.693626,-1.034211
-0.5963307,0.7264614,-1.079213
-0.5963307,0.7766487,-1.411647
-0.5963307,0.7573687,-1.144784
-0.5963307,0.7787428,-1.374477
-0.5963307,0.7857007,-1.29938
-0.9661011,0.7039644,1.499274
-0.5963307,0.7388551,1.507061
-0.5963307,0.7014511,1.575626
-0.9594676,0.6734357,1.563927
-0.9752487,0.6618093,1.033079
-0.5963307,0.6967001,1.033079
-0.5963307,0.7627252,1.164949
-0.9752487,0.7278344,1.164948
-0.9752487,0.7530519,1.319139
-0.5963307,0.7388551,1.507061
-0.9661011,0.7039644,1.499274
-0.5963307,0.7879427,1.320109
-0.9752487,0.7278344,1.164948
-0.5963307,0.7627252,1.164949
-0.9594676,0.6734357,1.563927
-0.5963307,0.7014511,1.575626
-0.5963307,0.5861754,1.687831
-0.950223,0.5869601,1.664669
-0.964969,0.5966704,0.9560535
-0.5963307,0.5966704,0.9560535
-0.5963307,0.6967001,1.033079
-0.9752487,0.6618093,1.033079
-0.9619114,0.583048,0.9453442
-0.5963307,0.583048,0.9453442
-0.5963307,0.5966704,0.9560535
-0.964969,0.5966704,0.9560535
-0.950223,0.5869601,1.664669
-0.5963307,0.5861754,1.687831
-0.5963307,0.4582109,1.751471
-0.9384335,0.4589406,1.713617
-0.9384335,0.4589406,1.713617
-0.5963307,0.3855992,1.763483
-0.9296135,0.3862111,1.72074
-0.9389413,0.4706627,0.8960232
-0.5963307,0.5632051,0.9355429
-0.9587294,0.5632051,0.9355429
-0.5963307,0.4706627,0.8960232
-0.899591,0.3658522,0.8563871
-0.5963307,0.3658522,0.8563871
-0.9587294,0.5632051,0.9355429
-0.5963307,0.5632051,0.9355429
-0.5963307,0.583048,0.9453442
-0.9619114,0.583048,0.9453442
-0.5963307,0.4706627,0.8960232
-0.5963307,0.3658522,0.8563871
-0.5963307,0.3855992,1.763483
-0.5963307,0.4582109,1.751471
-0.5963307,0.5861754,1.687831
-0.5963307,0.5632051,0.9355429
-0.5963307,0.583048,0.9453442
-0.5963307,0.5966704,0.9560535
-0.5963307,0.7014511,1.575626
-0.5963307,0.6967001,1.033079
-0.5963307,0.7627252,1.164949
-0.5963307,0.7388551,1.507061
-0.5963307,0.7879427,1.320109
-0.5963307,0.3658522,0.8563871
-0.5963307,0.3658522,0.8381146
-0.5963307,0.3868933,1.785798
-0.5963307,0.3855992,1.763483
-0.8509761,0.3811903,-1.760143
-0.7072853,0.3817953,-1.760298
-0.5963307,0.3813491,-1.760182
-0.5963307,0.3658521,-1.73473
-0.9341542,0.3658521,-1.756179
-0.9382833,0.3658521,-1.73473
-1.907349E-06,0.9964596,0.7576276
-1.907349E-06,0.9726916,0.7424747
-0.2798122,0.9726916,0.7252116
-0.2700252,0.9964514,0.7399002
-0.2700252,0.9964514,0.7399002
-0.2798122,0.9726916,0.7252116
-0.6372467,0.9726916,0.6689211
-0.5936034,0.9964656,0.6867427
-0.5936034,0.9964656,0.6867427
-0.6372467,0.9726916,0.6689211
-0.5585983,0.9819651,1.400992
-0.5203357,1.005639,1.403167
-0.5203357,1.005639,1.403167
-0.5585983,0.9819651,1.400992
-0.4586835,0.880944,2.1556
-0.4263858,0.906684,2.146906
-0.9048739,0.3658521,-0.893404
-0.9007449,0.3658521,-0.8714556
-0.9443164,0.4682754,-0.8997361
-0.9382833,0.468111,-0.9209994
-0.8510172,0.9731762,-2.417712
-0.8509761,0.9629732,-2.427006
-0.9341542,0.9138756,-2.410877
-0.9341542,0.9236334,-2.401533
-0.9341542,0.9236334,-2.401533
-0.9341542,0.9236335,-1.417054
-0.855345,1.024158,-1.440317
-0.8510172,0.9731762,-2.417712
-0.9472039,0.6217379,-2.317034
-0.9777313,0.6061596,-2.321279
-0.9756138,0.4896978,-2.320969
-0.9419428,0.48586,-2.316226
-0.9705949,0.4906132,-2.415944
-0.9756138,0.4896978,-2.320969
-0.9777313,0.6061596,-2.321279
-0.9705949,0.603142,-2.415944
-0.9341542,0.4906132,-2.410877
-0.9419428,0.48586,-2.316226
-0.9756138,0.4896978,-2.320969
-0.9705949,0.4906132,-2.415944
0.9341507,0.7407454,0.01480618
0.9341507,0.7497905,0.04910797
0.9341507,0.7331644,0.09382811
0.9341507,0.7256818,0.04973421
0.9341507,0.7158366,-0.00822401
0.9341507,0.7173626,0.07345372
0.9341507,0.7177214,0.02406943
0.9341507,0.6724548,0.1101625
0.9341507,0.6784037,-0.01664296
0.9341507,0.6909277,0.01184911
0.9341507,0.6909277,0.08260968
0.9341507,0.6724548,0.01122296
0.9341507,0.6417479,-0.008687913
0.9341507,0.6398217,0.02594012
0.9341507,0.6143458,0.01443508
0.9341507,0.6300145,0.07132581
0.9341507,0.6201672,0.1076576
0.9341507,0.6470938,0.1076576
0.9341507,0.6025241,0.06745377
0.9341507,0.6075138,0.07882407
0.9341507,0.7404439,-0.1212183
0.9341507,0.7504627,-0.07526608
0.9341507,0.7400844,-0.04356954
0.9341507,0.7142594,-0.1452226
0.9341507,0.7245656,-0.07321261
0.9341507,0.7103399,-0.04356954
0.9341507,0.712363,-0.1138501
0.9341507,0.6520571,-0.1528524
0.9341507,0.6610321,-0.1247428
0.9341507,0.6354975,-0.1028382
0.9341507,0.6126528,-0.1195484
0.9341507,0.6294566,-0.07014884
0.9341507,0.6117135,-0.04043853
0.9341507,0.6029166,-0.07326882
0.9341507,0.6392663,-0.04043853
0.9341507,0.6063908,-0.214835
0.9341507,0.7469726,-0.1869692
0.9341507,0.6063908,-0.1869692
0.9341507,0.7469726,-0.214835
0.9341507,0.7469726,-0.1988977
0.9341507,0.7807165,-0.2162471
0.9341507,0.8050556,-0.2095833
0.9341507,0.7983918,-0.1852441
0.9341507,0.7740527,-0.191908
0.9341507,0.7760347,-0.199147
0.9341507,0.6063908,-0.2834039
0.9341507,0.8199248,-0.2834039
0.9341507,0.8199248,-0.255538
0.9341507,0.6063908,-0.255538
0.9341507,0.6063908,-0.2622824
0.9341507,0.7401772,-0.4289953
0.9341507,0.7497905,-0.3911102
0.9341507,0.7404554,-0.351764
0.9341507,0.7151871,-0.3249418
0.9341507,0.7243488,-0.4047424
0.9341507,0.7146305,-0.4554
0.9341507,0.7186196,-0.3666189
0.9341507,0.6921228,-0.4363517
0.9341507,0.6780906,-0.4653149
0.9341507,0.6395678,-0.4556784
0.9341507,0.6408764,-0.4248216
0.9341507,0.6920021,-0.3440728
0.9341507,0.6780906,-0.315027
0.9341507,0.6390111,-0.3247331
0.9341507,0.6407583,-0.3555962
0.9341507,0.6132906,-0.429552
0.9341507,0.6130123,-0.3513466
0.9341507,0.6286209,-0.3914233
0.9341507,0.6035729,-0.3911102
0.9341507,0.6059358,-0.4004576
0.9341507,0.6063908,-0.6143504
0.9341507,0.69675,-0.5828716
0.9341507,0.6063908,-0.5836666
0.9341507,0.726308,-0.5836666
0.9341507,0.792372,-0.5836666
0.9341507,0.8199248,-0.6143504
0.9341507,0.8157817,-0.5159895
0.9341507,0.7898891,-0.5294856
0.9341507,0.7308949,-0.5234464
0.9341507,0.7768645,-0.4800305
0.9341507,0.7688752,-0.5113493
0.9341507,0.7151418,-0.4955831
0.9341507,0.7585068,-0.4846562
-0.9292412,0.7407454,-0.5569319
-0.9292412,0.7497905,-0.5912337
-0.9292412,0.7331644,-0.6359538
-0.9292412,0.7256818,-0.5918599
-0.9292412,0.7158366,-0.5339017
-0.9292412,0.7173626,-0.6155794
-0.9292412,0.7177214,-0.5661951
-0.9292412,0.6724548,-0.6522882
-0.9292412,0.6784037,-0.5254828
-0.9292412,0.6909277,-0.5539748
-0.9292412,0.6909277,-0.6247354
-0.9292412,0.6724548,-0.5533487
-0.9292412,0.6417479,-0.5334378
-0.9292412,0.6398217,-0.5680658
-0.9292412,0.6143458,-0.5565608
-0.9292412,0.6300145,-0.6134515
-0.9292412,0.6201672,-0.6497834
-0.9292412,0.6025241,-0.6095794
-0.9292412,0.6470938,-0.6497834
-0.9292412,0.7404439,-0.4209074
-0.9292412,0.7504627,-0.4668596
-0.9292412,0.7400844,-0.4985562
-0.9292412,0.7142594,-0.3969031
-0.9292412,0.7245656,-0.4689131
-0.9292412,0.7103399,-0.4985562
-0.9292412,0.712363,-0.4282756
-0.9292412,0.6520571,-0.3892733
-0.9292412,0.6610321,-0.4173829
-0.9292412,0.6354975,-0.4392875
-0.9292412,0.6126528,-0.4225773
-0.9292412,0.6294566,-0.4719769
-0.9292412,0.6117135,-0.5016872
-0.9292412,0.6392663,-0.5016872
-0.9292412,0.6029166,-0.4688569
-0.9292412,0.6056767,-0.4791577
-0.9292412,0.6063908,-0.3272907
-0.9292412,0.7469726,-0.3272907
-0.9292412,0.7469726,-0.3551565
-0.9292412,0.6063908,-0.3551565
-0.9292412,0.7807165,-0.3258786
-0.9292412,0.8050556,-0.3325424
-0.9292412,0.7983918,-0.3568816
-0.9292412,0.7740527,-0.3502177
-0.9292412,0.7753931,-0.345322
-0.9292412,0.6064025,-0.2587218
-0.9292412,0.8199248,-0.2587218
-0.9292412,0.8199248,-0.2865877
-0.9292412,0.6063908,-0.2865877
-0.9292412,0.6063908,-0.2622824
-0.9292412,0.7401772,-0.1131304
-0.9292412,0.7497905,-0.1510155
-0.9292412,0.7404554,-0.1903617
-0.9292412,0.7151871,-0.2171839
-0.9292412,0.7243488,-0.1373834
-0.9292412,0.7146305,-0.08672567
-0.9292412,0.7186196,-0.1755068
-0.9292412,0.6921228,-0.105774
-0.9292412,0.6780906,-0.07681082
-0.9292412,0.6395678,-0.08644731
-0.9292412,0.6408764,-0.1173041
-0.9292412,0.6920021,-0.1980529
-0.9292412,0.6780906,-0.2270987
-0.9292412,0.6390111,-0.2173926
-0.9292412,0.6407583,-0.1865295
-0.9292412,0.6132906,-0.1125737
-0.9292412,0.6130123,-0.1907791
-0.9292412,0.6286209,-0.1507024
-0.9292412,0.6035729,-0.1510155
-0.9292412,0.6067991,-0.138253
-0.9292412,0.6067135,-0.1642456
-0.9292412,0.6063908,0.07222468
-0.9292412,0.69675,0.04074591
-0.9292412,0.6063908,0.04154089
-0.9292412,0.726308,0.04154089
-0.9292412,0.792372,0.04154089
-0.9292412,0.8199248,0.07222468
-0.9292412,0.8157817,-0.02613622
-0.9292412,0.7898891,-0.01264006
-0.9292412,0.7308949,-0.01867929
-0.9292412,0.7151418,-0.04654258
-0.9292412,0.7768645,-0.06209522
-0.9292412,0.7688752,-0.03077638
0.3277993,0.6444823,2.168259
-1.907349E-06,0.6444829,2.196589
-1.907349E-06,0.6333568,2.196589
-0.3278031,0.6444823,2.168259
0.3277892,0.6333568,2.168178
-0.327793,0.6333568,2.168178
0.3697761,0.6444826,2.161448
-0.3697799,0.6444826,2.161448
0.3697689,0.6333568,2.161403
-0.3697727,0.6333568,2.161403
0.4172192,0.6444827,2.153389
-0.417223,0.6444827,2.153389
0.4282144,0.6333568,2.151651
-0.4282182,0.6333568,2.151651
0.4172282,0.8344064,2.154095
-0.417232,0.8344064,2.154095
0.4282144,0.8455322,2.152376
-0.4282182,0.8455322,2.152376
0.274932,0.8344064,2.175884
-0.2749358,0.8344064,2.175884
0.2749357,0.8455322,2.175929
-0.2749395,0.8455322,2.175929
-1.907349E-06,0.8344061,2.196589
-1.907349E-06,0.8455322,2.196589
-0.6811197,1.41643,-0.3181324
-0.8509761,0.9775366,-0.261175
-0.8419081,0.9974635,-0.243025
-0.6734524,1.433765,-0.3439889
-0.8509761,0.9726916,0.5012828
-0.6799108,1.41316,-0.09501397
-0.8421356,0.9931283,0.4547914
-0.6721371,1.430161,-0.09748372
-0.6750742,1.408619,0.07876274
-0.6825855,1.39284,0.06863898
0.6811159,1.41643,-0.3181324
0.8509723,0.9775366,-0.261175
0.6734486,1.433765,-0.3439889
0.8419043,0.9974635,-0.243025
0.679907,1.41316,-0.09501397
0.8509723,0.9726916,0.5012828
0.6721333,1.430161,-0.09748372
0.8421318,0.9931283,0.4547914
0.6825817,1.39284,0.06863898
0.6750704,1.408619,0.07876274
-0.6221307,0.368641,-2.586162
-0.6369896,0.339108,-2.579345
-0.6474279,0.3397361,-2.579556
-0.6290452,0.3762728,-2.58799
-0.6339121,0.3012797,-2.570478
-0.5901921,0.3793226,-2.588463
-0.6260647,0.3080233,-2.572007
-0.5895324,0.3894875,-2.590837
-0.5964153,0.2834311,-2.566072
-0.5598836,0.3648955,-2.584902
-0.5957556,0.2935963,-2.568446
-0.5520362,0.371639,-2.586431
-0.5569032,0.2966458,-2.568919
-0.5489587,0.333811,-2.577563
-0.5638176,0.3042778,-2.570747
-0.5385203,0.3331829,-2.577352
-0.4719419,0.8402872,-2.47196
-0.4606504,0.7309778,-2.472664
-0.4719419,0.7422912,-2.47196
-0.4606504,0.8516006,-2.472664
-0.6505364,0.7309778,-2.460823
-0.6392449,0.8402872,-2.461527
-0.6392449,0.7422912,-2.461527
-0.6505364,0.8516006,-2.460823
-1.057655,0.954504,0.4592182
-1.066625,1.025268,0.4592182
-1.057656,1.016888,0.4592182
-1.066624,0.9462472,0.4592182
-0.8999935,1.036603,0.4592182
-0.91097,0.9423445,0.4592182
-0.9091694,1.026989,0.4592182
-0.9022054,0.9326177,0.4592182
-0.9007138,0.9965994,0.4795346
-0.8999935,1.036603,0.4592182
-0.8999935,1.036603,0.521806
-0.9007138,0.9965994,0.5014896
-0.9014906,0.9665937,0.4795346
-0.9022054,0.9326177,0.521806
-0.9022054,0.9326177,0.4592182
-0.9014906,0.9665937,0.5014896
0.4719381,0.8402872,-2.47196
0.4719381,0.7422912,-2.47196
0.4606466,0.7309778,-2.472664
0.4606466,0.8516006,-2.472664
0.6505326,0.7309778,-2.460823
0.6392411,0.8402872,-2.461527
0.6392411,0.7422912,-2.461527
0.6505326,0.8516006,-2.460823
1.057651,0.954504,0.4592182
1.066621,1.025268,0.4592182
1.066621,0.9462472,0.4592182
1.057652,1.016888,0.4592182
0.9109662,0.9423445,0.4592182
0.8999897,1.036603,0.4592182
0.9022016,0.9326177,0.4592182
0.9091656,1.026989,0.4592182
0.90071,0.9965994,0.4795346
0.8999897,1.036603,0.521806
0.8999897,1.036603,0.4592182
0.90071,0.9965994,0.5014896
0.9014868,0.9665937,0.4795346
0.9022016,0.9326177,0.521806
0.9022016,0.9326177,0.4592182
0.9014868,0.9665937,0.5014896
0.5124879,0.7514641,2.134055
0.8486331,0.7514641,2.076169
0.8448018,0.754721,2.081594
0.517913,0.754721,2.137887
0.517913,0.754721,2.137887
0.517913,0.8106026,2.137887
0.5124879,0.8138595,2.134055
0.5124879,0.7514641,2.134055
0.517913,0.8106026,2.137887
0.8448018,0.8106026,2.081594
0.8486331,0.8138595,2.076169
0.5124879,0.8138595,2.134055
0.8448018,0.754721,2.081594
0.8448018,0.8106026,2.081594
0.517913,0.8106026,2.137887
0.517913,0.754721,2.137887
0.8448018,0.8106026,2.081594
0.8448018,0.754721,2.081594
0.8486331,0.7514641,2.076169
0.8486331,0.8138595,2.076169
0.8448018,0.654066,2.081594
0.8448018,0.7099475,2.081594
0.517913,0.7099475,2.137887
0.517913,0.654066,2.137887
0.9296405,0.7087368,1.770346
0.9296405,0.737838,1.770346
0.9296405,0.7378381,1.919624
0.9296405,0.7087368,1.919624
0.9296405,0.737838,1.770346
0.9296405,0.7087368,1.770346
0.9242372,0.7037237,1.763327
0.9242372,0.7428512,1.763327
0.9242372,0.7037237,1.926643
0.9242372,0.7037237,1.763327
0.9296405,0.7087368,1.770346
0.9296405,0.7087368,1.919624
0.9242372,0.7428512,1.763327
0.9242372,0.7428512,1.926643
0.9296405,0.7378381,1.919624
0.9296405,0.737838,1.770346
0.9242372,0.7428512,1.926643
0.9242372,0.7037237,1.926643
0.9296405,0.7087368,1.919624
0.9296405,0.7378381,1.919624
0.9519818,0.7087365,-2.318253
0.9519818,0.7378377,-2.318253
0.9519818,0.7378378,-2.168974
0.9519818,0.7087365,-2.168974
0.9519818,0.7378377,-2.318253
0.9519818,0.7087365,-2.318253
0.9465785,0.7037234,-2.325271
0.9465785,0.7428509,-2.325271
0.9465785,0.7037234,-2.161956
0.9465785,0.7037234,-2.325271
0.9519818,0.7087365,-2.318253
0.9519818,0.7087365,-2.168974
0.9465785,0.7428509,-2.325271
0.9465785,0.7428509,-2.161956
0.9519818,0.7378378,-2.168974
0.9519818,0.7378377,-2.318253
0.9465785,0.7428509,-2.161956
0.9465785,0.7037234,-2.161956
0.9519818,0.7087365,-2.168974
0.9519818,0.7378378,-2.168974
0.517913,0.7099475,2.137887
0.8448018,0.7099475,2.081594
0.8486331,0.7132044,2.076169
0.5124879,0.7132044,2.134055
0.517913,0.654066,2.137887
0.517913,0.7099475,2.137887
0.5124879,0.7132044,2.134055
0.5124879,0.650809,2.134055
0.8448018,0.7099475,2.081594
0.8448018,0.654066,2.081594
0.8486331,0.650809,2.076169
0.8486331,0.7132044,2.076169
0.5124879,0.650809,2.134055
0.8486331,0.650809,2.076169
0.8448018,0.654066,2.081594
0.517913,0.654066,2.137887
0.6959235,0.8402872,-2.459565
0.8632265,0.8402872,-2.449133
0.8632265,0.7422912,-2.449133
0.6959235,0.7422912,-2.459565
0.4719381,0.8402872,-2.47196
0.6392411,0.8402872,-2.461527
0.6392411,0.7422912,-2.461527
0.4719381,0.7422912,-2.47196
-0.5124917,0.7514641,2.134055
-0.5179168,0.754721,2.137887
-0.8448056,0.754721,2.081594
-0.8486369,0.7514641,2.076169
-0.5179168,0.754721,2.137887
-0.5124917,0.7514641,2.134055
-0.5124917,0.8138595,2.134055
-0.5179168,0.8106026,2.137887
-0.5179168,0.8106026,2.137887
-0.5124917,0.8138595,2.134055
-0.8486369,0.8138595,2.076169
-0.8448056,0.8106026,2.081594
-0.8448056,0.754721,2.081594
-0.5179168,0.754721,2.137887
-0.5179168,0.8106026,2.137887
-0.8448056,0.8106026,2.081594
-0.8448056,0.8106026,2.081594
-0.8486369,0.8138595,2.076169
-0.8486369,0.7514641,2.076169
-0.8448056,0.754721,2.081594
-0.8448056,0.654066,2.081594
-0.5179168,0.654066,2.137887
-0.5179168,0.7099475,2.137887
-0.8448056,0.7099475,2.081594
-0.9296443,0.7087368,1.770346
-0.9296443,0.7087368,1.919624
-0.9296443,0.7378381,1.919624
-0.9296443,0.737838,1.770346
-0.9296443,0.737838,1.770346
-0.924241,0.7428512,1.763327
-0.924241,0.7037237,1.763327
-0.9296443,0.7087368,1.770346
-0.924241,0.7037237,1.926643
-0.9296443,0.7087368,1.919624
-0.9296443,0.7087368,1.770346
-0.924241,0.7037237,1.763327
-0.924241,0.7428512,1.763327
-0.9296443,0.737838,1.770346
-0.9296443,0.7378381,1.919624
-0.924241,0.7428512,1.926643
-0.924241,0.7428512,1.926643
-0.9296443,0.7378381,1.919624
-0.9296443,0.7087368,1.919624
-0.924241,0.7037237,1.926643
-0.9519856,0.7087365,-2.318253
-0.9519856,0.7087365,-2.168974
-0.9519856,0.7378378,-2.168974
-0.9519856,0.7378377,-2.318253
-0.9519856,0.7378377,-2.318253
-0.9465823,0.7428509,-2.325271
-0.9465823,0.7037234,-2.325271
-0.9519856,0.7087365,-2.318253
-0.9465823,0.7037234,-2.161956
-0.9519856,0.7087365,-2.168974
-0.9519856,0.7087365,-2.318253
-0.9465823,0.7037234,-2.325271
-0.9465823,0.7428509,-2.325271
-0.9519856,0.7378377,-2.318253
-0.9519856,0.7378378,-2.168974
-0.9465823,0.7428509,-2.161956
-0.9465823,0.7428509,-2.161956
-0.9519856,0.7378378,-2.168974
-0.9519856,0.7087365,-2.168974
-0.9465823,0.7037234,-2.161956
-0.5179168,0.7099475,2.137887
-0.5124917,0.7132044,2.134055
-0.8486369,0.7132044,2.076169
-0.8448056,0.7099475,2.081594
-0.5179168,0.654066,2.137887
-0.5124917,0.650809,2.134055
-0.5124917,0.7132044,2.134055
-0.5179168,0.7099475,2.137887
-0.8448056,0.7099475,2.081594
-0.8486369,0.7132044,2.076169
-0.8486369,0.650809,2.076169
-0.8448056,0.654066,2.081594
-0.5124917,0.650809,2.134055
-0.5179168,0.654066,2.137887
-0.8448056,0.654066,2.081594
-0.8486369,0.650809,2.076169
-0.6959273,0.8402872,-2.459565
-0.6959273,0.7422912,-2.459565
-0.8632303,0.7422912,-2.449133
-0.8632303,0.8402872,-2.449133
-0.4719419,0.8402872,-2.47196
-0.4719419,0.7422912,-2.47196
-0.6392449,0.7422912,-2.461527
-0.6392449,0.8402872,-2.461527
3550
0.2913517,0.9870951
0.2913517,0.9870951
0.2913517,0.9870952
0.2913517,0.9870951
0.2913517,0.9870951
0.2913517,0.9870952
0.2913517,0.9870949
0.2913516,0.987095
0.2913517,0.9870951
0.2913516,0.9870951
0.2913517,0.9870951
0.2913517,0.9870951
0.2913517,0.9870951
0.2913517,0.987095
0.2913517,0.987095
0.2913517,0.987095
0.2913517,0.9870952
0.2913516,0.9870951
0.2913517,0.9870952
0.2913517,0.987095
0.2913517,0.9870952
0.2913517,0.987095
0.2913516,0.9870951
0.2913517,0.9870952
0.2913517,0.987095
0.2913517,0.987095
0.2913516,0.9870951
0.2913516,0.9870951
0.2913517,0.9870951
0.2913516,0.987095
0.2913516,0.987095
0.2913517,0.987095
0.2913516,0.9870951
0.2913517,0.987095
0.2913517,0.9870949
0.2913516,0.9870951
0.2913517,0.9870952
0.2913517,0.987095
0.2913516,0.987095
0.2913516,0.987095
0.2913516,0.9870949
0.2913517,0.9870952
0.1698068,0.5163048
0.1698068,0.5163048
0.1698068,0.5163048
0.1698068,0.5163048
0.1698068,0.5163048
0.1698068,0.5163048
0.1498412,0.5320845
0.1498412,0.5320845
0.1498412,0.5320845
0.1498412,0.5320845
0.1498412,0.5320845
0.1498412,0.5320845
0.2913516,0.9870951
0.2913517,0.9870951
0.2913517,0.9870951
0.2913517,0.9870951
0.2913517,0.987095
0.2913516,0.9870951
0.2913517,0.987095
0.2913517,0.9870951
0.2913516,0.9870951
0.2913517,0.987095
0.2913516,0.987095
0.2913517,0.9870951
0.2913517,0.9870951
0.2913517,0.9870951
0.2913517,0.9870951
0.2913517,0.9870951
0.2913517,0.987095
0.2913517,0.9870951
0.2913517,0.9870951
0.2913516,0.9870949
0.2913517,0.9870951
0.1698068,0.5163048
0.1698068,0.5163048
0.1698068,0.5163048
0.1698068,0.5163048
0.1698068,0.5163048
0.1698068,0.5163048
0.1498412,0.5320845
0.1498412,0.5320845
0.1498412,0.5320845
0.1627277,0.5225002
0.1627277,0.5225002
0.1627277,0.5225002
0.1627277,0.5225002
0.1627277,0.5225002
0.1627277,0.5225002
0.1627277,0.5225002
0.1627277,0.5225002
0.1627277,0.5225002
0.1627277,0.5225002
0.1627277,0.5225002
0.1627277,0.5225002
0.1627277,0.5225002
0.1627277,0.5225002
0.1626695,0.5333856
0.1626695,0.5333856
0.1626695,0.5333856
0.1626695,0.5333856
0.1626695,0.5333856
0.1626695,0.5333856
0.1626695,0.5333856
0.1626695,0.5333856
0.1626695,0.5333856
0.1626695,0.5333856
0.1626695,0.5333856
0.1626695,0.5333856
0.1626695,0.5333856
0.1626695,0.5333856
0.1626695,0.5333856
0.1626695,0.5333856
0.1626695,0.5333856
0.1626695,0.5333856
0.1626695,0.5333856
0.1626695,0.5333856
0.09638953,0.9726826
0.09638953,0.9726826
0.09638952,0.9726826
0.09638952,0.9726826
0.09638952,0.9726826
0.09638953,0.9726826
0.09638953,0.9726826
0.09638953,0.9726826
0.09638953,0.9726826
0.09638953,0.9726826
0.09638953,0.9726826
0.09638952,0.9726826
0.09638953,0.9726826
0.09638953,0.9726826
0.09638952,0.9726826
0.09638952,0.9726826
0.09638953,0.9726826
0.09638953,0.9726826
0.09638953,0.9726826
0.09638953,0.9726826
0.09638953,0.9726826
0.09638953,0.9726826
0.09638953,0.9726826
0.09638952,0.9726826
0.09638953,0.9726826
0.09638953,0.9726826
0.09638953,0.9726826
0.09638953,0.9726826
0.09638953,0.9726826
0.09638953,0.9726826
0.09638952,0.9726826
0.09638952,0.9726826
0.09638953,0.9726826
0.09638953,0.9726826
0.09638952,0.9726826
0.09638952,0.9726826
0.09638953,0.9607771
0.09638953,0.9607771
0.09638953,0.9607771
0.09638953,0.9607771
0.09638953,0.9607771
0.09638953,0.9607771
0.09638953,0.9607771
0.09638953,0.9607771
0.09638953,0.9607771
0.09638953,0.9607771
0.09638953,0.9607771
0.09638953,0.9607771
0.09638953,0.9607771
0.09638953,0.9607771
0.09638953,0.9607771
0.09638953,0.9607771
0.09638953,0.9607771
0.09638953,0.9607771
0.09638953,0.9607771
0.09638953,0.9607771
0.09638953,0.9607771
0.09638953,0.9607771
0.09638953,0.9607771
0.09638953,0.9607771
0.09638953,0.9607771
0.09638953,0.9607771
0.09638953,0.9607771
0.09638953,0.9607771
0.09638953,0.9607771
0.09638953,0.9607771
0.09638953,0.9607771
0.09638953,0.9607771
0.09638953,0.9607771
0.09638953,0.9607771
0.09638953,0.9607771
0.09638953,0.9607771
0.09638953,0.9607771
0.09638953,0.9607771
0.09638953,0.9607771
0.09638953,0.9607771
0.08984375,0.9628906
0.08984375,0.9628906
0.08984375,0.9628906
0.08984375,0.9628906
0.08984375,0.9628906
0.08984375,0.9628906
0.08984375,0.9628906
0.08984375,0.9628906
0.08984375,0.9628906
0.08984375,0.9628906
0.08984375,0.9628906
0.08984375,0.9628906
0.08984375,0.9628906
0.08984375,0.9628906
0.08984375,0.9628906
0.08984375,0.9628906
0.08984375,0.9628906
0.08984375,0.9628906
0.08984375,0.9628906
0.08984375,0.9628906
0.08984375,0.9628906
0.08984375,0.9628906
0.08984375,0.9628906
0.08984375,0.9628906
0.08984375,0.9628906
0.08984375,0.9628906
0.08984375,0.9628906
0.08984375,0.9628906
0.4003906,0.4778699
0.4003906,0.4778699
0.4003906,0.4778699
0.4003906,0.4778699
0.08984375,0.9628906
0.08984375,0.9628906
0.08984375,0.9628906
0.08984375,0.9628906
0.08984375,0.9628906
0.08984375,0.9628906
0.08984375,0.9628906
0.08984375,0.9628906
0.100904,0.9705016
0.100904,0.9705016
0.100904,0.9705016
0.100904,0.9705016
0.100904,0.9705016
0.100904,0.9705016
0.100904,0.9705016
0.100904,0.9705016
0.100904,0.9705016
0.100904,0.9705016
0.100904,0.9705016
0.100904,0.9705016
0.100904,0.9705016
0.100904,0.9705016
0.100904,0.9705016
0.100904,0.9705016
0.100904,0.9705016
0.100904,0.9705016
0.100904,0.9705016
0.100904,0.9705016
0.100904,0.9705016
0.100904,0.9705016
0.100904,0.9705016
0.100904,0.9705016
0.100904,0.9705016
0.100904,0.9705016
0.100904,0.9705016
0.100904,0.9705016
0.100904,0.9705016
0.100904,0.9705016
0.100904,0.9705016
0.100904,0.9705016
0.100904,0.9705016
0.100904,0.9705016
0.100904,0.9705016
0.100904,0.9705016
0.100904,0.9705016
0.100904,0.9705016
0.100904,0.9705016
0.100904,0.9705016
0.100904,0.9705016
0.100904,0.9705016
0.100904,0.9705016
0.100904,0.9705016
0.100904,0.9705016
0.100904,0.9705016
0.100904,0.9705016
0.100904,0.9705016
0.09638952,0.9726826
0.09638953,0.9726826
0.09638953,0.9726826
0.09638953,0.9726826
0.092421,0.9488716
0.092421,0.9488716
0.092421,0.9488716
0.092421,0.9488716
0.092421,0.9488716
0.092421,0.9488716
0.092421,0.9488716
0.092421,0.9488716
0.092421,0.9488716
0.092421,0.9488716
0.092421,0.9488716
0.092421,0.9488716
0.092421,0.9488716
0.092421,0.9488716
0.092421,0.9488716
0.092421,0.9488716
0.092421,0.9488716
0.092421,0.9488716
0.092421,0.9488716
0.092421,0.9488716
0.092421,0.9488715
0.092421,0.9488716
0.092421,0.9488716
0.092421,0.9488716
0.092421,0.9488716
0.092421,0.9488716
0.092421,0.9488716
0.092421,0.9488715
0.092421,0.9488716
0.092421,0.9488716
0.092421,0.9488716
0.09242099,0.9488715
0.092421,0.9488715
0.092421,0.9488716
0.092421,0.9488716
0.092421,0.9488716
0.092421,0.9488716
0.092421,0.9488716
0.09242099,0.9488715
0.092421,0.9488715
0.09242099,0.9488714
0.092421,0.9488716
0.092421,0.9488715
0.09242099,0.9488715
0.092421,0.9488716
0.09242099,0.9488715
0.09242099,0.9488715
0.09242099,0.9488714
0.092421,0.9488715
0.09242099,0.9488714
0.09638953,0.9726826
0.09638952,0.9726826
0.09638952,0.9726826
0.09638953,0.9726826
0.09638952,0.9726826
0.09638953,0.9726826
0.09638953,0.9726826
0.09638953,0.9726826
0.09638953,0.9726826
0.09638952,0.9726826
0.09638953,0.9726826
0.09638953,0.9726826
0.09638953,0.9726826
0.09638952,0.9726826
0.09638952,0.9726826
0.09638953,0.9726826
0.09638953,0.9726826
0.09638953,0.9726826
0.09638953,0.9726826
0.09638953,0.9726826
0.09638953,0.9726826
0.09638952,0.9726826
0.09638953,0.9726826
0.09638953,0.9726826
0.09638953,0.9726826
0.09638953,0.9726826
0.09638953,0.9726826
0.09638953,0.9726826
0.09638953,0.9726826
0.09638952,0.9726826
0.09638952,0.9726826
0.09638953,0.9726826
0.09638953,0.9726826
0.09638952,0.9726826
0.09638952,0.9726826
0.09638953,0.9726826
0.09638953,0.9607771
0.09638953,0.9607771
0.09638953,0.9607771
0.09638953,0.9607771
0.09638953,0.9607771
0.09638953,0.9607771
0.09638953,0.9607771
0.09638953,0.9607771
0.09638953,0.9607771
0.09638953,0.9607771
0.09638953,0.9607771
0.09638953,0.9607771
0.09638953,0.9607771
0.09638953,0.9607771
0.09638953,0.9607771
0.09638953,0.9607771
0.09638953,0.9607771
0.09638953,0.9607771
0.09638953,0.9607771
0.09638953,0.9607771
0.09638953,0.9607771
0.09638953,0.9607771
0.09638953,0.9607771
0.09638953,0.9607771
0.09638953,0.9607771
0.09638953,0.9607771
0.09638953,0.9607771
0.09638953,0.9607771
0.09638953,0.9607771
0.09638953,0.9607771
0.09638953,0.9607771
0.09638953,0.9607771
0.09638953,0.9607771
0.09638953,0.9607771
0.09638953,0.9607771
0.09638953,0.9607771
0.09638953,0.9607771
0.09638953,0.9607771
0.09638953,0.9607771
0.09638953,0.9607771
0.08984375,0.9628906
0.08984375,0.9628906
0.08984375,0.9628906
0.08984375,0.9628906
0.08984375,0.9628906
0.08984375,0.9628906
0.08984375,0.9628906
0.08984375,0.9628906
0.08984375,0.9628906
0.08984375,0.9628906
0.08984375,0.9628906
0.08984375,0.9628906
0.08984375,0.9628906
0.08984375,0.9628906
0.08984375,0.9628906
0.08984375,0.9628906
0.08984375,0.9628906
0.08984375,0.9628906
0.08984375,0.9628906
0.08984375,0.9628906
0.08984375,0.9628906
0.08984375,0.9628906
0.08984375,0.9628906
0.08984375,0.9628906
0.08984375,0.9628906
0.08984375,0.9628906
0.08984375,0.9628906
0.08984375,0.9628906
0.4003906,0.4778699
0.4003906,0.4778699
0.4003906,0.4778699
0.4003906,0.4778699
0.08984375,0.9628906
0.08984375,0.9628906
0.08984375,0.9628906
0.08984375,0.9628906
0.08984375,0.9628906
0.08984375,0.9628906
0.08984375,0.9628906
0.08984375,0.9628906
0.100904,0.9705016
0.100904,0.9705016
0.100904,0.9705016
0.100904,0.9705016
0.100904,0.9705016
0.100904,0.9705016
0.100904,0.9705016
0.100904,0.9705016
0.100904,0.9705016
0.100904,0.9705016
0.100904,0.9705016
0.100904,0.9705016
0.100904,0.9705016
0.100904,0.9705016
0.100904,0.9705016
0.100904,0.9705016
0.100904,0.9705016
0.100904,0.9705016
0.100904,0.9705016
0.100904,0.9705016
0.100904,0.9705016
0.100904,0.9705016
0.100904,0.9705016
0.100904,0.9705016
0.100904,0.9705016
0.100904,0.9705016
0.100904,0.9705016
0.100904,0.9705016
0.100904,0.9705016
0.100904,0.9705016
0.100904,0.9705016
0.100904,0.9705016
0.100904,0.9705016
0.100904,0.9705016
0.100904,0.9705016
0.100904,0.9705016
0.100904,0.9705016
0.100904,0.9705016
0.100904,0.9705016
0.100904,0.9705016
0.100904,0.9705016
0.100904,0.9705016
0.100904,0.9705016
0.100904,0.9705016
0.100904,0.9705016
0.100904,0.9705016
0.100904,0.9705016
0.100904,0.9705016
0.09638952,0.9726826
0.09638953,0.9726826
0.09638953,0.9726826
0.09638953,0.9726826
0.092421,0.9488716
0.092421,0.9488716
0.092421,0.9488716
0.092421,0.9488716
0.092421,0.9488716
0.092421,0.9488716
0.092421,0.9488716
0.092421,0.9488716
0.092421,0.9488716
0.092421,0.9488716
0.092421,0.9488716
0.092421,0.9488716
0.092421,0.9488716
0.092421,0.9488716
0.092421,0.9488716
0.092421,0.9488716
0.092421,0.9488716
0.092421,0.9488716
0.092421,0.9488716
0.092421,0.9488716
0.092421,0.9488715
0.092421,0.9488716
0.092421,0.9488716
0.092421,0.9488716
0.092421,0.9488716
0.092421,0.9488715
0.092421,0.9488716
0.092421,0.9488716
0.092421,0.9488716
0.09242099,0.9488715
0.092421,0.9488716
0.092421,0.9488716
0.092421,0.9488715
0.092421,0.9488716
0.092421,0.9488716
0.092421,0.9488716
0.092421,0.9488716
0.092421,0.9488715
0.09242099,0.9488715
0.092421,0.9488716
0.09242099,0.9488714
0.092421,0.9488715
0.092421,0.9488716
0.09242099,0.9488715
0.092421,0.9488716
0.09242099,0.9488715
0.09242099,0.9488715
0.09242099,0.9488714
0.092421,0.9488715
0.09242099,0.9488714
0.2901506,0.9705683
0.2901506,0.9705683
0.2901506,0.9705683
0.2901506,0.9705683
0.7812501,0.02287954
0.7812501,0.02287954
0.7812501,0.02287954
0.7812501,0.02287954
0.7812501,0.02287954
0.7812501,0.02287954
0.7812501,0.02287954
0.7812501,0.02287954
0.7851563,0.02678579
0.7851563,0.02678579
0.7851563,0.02678579
0.7851563,0.02678579
0.7812501,0.02287954
0.7812501,0.02287954
0.7812501,0.02287954
0.7812501,0.02287954
0.2786459,0.9726563
0.2786459,0.9726563
0.2786459,0.9726563
0.2786459,0.9726563
0.2786459,0.9726563
0.2786459,0.9726563
0.2786459,0.9726563
0.2786459,0.9726563
0.2786459,0.9726563
0.2786459,0.9726563
0.2786459,0.9726563
0.2786459,0.9726563
0.2786459,0.9726563
0.2786459,0.9726563
0.2786459,0.9726563
0.2786459,0.9726563
0.2786459,0.9726563
0.2786459,0.9726563
0.2786459,0.9726563
0.2786459,0.9726563
0.2786459,0.9726563
0.2786459,0.9726563
0.2786459,0.9726563
0.2786459,0.9726563
0.2901506,0.9705683
0.2901506,0.9705683
0.2901506,0.9705683
0.2901506,0.9705683
0.9689694,0.9449661
0.9689693,0.9449661
0.9689693,0.9449661
0.9689694,0.9449661
0.9689694,0.9449661
0.9689694,0.9449661
0.9689694,0.9449661
0.9689694,0.9449661
0.9728757,0.9488723
0.9728757,0.9488723
0.9728757,0.9488723
0.9728757,0.9488723
0.9689694,0.9449661
0.9689693,0.9449661
0.9689693,0.9449661
0.9689694,0.9449661
0.2786459,0.9726563
0.2786459,0.9726563
0.2786459,0.9726563
0.2786459,0.9726563
0.2786459,0.9726563
0.2786459,0.9726563
0.2786459,0.9726563
0.2786459,0.9726563
0.2786459,0.9726563
0.2786459,0.9726563
0.2786459,0.9726563
0.2786459,0.9726563
0.2786459,0.9726563
0.2786459,0.9726563
0.2786459,0.9726563
0.2786459,0.9726563
0.2786459,0.9726563
0.2786459,0.9726563
0.2786459,0.9726563
0.2786459,0.9726563
0.2786459,0.9726563
0.2786459,0.9726563
0.2786459,0.9726563
0.2786459,0.9726563
0.9689694,0.9449661
0.9689694,0.9449661
0.9689694,0.9449661
0.9689694,0.9449661
0.2901506,0.9705683
0.2901506,0.9705683
0.2901506,0.9705683
0.2901506,0.9705683
0.2901506,0.9705683
0.2901506,0.9705683
0.2901506,0.9705683
0.2901506,0.9705683
0.2175637,0.9744326
0.2175637,0.9744326
0.2175637,0.9744326
0.2175637,0.9744326
0.2175637,0.9744326
0.2175637,0.9744326
0.2175637,0.9744326
0.2175637,0.9744326
0.2175637,0.9744326
0.2175637,0.9744326
0.2175637,0.9744326
0.2175637,0.9744326
0.2175637,0.9744326
0.2175637,0.9744326
0.2175637,0.9744326
0.2175637,0.9744326
0.2175637,0.9744326
0.2175637,0.9744326
0.2175637,0.9744326
0.2175637,0.9744326
0.2175637,0.9744326
0.2175637,0.9744326
0.2175637,0.9744326
0.2175637,0.9744326
0.2175637,0.9744326
0.2175637,0.9744326
0.2175637,0.9744326
0.2175637,0.9744326
0.2175637,0.9744326
0.2175637,0.9744326
0.2175637,0.9744326
0.2175637,0.9744326
0.2175637,0.9744326
0.2175637,0.9744326
0.2175637,0.9744326
0.2175637,0.9744326
0.2175637,0.9744326
0.2175637,0.9744326
0.2175637,0.9744326
0.2175637,0.9744326
0.2175637,0.9744326
0.2175637,0.9744326
0.2175637,0.9744326
0.2175637,0.9744326
0.2175637,0.9744326
0.2175637,0.9744326
0.2175637,0.9744326
0.2175637,0.9744326
0.2175637,0.9744326
0.2175637,0.9744326
0.2175637,0.9744326
0.2175637,0.9744326
0.2175637,0.9744326
0.2175637,0.9744326
0.2175637,0.9744326
0.2175637,0.9744326
0.02998084,0.5315946
0.02998084,0.5315946
0.02998084,0.5315946
0.02998084,0.5315946
0.02998084,0.5315946
0.02998084,0.5315946
0.02998084,0.5315946
0.02998084,0.5315946
0.7812501,0.02287954
0.7812501,0.02287954
0.7812501,0.02287954
0.7812501,0.02287954
0.7812501,0.02287954
0.7812501,0.02287954
0.7812501,0.02287954
0.7812501,0.02287954
0.7812501,0.02287954
0.7812501,0.02287954
0.7812501,0.02287954
0.7812501,0.02287954
0.9689693,0.9449661
0.9689694,0.9449661
0.9689694,0.9449661
0.9689693,0.9449661
0.9689694,0.9449661
0.9689694,0.9449661
0.9689694,0.9449661
0.9689694,0.9449661
0.9689693,0.9449661
0.9689694,0.9449661
0.9689694,0.9449661
0.9689693,0.9449661
0.2901506,0.9705683
0.2901506,0.9705683
0.2901506,0.9705683
0.2901506,0.9705683
0.2901506,0.9705683
0.2901506,0.9705683
0.2901506,0.9705683
0.2901506,0.9705683
0.7812501,0.02287954
0.7812501,0.02287954
0.7812501,0.02287954
0.7812501,0.02287954
0.1498412,0.5320845
0.1498412,0.5320845
0.1498412,0.5320845
0.1498412,0.5320845
0.1498412,0.5320845
0.1498412,0.5320845
0.1498412,0.5320845
0.1498412,0.5320845
0.1741609,0.9778466
0.1741609,0.9778466
0.1741609,0.9778466
0.1741609,0.9778466
0.1741609,0.9778466
0.1741609,0.9778466
0.1741609,0.9778466
0.1741609,0.9778466
0.1498412,0.5320845
0.1498412,0.5320845
0.1498412,0.5320845
0.1498412,0.5320845
0.092421,0.9726826
0.092421,0.9726826
0.092421,0.9726826
0.092421,0.9726826
0.1498412,0.5320845
0.1498412,0.5320845
0.1498412,0.5320845
0.1498412,0.5320845
0.1498412,0.5320845
0.1498412,0.5320845
0.1498412,0.5320845
0.1498411,0.5320845
0.1498412,0.5320845
0.1498412,0.5320845
0.1498411,0.5320845
0.1498412,0.5320845
0.1498412,0.5320845
0.1498412,0.5320845
0.1498412,0.5320845
0.1498412,0.5320845
0.1498412,0.5320845
0.1498412,0.5320845
0.1589214,0.9822008
0.1589214,0.9822009
0.1589214,0.9822008
0.1589214,0.9822008
0.1589214,0.9822008
0.1589214,0.9822008
0.092421,0.4528087
0.092421,0.4528087
0.092421,0.4528087
0.092421,0.4528087
0.092421,0.4528087
0.2782891,0.9740325
0.2782891,0.9740325
0.2782891,0.9740325
0.2782891,0.9740325
0.2782891,0.9740325
0.2782891,0.9740325
0.2782891,0.9740325
0.2782891,0.9740325
0.2957058,0.9631472
0.2957059,0.9631472
0.2957058,0.9631472
0.2957058,0.9631472
0.2957058,0.9631472
0.1498412,0.5320845
0.1498412,0.5320845
0.1498412,0.5320845
0.1498412,0.5320845
0.1498412,0.5320845
0.1498412,0.5320845
0.1498412,0.5320845
0.1498412,0.5320845
0.1498412,0.5320845
0.1498412,0.5320845
0.1498412,0.5320845
0.1498412,0.5320845
0.1498412,0.5320845
0.1498412,0.5320845
0.1498412,0.5320845
0.1498412,0.5320845
0.1498412,0.5320845
0.1498412,0.5320845
0.1498412,0.5320845
0.1498412,0.5320845
0.1498412,0.5320845
0.1498412,0.5320845
0.1498412,0.5320845
0.1498412,0.5320845
0.1498412,0.5320845
0.1498412,0.5320845
0.1498412,0.5320845
0.1498412,0.5320845
0.1498412,0.5320845
0.1498412,0.5320845
0.1498412,0.5320845
0.1498412,0.5320845
0.1498412,0.5320845
0.1498412,0.5320845
0.1498412,0.5320845
0.1498412,0.5320845
0.1498412,0.5320845
0.1498412,0.5320845
0.1498412,0.5320845
0.1498412,0.5320845
0.1498412,0.5320845
0.1498412,0.5320845
0.1498412,0.5320845
0.2782891,0.9740325
0.2782891,0.9740325
0.2782891,0.9740325
0.2782891,0.9740325
0.2782891,0.9740325
0.2782891,0.9740325
0.2782891,0.9740325
0.2782891,0.9740325
0.2782891,0.9740325
0.2782891,0.9740325
0.2782891,0.9740325
0.2782891,0.9740325
0.2782891,0.9740325
0.2782891,0.9740325
0.2782891,0.9740325
0.2782891,0.9740325
0.2782891,0.9740325
0.2782891,0.9740325
0.2782891,0.9740325
0.2782891,0.9740325
0.2782891,0.9740325
0.2782891,0.9740325
0.2782891,0.9740325
0.2782891,0.9740325
0.2782891,0.9740325
0.2782891,0.9740325
0.2782891,0.9740325
0.2782891,0.9740325
0.2782891,0.9740325
0.092421,0.4528087
0.092421,0.4528087
0.092421,0.4528087
0.092421,0.4528087
0.092421,0.4528087
0.2782891,0.9740325
0.2782891,0.9740325
0.2782891,0.9740325
0.2782891,0.9740325
0.2782891,0.9740325
0.2782891,0.9740325
0.2782891,0.9740325
0.2782891,0.9740325
0.4060516,0.1565874
0.4060516,0.1565874
0.4060516,0.1565874
0.4060516,0.1565874
0.4060516,0.1565874
0.4060516,0.1565874
0.4060516,0.1565874
0.1589214,0.9822008
0.1589214,0.9822008
0.1589214,0.9822008
0.1589214,0.9822008
0.1741609,0.9778466
0.1741609,0.9778466
0.1741609,0.9778466
0.1741609,0.9778466
0.1741609,0.9778466
0.1741609,0.9778466
0.1589214,0.9822008
0.1589214,0.9822008
0.1589214,0.9822008
0.1589214,0.9822008
0.1589214,0.9822008
0.1589214,0.9822008
0.1589214,0.9822008
0.1589214,0.9822008
0.2782891,0.9740325
0.2782891,0.9740325
0.2782891,0.9740325
0.2782891,0.9740325
0.2782891,0.9740325
0.2782891,0.9740325
0.2782891,0.9740325
0.2782891,0.9740325
0.2782891,0.9740325
0.2782891,0.9740325
0.2782891,0.9740325
0.2782891,0.9740325
0.1498412,0.5320845
0.1498412,0.5320845
0.1498412,0.5320845
0.1498412,0.5320845
0.1498412,0.5320845
0.1498412,0.5320845
0.1498412,0.5320845
0.1498412,0.5320845
0.2913517,0.9870951
0.2913517,0.9870951
0.2913517,0.9870951
0.2913517,0.9870951
0.2913517,0.9870951
0.2913517,0.9870951
0.2913517,0.9870951
0.2913517,0.9870951
0.2913517,0.9870951
0.2913516,0.987095
0.2913516,0.987095
0.2913517,0.9870951
0.2913517,0.987095
0.2913517,0.9870951
0.2913517,0.9870952
0.2913517,0.9870951
0.2913516,0.9870951
0.2913517,0.9870951
0.2913517,0.9870951
0.2913517,0.9870951
0.2913517,0.987095
0.2913517,0.9870951
0.2913517,0.9870951
0.2913517,0.9870951
0.2913517,0.9870951
0.2913517,0.9870951
0.2913517,0.9870951
0.2913517,0.9870951
0.2913517,0.9870951
0.2913516,0.9870951
0.2913517,0.9870951
0.2913517,0.9870951
0.2913517,0.9870951
0.2913517,0.987095
0.2913516,0.9870951
0.2913517,0.9870951
0.2913517,0.987095
0.2913517,0.987095
0.2913517,0.9870951
0.2913517,0.9870951
0.2913516,0.987095
0.2913516,0.987095
0.2913517,0.9870949
0.2913517,0.9870951
0.2913517,0.9870951
0.2913517,0.9870951
0.2913517,0.9870952
0.2913517,0.9870951
0.2913517,0.9870951
0.2913517,0.9870951
0.2913517,0.9870951
0.2913516,0.9870951
0.2913517,0.9870949
0.2913517,0.987095
0.2913516,0.9870951
0.2913517,0.9870951
0.2913517,0.9870951
0.2913517,0.9870951
0.2913517,0.9870951
0.2913516,0.9870951
0.2913517,0.9870951
0.2913517,0.987095
0.2913517,0.987095
0.2913517,0.9870951
0.2913517,0.9870951
0.2913517,0.9870951
0.2913517,0.987095
0.2913517,0.987095
0.2913517,0.9870951
0.2913517,0.987095
0.2913517,0.987095
0.2913517,0.9870951
0.2913517,0.987095
0.2913517,0.9870951
0.2913517,0.9870951
0.2913517,0.9870951
0.2913517,0.9870949
0.2913517,0.987095
0.2913516,0.9870951
0.2913517,0.987095
0.2913516,0.987095
0.2913517,0.9870951
0.2913517,0.9870951
0.2913517,0.987095
0.2913517,0.987095
0.2913517,0.9870952
0.2913517,0.9870952
0.2913517,0.9870951
0.2913517,0.9870951
0.2913517,0.9870952
0.2913516,0.987095
0.2913517,0.9870951
0.2913516,0.9870949
0.2913517,0.987095
0.2913517,0.9870951
0.2913517,0.9870951
0.2913517,0.9870951
0.2913517,0.9870951
0.2913516,0.9870951
0.2913516,0.987095
0.2913517,0.987095
0.2913517,0.9870951
0.2913517,0.987095
0.2913517,0.9870951
0.2913517,0.9870951
0.1498412,0.5320845
0.1498412,0.5320845
0.1498412,0.5320845
0.1498411,0.5320845
0.1498412,0.5320845
0.1498412,0.5320845
0.1498411,0.5320845
0.1498412,0.5320845
0.1498412,0.5320845
0.1498412,0.5320845
0.1741609,0.9778466
0.1741609,0.9778466
0.1741609,0.9778466
0.1741609,0.9778466
0.1741609,0.9778466
0.1741609,0.9778466
0.1741609,0.9778466
0.1741609,0.9778466
0.1741609,0.9778466
0.1741609,0.9778466
0.1741609,0.9778466
0.1741609,0.9778466
0.1741609,0.9778466
0.1741609,0.9778466
0.1043265,0.9647456
0.1043265,0.9647456
0.1043265,0.9647456
0.1043265,0.9647456
0.1043265,0.9647456
0.1043265,0.9647456
0.1043265,0.9647456
0.1043265,0.9647456
0.1043265,0.9647456
0.1043265,0.9647456
0.1589214,0.9822008
0.1589214,0.9822008
0.1589214,0.9822008
0.1589214,0.9822008
0.1589214,0.9822008
0.1589214,0.9822008
0.092421,0.4528087
0.092421,0.4528087
0.092421,0.4528087
0.092421,0.4528087
0.092421,0.4528087
0.092421,0.4528087
0.092421,0.4528087
0.092421,0.4528087
0.092421,0.4528087
0.092421,0.4528087
0.092421,0.4528087
0.092421,0.4528087
0.092421,0.4528087
0.092421,0.4528087
0.092421,0.4528087
0.092421,0.4528087
0.092421,0.4528087
0.092421,0.4528087
0.092421,0.4528087
0.092421,0.4528087
0.092421,0.4528087
0.092421,0.4528087
0.092421,0.4528087
0.092421,0.4528087
0.092421,0.4528087
0.092421,0.4528087
0.092421,0.4528087
0.092421,0.4528087
0.1498412,0.5320845
0.1498412,0.5320845
0.1498412,0.5320845
0.1498412,0.5320845
0.1498412,0.5320845
0.1498412,0.5320845
0.1498412,0.5320845
0.1498412,0.5320845
0.1498412,0.5320845
0.1498412,0.5320845
0.1498412,0.5320845
0.1498412,0.5320845
0.1498412,0.5320845
0.1498412,0.5320845
0.1498412,0.5320845
0.1498412,0.5320845
0.1498412,0.5320845
0.1498412,0.5320845
0.1498412,0.5320845
0.1498412,0.5320845
0.1498412,0.5320845
0.1498412,0.5320845
0.1498412,0.5320845
0.1498412,0.5320845
0.1498412,0.5320845
0.1498412,0.5320845
0.1498412,0.5320845
0.1498412,0.5320845
0.1498412,0.5320845
0.1498412,0.5320845
0.1498412,0.5320845
0.1498412,0.5320845
0.1498412,0.5320845
0.1498412,0.5320845
0.1498412,0.5320845
0.1498412,0.5320845
0.1498412,0.5320845
0.1498412,0.5320845
0.1498412,0.5320845
0.1498412,0.5320845
0.1498412,0.5320845
0.1498412,0.5320845
0.1498412,0.5320845
0.1498412,0.5320845
0.1498412,0.5320845
0.1498412,0.5320845
0.1498412,0.5320845
0.1498412,0.5320845
0.1498412,0.5320845
0.1498412,0.5320845
0.1498412,0.5320845
0.1498412,0.5320845
0.1498412,0.5320845
0.1498412,0.5320845
0.1498412,0.5320845
0.1498412,0.5320845
0.1498412,0.5320845
0.1498412,0.5320845
0.1498412,0.5320845
0.1498412,0.5320845
0.1498412,0.5320845
0.1498412,0.5320844
0.1498412,0.5320845
0.1498412,0.5320845
0.1498412,0.5320845
0.1498412,0.5320845
0.1498412,0.5320845
0.1498412,0.5320845
0.1498412,0.5320845
0.1498412,0.5320845
0.1498412,0.5320845
0.1498412,0.5320845
0.1498412,0.5320845
0.1498412,0.5320845
0.1498412,0.5320845
0.1498411,0.5320845
0.1498412,0.5320845
0.1498412,0.5320845
0.1498412,0.5320845
0.1498412,0.5320845
0.1498412,0.5320845
0.1498412,0.5320845
0.1498411,0.5320845
0.092421,0.9726826
0.092421,0.9726826
0.092421,0.9726826
0.092421,0.9726826
0.1498412,0.5320845
0.1498412,0.5320845
0.1498412,0.5320845
0.1498412,0.5320845
0.1498412,0.5320845
0.4060516,0.1565874
0.4060516,0.1565874
0.4060516,0.1565874
0.4060516,0.1565874
0.4060516,0.1565874
0.4060516,0.1565874
0.1498412,0.5320845
0.1498412,0.5320845
0.1498412,0.5320845
0.1498412,0.5320845
0.1498412,0.5320845
0.1498412,0.5320845
0.1498412,0.5320845
0.1498412,0.5320845
0.1498412,0.5320845
0.1498412,0.5320845
0.1498412,0.5320845
0.1498412,0.5320845
0.4060516,0.1565874
0.4060516,0.1565874
0.4060516,0.1565874
0.4060516,0.1565874
0.4060516,0.1565874
0.4060516,0.1565874
0.2957058,0.9631472
0.2957058,0.9631472
0.2957058,0.9631472
0.2957058,0.9631472
0.2957059,0.9631472
0.2957058,0.9631472
0.3991173,0.155817
0.3991172,0.1558169
0.3991172,0.155817
0.3991172,0.155817
0.1498412,0.5320844
0.1498412,0.5320844
0.1498412,0.5320845
0.1498412,0.5320845
0.1498412,0.5320844
0.1498412,0.5320845
0.1498412,0.5320845
0.1498412,0.5320845
0.1498412,0.5320845
0.1498412,0.5320845
0.1498412,0.5320845
0.1498412,0.5320845
0.1498412,0.5320845
0.1498412,0.5320845
0.1498412,0.5320845
0.1498412,0.5320845
0.1498412,0.5320845
0.1498412,0.5320845
0.3991172,0.155817
0.3991172,0.155817
0.3991172,0.155817
0.3991172,0.155817
0.3991172,0.155817
0.3991172,0.155817
0.4060516,0.1565874
0.4060516,0.1565874
0.4060516,0.1565874
0.4060516,0.1565874
0.1498412,0.5320845
0.1498412,0.5320845
0.1498412,0.5320845
0.1498412,0.5320845
0.1498412,0.5320845
0.1498412,0.5320845
0.1498412,0.5320845
0.1498412,0.5320845
0.1498412,0.5320845
0.1498412,0.5320845
0.1498412,0.5320845
0.1498412,0.5320845
0.1498412,0.5320845
0.1498412,0.5320845
0.1498412,0.5320845
0.1498412,0.5320845
0.1498412,0.5320845
0.1498412,0.5320845
0.1498412,0.5320845
0.1498412,0.5320845
0.1498412,0.5320845
0.1498412,0.5320845
0.1498412,0.5320845
0.1498412,0.5320845
0.1498412,0.5320845
0.1498412,0.5320845
0.1498412,0.5320845
0.1498412,0.5320845
0.1498412,0.5320845
0.1498412,0.5320845
0.1498412,0.5320845
0.1498412,0.5320845
0.1498412,0.5320845
0.1498412,0.5320845
0.4060516,0.1565874
0.4060516,0.1565874
0.4060516,0.1565874
0.4060516,0.1565874
0.2897613,0.9683711
0.2897613,0.9683712
0.2897613,0.9683711
0.2897613,0.9683711
0.2897613,0.9683711
0.2897613,0.9683711
0.2897613,0.968371
0.2897613,0.968371
0.2897613,0.968371
0.2897613,0.9683712
0.2897613,0.9683711
0.2897613,0.9683711
0.2897613,0.968371
0.2897613,0.9683712
0.2897613,0.9683712
0.2897613,0.9683711
0.2897613,0.9683711
0.2897613,0.9683711
0.2897614,0.9683712
0.2897613,0.9683711
0.2897613,0.9683711
0.2897613,0.9683711
0.2897613,0.9683711
0.4029697,0.1519645
0.4029697,0.1519645
0.4029697,0.1519645
0.4029697,0.1519645
0.4029697,0.1519645
0.4029697,0.1519645
0.4029697,0.1519645
0.4029697,0.1519645
0.3991172,0.155817
0.3991172,0.155817
0.3991172,0.155817
0.3991172,0.155817
0.1498412,0.5320845
0.1498412,0.5320845
0.1498412,0.5320845
0.1498412,0.5320845
0.1498412,0.5320845
0.1498412,0.5320845
0.1498412,0.5320845
0.1498412,0.5320845
0.1498412,0.5320845
0.1498412,0.5320845
0.1498412,0.5320845
0.1498412,0.5320845
0.2928433,0.972994
0.2928433,0.972994
0.2928433,0.972994
0.2928433,0.972994
0.2928433,0.972994
0.2928433,0.972994
0.1741609,0.9778466
0.1741609,0.9778466
0.1741609,0.9778466
0.1741609,0.9778466
0.1741609,0.9778465
0.1741609,0.9778466
0.1741609,0.9778466
0.1741609,0.9778466
0.174161,0.9778466
0.1741609,0.9778466
0.1741609,0.9778466
0.1741609,0.9778466
0.1741609,0.9778466
0.1741609,0.9778466
0.1741609,0.9778466
0.1741609,0.9778466
0.1741609,0.9778466
0.1741609,0.9778466
0.1741609,0.9778466
0.1741609,0.9778466
0.1741609,0.9778466
0.1741609,0.9778466
0.1741609,0.9778466
0.1741609,0.9778466
0.1741609,0.9778466
0.1741609,0.9778466
0.09638953,0.9806195
0.09638952,0.9806195
0.09638953,0.9806196
0.09638953,0.9806196
0.09638953,0.9806196
0.09638953,0.9806196
0.09638953,0.9806196
0.09638953,0.9806196
0.09638953,0.9806196
0.09638953,0.9806196
0.09638953,0.9806195
0.09638952,0.9806195
0.1741609,0.9778466
0.1741609,0.9778466
0.1741609,0.9778466
0.1741609,0.9778466
0.1741609,0.9778466
0.1741609,0.9778466
0.1741609,0.9778466
0.1741609,0.9778466
0.1741609,0.9778466
0.1741609,0.9778466
0.1741609,0.9778466
0.1741609,0.9778466
0.1741609,0.9778466
0.1741609,0.9778466
0.1741609,0.9778466
0.1741609,0.9778466
0.1741609,0.9778466
0.1741609,0.9778466
0.3991172,0.155817
0.3991173,0.155817
0.3991172,0.155817
0.3991172,0.155817
0.1741609,0.9778466
0.174161,0.9778466
0.1741609,0.9778466
0.1741609,0.9778466
0.1741609,0.9778466
0.1741609,0.9778465
0.1741609,0.9778466
0.1741609,0.9778466
0.1741609,0.9778466
0.1741609,0.9778466
0.1741609,0.9778466
0.1741609,0.9778466
0.1741609,0.9778466
0.1741609,0.9778466
0.1741609,0.9778466
0.1741609,0.9778466
0.174161,0.9778466
0.1741609,0.9778466
0.1741609,0.9778466
0.1741609,0.9778466
0.1741609,0.9778466
0.1741609,0.9778466
0.1741609,0.9778466
0.1741609,0.9778466
0.1741609,0.9778466
0.1741609,0.9778466
0.1741609,0.9778466
0.1741609,0.9778466
0.1741609,0.9778466
0.1741609,0.9778466
0.1741609,0.9778466
0.1741609,0.9778466
0.1741609,0.9778466
0.174161,0.9778466
0.1741609,0.9778466
0.1741609,0.9778466
0.1741609,0.9778466
0.1741609,0.9778466
0.1741609,0.9778466
0.1741609,0.9778466
0.1741609,0.9778466
0.1741609,0.9778466
0.1741609,0.9778466
0.1741609,0.9778466
0.1741609,0.9778466
0.1741609,0.9778466
0.1741609,0.9778466
0.1741609,0.9778466
0.1741609,0.9778466
0.1741609,0.9778466
0.1741609,0.9778466
0.1741609,0.9778466
0.1741609,0.9778466
0.1741609,0.9778466
0.1741609,0.9778466
0.1741609,0.9778466
0.1741609,0.9778465
0.1741609,0.9778466
0.1741609,0.9778466
0.1741609,0.9778466
0.1741609,0.9778466
0.1741609,0.9778466
0.1741609,0.9778466
0.1741609,0.9778466
0.1741609,0.9778466
0.1741609,0.9778466
0.1741609,0.9778466
0.1741609,0.9778466
0.1741609,0.9778466
0.1741609,0.9778466
0.1741609,0.9778466
0.1741609,0.9778466
0.1741609,0.9778466
0.1741609,0.9778466
0.1741609,0.9778466
0.1741609,0.9778466
0.1741609,0.9778466
0.1741609,0.9778466
0.1741609,0.9778466
0.1741609,0.9778466
0.1741609,0.9778466
0.1741609,0.9778466
0.1741609,0.9778466
0.1741609,0.9778466
0.1741609,0.9778466
0.1741609,0.9778466
0.1741609,0.9778466
0.1741609,0.9778466
0.1741609,0.9778466
0.1741609,0.9778466
0.1741609,0.9778466
0.1741609,0.9778466
0.1741609,0.9778466
0.1741609,0.9778466
0.1741609,0.9778466
0.1741609,0.9778466
0.1498412,0.5320845
0.1498412,0.5320845
0.1498412,0.5320845
0.1498412,0.5320845
0.1498412,0.5320845
0.1498412,0.5320845
0.1498412,0.5320845
0.1498412,0.5320845
0.1498412,0.5320845
0.1498412,0.5320845
0.1498412,0.5320845
0.1498412,0.5320845
0.1498412,0.5320845
0.1498412,0.5320845
0.1498412,0.5320845
0.1498412,0.5320845
0.1498412,0.5320845
0.1498412,0.5320845
0.1498412,0.5320845
0.1498412,0.5320845
0.1498412,0.5320845
0.1498412,0.5320845
0.1498412,0.5320845
0.1498412,0.5320845
0.1498412,0.5320845
0.1498412,0.5320845
0.1498412,0.5320845
0.1498412,0.5320845
0.1498412,0.5320845
0.1498412,0.5320845
0.1420922,0.535959
0.1420922,0.535959
0.1420922,0.535959
0.1420922,0.535959
0.1420922,0.535959
0.1420922,0.535959
0.1420922,0.535959
0.1420922,0.535959
0.1420922,0.535959
0.092421,0.9726826
0.092421,0.9726826
0.092421,0.9726826
0.092421,0.9726826
0.092421,0.9726826
0.092421,0.9726826
0.1698068,0.5163048
0.1698068,0.5163048
0.1698068,0.5163048
0.1698068,0.5163048
0.1698068,0.5163048
0.1698068,0.5163048
0.092421,0.9726826
0.092421,0.9726826
0.092421,0.9726826
0.092421,0.9726826
0.092421,0.9726826
0.092421,0.9726826
0.092421,0.9726826
0.092421,0.9726826
0.1741609,0.9778466
0.1741609,0.9778466
0.1741609,0.9778466
0.1741609,0.9778466
0.1420922,0.535959
0.1420922,0.535959
0.1420922,0.535959
0.1420922,0.535959
0.1420922,0.535959
0.1420922,0.535959
0.1579823,0.525609
0.1579823,0.525609
0.1579823,0.525609
0.1579823,0.525609
0.1579823,0.525609
0.1579823,0.525609
0.1579823,0.525609
0.1579823,0.525609
0.1579823,0.525609
0.1579823,0.525609
0.1579823,0.525609
0.1579823,0.525609
0.1579823,0.525609
0.1579823,0.525609
0.1579823,0.525609
0.1579823,0.525609
0.1579823,0.525609
0.1579823,0.525609
0.1579823,0.525609
0.1579823,0.525609
0.1579823,0.525609
0.1579823,0.525609
0.1579823,0.525609
0.1579823,0.525609
0.1579823,0.525609
0.1579823,0.525609
0.1579823,0.525609
0.1579823,0.525609
0.1589214,0.9822008
0.1589214,0.9822008
0.1589214,0.9822008
0.1589214,0.9822008
0.1589214,0.9822008
0.1589214,0.9822008
0.1589214,0.9822008
0.1589214,0.9822008
0.1589214,0.9822008
0.1589214,0.9822008
0.1589214,0.9822008
0.1589214,0.9822008
0.1589214,0.9822008
0.1589214,0.9822008
0.1589214,0.9822008
0.1589214,0.9822008
0.1589214,0.9822008
0.1589214,0.9822008
0.1589214,0.9822008
0.1589214,0.9822008
0.1589214,0.9822008
0.1589214,0.9822008
0.1589214,0.9822008
0.1589214,0.9822008
0.1589214,0.9822008
0.1589214,0.9822008
0.1589214,0.9822008
0.1589214,0.9822008
0.1589214,0.9822008
0.1589214,0.9822008
0.1589214,0.9822008
0.1589214,0.9822008
0.1589214,0.9822008
0.1589214,0.9822008
0.1589214,0.9822008
0.1589214,0.9822008
0.1589214,0.9822008
0.1589214,0.9822008
0.1589214,0.9822008
0.1589214,0.9822008
0.1589214,0.9822008
0.1589214,0.9822008
0.1589214,0.9822008
0.1589214,0.9822008
0.1589214,0.9822008
0.1589214,0.9822008
0.1589214,0.9822008
0.1589214,0.9822008
0.1589214,0.9822008
0.1589214,0.9822008
0.1589214,0.9822008
0.1589214,0.9822008
0.1589214,0.9822008
0.1589214,0.9822008
0.4060516,0.1565874
0.4060516,0.1565874
0.4060516,0.1565874
0.4060516,0.1565874
0.1589214,0.9822008
0.1589214,0.9822008
0.1589214,0.9822009
0.1589214,0.9822008
0.1589214,0.9822008
0.1589214,0.9822008
0.1382702,0.9642856
0.1382702,0.9642856
0.1382702,0.9642856
0.1382702,0.9642856
0.1589214,0.9822008
0.1589214,0.9822008
0.1589214,0.9822008
0.1589214,0.9822007
0.1589214,0.9822008
0.1589214,0.9822008
0.1589214,0.9822007
0.1589214,0.9822008
0.1589214,0.9822008
0.1589214,0.9822008
0.1589214,0.9822008
0.1589214,0.9822008
0.1589213,0.9822007
0.1589214,0.9822008
0.1589214,0.9822009
0.1589214,0.9822008
0.1589214,0.9822008
0.1589213,0.9822007
0.1589214,0.9822008
0.1589214,0.9822008
0.1589214,0.9822008
0.1589214,0.9822008
0.1589214,0.9822008
0.1589214,0.9822008
0.1589214,0.9822008
0.1589214,0.9822008
0.1589214,0.9822008
0.1589214,0.9822008
0.1589214,0.9822008
0.1589214,0.9822008
0.1589214,0.9822008
0.1589214,0.9822007
0.1589214,0.9822008
0.1589214,0.9822008
0.1589214,0.9822007
0.1589214,0.9822008
0.1589214,0.9822008
0.1589214,0.9822008
0.4060516,0.1565874
0.4060516,0.1565874
0.4060516,0.1565874
0.4060516,0.1565874
0.1589214,0.9822008
0.1589214,0.9822008
0.1589214,0.9822008
0.1589214,0.9822008
0.1589214,0.9822008
0.1589214,0.9822009
0.1589213,0.9822007
0.1589214,0.9822008
0.1589214,0.9822009
0.1589214,0.9822008
0.1589214,0.9822009
0.1589214,0.9822008
0.1589214,0.9822008
0.1589213,0.9822007
0.1589214,0.9822008
0.1589214,0.9822008
0.1589214,0.9822008
0.1589214,0.9822008
0.1589214,0.9822008
0.1589214,0.9822008
0.1589214,0.9822009
0.1589214,0.9822008
0.1589214,0.9822008
0.1589214,0.9822008
0.1589214,0.9822008
0.1589214,0.9822008
0.1589214,0.9822008
0.1589214,0.9822008
0.1589214,0.9822008
0.1589214,0.9822008
0.1589214,0.9822008
0.1589214,0.9822008
0.1589214,0.9822008
0.1589214,0.9822008
0.1589214,0.9822007
0.1589214,0.9822008
0.1589214,0.9822008
0.1589214,0.9822008
0.1589214,0.9822008
0.1589214,0.9822008
0.1589214,0.9822008
0.1589214,0.9822008
0.1589214,0.9822008
0.1589214,0.9822008
0.1589214,0.9822008
0.1589214,0.9822008
0.1589214,0.9822008
0.1589214,0.9822008
0.1589214,0.9822008
0.1589214,0.9822008
0.1589214,0.9822008
0.1589214,0.9822008
0.1589214,0.9822008
0.1589214,0.9822008
0.1589214,0.9822008
0.1589214,0.9822008
0.1589214,0.9822008
0.1589214,0.9822008
0.1589214,0.9822008
0.1589214,0.9822008
0.1589214,0.9822008
0.1589214,0.9822007
0.1589214,0.9822008
0.1589214,0.9822008
0.1589214,0.9822009
0.1589214,0.9822008
0.1589214,0.9822007
0.1589214,0.9822009
0.1589214,0.9822008
0.1589214,0.9822008
0.1589214,0.9822008
0.1589214,0.9822008
0.1589214,0.9822008
0.2782891,0.9740325
0.2782891,0.9740325
0.2782891,0.9740325
0.2782891,0.9740325
0.1609307,0.5489225
0.1609307,0.5489225
0.1609307,0.5489225
0.1609307,0.5489225
0.1609307,0.5489225
0.1609307,0.5489225
0.1609307,0.5489225
0.1609307,0.5489225
0.1609307,0.5489225
0.1609307,0.5489225
0.1609307,0.5489225
0.1609307,0.5489225
0.1609307,0.5489225
0.1609307,0.5489225
0.1609307,0.5489225
0.1609307,0.5489225
0.1609307,0.5489225
0.1609307,0.5489225
0.1609307,0.5489225
0.1609307,0.5489225
0.1609307,0.5489225
0.1609307,0.5489225
0.1609307,0.5489225
0.1609307,0.5489225
0.2913517,0.9870951
0.2913517,0.9870951
0.2913517,0.9870951
0.2913517,0.9870951
0.2913517,0.9870951
0.2913517,0.9870951
0.2913517,0.9870951
0.2913517,0.9870951
0.2782891,0.9740325
0.2782891,0.9740325
0.2782891,0.9740325
0.2782891,0.9740325
0.2782891,0.9740325
0.2782891,0.9740325
0.2782891,0.9740325
0.2782891,0.9740325
0.2782891,0.9740325
0.2782891,0.9740325
0.2782891,0.9740325
0.2782891,0.9740325
0.2782891,0.9740325
0.2782891,0.9740325
0.092421,0.4528087
0.092421,0.4528087
0.092421,0.4528087
0.092421,0.4528087
0.092421,0.4528087
0.092421,0.4528087
0.092421,0.9607771
0.092421,0.9607771
0.092421,0.9607771
0.092421,0.9607771
0.092421,0.9607771
0.092421,0.9607771
0.092421,0.9607771
0.092421,0.9607771
0.092421,0.9607771
0.092421,0.9607771
0.092421,0.9607771
0.092421,0.9607771
0.092421,0.9607771
0.092421,0.9607771
0.092421,0.9607771
0.092421,0.9607771
0.092421,0.9607771
0.092421,0.9607771
0.092421,0.9607771
0.092421,0.9607771
0.092421,0.9607771
0.092421,0.9607771
0.092421,0.9607771
0.092421,0.9607771
0.092421,0.9607771
0.092421,0.9607771
0.092421,0.9607771
0.092421,0.9607771
0.092421,0.9607771
0.092421,0.9607771
0.092421,0.9607771
0.092421,0.9607771
0.092421,0.9607771
0.092421,0.9607771
0.092421,0.9607771
0.092421,0.9607771
0.092421,0.9607771
0.092421,0.9607771
0.092421,0.9607771
0.092421,0.9607771
0.092421,0.9607771
0.092421,0.9607771
0.092421,0.9607771
0.092421,0.9607771
0.092421,0.9607771
0.092421,0.9607771
0.092421,0.9607771
0.092421,0.9607771
0.092421,0.9607771
0.092421,0.9607771
0.092421,0.9607771
0.092421,0.9607771
0.092421,0.9607771
0.092421,0.9607771
0.092421,0.9607771
0.092421,0.9607771
0.092421,0.9607771
0.092421,0.9607771
0.092421,0.9607771
0.092421,0.9607771
0.092421,0.9607771
0.092421,0.9607771
0.092421,0.9607771
0.092421,0.9607771
0.092421,0.9607771
0.092421,0.9607771
0.092421,0.9607771
0.092421,0.9607771
0.092421,0.9607771
0.092421,0.9607771
0.092421,0.9607771
0.092421,0.9607771
0.092421,0.9607771
0.092421,0.9607771
0.092421,0.9607771
0.092421,0.9607771
0.092421,0.9607771
0.092421,0.9607771
0.092421,0.9607771
0.092421,0.9607771
0.1498412,0.5320845
0.1498412,0.5320845
0.1498412,0.5320845
0.1498412,0.5320845
0.1498412,0.5320845
0.1498412,0.5320845
0.1498412,0.5320845
0.1498412,0.5320845
0.1498412,0.5320845
0.1498412,0.5320845
0.1498412,0.5320845
0.1498412,0.5320845
0.1498412,0.5320845
0.1498412,0.5320845
0.1498412,0.5320845
0.1498412,0.5320845
0.1498412,0.5320845
0.1498412,0.5320845
0.1498412,0.5320845
0.1498412,0.5320845
0.1498412,0.5320845
0.1498412,0.5320845
0.1498412,0.5320845
0.1498412,0.5320845
0.1498412,0.5320845
0.1498412,0.5320845
0.1498412,0.5320845
0.1498412,0.5320845
0.1498412,0.5320845
0.1498412,0.5320845
0.1498412,0.5320845
0.1498412,0.5320845
0.1498412,0.5320845
0.1498412,0.5320845
0.1498412,0.5320845
0.1498412,0.5320845
0.1498412,0.5320845
0.1498412,0.5320845
0.1498412,0.5320845
0.1498412,0.5320845
0.1498412,0.5320845
0.1498412,0.5320845
0.1498412,0.5320845
0.1498412,0.5320845
0.1498412,0.5320845
0.1498412,0.5320845
0.1498412,0.5320845
0.1498412,0.5320845
0.1498412,0.5320845
0.1498412,0.5320845
0.1498412,0.5320845
0.1498412,0.5320845
0.1498412,0.5320845
0.1498412,0.5320845
0.1498412,0.5320845
0.1498412,0.5320845
0.1498412,0.5320845
0.1498412,0.5320845
0.1498412,0.5320845
0.1498412,0.5320845
0.1498412,0.5320845
0.1498412,0.5320845
0.1498412,0.5320845
0.1498412,0.5320845
0.1498412,0.5320845
0.1498412,0.5320845
0.1498412,0.5320845
0.1498412,0.5320845
0.1498412,0.5320845
0.1498412,0.5320844
0.1498412,0.5320845
0.1498412,0.5320845
0.1498412,0.5320845
0.1498412,0.5320845
0.1498412,0.5320845
0.1498412,0.5320845
0.1498412,0.5320845
0.1498412,0.5320845
0.1498412,0.5320845
0.1498412,0.5320845
0.1498412,0.5320845
0.1498412,0.5320845
0.1498412,0.5320844
0.1498412,0.5320844
0.1498412,0.5320845
0.1498412,0.5320845
0.1498412,0.5320845
0.1498412,0.5320845
0.1498412,0.5320845
0.1498412,0.5320845
0.1498412,0.5320845
0.1498412,0.5320845
0.1498412,0.5320845
0.1498412,0.5320845
0.1498412,0.5320844
0.1498412,0.5320845
0.1498412,0.5320845
0.1498411,0.5320845
0.1498412,0.5320845
0.1498412,0.5320845
0.1498412,0.5320845
0.1498412,0.5320845
0.1498412,0.5320845
0.1498412,0.5320845
0.1498412,0.5320845
0.1498412,0.5320845
0.1498412,0.5320845
0.1498412,0.5320845
0.1498412,0.5320845
0.1498412,0.5320845
0.1498412,0.5320845
0.1498412,0.5320845
0.1498412,0.5320845
0.1498412,0.5320845
0.1498412,0.5320845
0.1498412,0.5320845
0.1498412,0.5320845
0.1498412,0.5320845
0.1498412,0.5320845
0.1498412,0.5320845
0.1498412,0.5320845
0.1498412,0.5320845
0.1498412,0.5320845
0.1498412,0.5320845
0.1498412,0.5320845
0.1498412,0.5320845
0.1498412,0.5320845
0.1498412,0.5320845
0.1498412,0.5320845
0.1498412,0.5320845
0.2782891,0.9740325
0.2782891,0.9740325
0.2782891,0.9740325
0.2782891,0.9740325
0.2782891,0.9740325
0.2782891,0.9740325
0.2782891,0.9740325
0.2782891,0.9740325
0.1498411,0.5320845
0.1498412,0.5320845
0.1498412,0.5320845
0.1498412,0.5320845
0.1498412,0.5320845
0.1498412,0.5320845
0.1498412,0.5320845
0.1498412,0.5320845
0.1498411,0.5320845
0.1498412,0.5320845
0.1498412,0.5320845
0.1498412,0.5320845
0.1498412,0.5320845
0.1498412,0.5320845
0.1498412,0.5320845
0.1498411,0.5320845
0.1498412,0.5320845
0.1498412,0.5320845
0.4060516,0.1565874
0.4060516,0.1565874
0.4060516,0.1565874
0.4060516,0.1565874
0.1498412,0.5320845
0.1498412,0.5320845
0.1498412,0.5320845
0.1498412,0.5320845
0.1498412,0.5320845
0.1498412,0.5320845
0.1498412,0.5320845
0.1498412,0.5320845
0.1498412,0.5320845
0.1498412,0.5320845
0.1498411,0.5320845
0.1498412,0.5320845
0.1498412,0.5320845
0.1498412,0.5320845
0.1498412,0.5320845
0.1498411,0.5320845
0.1498412,0.5320845
0.1498412,0.5320845
0.1498412,0.5320845
0.1498412,0.5320845
0.1498412,0.5320845
0.1498412,0.5320845
0.1498412,0.5320845
0.1498412,0.5320845
0.1498412,0.5320845
0.1498412,0.5320845
0.1589214,0.9822008
0.1589214,0.9822008
0.1589214,0.9822008
0.1589214,0.9822009
0.1589214,0.9822008
0.1589214,0.9822009
0.1589214,0.9822009
0.1589214,0.9822008
0.1589214,0.9822008
0.1589214,0.9822008
0.1589214,0.9822008
0.1589214,0.9822008
0.1498412,0.5320845
0.1498412,0.5320845
0.1498412,0.5320845
0.1498412,0.5320845
0.1498412,0.5320845
0.1498412,0.5320845
0.1498412,0.5320845
0.1498412,0.5320845
0.1741609,0.9778466
0.1741609,0.9778466
0.1741609,0.9778466
0.1741609,0.9778466
0.1741609,0.9778466
0.1741609,0.9778466
0.1741609,0.9778466
0.1741609,0.9778466
0.1498412,0.5320845
0.1498412,0.5320845
0.1498412,0.5320845
0.1498412,0.5320845
0.092421,0.9726826
0.092421,0.9726826
0.092421,0.9726826
0.092421,0.9726826
0.1589214,0.9822008
0.1589214,0.9822008
0.1589214,0.9822009
0.1589214,0.9822008
0.1589214,0.9822008
0.1589214,0.9822008
0.092421,0.4528087
0.092421,0.4528087
0.092421,0.4528087
0.092421,0.4528087
0.092421,0.4528087
0.2782891,0.9740325
0.2782891,0.9740325
0.2782891,0.9740325
0.2782891,0.9740325
0.2782891,0.9740325
0.2782891,0.9740325
0.2782891,0.9740325
0.2782891,0.9740325
0.2957058,0.9631472
0.2957058,0.9631472
0.2957058,0.9631472
0.2957058,0.9631472
0.2957059,0.9631472
0.1498412,0.5320845
0.1498412,0.5320845
0.1498412,0.5320845
0.1498412,0.5320845
0.1498412,0.5320845
0.1498412,0.5320845
0.1498412,0.5320845
0.1498412,0.5320845
0.1498412,0.5320845
0.2782891,0.9740325
0.2782891,0.9740325
0.2782891,0.9740325
0.2782891,0.9740325
0.2782891,0.9740325
0.2782891,0.9740325
0.2782891,0.9740325
0.2782891,0.9740325
0.2782891,0.9740325
0.2782891,0.9740325
0.2782891,0.9740325
0.2782891,0.9740325
0.2782891,0.9740325
0.2782891,0.9740325
0.2782891,0.9740325
0.2782891,0.9740325
0.2782891,0.9740325
0.2782891,0.9740325
0.2782891,0.9740325
0.2782891,0.9740325
0.2782891,0.9740325
0.2782891,0.9740325
0.2782891,0.9740325
0.2782891,0.9740325
0.2782891,0.9740325
0.2782891,0.9740325
0.2782891,0.9740325
0.2782891,0.9740325
0.2782891,0.9740325
0.092421,0.4528087
0.092421,0.4528087
0.092421,0.4528087
0.092421,0.4528087
0.092421,0.4528087
0.2782891,0.9740325
0.2782891,0.9740325
0.2782891,0.9740325
0.2782891,0.9740325
0.2782891,0.9740325
0.2782891,0.9740325
0.2782891,0.9740325
0.2782891,0.9740325
0.4060516,0.1565874
0.4060516,0.1565874
0.4060516,0.1565874
0.4060516,0.1565874
0.4060516,0.1565874
0.4060516,0.1565874
0.4060516,0.1565874
0.1589214,0.9822008
0.1589214,0.9822008
0.1589214,0.9822008
0.1589214,0.9822008
0.1589214,0.9822008
0.1589214,0.9822008
0.1589214,0.9822008
0.1589214,0.9822008
0.1589214,0.9822008
0.1589214,0.9822008
0.1589214,0.9822008
0.1589214,0.9822008
0.2782891,0.9740325
0.2782891,0.9740325
0.2782891,0.9740325
0.2782891,0.9740325
0.2782891,0.9740325
0.2782891,0.9740325
0.2782891,0.9740325
0.2782891,0.9740325
0.2782891,0.9740325
0.2782891,0.9740325
0.2782891,0.9740325
0.2782891,0.9740325
0.1498412,0.5320845
0.1498412,0.5320845
0.1498412,0.5320845
0.1498412,0.5320845
0.1498412,0.5320845
0.1498412,0.5320845
0.1498412,0.5320845
0.1498412,0.5320845
0.2913517,0.9870951
0.2913517,0.9870951
0.2913517,0.9870951
0.2913516,0.9870949
0.2913517,0.9870951
0.2913517,0.9870951
0.2913517,0.9870951
0.2913517,0.9870951
0.2913517,0.9870951
0.2913517,0.987095
0.2913517,0.9870951
0.2913517,0.9870951
0.2913517,0.9870949
0.2913517,0.9870951
0.2913517,0.9870951
0.2913517,0.9870951
0.2913517,0.9870951
0.2913517,0.9870951
0.2913517,0.9870951
0.2913517,0.9870951
0.2913517,0.9870949
0.2913517,0.9870951
0.2913516,0.987095
0.2913517,0.9870951
0.2913517,0.9870951
0.2913517,0.9870951
0.2913517,0.987095
0.2913517,0.9870951
0.2913517,0.987095
0.2913517,0.9870951
0.2913517,0.9870951
0.2913517,0.9870951
0.2913517,0.9870951
0.2913517,0.9870951
0.2913517,0.9870951
0.2913516,0.987095
0.2913517,0.987095
0.2913517,0.9870951
0.2913517,0.9870951
0.2913517,0.9870951
0.2913517,0.9870951
0.2913517,0.9870951
0.2913517,0.9870951
0.2913517,0.987095
0.2913516,0.987095
0.2913517,0.9870951
0.2913516,0.9870951
0.2913517,0.9870951
0.2913517,0.9870951
0.2913516,0.987095
0.2913517,0.9870951
0.2913517,0.9870951
0.2913517,0.9870951
0.2913517,0.9870951
0.2913516,0.9870951
0.2913517,0.9870951
0.2913517,0.9870951
0.2913516,0.9870951
0.2913517,0.9870951
0.2913517,0.9870951
0.2913516,0.9870951
0.2913517,0.9870951
0.2913517,0.9870951
0.2913517,0.9870951
0.2913517,0.9870951
0.2913517,0.9870951
0.2913517,0.9870951
0.2913517,0.9870951
0.2913517,0.9870951
0.2913516,0.987095
0.2913517,0.9870951
0.2913517,0.9870951
0.2913516,0.9870951
0.2913517,0.9870951
0.2913516,0.987095
0.2913517,0.9870949
0.2913516,0.987095
0.2913517,0.9870951
0.2913517,0.9870951
0.2913517,0.9870951
0.2913516,0.987095
0.2913517,0.9870951
0.2913517,0.9870951
0.2913517,0.9870949
0.2913516,0.9870951
0.2913517,0.9870951
0.2913517,0.9870951
0.2913517,0.9870951
0.2913517,0.9870951
0.2913517,0.987095
0.2913516,0.9870951
0.2913517,0.987095
0.2913517,0.9870951
0.2913517,0.9870951
0.2913517,0.9870951
0.2913517,0.9870951
0.2913516,0.9870951
0.2913517,0.9870951
0.2913516,0.987095
0.2913517,0.9870952
0.2913517,0.9870951
0.2913517,0.9870951
0.2913517,0.9870952
0.2913517,0.9870951
0.2913517,0.9870951
0.2913517,0.9870951
0.2913517,0.9870951
0.2913517,0.9870951
0.2913517,0.987095
0.2913517,0.9870951
0.2913517,0.9870951
0.1741609,0.9778466
0.1741609,0.9778466
0.1741609,0.9778466
0.1741609,0.9778466
0.1741609,0.9778466
0.1741609,0.9778466
0.1741609,0.9778466
0.1741609,0.9778466
0.1589214,0.9822008
0.1589214,0.9822008
0.1589214,0.9822008
0.1589214,0.9822008
0.1589214,0.9822008
0.1589214,0.9822008
0.1498412,0.5320845
0.1498412,0.5320845
0.1498412,0.5320845
0.1498412,0.5320845
0.092421,0.9726826
0.092421,0.9726826
0.092421,0.9726826
0.092421,0.9726826
0.1498412,0.5320845
0.1498412,0.5320845
0.1498412,0.5320845
0.1498412,0.5320845
0.1498412,0.5320845
0.4060516,0.1565874
0.4060516,0.1565874
0.4060516,0.1565874
0.4060516,0.1565874
0.4060516,0.1565874
0.4060516,0.1565874
0.1498412,0.5320845
0.1498412,0.5320845
0.1498412,0.5320845
0.1498412,0.5320845
0.1498412,0.5320845
0.1498412,0.5320845
0.1498412,0.5320845
0.1498412,0.5320845
0.1498412,0.5320845
0.1498412,0.5320845
0.1498412,0.5320845
0.1498412,0.5320845
0.4060516,0.1565874
0.4060516,0.1565874
0.4060516,0.1565874
0.4060516,0.1565874
0.4060516,0.1565874
0.4060516,0.1565874
0.2957059,0.9631472
0.2957058,0.9631472
0.2957058,0.9631472
0.2957058,0.9631472
0.2957058,0.9631472
0.2957058,0.9631472
0.3991173,0.155817
0.3991172,0.155817
0.3991172,0.155817
0.3991172,0.1558169
0.1498412,0.5320844
0.1498412,0.5320845
0.1498412,0.5320845
0.1498412,0.5320844
0.1498412,0.5320844
0.1498412,0.5320845
0.1498412,0.5320845
0.1498412,0.5320845
0.1498412,0.5320845
0.1498412,0.5320845
0.1498412,0.5320845
0.1498412,0.5320845
0.1498412,0.5320845
0.1498412,0.5320845
0.1498412,0.5320845
0.1498412,0.5320845
0.1498412,0.5320845
0.1498412,0.5320845
0.3991172,0.155817
0.3991172,0.155817
0.3991172,0.155817
0.3991172,0.155817
0.3991172,0.155817
0.3991172,0.155817
0.4060516,0.1565874
0.4060516,0.1565874
0.4060516,0.1565874
0.4060516,0.1565874
0.1498412,0.5320845
0.1498412,0.5320845
0.1498412,0.5320845
0.1498412,0.5320845
0.1498412,0.5320845
0.1498412,0.5320845
0.1498412,0.5320845
0.1498412,0.5320845
0.1498412,0.5320845
0.1498412,0.5320845
0.1498412,0.5320845
0.1498412,0.5320845
0.1498412,0.5320845
0.1498412,0.5320845
0.1498412,0.5320845
0.1498412,0.5320845
0.1498412,0.5320845
0.1498412,0.5320845
0.1498412,0.5320845
0.1498412,0.5320845
0.1498412,0.5320845
0.1498412,0.5320845
0.1498412,0.5320845
0.1498412,0.5320845
0.1498412,0.5320845
0.1498412,0.5320845
0.1498412,0.5320845
0.1498412,0.5320845
0.1498412,0.5320845
0.1498412,0.5320845
0.1498412,0.5320845
0.1498412,0.5320845
0.1498412,0.5320845
0.1498412,0.5320845
0.4060516,0.1565874
0.4060516,0.1565874
0.4060516,0.1565874
0.4060516,0.1565874
0.2897613,0.9683711
0.2897613,0.9683711
0.2897613,0.9683711
0.2897613,0.968371
0.2897613,0.9683711
0.2897613,0.9683711
0.2897613,0.9683711
0.2897614,0.9683712
0.2897613,0.9683712
0.2897614,0.9683711
0.2897613,0.9683711
0.2897613,0.968371
0.2897613,0.968371
0.2897613,0.9683711
0.2897613,0.968371
0.2897614,0.9683712
0.2897613,0.9683712
0.2897613,0.9683712
0.2897613,0.968371
0.2897614,0.9683712
0.2897613,0.9683712
0.2897613,0.9683711
0.2897613,0.9683711
0.2897613,0.9683711
0.2897613,0.9683711
0.4029697,0.1519645
0.4029697,0.1519645
0.4029697,0.1519645
0.4029697,0.1519645
0.4029697,0.1519645
0.4029697,0.1519645
0.4029697,0.1519645
0.4029697,0.1519645
0.3991172,0.155817
0.3991172,0.155817
0.3991172,0.155817
0.3991172,0.155817
0.1498412,0.5320845
0.1498412,0.5320845
0.1498412,0.5320845
0.1498412,0.5320845
0.1498412,0.5320845
0.1498412,0.5320845
0.1498412,0.5320845
0.1498412,0.5320845
0.1498412,0.5320845
0.1498412,0.5320845
0.1498412,0.5320845
0.1498412,0.5320845
0.2928433,0.972994
0.2928433,0.972994
0.2928433,0.972994
0.2928433,0.972994
0.2928433,0.972994
0.2928433,0.972994
0.1741609,0.9778466
0.1741609,0.9778466
0.1741609,0.9778466
0.1741609,0.9778466
0.1741609,0.9778465
0.1741609,0.9778466
0.1741609,0.9778466
0.1741609,0.9778466
0.174161,0.9778466
0.1741609,0.9778466
0.1741609,0.9778466
0.1741609,0.9778466
0.1741609,0.9778466
0.1741609,0.9778466
0.1741609,0.9778466
0.1741609,0.9778466
0.1741609,0.9778466
0.1741609,0.9778466
0.1741609,0.9778466
0.1741609,0.9778466
0.1741609,0.9778466
0.1741609,0.9778466
0.1741609,0.9778466
0.1741609,0.9778466
0.1741609,0.9778466
0.1741609,0.9778466
0.1741609,0.9778466
0.1741609,0.9778466
0.1741609,0.9778466
0.1741609,0.9778466
0.1741609,0.9778466
0.1741609,0.9778466
0.1741609,0.9778466
0.1741609,0.9778466
0.1741609,0.9778466
0.1741609,0.9778466
0.1741609,0.9778466
0.1741609,0.9778466
0.3991172,0.155817
0.3991172,0.155817
0.3991172,0.155817
0.3991173,0.155817
0.1741609,0.9778466
0.1741609,0.9778466
0.1741609,0.9778466
0.174161,0.9778466
0.1741609,0.9778466
0.1741609,0.9778466
0.1741609,0.9778465
0.1741609,0.9778466
0.1741609,0.9778466
0.1741609,0.9778466
0.1741609,0.9778466
0.1741609,0.9778466
0.1741609,0.9778466
0.1741609,0.9778466
0.1741609,0.9778466
0.1741609,0.9778466
0.174161,0.9778466
0.1741609,0.9778466
0.1741609,0.9778466
0.174161,0.9778466
0.1741609,0.9778466
0.1741609,0.9778466
0.1741609,0.9778466
0.1741609,0.9778466
0.1741609,0.9778466
0.1741609,0.9778466
0.1741609,0.9778466
0.1741609,0.9778466
0.1741609,0.9778466
0.1741609,0.9778466
0.1741609,0.9778466
0.1741609,0.9778466
0.1741609,0.9778466
0.1741609,0.9778466
0.1741609,0.9778466
0.1741609,0.9778466
0.1741609,0.9778466
0.1741609,0.9778466
0.1741609,0.9778466
0.1741609,0.9778466
0.1741609,0.9778466
0.1741609,0.9778466
0.1741609,0.9778466
0.1741609,0.9778466
0.1741609,0.9778465
0.1741609,0.9778466
0.1741609,0.9778466
0.1741609,0.9778466
0.1741609,0.9778466
0.1741609,0.9778466
0.1741609,0.9778466
0.1741609,0.9778466
0.1741609,0.9778466
0.1741609,0.9778466
0.1741609,0.9778466
0.1741609,0.9778466
0.1741609,0.9778466
0.1741609,0.9778466
0.1741609,0.9778466
0.1741609,0.9778466
0.1741609,0.9778466
0.1741609,0.9778466
0.1741609,0.9778466
0.1741609,0.9778466
0.1741609,0.9778466
0.1741609,0.9778466
0.1741609,0.9778466
0.1741609,0.9778466
0.1741609,0.9778466
0.1741609,0.9778466
0.1741609,0.9778466
0.1741609,0.9778466
0.1741609,0.9778466
0.1741609,0.9778466
0.1741609,0.9778466
0.1741609,0.9778466
0.1741609,0.9778466
0.1741609,0.9778466
0.1420922,0.535959
0.1420922,0.535959
0.1420922,0.535959
0.1420922,0.535959
0.1420922,0.535959
0.1420922,0.535959
0.1420922,0.535959
0.1420922,0.535959
0.1420922,0.535959
0.092421,0.9726826
0.092421,0.9726826
0.092421,0.9726826
0.092421,0.9726826
0.092421,0.9726826
0.092421,0.9726826
0.1698068,0.5163048
0.1698068,0.5163048
0.1698068,0.5163048
0.1698068,0.5163048
0.1698068,0.5163048
0.1698068,0.5163048
0.092421,0.9726826
0.092421,0.9726826
0.092421,0.9726826
0.092421,0.9726826
0.092421,0.9726826
0.092421,0.9726826
0.092421,0.9726826
0.092421,0.9726826
0.1741609,0.9778466
0.1741609,0.9778466
0.1741609,0.9778466
0.1741609,0.9778466
0.1579823,0.525609
0.1579823,0.525609
0.1579823,0.525609
0.1579823,0.525609
0.1589214,0.9822008
0.1589214,0.9822008
0.1589214,0.9822008
0.1589214,0.9822008
0.1589214,0.9822008
0.1589214,0.9822008
0.1589214,0.9822008
0.1589214,0.9822008
0.1589214,0.9822008
0.1589214,0.9822008
0.1589214,0.9822008
0.1589214,0.9822008
0.1589214,0.9822008
0.1589214,0.9822008
0.4060516,0.1565874
0.4060516,0.1565874
0.4060516,0.1565874
0.4060516,0.1565874
0.1589214,0.9822008
0.1589214,0.9822009
0.1589214,0.9822008
0.1589214,0.9822008
0.1589214,0.9822008
0.1589214,0.9822008
0.1382702,0.9642856
0.1382702,0.9642856
0.1382702,0.9642856
0.1382702,0.9642856
0.1589214,0.9822008
0.1589214,0.9822008
0.1589213,0.9822007
0.1589214,0.9822008
0.1589214,0.9822009
0.1589213,0.9822007
0.1589214,0.9822008
0.1589214,0.9822008
0.4060516,0.1565874
0.4060516,0.1565874
0.4060516,0.1565874
0.4060516,0.1565874
0.1589214,0.9822008
0.1589214,0.9822008
0.1589214,0.9822008
0.1589214,0.9822008
0.1589214,0.9822008
0.1589213,0.9822007
0.1589214,0.9822009
0.1589214,0.9822008
0.1589214,0.9822009
0.1589214,0.9822008
0.1589214,0.9822009
0.1589214,0.9822008
0.1589214,0.9822008
0.1589213,0.9822007
0.1589214,0.9822008
0.1589214,0.9822008
0.1589214,0.9822008
0.1589214,0.9822008
0.1589214,0.9822008
0.1589214,0.9822008
0.1589214,0.9822009
0.1589214,0.9822008
0.1589214,0.9822008
0.1589214,0.9822008
0.1589214,0.9822008
0.1589214,0.9822008
0.1589214,0.9822008
0.1589214,0.9822008
0.1589214,0.9822008
0.1589214,0.9822008
0.1589214,0.9822008
0.1589214,0.9822008
0.1589214,0.9822008
0.1589214,0.9822008
0.1589214,0.9822007
0.1589214,0.9822008
0.1589214,0.9822008
0.1589214,0.9822008
0.1589214,0.9822008
0.1589214,0.9822008
0.1589214,0.9822008
0.1589214,0.9822008
0.1589214,0.9822008
0.1589214,0.9822008
0.1589214,0.9822008
0.1589214,0.9822008
0.1589214,0.9822008
0.1589214,0.9822008
0.1589214,0.9822008
0.1589214,0.9822008
0.1589214,0.9822008
0.1589214,0.9822007
0.1589214,0.9822009
0.1589214,0.9822008
0.1589214,0.9822008
0.1589214,0.9822008
0.1589214,0.9822008
0.1589214,0.9822009
0.1589214,0.9822007
0.1589214,0.9822008
0.1589214,0.9822008
0.1589214,0.9822008
0.1589214,0.9822008
0.2782891,0.9740325
0.2782891,0.9740325
0.2782891,0.9740325
0.2782891,0.9740325
0.1609307,0.5489225
0.1609307,0.5489225
0.1609307,0.5489225
0.1609307,0.5489225
0.2913517,0.9870951
0.2913517,0.9870951
0.2913517,0.9870951
0.2913517,0.9870951
0.2913517,0.9870951
0.2913517,0.9870951
0.2913517,0.9870951
0.2913517,0.9870951
0.2782891,0.9740325
0.2782891,0.9740325
0.2782891,0.9740325
0.2782891,0.9740325
0.2782891,0.9740325
0.2782891,0.9740325
0.2782891,0.9740325
0.2782891,0.9740325
0.2782891,0.9740325
0.2782891,0.9740325
0.2782891,0.9740325
0.2782891,0.9740325
0.2782891,0.9740325
0.2782891,0.9740325
0.092421,0.4528087
0.092421,0.4528087
0.092421,0.4528087
0.092421,0.4528087
0.092421,0.4528087
0.092421,0.4528087
0.092421,0.9607771
0.092421,0.9607771
0.092421,0.9607771
0.092421,0.9607771
0.092421,0.9607771
0.092421,0.9607771
0.092421,0.9607771
0.092421,0.9607771
0.092421,0.9607771
0.092421,0.9607771
0.092421,0.9607771
0.092421,0.9607771
0.092421,0.9607771
0.092421,0.9607771
0.092421,0.9607771
0.092421,0.9607771
0.092421,0.9607771
0.092421,0.9607771
0.092421,0.9607771
0.092421,0.9607771
0.092421,0.9607771
0.092421,0.9607771
0.092421,0.9607771
0.092421,0.9607771
0.092421,0.9607771
0.092421,0.9607771
0.092421,0.9607771
0.092421,0.9607771
0.092421,0.9607771
0.092421,0.9607771
0.092421,0.9607771
0.092421,0.9607771
0.092421,0.9607771
0.092421,0.9607771
0.092421,0.9607771
0.092421,0.9607771
0.092421,0.9607771
0.092421,0.9607771
0.092421,0.9607771
0.092421,0.9607771
0.092421,0.9607771
0.092421,0.9607771
0.092421,0.9607771
0.092421,0.9607771
0.092421,0.9607771
0.092421,0.9607771
0.092421,0.9607771
0.092421,0.9607771
0.092421,0.9607771
0.092421,0.9607771
0.092421,0.9607771
0.092421,0.9607771
0.092421,0.9607771
0.092421,0.9607771
0.092421,0.9607771
0.092421,0.9607771
0.092421,0.9607771
0.092421,0.9607771
0.092421,0.9607771
0.092421,0.9607771
0.092421,0.9607771
0.092421,0.9607771
0.1498412,0.5320845
0.1498412,0.5320845
0.1498412,0.5320845
0.1498412,0.5320845
0.1498412,0.5320845
0.1498412,0.5320845
0.1498412,0.5320845
0.1498412,0.5320845
0.1498412,0.5320845
0.1498412,0.5320845
0.1498412,0.5320845
0.1498412,0.5320845
0.1498412,0.5320845
0.1498412,0.5320845
0.1498412,0.5320845
0.1498412,0.5320845
0.1498412,0.5320845
0.1498412,0.5320845
0.1498412,0.5320845
0.1498412,0.5320845
0.1498412,0.5320845
0.1498412,0.5320845
0.1498412,0.5320845
0.1498412,0.5320845
0.1498412,0.5320845
0.1498412,0.5320845
0.1498412,0.5320845
0.1498412,0.5320845
0.1498412,0.5320845
0.1498412,0.5320845
0.1498412,0.5320845
0.1498412,0.5320845
0.1498412,0.5320845
0.1498412,0.5320845
0.1498412,0.5320845
0.1498412,0.5320845
0.1498412,0.5320845
0.1498412,0.5320845
0.1498412,0.5320845
0.1498412,0.5320845
0.1498412,0.5320845
0.1498412,0.5320845
0.1498412,0.5320845
0.1498412,0.5320845
0.1498412,0.5320845
0.1498412,0.5320845
0.1498412,0.5320845
0.1498412,0.5320845
0.1498412,0.5320845
0.1498412,0.5320845
0.1498412,0.5320845
0.1498412,0.5320845
0.1498412,0.5320845
0.1498412,0.5320845
0.1498412,0.5320845
0.1498412,0.5320845
0.1498412,0.5320845
0.1498412,0.5320845
0.1498412,0.5320845
0.1498412,0.5320845
0.1498412,0.5320845
0.1498412,0.5320845
0.1498412,0.5320845
0.1498412,0.5320845
0.1498412,0.5320845
0.1498412,0.5320845
0.1498412,0.5320845
0.1498412,0.5320845
0.1498412,0.5320845
0.1498412,0.5320845
0.1498412,0.5320845
0.1498412,0.5320844
0.1498412,0.5320845
0.1498412,0.5320845
0.1498412,0.5320845
0.1498412,0.5320845
0.1498412,0.5320845
0.1498412,0.5320845
0.1498412,0.5320845
0.1498412,0.5320845
0.1498412,0.5320845
0.1498412,0.5320845
0.1498412,0.5320844
0.1498412,0.5320845
0.1498412,0.5320845
0.1498412,0.5320844
0.1498412,0.5320845
0.1498412,0.5320845
0.1498412,0.5320845
0.1498412,0.5320845
0.1498412,0.5320845
0.1498412,0.5320845
0.1498412,0.5320845
0.1498412,0.5320845
0.1498412,0.5320844
0.1498412,0.5320845
0.1498412,0.5320845
0.1498411,0.5320845
0.1498411,0.5320845
0.1498412,0.5320845
0.1498412,0.5320844
0.1498412,0.5320845
0.1498412,0.5320845
0.1498412,0.5320845
0.1498412,0.5320845
0.1498412,0.5320845
0.1498412,0.5320845
0.1498412,0.5320845
0.1498412,0.5320845
0.1498412,0.5320845
0.1498412,0.5320845
0.1498412,0.5320845
0.1498412,0.5320845
0.1498412,0.5320845
0.1498412,0.5320845
0.1498412,0.5320845
0.1498412,0.5320845
0.1498412,0.5320845
0.1498412,0.5320845
0.1498412,0.5320845
0.1498412,0.5320845
0.1498412,0.5320845
0.1498412,0.5320845
0.1498412,0.5320845
0.1498412,0.5320845
0.1498412,0.5320845
0.1498412,0.5320845
0.1498412,0.5320845
0.1498412,0.5320845
0.1498412,0.5320845
0.1498412,0.5320845
0.1498412,0.5320845
0.1498412,0.5320845
0.1498412,0.5320845
0.2782891,0.9740325
0.2782891,0.9740325
0.2782891,0.9740325
0.2782891,0.9740325
0.2782891,0.9740325
0.2782891,0.9740325
0.2782891,0.9740325
0.2782891,0.9740325
0.1498412,0.5320845
0.1498412,0.5320845
0.1498412,0.5320845
0.1498412,0.5320845
0.1498412,0.5320845
0.1498412,0.5320845
0.1498412,0.5320845
0.1498411,0.5320845
0.4060516,0.1565874
0.4060516,0.1565874
0.4060516,0.1565874
0.4060516,0.1565874
0.1498412,0.5320845
0.1498412,0.5320845
0.1498412,0.5320845
0.1498412,0.5320845
0.1498412,0.5320845
0.1498412,0.5320845
0.1498412,0.5320845
0.1498412,0.5320845
0.1589214,0.9822008
0.1589214,0.9822009
0.1589214,0.9822008
0.1589214,0.9822008
0.1589214,0.9822008
0.1589214,0.9822008
0.1589214,0.9822009
0.1589214,0.9822009
0.1589214,0.9822008
0.1589214,0.9822008
0.1589214,0.9822008
0.1589214,0.9822008
0.1627277,0.5225002
0.1627277,0.5225002
0.1627277,0.5225002
0.1627277,0.5225002
0.1627277,0.5225002
0.1627277,0.5225002
0.1627277,0.5225002
0.1627277,0.5225002
0.1627277,0.5225002
0.1627277,0.5225002
0.1627277,0.5225002
0.1627277,0.5225002
0.1627277,0.5225002
0.1627277,0.5225002
0.1627277,0.5225002
0.1627277,0.5225002
0.1627277,0.5225002
0.1627277,0.5225002
0.1627277,0.5225002
0.1627277,0.5225002
0.1627277,0.5225002
0.1627277,0.5225002
0.1627277,0.5225002
0.1627277,0.5225002
0.1627277,0.5225002
0.1627277,0.5225002
0.1627277,0.5225002
0.1627277,0.5225002
0.1627277,0.5225002
0.1627277,0.5225002
0.1627277,0.5225002
0.1627277,0.5225002
0.1627277,0.5225002
0.1627277,0.5225002
0.1627277,0.5225002
0.1627277,0.5225002
0.1627277,0.5225002
0.1627277,0.5225002
0.1627277,0.5225002
0.1627277,0.5225002
0.1627277,0.5225002
0.1627277,0.5225002
0.1627277,0.5225002
0.1627277,0.5225002
0.1627277,0.5225002
0.1627277,0.5225002
0.1627277,0.5225002
0.1627277,0.5225002
0.1627277,0.5225002
0.1627277,0.5225002
0.1627277,0.5225002
0.1627277,0.5225002
0.1627277,0.5225002
0.1627277,0.5225002
0.1627277,0.5225002
0.1627277,0.5225002
0.1627277,0.5225002
0.1627277,0.5225002
0.1627277,0.5225002
0.1627277,0.5225002
0.1627277,0.5225002
0.1627277,0.5225002
0.1627277,0.5225002
0.1627277,0.5225002
0.1627277,0.5225002
0.1627277,0.5225002
0.1627277,0.5225002
0.1627277,0.5225002
0.1627277,0.5225002
0.1627277,0.5225002
0.1627277,0.5225002
0.1627277,0.5225002
0.1627277,0.5225002
0.1627277,0.5225002
0.1627277,0.5225002
0.1627277,0.5225002
0.1627277,0.5225002
0.1627277,0.5225002
0.1627277,0.5225002
0.1627277,0.5225002
0.1627277,0.5225002
0.1627277,0.5225002
0.1627277,0.5225002
0.1626695,0.5333856
0.1626695,0.5333856
0.1626695,0.5333856
0.1626695,0.5333856
0.1626695,0.5333856
0.1626695,0.5333856
0.1626695,0.5333856
0.1626695,0.5333856
0.1626695,0.5333856
0.1626695,0.5333856
0.1626695,0.5333856
0.1626695,0.5333856
0.1626695,0.5333856
0.1626695,0.5333856
0.1626695,0.5333856
0.1626695,0.5333856
0.1626695,0.5333856
0.1626695,0.5333856
0.1626695,0.5333856
0.1626695,0.5333856
0.1626695,0.5333856
0.1626695,0.5333856
0.1626695,0.5333856
0.1626695,0.5333856
0.1626695,0.5333856
0.1626695,0.5333856
0.1626695,0.5333856
0.1626695,0.5333856
0.1626695,0.5333856
0.1626695,0.5333856
0.1626695,0.5333856
0.1626695,0.5333856
0.1626695,0.5333856
0.1626695,0.5333856
0.1626695,0.5333856
0.1626695,0.5333856
0.1626695,0.5333856
0.1626695,0.5333856
0.1626695,0.5333856
0.1626695,0.5333856
0.1626695,0.5333856
0.1626695,0.5333856
0.1626695,0.5333856
0.1626695,0.5333856
0.1626695,0.5333856
0.1626695,0.5333856
0.1626695,0.5333856
0.1626695,0.5333856
0.1626695,0.5333856
0.1626695,0.5333856
0.1626695,0.5333856
0.1626695,0.5333856
0.1626695,0.5333856
0.1626695,0.5333856
0.1626695,0.5333856
0.1626695,0.5333856
0.1626695,0.5333856
0.1626695,0.5333856
0.1626695,0.5333856
0.1626695,0.5333856
0.1626695,0.5333856
0.1626695,0.5333856
0.1626695,0.5333856
0.1626695,0.5333856
0.1626695,0.5333856
0.1626695,0.5333856
0.1626695,0.5333856
0.1626695,0.5333856
0.1626695,0.5333856
0.1626695,0.5333856
0.1626695,0.5333856
0.1626695,0.5333856
0.1626695,0.5333856
0.1626695,0.5333856
0.1626695,0.5333856
0.1626695,0.5333856
0.1626695,0.5333856
0.1626695,0.5333856
0.1626695,0.5333856
0.1626695,0.5333856
0.1626695,0.5333856
0.1626695,0.5333856
0.159525,0.5452027
0.159525,0.5452027
0.159525,0.5452027
0.159525,0.5452027
0.159525,0.5452027
0.159525,0.5452027
0.159525,0.5452027
0.159525,0.5452027
0.159525,0.5452027
0.159525,0.5452027
0.159525,0.5452027
0.159525,0.5452027
0.159525,0.5452027
0.159525,0.5452027
0.159525,0.5452026
0.159525,0.5452026
0.159525,0.5452027
0.159525,0.5452027
0.159525,0.5452027
0.159525,0.5452027
0.159525,0.5452027
0.159525,0.5452027
0.159525,0.5452027
0.159525,0.5452027
0.092421,0.9607771
0.092421,0.9607771
0.092421,0.9607771
0.092421,0.9607771
0.092421,0.9607771
0.092421,0.9607771
0.092421,0.9607771
0.092421,0.9607771
0.092421,0.9607771
0.092421,0.9607771
0.092421,0.9607771
0.092421,0.9607771
0.092421,0.9607771
0.092421,0.9607771
0.092421,0.9607771
0.092421,0.9607771
0.092421,0.9607771
0.092421,0.9607771
0.092421,0.9607771
0.092421,0.9607771
0.2175637,0.9744326
0.2175637,0.9744326
0.2175637,0.9744326
0.2175637,0.9744326
0.2175637,0.9744326
0.2175637,0.9744326
0.2175637,0.9744326
0.2175637,0.9744326
0.2175637,0.9744326
0.2175637,0.9744326
0.2175637,0.9744326
0.2175637,0.9744326
0.2175637,0.9744326
0.2175637,0.9744326
0.2175637,0.9744326
0.2175637,0.9744326
0.09242099,0.9488716
0.092421,0.9488716
0.092421,0.9488715
0.092421,0.9488716
0.092421,0.9488715
0.092421,0.9488716
0.092421,0.9488715
0.092421,0.9488716
0.08984375,0.9628906
0.08984375,0.9628906
0.08984375,0.9628906
0.08984375,0.9628906
0.08984375,0.9628906
0.08984369,0.9628906
0.08984369,0.9628906
0.08984375,0.9628906
0.08984375,0.9628906
0.08984375,0.9628906
0.08984375,0.9628906
0.08984375,0.9628906
0.08984375,0.9628906
0.08984375,0.9628906
0.08984375,0.9628906
0.08984375,0.9628906
0.09242099,0.9488716
0.092421,0.9488715
0.092421,0.9488716
0.092421,0.9488716
0.092421,0.9488715
0.092421,0.9488716
0.092421,0.9488715
0.092421,0.9488716
0.08984375,0.9628906
0.08984375,0.9628906
0.08984375,0.9628906
0.08984375,0.9628906
0.08984369,0.9628906
0.08984375,0.9628906
0.08984375,0.9628906
0.08984369,0.9628906
0.08984375,0.9628906
0.08984375,0.9628906
0.08984375,0.9628906
0.08984375,0.9628906
0.08984375,0.9628906
0.08984375,0.9628906
0.08984375,0.9628906
0.08984375,0.9628906
0.2970651,0.9506282
0.2970651,0.9506282
0.2970651,0.9506282
0.2970651,0.9506282
0.2970651,0.9506282
0.297065,0.9506282
0.297065,0.9506282
0.2970651,0.9506282
0.297065,0.9506282
0.2970651,0.9506282
0.2970651,0.9506282
0.297065,0.9506282
0.2970651,0.9506282
0.2970651,0.9506282
0.297065,0.9506282
0.2970651,0.9506282
0.2970651,0.9506282
0.2970651,0.9506282
0.2970651,0.9506282
0.2970651,0.9506282
0.2970651,0.9506282
0.2970651,0.9506282
0.297065,0.9506282
0.2970651,0.9506282
0.7789721,0.02421042
0.7789721,0.02421042
0.7789721,0.02421042
0.7789721,0.02421042
0.7789721,0.02421042
0.7789721,0.02421042
0.7789721,0.02421042
0.7789721,0.02421042
0.7789721,0.02421042
0.7789721,0.02421042
0.7789721,0.02421042
0.7789721,0.02421042
0.7789721,0.02421042
0.7789721,0.02421042
0.7789721,0.02421042
0.7789721,0.02421042
0.7789721,0.02421042
0.7789721,0.02421042
0.7789721,0.02421042
0.7789721,0.02421042
0.7789721,0.02421042
0.7789721,0.02421042
0.7789721,0.02421042
0.7789721,0.02421042
0.7789721,0.02421042
0.7789721,0.02421042
0.7789721,0.02421042
0.7789721,0.02421042
0.7789721,0.02421042
0.7789721,0.02421042
0.7789721,0.02421042
0.7789721,0.02421042
0.7789721,0.02421042
0.7789721,0.02421042
0.7789721,0.02421042
0.7789721,0.02421042
0.7789721,0.02421042
0.7789721,0.02421042
0.7789721,0.02421042
0.7789721,0.02421042
0.297065,0.9506282
0.2970651,0.9506282
0.2970651,0.9506282
0.297065,0.9506282
0.2970651,0.9506282
0.297065,0.9506282
0.297065,0.9506282
0.2970651,0.9506282
0.2970651,0.9506282
0.2970651,0.9506282
0.2970651,0.9506282
0.2970651,0.9506282
0.2970651,0.9506282
0.2970651,0.9506282
0.2970651,0.9506282
0.2970651,0.9506282
0.7869108,0.03667325
0.7869108,0.03667325
0.7869108,0.03667319
0.7869108,0.03667319
0.7869108,0.03667331
0.7869108,0.03667331
0.7869108,0.03667325
0.7869108,0.03667325
0.2970651,0.9506282
0.2970651,0.9506282
0.2970651,0.9506282
0.2970651,0.9506282
0.2970651,0.9506282
0.2970651,0.9506282
0.297065,0.9506282
0.297065,0.9506282
0.297065,0.9506282
0.297065,0.9506282
0.2970651,0.9506282
0.2970651,0.9506282
0.2970651,0.9506282
0.2970651,0.9506282
0.297065,0.9506282
0.2970651,0.9506282
0.2970651,0.9506282
0.2970651,0.9506282
0.2970651,0.9506282
0.2970651,0.9506282
0.2970651,0.9506282
0.2970651,0.9506282
0.297065,0.9506282
0.2970651,0.9506282
0.7789721,0.02421042
0.7789721,0.02421042
0.7789721,0.02421042
0.7789721,0.02421042
0.7789721,0.02421042
0.7789721,0.02421042
0.7789721,0.02421042
0.7789721,0.02421042
0.7789721,0.02421042
0.7789721,0.02421042
0.7789721,0.02421042
0.7789721,0.02421042
0.7789721,0.02421042
0.7789721,0.02421042
0.7789721,0.02421042
0.7789721,0.02421042
0.7789721,0.02421042
0.7789721,0.02421042
0.7789721,0.02421042
0.7789721,0.02421042
0.7789721,0.02421042
0.7789721,0.02421042
0.7789721,0.02421042
0.7789721,0.02421042
0.7789721,0.02421042
0.7789721,0.02421042
0.7789721,0.02421042
0.7789721,0.02421042
0.7789721,0.02421042
0.7789721,0.02421042
0.7789721,0.02421042
0.7789721,0.02421042
0.7789721,0.02421042
0.7789721,0.02421042
0.7789721,0.02421042
0.7789721,0.02421042
0.7789721,0.02421042
0.7789721,0.02421042
0.7789721,0.02421042
0.7789721,0.02421042
0.297065,0.9506282
0.297065,0.9506282
0.2970651,0.9506282
0.2970651,0.9506282
0.2970651,0.9506282
0.2970651,0.9506282
0.297065,0.9506282
0.297065,0.9506282
0.2970651,0.9506282
0.2970651,0.9506282
0.2970651,0.9506282
0.2970651,0.9506282
0.2970651,0.9506282
0.2970651,0.9506282
0.2970651,0.9506282
0.2970651,0.9506282
0.7869108,0.03667325
0.7869108,0.03667319
0.7869108,0.03667319
0.7869108,0.03667325
0.7869108,0.03667331
0.7869108,0.03667325
0.7869108,0.03667325
0.7869108,0.03667331
2
6693
0
1
2
3
4
5
6
7
8
9
10
11
12
13
14
15
16
17
18
19
20
21
22
23
24
25
26
27
28
29
30
31
32
33
34
35
36
37
38
39
40
41
42
43
44
45
46
47
48
49
50
51
52
53
54
55
56
57
58
59
60
61
62
63
64
65
66
67
68
69
70
71
72
73
74
75
76
77
78
79
80
81
82
83
84
85
86
87
88
89
90
91
92
93
94
95
96
97
93
98
99
100
100
101
102
103
104
105
106
107
108
109
110
111
112
113
114
115
116
117
118
119
120
118
120
121
122
123
124
122
124
125
126
127
128
126
128
129
130
131
132
130
132
133
134
135
136
134
136
137
138
139
140
138
140
141
142
143
144
142
144
145
146
147
148
146
148
149
150
151
152
150
152
153
154
155
156
154
156
157
158
159
160
158
160
161
162
163
164
162
164
165
166
167
168
166
168
169
170
171
172
170
172
173
174
175
176
174
176
177
178
179
180
178
180
181
182
183
184
182
184
185
186
187
188
186
188
189
190
191
192
190
192
193
194
195
196
194
196
197
198
199
200
198
200
201
202
203
204
202
204
205
206
207
208
206
208
209
210
211
212
210
212
213
214
215
216
214
216
217
218
219
220
218
220
221
222
223
224
222
224
225
226
227
228
226
228
229
230
231
232
230
232
233
234
235
236
234
236
237
238
239
240
238
240
241
242
243
244
242
244
245
246
247
248
246
248
249
250
251
252
250
252
253
254
255
256
254
256
257
258
259
260
258
260
261
262
263
264
262
264
265
266
267
268
266
268
269
270
271
272
270
272
273
274
275
276
274
276
277
278
279
280
278
280
281
282
283
284
282
284
285
286
287
288
286
288
289
290
291
292
290
292
293
294
295
296
294
296
297
298
299
300
298
300
301
302
303
304
302
304
305
306
307
308
306
308
309
310
311
312
310
312
313
314
315
316
314
316
317
318
319
320
318
320
321
322
323
324
322
324
325
326
327
328
326
329
327
329
330
327
329
331
330
331
332
330
331
333
332
333
334
332
333
335
334
336
337
338
336
338
339
340
341
342
340
342
343
344
345
346
344
346
347
348
349
350
348
350
351
352
353
354
352
354
355
356
357
358
356
358
359
360
361
362
360
362
363
364
365
366
364
366
367
368
369
370
368
370
371
372
373
374
372
374
375
376
377
378
376
378
379
380
381
382
380
382
383
384
385
386
384
386
387
388
389
390
388
390
391
392
393
394
392
394
395
396
397
398
396
398
399
400
401
402
400
402
403
404
405
406
404
406
407
408
409
410
408
410
411
412
413
414
412
414
415
416
417
418
416
418
419
420
421
422
420
422
423
424
425
426
424
426
427
428
429
430
428
430
431
432
433
434
432
434
435
436
437
438
436
438
439
440
441
442
440
442
443
444
445
446
444
446
447
448
449
450
448
450
451
452
453
454
452
454
455
456
457
458
456
458
459
460
461
462
460
462
463
464
465
466
464
466
467
468
469
470
468
470
471
472
473
474
472
474
475
476
477
478
476
478
479
480
481
482
480
482
483
484
485
486
484
486
487
488
489
490
488
490
491
492
493
494
492
494
495
496
497
498
496
498
499
500
501
502
500
502
503
504
505
506
504
506
507
508
509
510
508
510
511
512
513
514
512
514
515
516
517
518
516
518
519
520
521
522
520
522
523
524
525
526
524
526
527
528
529
530
528
530
531
532
533
534
532
534
535
536
537
538
536
538
539
540
541
542
540
542
543
544
545
546
544
546
547
547
546
548
547
548
549
549
548
550
549
550
551
551
550
552
551
552
553
554
555
556
554
556
557
558
559
560
558
560
561
562
563
564
562
564
565
566
567
568
566
568
569
570
571
572
570
572
573
574
575
576
574
576
577
578
579
580
578
580
581
582
583
584
582
584
585
586
587
588
586
588
589
590
591
592
590
592
593
594
595
596
594
596
597
598
599
600
598
600
601
602
603
604
602
604
605
606
607
608
606
608
609
610
611
612
610
612
613
614
615
616
614
616
617
618
619
620
618
620
621
622
623
624
622
624
625
626
627
628
626
628
629
630
631
632
630
632
633
634
635
636
634
636
637
638
639
640
638
640
641
642
643
644
642
644
645
646
647
648
646
648
649
650
651
652
650
652
653
654
655
656
654
656
657
658
654
657
658
657
659
660
661
662
660
662
663
664
660
663
664
663
665
666
667
668
666
668
669
670
666
669
670
669
671
672
673
674
672
674
675
676
672
675
676
675
677
678
679
680
678
680
681
682
678
681
682
681
683
684
685
686
684
686
687
688
684
687
688
687
689
690
691
692
692
693
690
693
694
690
693
695
694
695
696
694
695
697
696
698
699
700
698
700
701
702
698
701
702
701
703
704
705
706
704
706
707
708
704
707
708
707
709
710
711
712
712
713
710
712
714
713
714
715
713
714
716
715
716
717
715
718
719
720
718
720
721
722
723
724
722
724
725
726
727
728
726
728
729
730
731
732
730
732
733
734
735
736
734
736
737
738
739
740
738
740
741
742
743
744
742
744
745
746
747
748
746
748
749
750
751
752
750
752
753
754
755
756
756
757
754
757
758
754
757
759
758
757
760
759
757
761
760
762
763
764
762
764
765
766
762
765
766
765
767
768
766
767
768
767
769
770
771
772
770
772
773
774
775
776
774
776
777
778
779
780
778
781
779
781
782
779
781
783
782
783
784
782
783
785
784
785
786
784
785
787
786
788
786
787
788
789
786
790
789
788
790
791
789
792
791
790
792
793
791
794
793
792
794
795
793
796
797
798
796
799
797
799
800
797
799
801
800
802
803
804
804
805
802
805
806
802
807
808
809
807
809
810
811
807
810
811
810
812
813
811
812
813
812
814
815
816
817
817
818
815
818
819
815
820
821
822
820
822
823
824
825
826
826
827
824
827
828
824
829
830
831
829
832
830
829
833
832
829
834
833
835
833
834
835
836
833
837
838
834
837
834
839
840
837
839
840
839
841
840
841
842
840
842
843
843
842
844
843
844
845
846
847
833
846
848
847
848
849
847
848
850
849
851
849
850
851
852
849
853
852
851
853
854
852
855
856
844
855
844
857
857
858
855
857
859
858
860
861
856
860
856
862
863
864
865
863
865
866
867
863
866
867
866
868
869
867
868
868
870
869
868
871
870
872
873
874
872
874
875
876
877
878
876
878
879
880
881
882
880
882
883
883
882
884
885
880
883
883
884
886
885
883
887
887
883
886
888
885
887
887
886
889
888
887
890
890
887
889
890
889
891
892
893
894
894
895
892
895
896
892
897
898
899
897
899
900
901
902
903
901
903
904
905
906
907
908
905
907
907
909
908
910
908
909
910
909
911
912
913
914
912
914
915
916
917
918
916
918
919
916
919
920
916
920
921
922
923
924
922
924
925
926
922
925
926
925
927
928
926
927
928
927
929
930
931
932
933
930
932
932
934
933
935
933
934
936
937
938
938
939
936
938
940
939
938
941
940
942
943
944
942
944
945
946
947
948
946
948
949
950
951
952
952
953
950
953
954
950
953
955
954
956
957
958
956
959
957
959
960
957
959
961
960
961
962
963
962
964
963
965
961
963
964
966
963
967
965
963
968
967
963
969
968
963
969
963
970
971
969
970
963
966
972
973
963
972
966
974
972
975
973
972
976
974
966
977
976
966
978
977
966
978
966
979
973
975
980
973
980
981
982
973
981
981
983
982
980
984
981
984
985
981
985
984
986
985
986
987
987
986
988
988
986
989
990
988
989
991
990
989
988
990
992
993
994
995
995
996
993
997
998
999
999
1000
997
999
1001
1000
1001
1002
1000
1003
1004
1005
1004
1006
1005
1007
1008
1009
1009
1010
1007
1011
1012
1013
1013
1014
1011
1014
1015
1011
1016
1017
1018
1017
1019
1018
1020
1021
1022
1020
1023
1021
1020
1024
1023
1025
1024
1026
1025
1026
1027
1028
1025
1027
1029
1030
1031
1031
965
1029
1032
1033
1034
1034
1035
1032
1036
1037
1038
1036
1039
1037
1040
1041
1042
1041
1043
1042
1041
1044
1043
1045
1046
1047
1047
1048
1045
1048
1049
1045
1050
1051
1052
1052
1053
1050
1052
1054
1053
1055
1056
1057
1055
1058
1056
1058
1059
1056
1058
1060
1059
1061
1059
1060
1061
1062
1059
1063
1062
1061
1063
1064
1062
1065
1066
1067
1065
1067
1068
1069
1065
1068
1069
1068
1070
1071
1069
1070
1071
1070
1072
1073
1074
1075
1073
1076
1074
1077
1074
1076
1077
1078
1074
1079
1080
1081
1079
1082
1080
1083
1082
1079
1083
1084
1082
1083
1085
1084
1083
1086
1085
1086
1087
1085
1086
1088
1087
1089
1090
1091
1089
1091
1092
1093
1089
1092
1093
1092
1094
1095
1096
1097
1095
1098
1096
1098
1099
1096
1098
1100
1099
1100
1101
1099
1100
1102
1101
1103
1101
1102
1103
1104
1101
1105
1104
1103
1105
1106
1104
1107
1106
1105
1107
1108
1106
1109
1110
1111
1109
1112
1110
1112
1113
1110
1112
1114
1113
1114
1115
1113
1114
1116
1115
1117
1115
1116
1117
1118
1115
1119
1118
1117
1119
1120
1118
1121
1120
1119
1121
1122
1120
1123
1124
1125
1125
1126
1123
1125
1127
1126
1127
1128
1126
1127
1129
1128
1129
1130
1128
1129
1131
1130
1131
1132
1130
1131
1133
1132
1134
1133
1131
1131
1135
1134
1136
1133
1134
1134
1137
1136
1137
1138
1136
1137
1139
1138
1139
1140
1138
1139
1141
1140
1141
1142
1140
1140
1142
1143
1141
1144
1142
1144
1143
1142
1145
1144
1141
1144
1145
1143
1140
1143
1146
1147
1140
1146
1146
1148
1147
1149
1146
1143
1143
1145
1149
1150
1145
1141
1150
1141
1151
1151
1152
1150
1145
1150
1153
1153
1149
1145
1153
1154
1149
1153
1155
1154
1155
1156
1154
1157
1154
1156
1155
1158
1156
1158
1155
1159
1156
1160
1157
1158
1160
1156
1159
1161
1158
1158
1161
1160
1160
1162
1157
1161
1162
1160
1162
1163
1157
1159
1164
1161
1161
1164
1162
1159
1165
1164
1164
1166
1162
1164
1167
1166
1167
1168
1166
1167
1169
1168
1170
1168
1169
1170
1169
1171
1172
1171
1169
1170
1171
1172
1173
1172
1169
1172
1173
1170
1169
1174
1173
1170
1175
1168
1170
1176
1175
1170
1177
1176
1177
1178
1176
1177
1179
1178
1180
1168
1175
1181
1168
1180
1182
1180
1175
1181
1180
1182
1175
1183
1182
1181
1182
1183
1183
1184
1181
1179
1185
1178
1185
1186
1178
1187
1185
1179
1179
1188
1187
1189
1185
1187
1187
1190
1189
1190
1191
1189
1192
1193
1194
1192
1194
1195
1196
1197
1198
1196
1199
1197
1199
1200
1197
1199
1201
1200
1202
1200
1201
1202
1203
1200
1204
1203
1202
1204
1205
1203
1206
1207
1208
1206
1208
1209
1210
1211
1212
1212
1213
1210
1213
1214
1210
1215
1216
1217
1215
1217
1218
1219
1215
1218
1219
1218
1220
1221
1222
1223
1223
1224
1221
1223
1225
1224
1225
1226
1224
1226
1227
1224
1228
1227
1226
1228
1226
1229
1228
1229
1230
1231
1228
1230
1230
1232
1231
1233
1234
1235
1233
1235
1236
1237
1233
1236
1237
1236
1238
1239
1240
1241
1241
1242
1239
1242
1243
1239
1243
1242
1244
1245
1246
1247
1245
1247
1248
1249
1250
1251
1249
1251
1252
1253
1254
1255
1253
1255
1256
1257
1258
1259
1257
1260
1258
1260
1261
1258
1260
1262
1261
1263
1264
1265
1263
1265
1266
1267
1268
1269
1267
1269
1270
1271
1267
1270
1271
1270
1272
1273
1274
1275
1273
1275
1276
1277
1278
1279
1277
1279
1280
1281
1277
1280
1281
1280
1282
1283
1284
1285
1283
1285
1286
1287
1288
1289
1287
1289
1290
1291
1292
1293
1291
1293
1294
1295
1296
1297
1295
1297
1298
1299
1300
1301
1299
1301
1302
1303
1304
1305
1303
1305
1306
1307
1308
1309
1307
1309
1310
1311
1312
1313
1311
1313
1314
1315
1316
1317
1317
1318
1315
1319
1315
1318
1318
1320
1319
1319
1321
1315
1322
1315
1321
1321
1323
1322
1319
1324
1321
1319
1325
1324
1326
1327
1328
1328
1329
1326
1328
1330
1329
1329
1330
1331
1331
1332
1329
1331
1333
1332
1334
1335
1336
1334
1336
1337
1338
1339
1340
1338
1340
1341
1342
1343
1344
1342
1344
1345
1346
1347
1348
1346
1348
1349
1350
1351
1352
1350
1352
1353
1354
1355
1356
1354
1356
1357
1358
1359
1360
1358
1360
1361
1362
1363
1364
1362
1364
1365
1366
1362
1365
1366
1365
1367
1368
1369
1370
1368
1371
1369
1371
1372
1369
1371
1373
1372
1374
1375
1376
1374
1376
1377
1378
1379
1380
1378
1380
1381
1382
1378
1381
1382
1381
1383
1384
1382
1383
1384
1383
1385
1386
1384
1385
1386
1385
1387
1388
1389
1390
1388
1390
1391
1392
1391
1390
1392
1390
1393
1394
1395
1396
1394
1396
1397
1398
1397
1396
1399
1398
1396
1396
1400
1399
1399
1400
1401
1402
1399
1401
1401
1403
1402
1404
1403
1401
1404
1401
1405
1406
1407
1408
1406
1408
1409
1410
1411
1412
1410
1412
1413
1414
1415
1416
1414
1416
1417
1417
1416
1418
1417
1418
1419
1420
1421
1422
1420
1422
1423
1424
1425
1426
1424
1426
1427
1428
1429
1430
1428
1430
1431
1432
1433
1434
1432
1435
1433
1436
1435
1432
1436
1437
1435
1438
1439
1440
1438
1440
1441
1442
1443
1444
1442
1444
1445
1446
1447
1448
1446
1448
1449
1446
1449
1450
1446
1450
1451
1452
1453
1454
1452
1454
1455
1456
1455
1454
1456
1454
1457
1458
1459
1460
1458
1460
1461
1462
1463
1464
1462
1464
1465
1466
1467
1468
1466
1468
1469
1470
1466
1469
1470
1469
1471
1472
1470
1471
1472
1471
1473
1474
1472
1473
1474
1473
1475
1476
1474
1475
1476
1475
1477
1478
1476
1477
1478
1477
1479
1480
1481
1482
1480
1482
1483
1484
1480
1483
1484
1483
1485
1486
1484
1485
1486
1485
1487
1488
1486
1487
1488
1487
1489
1490
1488
1489
1490
1489
1491
1492
1490
1491
1492
1491
1493
1494
1495
1496
1494
1497
1495
1498
1495
1497
1498
1499
1495
1500
1501
1502
1500
1502
1503
1504
1505
1506
1504
1506
1507
1508
1509
1510
1508
1510
1511
1512
1513
1514
1512
1514
1515
1516
1517
1518
1516
1518
1519
1520
1521
1522
1520
1522
1523
1524
1525
1526
1524
1526
1527
1528
1524
1527
1528
1527
1529
1530
1528
1529
1530
1529
1531
1532
1530
1531
1532
1531
1533
1534
1533
1531
1534
1535
1533
1536
1534
1531
1536
1531
1537
1538
1536
1537
1538
1537
1539
1538
1539
1540
1538
1540
1541
1541
1540
1542
1541
1542
1543
1543
1542
1544
1543
1544
1545
1546
1544
1542
1546
1542
1547
1547
1542
1548
1547
1548
1549
1549
1548
1550
1549
1550
1551
1551
1550
1552
1551
1552
1553
1554
1555
1556
1554
1557
1555
1557
1558
1555
1557
1559
1558
1560
1561
1558
1560
1562
1561
1563
1564
1565
1563
1565
1566
1566
1565
1567
1566
1567
1568
1569
1570
1571
1569
1572
1570
1572
1573
1570
1572
1574
1573
1575
1576
1577
1575
1577
1578
1579
1580
1581
1579
1581
1582
1583
1584
1585
1583
1585
1586
1587
1588
1589
1587
1590
1588
1591
1588
1590
1591
1592
1588
1593
1594
1595
1593
1595
1596
1597
1593
1596
1597
1596
1598
1597
1598
1599
1597
1599
1600
1600
1599
1601
1600
1601
1602
1603
1604
1605
1603
1605
1606
1607
1608
1609
1607
1610
1608
1610
1611
1608
1610
1612
1611
1612
1613
1611
1612
1614
1613
1615
1613
1614
1615
1616
1613
1617
1616
1615
1617
1618
1616
1619
1618
1617
1619
1620
1618
1621
1622
1623
1621
1623
1624
1625
1626
1627
1625
1628
1626
1628
1629
1626
1628
1630
1629
1629
1630
1631
1630
1632
1631
1631
1633
1629
1631
1632
1634
1635
1631
1634
1633
1635
1636
1633
1636
1637
1634
1638
1635
1634
1639
1638
1634
1640
1639
1641
1639
1640
1641
1642
1639
1643
1642
1641
1641
1644
1643
1641
1645
1644
1644
1645
1646
1644
1646
1647
1647
1648
1644
1648
1649
1643
1648
1650
1649
1651
1647
1646
1651
1652
1647
1653
1652
1651
1653
1654
1652
1655
1656
1657
1655
1658
1656
1659
1658
1655
1659
1660
1658
1659
1661
1660
1659
1662
1661
1662
1663
1661
1662
1664
1663
1665
1666
1667
1665
1667
1668
1668
1667
1669
1668
1669
1670
1671
1672
1673
1671
1673
1674
1675
1676
1677
1675
1677
1678
1679
1680
1681
1679
1681
1682
1682
1681
1683
1682
1683
1684
1685
1686
1687
1685
1687
1688
1689
1690
1691
1689
1692
1690
1693
1692
1689
1693
1694
1692
1693
1695
1694
1693
1696
1695
1696
1697
1695
1696
1698
1697
1699
1700
1701
1699
1701
1702
1703
1704
1705
1703
1705
1706
1707
1708
1709
1707
1710
1708
1710
1711
1708
1710
1712
1711
1713
1711
1712
1713
1714
1711
1715
1714
1713
1715
1716
1714
1717
1718
1719
1717
1719
1720
1721
1717
1720
1721
1720
1722
1721
1722
1723
1721
1723
1724
1724
1723
1725
1724
1725
1726
1727
1728
1729
1727
1729
1730
1731
1732
1733
1731
1733
1734
1735
1736
1737
1735
1738
1736
1739
1738
1740
1739
1740
1741
1742
1743
1744
1742
1744
1745
1746
1747
1748
1746
1748
1749
1750
1746
1749
1750
1749
1751
1752
1750
1751
1752
1751
1753
1754
1752
1753
1754
1753
1755
1756
1754
1755
1756
1755
1757
1758
1759
1760
1758
1760
1761
1762
1758
1761
1762
1761
1763
1764
1762
1763
1764
1763
1765
1766
1764
1765
1766
1765
1767
1768
1766
1767
1768
1767
1769
1770
1771
1772
1770
1772
1773
1774
1770
1773
1774
1773
1775
1774
1775
1776
1774
1776
1777
1777
1776
1778
1777
1778
1779
1780
1781
1782
1780
1782
1783
1784
1785
1786
1784
1786
1787
1788
1789
1790
1788
1790
1791
1792
1793
1794
1792
1794
1795
1796
1797
1798
1796
1798
1799
1800
1801
1802
1800
1802
1803
1804
1805
1806
1804
1806
1807
1808
1809
1810
1808
1811
1809
1811
1812
1809
1811
1813
1812
1814
1812
1813
1814
1815
1812
1816
1815
1814
1816
1817
1815
1818
1819
1820
1818
1820
1821
1822
1823
1824
1822
1824
1825
1826
1822
1825
1826
1825
1827
1826
1827
1828
1826
1828
1829
1829
1828
1830
1829
1830
1831
1832
1833
1834
1834
1835
1832
1835
1836
1832
1836
1837
1832
1837
1838
1832
1838
1839
1832
1840
1841
1842
1842
1843
1840
1843
1844
1840
1843
1845
1844
1846
1847
1848
1846
1848
1849
1850
1851
1852
1850
1852
1853
1854
1855
1856
1856
1857
1854
1857
1858
1854
1858
1859
1854
1860
1861
1862
1860
1862
1863
1864
1865
1863
1864
1863
1866
1867
1864
1866
1867
1866
1868
1869
1870
1871
1869
1872
1870
1872
1873
1870
1872
1874
1873
1875
1876
1877
1875
1877
1878
1879
1875
1878
1879
1878
1880
1881
1879
1880
1881
1880
1882
1883
1881
1882
1883
1882
1884
1885
1883
1884
1885
1884
1886
1887
1886
1877
1887
1885
1886
1888
1889
1890
1888
1891
1889
1891
1892
1889
1891
1893
1892
1894
1895
1896
1894
1896
1897
1898
1899
1900
1898
1901
1899
1901
1902
1899
1901
1903
1902
1904
1905
1906
1904
1906
1907
1908
1909
1910
1908
1910
1911
1912
1913
1914
1912
1914
1915
1916
1912
1915
1916
1915
1917
1918
1916
1917
1918
1917
1919
1920
1918
1919
1920
1919
1921
1920
1921
1922
1920
1922
1923
1923
1922
1924
1923
1924
1925
1925
1924
1926
1925
1926
1927
1927
1926
1928
1927
1928
1929
1930
1931
1932
1930
1932
1933
1934
1935
1936
1934
1936
1937
1938
1934
1937
1938
1937
1939
1940
1941
1942
1940
1942
1943
1944
1945
1946
1944
1946
1947
1948
1949
1950
1948
1950
1951
1952
1948
1951
1952
1951
1953
1954
1955
1956
1954
1956
1957
1958
1959
1960
1958
1961
1959
1961
1962
1959
1961
1963
1962
1963
1964
1962
1963
1965
1964
1966
1967
1968
1966
1968
1969
1970
1971
1972
1970
1972
1973
1974
1975
1976
1974
1976
1977
1978
1979
1980
1978
1980
1981
1982
1983
1984
1982
1984
1985
1986
1982
1985
1986
1985
1987
1988
1989
1990
1988
1990
1991
1992
1993
1994
1994
1995
1992
1994
1996
1995
1996
1997
1995
1996
1998
1997
1996
1999
1998
1999
2000
1998
1999
2001
2000
1999
2002
2001
1999
2003
2002
1999
2004
2003
2004
2005
2003
2004
2006
2005
2006
2007
2005
2008
2009
2010
2008
2010
2011
2012
2013
2014
2012
2014
2015
2016
2017
2018
2016
2018
2019
2020
2016
2019
2020
2019
2021
2022
2023
2024
2022
2024
2025
2026
2027
2028
2026
2028
2029
2030
2031
2032
2030
2032
2033
2034
2035
2036
2034
2037
2035
2037
2038
2035
2037
2039
2038
2040
2041
2042
2040
2042
2043
2044
2040
2043
2044
2043
2045
2046
2047
2048
2046
2048
2049
2050
2051
2052
2050
2052
2053
2054
2050
2053
2055
2054
2053
2055
2053
2056
2057
2055
2056
2058
2057
2056
2059
2058
2056
2059
2056
2060
2059
2060
2061
2061
2062
2059
2063
2062
2061
2064
2065
2066
2066
2067
2064
2066
2068
2067
2068
2069
2067
2070
2071
2072
2070
2072
2073
2074
2075
2076
2074
2076
2077
2078
2079
2080
2078
2081
2079
2081
2082
2079
2081
2083
2082
2084
2082
2083
2084
2085
2082
2086
2085
2084
2086
2087
2085
2088
2089
2090
2088
2090
2091
2092
2093
2094
2092
2094
2095
2096
2097
2098
2096
2098
2099
2100
2101
2102
2100
2102
2103
2104
2105
2106
2104
2106
2107
2107
2108
2104
2107
2109
2108
2109
2110
2108
2109
2111
2110
2111
2112
2110
2111
2113
2112
2114
2112
2113
2114
2115
2112
2116
2115
2114
2116
2117
2115
2118
2117
2116
2118
2119
2117
2119
2118
2120
2119
2120
2121
2122
2123
2124
2122
2124
2125
2126
2127
2128
2126
2128
2129
2130
2131
2132
2130
2132
2133
2134
2135
2136
2134
2136
2137
2138
2139
2140
2140
2141
2138
2140
2142
2141
2142
2143
2141
2143
2144
2141
2144
2145
2141
2146
2147
2148
2146
2149
2147
2150
2149
2146
2150
2151
2149
2152
2151
2150
2152
2153
2151
2154
2155
2156
2154
2156
2157
2158
2159
2160
2158
2160
2161
2162
2163
2164
2162
2164
2165
2165
2164
2166
2165
2166
2167
2168
2169
2170
2170
2171
2168
2170
2172
2171
2173
2174
2175
2173
2176
2174
2177
2176
2173
2177
2178
2176
2179
2178
2177
2179
2180
2178
2181
2182
2183
2181
2184
2182
2184
2181
2185
2186
2187
2188
2186
2188
2189
2190
2191
2192
2192
2193
2190
2192
2194
2193
2195
2196
2197
2195
2198
2196
2199
2198
2195
2199
2200
2198
2200
2199
2201
2201
2202
2200
2202
2203
2200
2204
2205
2206
2204
2206
2207
2208
2209
2210
2208
2210
2211
2212
2213
2214
2212
2215
2213
2215
2216
2213
2217
2215
2212
2215
2218
2216
2217
2219
2215
2219
2218
2215
2220
2219
2217
2219
2221
2218
2220
2222
2219
2222
2221
2219
2222
2223
2221
2224
2225
2226
2226
2227
2224
2226
2228
2227
2229
2230
2231
2229
2231
2232
2233
2234
2235
2233
2235
2236
2237
2238
2239
2237
2239
2240
2240
2241
2237
2242
2241
2240
2242
2243
2241
2244
2245
2246
2244
2246
2247
2248
2249
2250
2248
2251
2249
2252
2251
2248
2252
2253
2251
2254
2253
2252
2254
2255
2253
2256
2257
2258
2258
2259
2256
2259
2260
2256
2259
2261
2260
2262
2263
2264
2264
2265
2262
2265
2266
2262
2266
2267
2262
2268
2269
2270
2268
2270
2271
2272
2273
2274
2272
2274
2275
2276
2277
2278
2278
2279
2276
2279
2280
2276
2280
2281
2276
2282
2281
2280
2282
2283
2281
2284
2282
2280
2280
2285
2284
2282
2286
2283
2286
2287
2283
2286
2288
2287
2289
2283
2287
2287
2290
2289
2290
2291
2289
2292
2293
2291
2293
2294
2291
2294
2293
2295
2293
2296
2295
2296
2297
2295
2297
2298
2295
2294
2295
2299
2300
2294
2299
2300
2299
2301
2302
2300
2301
2301
2303
2302
2304
2302
2303
2304
2303
2305
2306
2307
2308
2308
2309
2306
2309
2310
2306
2311
2312
2313
2312
2314
2313
2314
2315
2313
2316
2313
2315
2317
2316
2318
2318
2319
2317
2320
2314
2321
2322
2320
2321
2323
2322
2321
2321
2324
2323
2325
2326
2327
2326
2328
2327
2329
2330
2331
2330
2332
2331
2332
2333
2331
2332
2330
2334
2335
2332
2334
2336
2337
2338
2339
2338
2337
2339
2337
2340
2340
2341
2339
2342
2341
2340
2340
2343
2342
2343
2344
2342
2344
2343
2345
2346
2347
2348
2347
2349
2348
2347
2350
2349
2347
2351
2350
2352
2353
2354
2352
2355
2353
2356
2357
2358
2356
2359
2357
2360
2361
2362
2362
2363
2360
2364
2365
2366
2364
2367
2365
2364
2368
2367
2364
2369
2368
2369
2370
2368
2371
2372
2373
2371
2374
2372
2375
2376
2377
2377
2378
2375
2377
2379
2378
2379
2380
2378
2379
2381
2380
2382
2383
2384
2384
2385
2382
2385
2386
2382
2387
2388
2389
2387
2390
2388
2391
2390
2387
2391
2392
2390
2393
2392
2391
2393
2394
2392
2395
2396
2397
2395
2398
2396
2399
2398
2395
2399
2400
2398
2401
2402
2403
2401
2403
2404
2405
2406
2407
2405
2407
2408
2409
2410
2411
2411
2412
2409
2411
2413
2412
2414
2415
2416
2414
2417
2415
2418
2417
2414
2418
2419
2417
2420
2421
2422
2422
2423
2420
2423
2424
2420
2423
2425
2424
2423
2426
2425
2425
2426
2427
2428
2425
2427
2429
2428
2427
2429
2427
2430
2430
2431
2429
2432
2433
2434
2432
2435
2433
2436
2435
2432
2436
2437
2435
2438
2439
2440
2441
2438
2440
2441
2440
2442
2442
2443
2441
2444
2445
2446
2444
2446
2447
2448
2449
2450
2448
2450
2451
2452
2453
2454
2452
2454
2455
2456
2457
2458
2456
2458
2459
2459
2458
2460
2459
2460
2461
2462
2463
2464
2462
2464
2465
2466
2467
2468
2466
2469
2467
2470
2469
2466
2470
2471
2469
2472
2473
2474
2472
2474
2475
2476
2477
2478
2476
2479
2477
2480
2479
2476
2480
2481
2479
2482
2483
2484
2482
2484
2485
2486
2487
2488
2486
2488
2489
2490
2491
2492
2490
2492
2493
2494
2495
2496
2494
2496
2497
2498
2499
2500
2498
2500
2501
2502
2503
2504
2502
2504
2505
2506
2507
2508
2506
2508
2509
2510
2511
2512
2510
2512
2513
2514
2515
2516
2516
2517
2514
2518
2517
2516
2517
2519
2514
2516
2520
2518
2520
2521
2518
2520
2522
2521
2521
2523
2518
2524
2518
2523
2523
2525
2524
2518
2526
2517
2527
2517
2526
2526
2528
2527
2529
2526
2518
2518
2530
2529
2531
2532
2533
2531
2534
2532
2535
2536
2537
2535
2537
2538
2539
2540
2541
2539
2541
2542
2543
2544
2545
2543
2545
2546
2547
2548
2549
2547
2549
2550
2551
2552
2553
2551
2553
2554
2555
2556
2557
2555
2557
2558
2559
2560
2561
2559
2561
2562
2563
2564
2565
2563
2566
2564
2567
2566
2563
2567
2568
2566
2569
2570
2571
2569
2571
2572
2572
2571
2573
2572
2573
2574
2575
2576
2577
2575
2577
2578
2579
2580
2581
2579
2582
2580
2583
2582
2579
2583
2584
2582
2585
2584
2583
2585
2586
2584
2587
2586
2585
2587
2588
2586
2589
2590
2591
2589
2591
2592
2593
2594
2595
2593
2595
2596
2597
2598
2599
2597
2600
2598
2600
2601
2598
2600
2602
2601
2603
2604
2605
2603
2605
2606
2607
2608
2609
2607
2609
2610
2611
2612
2613
2611
2613
2614
2615
2616
2617
2615
2617
2618
2619
2615
2618
2619
2618
2620
2621
2622
2623
2621
2623
2624
2625
2626
2627
2625
2627
2628
2629
2630
2631
2629
2631
2632
2633
2634
2635
2633
2635
2636
2637
2638
2639
2637
2640
2638
2641
2640
2637
2641
2642
2640
2643
2642
2641
2643
2644
2642
2645
2644
2643
2645
2646
2644
2647
2646
2645
2647
2648
2646
2649
2648
2647
2649
2650
2648
2651
2652
2653
2651
2654
2652
2655
2654
2651
2655
2656
2654
2657
2656
2655
2657
2658
2656
2659
2658
2657
2659
2660
2658
2661
2660
2659
2661
2662
2660
2663
2662
2661
2663
2664
2662
2665
2666
2667
2665
2667
2668
2669
2670
2671
2669
2671
2672
2673
2674
2675
2673
2675
2676
2677
2678
2679
2677
2679
2680
2681
2682
2683
2681
2683
2684
2685
2686
2687
2685
2687
2688
2689
2690
2691
2689
2691
2692
2692
2691
2693
2692
2693
2694
2695
2693
2696
2695
2696
2697
2698
2699
2700
2698
2701
2699
2701
2702
2699
2701
2703
2702
2704
2705
2706
2704
2706
2707
2707
2706
2708
2707
2708
2709
2710
2711
2712
2710
2712
2713
2714
2715
2716
2714
2716
2717
2718
2719
2720
2718
2720
2721
2722
2723
2724
2722
2724
2725
2726
2727
2728
2726
2728
2729
2730
2731
2732
2730
2733
2731
2733
2734
2731
2733
2735
2734
2736
2737
2738
2736
2738
2739
2740
2741
2742
2740
2742
2743
2744
2745
2746
2744
2747
2745
2747
2748
2745
2747
2749
2748
2750
2751
2752
2750
2752
2753
2754
2755
2756
2754
2756
2757
2758
2759
2760
2758
2760
2761
2762
2763
2764
2762
2764
2765
2766
2767
2768
2766
2768
2769
2770
2771
2772
2770
2772
2773
2774
2775
2773
2774
2776
2775
2777
2778
2779
2777
2779
2780
2781
2782
2783
2781
2784
2782
2785
2784
2781
2785
2786
2784
2787
2786
2785
2787
2788
2786
2789
2788
2787
2789
2790
2788
2791
2790
2789
2791
2792
2790
2793
2794
2795
2793
2796
2794
2797
2796
2793
2797
2798
2796
2799
2798
2797
2799
2800
2798
2801
2800
2799
2801
2802
2800
2803
2802
2801
2803
2804
2802
2805
2806
2807
2805
2807
2808
2809
2810
2811
2809
2811
2812
2813
2814
2815
2813
2815
2816
2817
2818
2819
2817
2819
2820
2821
2822
2823
2821
2823
2824
2825
2826
2827
2825
2827
2828
2829
2830
2831
2829
2831
2832
2833
2834
2835
2833
2835
2836
2837
2838
2839
2839
2840
2837
2839
2841
2840
2839
2842
2841
2839
2843
2842
2839
2844
2843
2845
2846
2847
2847
2848
2845
2847
2849
2848
2849
2850
2848
2851
2852
2853
2851
2853
2854
2855
2856
2857
2855
2857
2858
2859
2860
2861
2861
2862
2859
2861
2863
2862
2861
2864
2863
2865
2866
2867
2865
2868
2866
2869
2868
2870
2869
2871
2868
2872
2871
2869
2872
2873
2871
2874
2875
2876
2874
2876
2877
2877
2876
2878
2877
2878
2879
2880
2881
2882
2880
2883
2881
2884
2883
2880
2884
2885
2883
2886
2885
2884
2886
2887
2885
2888
2887
2886
2888
2889
2887
2890
2889
2888
2890
2891
2889
2892
2881
2891
2892
2891
2890
2893
2894
2895
2893
2895
2896
2896
2895
2897
2896
2897
2898
2899
2900
2901
2899
2901
2902
2903
2904
2905
2903
2905
2906
2906
2905
2907
2906
2907
2908
2909
2910
2911
2909
2911
2912
2913
2914
2915
2913
2915
2916
2917
2918
2919
2917
2919
2920
2921
2922
2923
2921
2924
2922
2925
2924
2921
2925
2926
2924
2927
2928
2929
2927
2929
2930
2931
2932
2933
2931
2933
2934
2935
2936
2937
2935
2938
2936
2939
2938
2935
2939
2940
2938
2941
2942
2943
2941
2943
2944
2945
2946
2947
2945
2947
2948
2948
2947
2949
2948
2949
2950
2950
2949
2951
2950
2951
2952
2953
2954
2955
2953
2955
2956
2957
2958
2959
2957
2959
2960
2961
2962
2963
2961
2963
2964
2965
2966
2967
2965
2967
2968
2969
2970
2971
2969
2972
2970
2973
2972
2969
2973
2974
2972
2975
2976
2977
2975
2977
2978
2979
2980
2981
2981
2982
2979
2982
2983
2979
2982
2984
2983
2984
2985
2983
2985
2986
2983
2985
2987
2986
2987
2988
2986
2988
2989
2986
2989
2990
2986
2990
2991
2986
2990
2992
2991
2992
2993
2991
2992
2994
2993
2995
2996
2997
2995
2997
2998
2999
3000
3001
2999
3001
3002
3003
3004
3005
3003
3006
3004
3007
3006
3003
3007
3008
3006
3009
3010
3011
3009
3011
3012
3013
3014
3015
3013
3015
3016
3017
3018
3019
3017
3019
3020
3021
3022
3023
3021
3023
3024
3025
3023
3026
3025
3026
3027
3028
3029
3030
3028
3031
3029
3032
3031
3028
3032
3033
3031
3034
3035
3036
3034
3036
3037
3038
3039
3040
3040
3041
3038
3041
3042
3038
3042
3043
3038
3042
3044
3043
3042
3045
3044
3042
3046
3045
3046
3047
3045
3046
3048
3047
3046
3049
3048
3049
3050
3048
3051
3052
3053
3051
3053
3054
3055
3056
3057
3057
3058
3055
3058
3059
3055
3058
3060
3059
3061
3062
3063
3061
3063
3064
3065
3066
3067
3065
3067
3068
3069
3070
3071
3069
3071
3072
3073
3074
3075
3073
3075
3076
3077
3078
3079
3077
3079
3080
3081
3082
3083
3081
3083
3084
3085
3086
3087
3085
3087
3088
3089
3090
3091
3089
3091
3092
3093
3094
3095
3093
3095
3096
3097
3098
3099
3097
3099
3100
3101
3102
3103
3104
3101
3103
3105
3101
3104
3106
3104
3103
3105
3104
3107
3106
3103
3108
3109
3105
3107
3109
3107
3110
3111
3106
3108
3109
3110
3111
3109
3111
3108
3112
3109
3108
3113
3109
3112
3113
3112
3114
3115
3113
3114
3115
3114
3116
3115
3116
3117
3116
3118
3117
3115
3117
3119
3117
3120
3119
3121
3122
3123
3124
3121
3123
3124
3123
3125
3125
3123
3126
3124
3125
3127
3128
3124
3127
3128
3127
3129
3128
3129
3130
3131
3128
3130
3131
3130
3132
3131
3132
3133
3134
3131
3133
3132
3135
3133
3136
3137
3138
3136
3139
3137
3139
3140
3137
3141
3142
3143
3141
3143
3144
3144
3145
3141
3146
3147
3148
3146
3148
3149
3150
3146
3149
3151
3152
3153
3151
3153
3154
3155
3151
3154
3156
3151
3155
3157
3155
3154
3156
3155
3158
3159
3156
3158
3160
3159
3158
3160
3158
3161
3162
3157
3154
3162
3154
3163
3162
3163
3164
3165
3162
3164
3166
3160
3161
3165
3164
3167
3168
3165
3167
3166
3161
3168
3166
3168
3167
3169
3166
3167
3170
3166
3169
3171
3172
3173
3171
3174
3172
3171
3175
3174
3171
3176
3175
3175
3176
3177
3175
3177
3178
3172
3174
3179
3178
3177
3180
3181
3178
3180
3179
3181
3180
3172
3179
3182
3179
3180
3182
3180
3183
3182
3184
3185
3186
3187
3184
3186
3188
3184
3187
3189
3187
3186
3188
3187
3190
3189
3186
3191
3192
3188
3190
3192
3190
3193
3194
3189
3191
3192
3193
3194
3192
3194
3191
3195
3192
3191
3196
3192
3195
3196
3195
3197
3198
3196
3197
3198
3197
3199
3198
3199
3200
3198
3200
3201
3199
3202
3200
3203
3204
3205
3206
3203
3205
3206
3205
3207
3207
3205
3208
3206
3207
3209
3210
3206
3209
3210
3209
3211
3210
3211
3212
3213
3210
3212
3213
3212
3214
3213
3214
3215
3214
3216
3215
3217
3213
3215
3215
3218
3217
3219
3220
3221
3219
3221
3222
3223
3224
3225
3223
3225
3226
3227
3223
3226
3228
3229
3230
3228
3230
3231
3231
3232
3228
3233
3234
3235
3233
3235
3236
3237
3233
3236
3238
3233
3237
3239
3237
3236
3238
3237
3240
3241
3238
3240
3242
3241
3240
3242
3240
3243
3244
3239
3236
3244
3236
3245
3244
3245
3246
3247
3244
3246
3248
3242
3243
3247
3246
3249
3248
3243
3250
3250
3247
3249
3248
3250
3249
3251
3248
3249
3252
3248
3251
3249
3253
3251
3254
3255
3256
3254
3257
3255
3254
3258
3257
3254
3259
3258
3258
3259
3260
3258
3260
3261
3255
3257
3262
3255
3262
3263
3261
3260
3264
3262
3264
3263
3265
3261
3264
3262
3265
3264
3266
3267
3268
3269
3268
3267
3266
3268
3270
3269
3271
3268
3272
3266
3270
3273
3271
3269
3272
3270
3274
3273
3275
3271
3276
3272
3274
3277
3275
3273
3276
3274
3278
3277
3279
3275
3280
3276
3278
3281
3279
3277
3280
3278
3282
3281
3283
3279
3284
3280
3282
3285
3283
3281
3284
3282
3286
3285
3287
3283
3288
3284
3286
3288
3287
3285
3288
3286
3289
3288
3289
3287
3290
3291
3292
3290
3293
3291
3292
3291
3294
3295
3293
3290
3292
3294
3296
3295
3297
3293
3296
3294
3298
3299
3297
3295
3296
3298
3299
3299
3298
3297
3300
3301
3302
3300
3303
3301
3304
3300
3302
3303
3305
3301
3304
3302
3306
3303
3307
3305
3308
3304
3306
3307
3309
3305
3307
3308
3309
3308
3306
3309
3310
3311
3312
3310
3312
3313
3311
3314
3312
3315
3310
3313
3311
3316
3314
3315
3313
3317
3316
3318
3314
3319
3315
3317
3316
3320
3318
3319
3317
3321
3320
3322
3318
3323
3319
3321
3320
3324
3322
3323
3321
3325
3324
3323
3325
3324
3325
3322
3326
3327
3328
3326
3329
3327
3328
3327
3330
3331
3329
3326
3328
3330
3332
3331
3333
3329
3332
3330
3333
3332
3333
3331
3334
3335
3336
3334
3337
3335
3336
3335
3338
3339
3337
3334
3336
3338
3340
3339
3341
3337
3340
3338
3341
3340
3341
3339
3342
3343
3344
3342
3344
3345
3346
3343
3342
3345
3344
3347
3346
3348
3343
3345
3347
3349
3349
3348
3346
3349
3347
3348
3350
3351
3352
3350
3352
3353
3351
3354
3352
3355
3350
3353
3351
3356
3354
3355
3353
3357
3356
3355
3357
3356
3357
3354
3358
3359
3360
3358
3361
3359
3362
3358
3360
3361
3363
3359
3362
3360
3364
3361
3365
3363
3365
3362
3364
3365
3364
3363
3366
3367
3368
3366
3369
3367
3370
3366
3368
3369
3371
3367
3370
3368
3372
3369
3373
3371
3373
3370
3372
3373
3372
3371
264
3374
3375
3376
3374
3376
3377
3378
3379
3380
3378
3380
3381
3382
3383
3384
3382
3384
3385
3386
3387
3388
3386
3388
3389
3390
3391
3392
3390
3392
3393
3394
3395
3396
3394
3396
3397
3398
3399
3400
3398
3400
3401
3402
3403
3404
3402
3404
3405
3406
3407
3408
3406
3408
3409
3410
3411
3412
3410
3412
3413
3414
3415
3416
3414
3416
3417
3418
3419
3420
3418
3420
3421
3422
3423
3424
3422
3424
3425
3426
3427
3428
3426
3428
3429
3430
3431
3432
3430
3432
3433
3434
3435
3436
3434
3436
3437
3438
3439
3440
3438
3440
3441
3442
3443
3444
3442
3444
3445
3446
3447
3448
3446
3448
3449
3450
3451
3452
3450
3452
3453
3454
3455
3456
3454
3456
3457
3458
3459
3460
3458
3460
3461
3462
3463
3464
3462
3464
3465
3466
3467
3468
3466
3468
3469
3470
3471
3472
3470
3472
3473
3474
3475
3476
3474
3476
3477
3478
3479
3480
3478
3480
3481
3482
3483
3484
3482
3484
3485
3486
3487
3488
3486
3488
3489
3490
3491
3492
3490
3492
3493
3494
3495
3496
3494
3496
3497
3498
3499
3500
3498
3500
3501
3502
3503
3504
3502
3504
3505
3506
3507
3508
3506
3508
3509
3510
3511
3512
3510
3512
3513
3514
3515
3516
3514
3516
3517
3518
3519
3520
3518
3520
3521
3522
3523
3524
3522
3524
3525
3526
3527
3528
3526
3528
3529
3530
3531
3532
3530
3532
3533
3534
3535
3536
3534
3536
3537
3538
3539
3540
3538
3540
3541
3542
3543
3544
3542
3544
3545
3546
3547
3548
3546
3548
3549
