MESH3
Sport Car_39
2394
-0.2579505,1.124596,-1.067006
-0.3103936,1.053681,-1.349043
-0.3859324,1.015891,-1.34503
-0.1661269,1.028383,-1.885666
-0.3859324,1.015891,-1.34503
-0.3103936,1.053681,-1.349043
-0.7514349,0.984692,-2.133168
-0.1661269,1.028383,-1.885666
-0.4648973,0.9971561,-2.240994
-0.1661269,1.028383,-1.885666
-0.3103936,1.053681,-1.349043
-0.1837225,1.07429,-1.365351
-0.5658244,1.074042,-0.8815929
-0.7108972,1.031617,-0.4244412
-0.5581523,1.251316,-0.4723414
-1.0213,0.7315405,1.607857
-1.007391,0.7914796,1.687931
-1.0213,0.8130654,1.437846
-0.7027587,0.2374607,2.215946
-0.3477584,0.2344917,2.369529
-0.634273,0.4218361,2.222868
-0.3477584,0.2344917,2.369529
-0.5601944,0.4295482,2.25716
-0.634273,0.4218361,2.222868
-0.3477584,0.2344917,2.369529
-0.3963606,0.4080354,2.332519
-0.5601944,0.4295482,2.25716
-0.3477584,0.2344917,2.369529
-0.3487706,0.4012233,2.35536
-0.3963606,0.4080354,2.332519
-0.1661269,1.028383,-1.885666
-0.6002314,1.019291,-1.82137
-0.3859324,1.015891,-1.34503
-0.7514349,0.984692,-2.133168
-0.6002314,1.019291,-1.82137
-0.1661269,1.028383,-1.885666
-0.7204256,1.020594,-0.4117767
-0.5601307,1.070051,-0.9273245
-1.010023,0.850189,-0.6503224
-0.8011911,0.2484433,-1.801834
-0.7972538,0.2454451,-1.762692
-1.003821,0.2454451,-1.762692
0.3858804,1.015891,-1.34503
0.3103417,1.053681,-1.349043
0.2578985,1.124596,-1.067006
0.1660749,1.028383,-1.885666
0.3103417,1.053681,-1.349043
0.3858804,1.015891,-1.34503
0.7513829,0.984692,-2.133168
0.4648453,0.9971561,-2.240994
0.1660749,1.028383,-1.885666
0.1836705,1.07429,-1.365351
0.3103417,1.053681,-1.349043
0.1660749,1.028383,-1.885666
0.5657724,1.074042,-0.8815929
0.5581003,1.251316,-0.4723414
0.7108452,1.031617,-0.4244412
1.021248,0.7315405,1.607857
1.021248,0.8130654,1.437846
1.007339,0.7914796,1.687931
0.7027068,0.2374607,2.215946
0.5601425,0.4295482,2.25716
0.3963087,0.4080354,2.332519
0.7391721,0.289424,2.170755
0.7407516,0.3281493,2.149054
0.7150565,0.3750885,2.165151
0.1660749,1.028383,-1.885666
0.3858804,1.015891,-1.34503
0.6001794,1.019291,-1.82137
0.7513829,0.984692,-2.133168
0.1660749,1.028383,-1.885666
0.6001794,1.019291,-1.82137
1.009971,0.850189,-0.6503224
0.5600787,1.070051,-0.9273245
0.7203736,1.020594,-0.4117767
0.8011391,0.2484433,-1.801834
1.003769,0.2454451,-1.762692
0.7972019,0.2454451,-1.762692
-0.9034905,0.556621,2.026459
-0.9067566,0.2209975,1.984791
-0.7858906,0.2256103,2.171586
-0.8421315,0.5122176,2.103725
-0.7877974,0.5012662,2.18064
-0.8843671,0.5534232,2.052377
-0.3320137,0.5974091,2.397934
-0.3414427,0.5833047,2.406238
-0.1707628,0.5846539,2.443267
-0.1703198,0.5969721,2.429412
-0.3469272,0.8452445,1.814389
-0.1703198,0.5969721,2.429412
-2.598658E-05,0.5972404,2.438649
-2.598658E-05,0.8452445,1.823381
0.3468753,0.8452445,1.814389
0.1702678,0.5969721,2.429412
-0.1703198,0.5969721,2.429412
-0.1707628,0.5846539,2.443267
-2.598658E-05,0.5845906,2.453213
-2.598658E-05,0.5972404,2.438649
-0.6633346,0.8287699,1.745878
-0.8574417,0.8392121,1.711783
-0.8352898,0.7909427,1.862471
-0.710229,0.7510683,1.981226
-0.3414427,0.5833047,2.406238
-0.5723848,0.6773929,2.156441
-0.5058393,0.6096592,2.288989
-0.5016816,0.5897024,2.320717
-0.446908,0.2484433,-2.035439
-0.4585093,0.693813,-2.216044
-0.3859338,0.6972691,-2.221733
-2.598658E-05,0.2484433,-2.068903
-2.598658E-05,0.7057974,-2.249073
-0.3954667,0.4219975,2.341914
-0.3460613,0.4150256,2.365012
-0.3447068,0.5590149,2.417081
-0.5245149,0.5664743,2.322052
-0.5557485,0.5478669,2.29845
-0.5648721,0.4442426,2.263986
-0.6470082,0.435687,2.225856
-0.7114174,0.5134057,2.208035
-0.735989,0.3843517,2.163686
-0.765079,0.3313054,2.145534
-0.7877974,0.5012662,2.18064
-0.7858906,0.2256103,2.171586
-0.7633674,0.2839062,2.167074
-0.7253128,0.2248915,2.212267
-0.7339957,0.2484433,-1.92724
-0.7565576,0.536524,-2.040078
-0.6534526,0.6308801,-2.121724
-0.446908,0.2484433,-2.035439
-0.5569031,0.6776376,-2.192688
-0.4585093,0.693813,-2.216044
-1.002996,0.8215126,1.438315
-0.9941964,0.8021999,1.693077
-0.8574417,0.8392121,1.711783
-1.005886,0.8410027,1.129734
-0.7982381,0.9230585,0.8759015
-1.008777,0.8604926,0.8211535
-1.008171,0.8848667,0.359108
-0.8176547,0.9332489,0.3591079
-0.8120096,0.9427807,0.3593005
-0.7950947,0.931739,0.8495446
-0.6581386,1.210311,0.3719485
-0.7494472,1.002618,-0.1944279
-0.5914266,1.272711,0.0973016
-0.7291414,1.018446,-0.3197271
-0.5602098,1.258712,-0.3757237
-0.576975,1.274319,-0.0990247
-0.2975234,1.312363,0.3894885
-0.4479086,0.9360967,1.197235
-2.598658E-05,0.9350116,1.284397
-2.598658E-05,1.312462,0.3882492
0.2974715,1.312363,0.3894885
-2.598658E-05,1.312462,0.3882492
0.4478566,0.9360967,1.197235
-0.2503844,1.368676,0.1219594
-0.2983948,1.316667,0.3804349
-2.598658E-05,1.316667,0.3791439
-2.598658E-05,1.368676,0.1258325
0.2503325,1.368676,0.1219594
0.2983429,1.316667,0.3804349
-0.3859324,1.015891,-1.34503
-0.5601307,1.070051,-0.9273245
-0.2579505,1.124596,-1.067006
-0.4970411,1.294179,-0.4581516
-0.5516537,1.263346,-0.4647029
-0.1837225,1.07429,-1.365351
-0.1421845,1.136594,-1.115212
-2.598658E-05,1.137704,-1.118913
-2.598658E-05,1.083832,-1.380097
-2.598658E-05,0.2204128,2.423689
-0.1780818,0.2204128,2.413131
-0.3478304,0.2204128,2.37688
-0.7253128,0.2248915,2.212267
-0.7858906,0.2256103,2.171586
-0.9067566,0.2209975,1.984791
-0.8165264,0.2209974,1.773441
-1.0213,0.2209974,1.76475
-1.0213,0.2209975,1.744188
-0.8158307,0.2209975,1.744188
-0.7982381,0.2209973,0.8905088
-1.027131,0.2209972,0.3591081
-1.027131,0.2209972,-0.1191417
-0.8076581,0.2209975,0.906251
-1.0213,0.2209973,0.889156
-1.0213,0.2209974,0.906251
-1.016851,0.2179989,-0.3876881
-0.7972538,0.220997,-0.9142358
-1.003821,0.2226798,-0.9142358
-0.7972538,0.2454451,-1.762692
-0.8011911,0.2484433,-1.801834
-0.6308179,0.2484433,-1.839099
-0.3779242,0.2484433,-1.994305
-2.598658E-05,0.2484433,-2.011037
0.3778722,0.2484433,-1.994305
-2.598658E-05,0.2484433,-2.068903
-0.446908,0.2484433,-2.035439
-0.7339957,0.2484433,-1.92724
-0.9205472,0.2484433,-1.844484
-1.003821,0.246905,-1.781438
-1.003821,0.2454451,-1.762692
0.4468561,0.2484433,-2.035439
0.6307659,0.2484433,-1.839099
0.7339437,0.2484433,-1.92724
0.8011391,0.2484433,-1.801834
0.9204953,0.2484433,-1.844484
1.003769,0.246905,-1.781438
1.003769,0.2454451,-1.762692
0.7972019,0.2454451,-1.762692
0.7972019,0.220997,-0.9142358
1.003769,0.2226798,-0.9142358
1.016799,0.2179989,-0.3876881
1.027079,0.2209972,-0.1191417
1.027079,0.2209972,0.3591081
0.7981861,0.2209973,0.8905088
1.021248,0.2209973,0.889156
0.8076061,0.2209975,0.906251
1.021248,0.2209974,0.906251
0.8157787,0.2209975,1.744188
0.8164744,0.2209974,1.773441
1.021248,0.2209975,1.744188
1.021248,0.2209974,1.76475
0.9067046,0.2209975,1.984791
0.7858386,0.2256103,2.171586
0.7252609,0.2248915,2.212267
0.3477784,0.2204128,2.37688
0.1780298,0.2204128,2.413131
-0.4648973,0.9971561,-2.240994
-0.1661269,1.028383,-1.885666
-2.598658E-05,1.013884,-1.933542
-2.598658E-05,0.9971561,-2.274458
0.4648453,0.9971561,-2.240994
0.1660749,1.028383,-1.885666
-1.003821,0.7219298,-1.652272
-0.9977431,0.8963273,-1.748761
-0.9889843,0.8982711,-1.817475
-1.003821,0.541325,-1.764757
-2.598658E-05,1.083832,-1.380097
-2.598658E-05,1.013884,-1.933542
-0.1661269,1.028383,-1.885666
-0.1837225,1.07429,-1.365351
-0.3103936,1.053681,-1.349043
-0.2579505,1.124596,-1.067006
-0.1421845,1.136594,-1.115212
-0.1837225,1.07429,-1.365351
-0.5505276,1.320479,0.1043736
-0.6226091,1.271809,0.3790798
-0.2983948,1.316667,0.3804349
-0.2503844,1.368676,0.1219594
-0.6092814,1.270512,0.3887876
-0.760248,0.9358544,0.9424636
-0.4479086,0.9360967,1.197235
-0.2975234,1.312363,0.3894885
-0.6417559,0.8466952,1.750695
-0.3320137,0.5974091,2.397934
-0.1703198,0.5969721,2.429412
-0.3469272,0.8452445,1.814389
-0.6417559,0.8466952,1.750695
-0.6633346,0.8287699,1.745878
-0.3414427,0.5833047,2.406238
-0.3320137,0.5974091,2.397934
-0.4970411,1.294179,-0.4581516
-0.5505276,1.320479,0.1043736
-0.2503844,1.368676,0.1219594
-0.2023741,1.33687,-0.4517145
-0.9977431,0.8963273,-1.748761
-1.003821,0.7219298,-1.652272
-1.003821,0.8107491,-1.502876
-1.003821,0.8279911,-1.358185
-1.016629,0.8957382,-1.221369
-1.003821,0.818799,-1.202879
-1.018875,0.8277367,-0.6433118
-1.003821,0.7459263,-1.082111
-1.003821,0.7318369,-1.095214
-1.003821,0.8020985,-1.212049
-1.003821,0.8279911,-1.358185
-1.003821,0.8088292,-1.358035
-1.003821,0.8107491,-1.502876
-1.003821,0.7928324,-1.494138
-1.003821,0.7219298,-1.652272
-1.003821,0.7086375,-1.638703
-1.003821,0.541325,-1.764757
-1.003821,0.5349648,-1.746869
-1.003821,0.246905,-1.781438
-1.003821,0.2454451,-1.762692
-1.003821,0.6181254,-0.9868328
-1.003821,0.6260729,-0.9689775
-1.003821,0.4342247,-0.9237677
-1.018428,0.7133079,-0.6583024
-1.019227,0.7556555,-0.6250904
-1.024021,0.821062,-0.1191417
-1.02508,0.6525118,-0.1191417
-1.025623,0.5421735,0.3606541
-1.024028,0.8705807,0.3591549
-1.024028,0.845855,0.8150728
-1.017816,0.521259,-0.5821485
-1.025927,0.4608497,0.6553521
-1.003821,0.4358463,-0.9047678
-1.003821,0.3478908,-0.9245213
-1.003821,0.3463794,-0.9055487
-1.003821,0.2227585,-0.9305509
-1.003821,0.2226798,-0.9142358
-1.016851,0.2179989,-0.3876881
-1.026103,0.437306,-0.1191417
-1.027131,0.2209972,-0.1191417
-1.026562,0.334038,0.3591081
-1.027131,0.2209972,0.3591081
-1.02622,0.3964784,0.6432382
-1.0213,0.2209973,0.889156
-1.0213,0.3859443,0.8890766
-1.0213,0.3843775,0.9073623
-1.0213,0.2209974,0.906251
-1.0213,0.5536065,0.9484278
-1.0213,0.5604323,0.9304423
-1.0213,0.7009632,1.04747
-1.0213,0.7139,1.033022
-1.0213,0.7661484,1.170962
-1.0213,0.7831472,1.162028
-1.0213,0.803154,1.264575
-1.0213,0.8230102,1.248965
-1.0213,0.7982642,1.433134
-1.0213,0.8130654,1.437846
-1.0213,0.7185779,1.593635
-1.0213,0.7315405,1.607857
-1.0213,0.7982642,1.433134
-0.2023741,1.33687,-0.4517145
-0.2503844,1.368676,0.1219594
-2.598658E-05,1.368676,0.1258325
-2.598658E-05,1.33687,-0.4426772
0.2023221,1.33687,-0.4517145
0.2503325,1.368676,0.1219594
-0.7540148,0.9429203,0.9799305
-0.6417559,0.8466952,1.750695
-0.3469272,0.8452445,1.814389
-0.4693566,0.9449233,1.212655
-0.7982381,0.9230585,0.8759015
-0.8574417,0.8392121,1.711783
-0.6633346,0.8287699,1.745878
-0.7773566,0.9306191,0.9432854
-0.4693566,0.9449233,1.212655
-0.3469272,0.8452445,1.814389
-2.598658E-05,0.8452445,1.823381
-2.598658E-05,0.9446386,1.304501
0.4693047,0.9449233,1.212655
0.3468753,0.8452445,1.814389
-0.4970411,1.294179,-0.4581516
-0.5516537,1.263346,-0.4647029
-0.5537935,1.267493,-0.3879282
-0.5505276,1.320479,0.1043736
-0.5710197,1.283749,-0.09881216
-0.5856981,1.282057,0.09900002
-0.7982381,0.9230585,0.8759015
-0.7773566,0.9306191,0.9432854
-0.6226091,1.271809,0.3790798
-0.6529607,1.219125,0.3759719
-0.6529607,1.219125,0.3759719
-0.6226091,1.271809,0.3790798
-0.5505276,1.320479,0.1043736
-0.5856981,1.282057,0.09900002
-0.4693566,0.9449233,1.212655
-0.4568242,0.9306191,1.204442
-0.7773566,0.9306191,0.9432854
-0.7540148,0.9429203,0.9799305
-2.598658E-05,0.9446386,1.304501
-2.598658E-05,0.9306191,1.293909
-0.4568242,0.9306191,1.204442
-0.4693566,0.9449233,1.212655
-0.7540148,0.9429203,0.9799305
-0.7773566,0.9306191,0.9432854
-0.6633346,0.8287699,1.745878
-0.6417559,0.8466952,1.750695
-0.1707628,0.5846539,2.443267
-0.1747857,0.5584631,2.45041
-2.598658E-05,0.5584943,2.46097
-2.598658E-05,0.5845906,2.453213
-0.8874914,0.3624179,-1.899539
-0.9205472,0.2484433,-1.844484
-0.9357266,0.9044268,-1.938175
-0.8262988,0.4603363,-1.969504
-0.7565576,0.536524,-2.040078
-0.8245516,0.7744508,-2.061291
-0.8673835,0.8408397,-2.018217
-0.8813659,0.8992411,-2.003976
-0.7791181,0.749384,-2.106761
-0.727079,0.7452063,-2.133832
-0.3414427,0.5833047,2.406238
-0.3447068,0.5590149,2.417081
-0.1747857,0.5584631,2.45041
-0.1707628,0.5846539,2.443267
-1.0213,0.3223923,1.763937
-1.0213,0.2209974,1.76475
-0.9067566,0.2209975,1.984791
-0.9034905,0.556621,2.026459
-1.0213,0.4551016,1.756741
-1.0213,0.6119311,1.704815
-0.9152947,0.5632012,2.009098
-1.007391,0.7914796,1.687931
-1.0213,0.7315405,1.607857
-0.1764065,0.3910846,2.398329
-0.1747857,0.5584631,2.45041
-0.3447068,0.5590149,2.417081
-0.3460613,0.4150256,2.365012
-2.598658E-05,0.3911964,2.408894
-2.598658E-05,0.5584943,2.46097
-0.1747857,0.5584631,2.45041
-0.1764065,0.3910846,2.398329
-0.3477584,0.2344917,2.369529
-0.3478304,0.2204128,2.37688
-0.1780818,0.2204128,2.413131
-0.1806967,0.2344912,2.405216
-0.1806967,0.2344912,2.405216
-0.1780818,0.2204128,2.413131
-2.598658E-05,0.2204128,2.423689
-2.598658E-05,0.2344898,2.415635
-0.7027587,0.2374607,2.215946
-0.7253128,0.2248915,2.212267
-0.3478304,0.2204128,2.37688
-0.3477584,0.2344917,2.369529
-0.1791127,0.3774644,2.388718
-0.1764065,0.3910846,2.398329
-0.3460613,0.4150256,2.365012
-0.3487706,0.4012233,2.35536
-0.3487706,0.4012233,2.35536
-0.3460613,0.4150256,2.365012
-0.3954667,0.4219975,2.341914
-0.3963606,0.4080354,2.332519
-0.5648721,0.4442426,2.263986
-0.5601944,0.4295482,2.25716
-0.5601944,0.4295482,2.25716
-0.5648721,0.4442426,2.263986
-0.6470082,0.435687,2.225856
-0.634273,0.4218361,2.222868
-0.735989,0.3843517,2.163686
-0.7151085,0.3750885,2.165151
-0.7151085,0.3750885,2.165151
-0.735989,0.3843517,2.163686
-0.765079,0.3313054,2.145534
-0.7408036,0.3281493,2.149054
-0.7408036,0.3281493,2.149054
-0.765079,0.3313054,2.145534
-0.7633674,0.2839062,2.167074
-0.7392241,0.289424,2.170755
-0.7392241,0.289424,2.170755
-0.7633674,0.2839062,2.167074
-0.7253128,0.2248915,2.212267
-0.7027587,0.2374607,2.215946
-2.598658E-05,0.377556,2.399542
-2.598658E-05,0.3911964,2.408894
-0.1764065,0.3910846,2.398329
-0.1791127,0.3774644,2.388718
-0.1806967,0.2344912,2.405216
-2.598658E-05,0.2344898,2.415635
-2.598658E-05,0.377556,2.399542
-0.1791127,0.3774644,2.388718
-0.3477584,0.2344917,2.369529
-0.1806967,0.2344912,2.405216
-0.1791127,0.3774644,2.388718
-0.3487706,0.4012233,2.35536
-0.7151085,0.3750885,2.165151
-0.7408036,0.3281493,2.149054
-0.7392241,0.289424,2.170755
-0.7027587,0.2374607,2.215946
-0.634273,0.4218361,2.222868
-0.5245149,0.5664743,2.322052
-0.3447068,0.5590149,2.417081
-0.3414427,0.5833047,2.406238
-0.5016816,0.5897024,2.320717
-0.533152,0.5768535,2.316827
-0.5245149,0.5664743,2.322052
-0.5016816,0.5897024,2.320717
-0.5170477,0.5883493,2.31738
-0.889731,0.5857014,2.030357
-0.8984383,0.5755818,2.025242
-0.8843671,0.5534232,2.052377
-0.8781933,0.5647402,2.057246
-0.5631388,0.5598164,2.296842
-0.5557485,0.5478669,2.29845
-0.5245149,0.5664743,2.322052
-0.533152,0.5768535,2.316827
-0.7150684,0.5261751,2.208458
-0.7114174,0.5134057,2.208035
-0.5557485,0.5478669,2.29845
-0.5631388,0.5598164,2.296842
-0.7889542,0.5141389,2.181365
-0.7877974,0.5012662,2.18064
-0.7114174,0.5134057,2.208035
-0.7150684,0.5261751,2.208458
-0.8404447,0.5251273,2.106882
-0.8421315,0.5122176,2.103725
-0.7877974,0.5012662,2.18064
-0.7889542,0.5141389,2.181365
-0.8781933,0.5647402,2.057246
-0.8843671,0.5534232,2.052377
-0.8421315,0.5122176,2.103725
-0.8404447,0.5251273,2.106882
-0.9073915,0.6259806,1.97108
-0.9181836,0.6167891,1.966149
-0.8984383,0.5755818,2.025242
-0.889731,0.5857014,2.030357
-0.9181582,0.7213981,1.886406
-0.9288781,0.7130423,1.88063
-0.9181836,0.6167891,1.966149
-0.9073915,0.6259806,1.97108
-0.9114973,0.7822645,1.820602
-0.9217484,0.780776,1.807582
-0.9288781,0.7130423,1.88063
-0.9181582,0.7213981,1.886406
-0.8832151,0.7919988,1.820424
-0.8795636,0.799076,1.813736
-0.9217484,0.780776,1.807582
-0.9114973,0.7822645,1.820602
-0.8465667,0.7856529,1.864407
-0.8352898,0.7909427,1.862471
-0.8795636,0.799076,1.813736
-0.8832151,0.7919988,1.820424
-0.5170477,0.5883493,2.31738
-0.5016816,0.5897024,2.320717
-0.5058393,0.6096592,2.288989
-0.5216887,0.6078569,2.288146
-0.7242174,0.7478745,1.98334
-0.710229,0.7510683,1.981226
-0.8352898,0.7909427,1.862471
-0.8465667,0.7856529,1.864407
-0.5874134,0.6747552,2.157233
-0.710229,0.7510683,1.981226
-0.7242174,0.7478745,1.98334
-0.5723848,0.6773929,2.156441
-0.5216887,0.6078569,2.288146
-0.5058393,0.6096592,2.288989
-0.7339957,0.2484433,-1.92724
-0.9205472,0.2484433,-1.844484
-0.8874914,0.3624179,-1.899539
-0.8262988,0.4603363,-1.969504
-0.7565576,0.536524,-2.040078
-0.7762262,0.7604576,-2.109414
-0.7584445,0.7604732,-2.081664
-0.7097831,0.7566236,-2.106367
-0.7275648,0.7566079,-2.134117
-0.4638105,0.7956061,-2.245639
-0.4460289,0.7956217,-2.217889
-0.4273967,0.7975428,-2.219636
-0.4451784,0.7975273,-2.247386
-0.74946,0.9530085,-2.134505
-0.7316783,0.9530241,-2.106755
-0.8528587,0.9022184,-1.985235
-0.8706404,0.9022027,-2.012985
-0.4643442,0.9643824,-2.241227
-0.4648973,0.9971561,-2.240994
-2.598658E-05,0.9971561,-2.274458
-2.598658E-05,0.9643862,-2.274787
-0.74946,0.9530085,-2.134505
-0.7514349,0.984692,-2.133168
-0.4648973,0.9971561,-2.240994
-0.4643442,0.9643824,-2.241227
-0.8575934,0.8459411,-2.026867
-0.8813659,0.8992411,-2.003976
-0.8706404,0.9022027,-2.012985
-0.8673835,0.8408397,-2.018217
-0.8175891,0.7834871,-2.067499
-0.8245516,0.7744508,-2.061291
-0.7762262,0.7604576,-2.109414
-0.7791181,0.749384,-2.106761
-1.0213,0.7982642,1.433134
-0.8076714,0.7982642,1.433134
-0.8062372,0.7185779,1.593635
-1.0213,0.7185779,1.593635
-0.7275648,0.7566079,-2.134117
-0.727079,0.7452063,-2.133832
-0.7791181,0.749384,-2.106761
-0.7762262,0.7604576,-2.109414
-0.6187774,0.7648983,-2.173214
-0.6155338,0.7537183,-2.174186
-0.727079,0.7452063,-2.133832
-0.7275648,0.7566079,-2.134117
-0.4638105,0.7956061,-2.245639
-0.4599602,0.7845128,-2.246641
-0.6155338,0.7537183,-2.174186
-0.6187774,0.7648983,-2.173214
-0.4451784,0.7975273,-2.247386
-0.4599602,0.7845128,-2.246641
-0.4638105,0.7956061,-2.245639
-0.4431368,0.7862296,-2.247854
-2.598658E-05,0.8093604,-2.27929
-2.598658E-05,0.7980086,-2.27962
-0.4460289,0.7956217,-2.217889
-0.4465626,0.964398,-2.213477
-2.598658E-05,0.9644017,-2.247037
-0.4273967,0.7975428,-2.219636
-2.598658E-05,0.8093759,-2.25154
-0.8706404,0.9022027,-2.012985
-0.8528587,0.9022184,-1.985235
-0.8398117,0.8459566,-1.999117
-0.8575934,0.8459411,-2.026867
-0.4451784,0.7975273,-2.247386
-0.4273967,0.7975428,-2.219636
-2.598658E-05,0.8093759,-2.25154
-2.598658E-05,0.8093604,-2.27929
-0.7275648,0.7566079,-2.134117
-0.7097831,0.7566236,-2.106367
-0.6009957,0.7649139,-2.145464
-0.6187774,0.7648983,-2.173214
-0.8575934,0.8459411,-2.026867
-0.8398117,0.8459566,-1.999117
-0.7998075,0.7835026,-2.039749
-0.8175891,0.7834871,-2.067499
-0.4643442,0.9643824,-2.241227
-0.7316783,0.9530241,-2.106755
-0.74946,0.9530085,-2.134505
-0.4465626,0.964398,-2.213477
-2.598658E-05,0.9643862,-2.274787
-2.598658E-05,0.9644017,-2.247037
0.4465106,0.964398,-2.213477
0.4642923,0.9643824,-2.241227
0.7316263,0.9530241,-2.106755
0.749408,0.9530085,-2.134505
-0.6187774,0.7648983,-2.173214
-0.6009957,0.7649139,-2.145464
-0.4460289,0.7956217,-2.217889
-0.4638105,0.7956061,-2.245639
-0.8175891,0.7834871,-2.067499
-0.7998075,0.7835026,-2.039749
-0.7584445,0.7604732,-2.081664
-0.7762262,0.7604576,-2.109414
-0.4585093,0.693813,-2.216044
-0.4599602,0.7845128,-2.246641
-0.4431368,0.7862296,-2.247854
-0.3859338,0.6972691,-2.221733
-2.598658E-05,0.7980086,-2.27962
-2.598658E-05,0.7057974,-2.249073
-0.8706404,0.9022027,-2.012985
-0.8813659,0.8992411,-2.003976
-0.8834611,0.9253375,-1.99153
-0.74946,0.9530085,-2.134505
-0.7514349,0.984692,-2.133168
-0.6534526,0.6308801,-2.121724
-0.7565576,0.536524,-2.040078
-0.727079,0.7452063,-2.133832
-0.6155338,0.7537183,-2.174186
-0.5569031,0.6776376,-2.192688
-0.4599602,0.7845128,-2.246641
-0.4585093,0.693813,-2.216044
-0.5050062,0.9229567,-2.191776
-0.4460289,0.7956217,-2.217889
-0.4891312,0.8667083,-2.198269
-0.4465626,0.964398,-2.213477
-0.7243365,0.9087715,-2.108125
-0.7316783,0.9530241,-2.106755
-0.8262653,0.895619,-2.010003
-0.8528587,0.9022184,-1.985235
-0.7316783,0.9530241,-2.106755
-0.7243365,0.9087715,-2.108125
-0.7573549,0.8346943,-2.079741
-0.7584445,0.7604732,-2.081664
-0.7998075,0.7835026,-2.039749
-0.8105029,0.8324533,-2.0277
-0.7577424,0.8406672,-2.079732
-0.8398117,0.8459566,-1.999117
-0.8085304,0.8384973,-2.029351
-0.8291976,0.8618956,-2.008482
-0.8528587,0.9022184,-1.985235
-0.8247162,0.8639617,-2.012749
-0.8262653,0.895619,-2.010003
-0.8224575,0.8901384,-2.013947
-0.8224575,0.8901384,-2.013947
-0.7243365,0.9087715,-2.108125
-0.7239432,0.9028004,-2.108212
-0.7084811,0.8398355,-2.110205
-0.7097831,0.7566236,-2.106367
-0.7584445,0.7604732,-2.081664
-0.7573549,0.8346943,-2.079741
-0.62335,0.8499693,-2.139555
-0.6009957,0.7649139,-2.145464
-0.7097831,0.7566236,-2.106367
-0.7084811,0.8398355,-2.110205
-0.624063,0.855899,-2.139558
-0.7092606,0.8457469,-2.110445
-0.4891312,0.8667083,-2.198269
-0.4460289,0.7956217,-2.217889
-0.6009957,0.7649139,-2.145464
-0.62335,0.8499693,-2.139555
-0.5088151,0.9167504,-2.189639
-0.5050062,0.9229567,-2.191776
-0.4962924,0.8718234,-2.195183
-0.4962924,0.8718234,-2.195183
-0.62335,0.8499693,-2.139555
-0.624063,0.855899,-2.139558
-0.7204256,1.020594,-0.4117767
-0.7338943,1.010008,-0.3281243
-0.5537935,1.267493,-0.3879282
-0.5516537,1.263346,-0.4647029
-0.8120096,0.9427807,0.3593005
-0.8176547,0.9332489,0.3591079
-0.7982381,0.9230585,0.8759015
-0.7950947,0.931739,0.8495446
-0.6529607,1.219125,0.3759719
-0.6581386,1.210311,0.3719485
-0.7494472,1.002618,-0.1944279
-0.8176547,0.9332489,0.3591079
-0.8120096,0.9427807,0.3593005
-0.7552009,0.9932619,-0.1957919
-0.7291414,1.018446,-0.3197271
-0.7338943,1.010008,-0.3281243
-0.5602098,1.258712,-0.3757237
-0.5537935,1.267493,-0.3879282
-0.5914266,1.272711,0.0973016
-0.5710197,1.283749,-0.09881216
-0.576975,1.274319,-0.0990247
-0.5856981,1.282057,0.09900002
-0.6581386,1.210311,0.3719485
-0.6529607,1.219125,0.3759719
-0.5914266,1.272711,0.0973016
-0.576975,1.274319,-0.0990247
-0.5710197,1.283749,-0.09881216
-0.5537935,1.267493,-0.3879282
-0.5602098,1.258712,-0.3757237
-0.5581523,1.251316,-0.4723414
-0.5516537,1.263346,-0.4647029
-0.5601307,1.070051,-0.9273245
-0.5658244,1.074042,-0.8815929
-0.7108972,1.031617,-0.4244412
-0.7204256,1.020594,-0.4117767
-0.5516537,1.263346,-0.4647029
-0.5581523,1.251316,-0.4723414
-0.5658244,1.074042,-0.8815929
-0.5601307,1.070051,-0.9273245
-0.7204256,1.020594,-0.4117767
-0.7108972,1.031617,-0.4244412
-0.6092814,1.270512,0.3887876
-0.6226091,1.271809,0.3790798
-0.7773566,0.9306191,0.9432854
-0.760248,0.9358544,0.9424636
-0.760248,0.9358544,0.9424636
-0.7773566,0.9306191,0.9432854
-0.4568242,0.9306191,1.204442
-0.4479086,0.9360967,1.197235
-0.2975234,1.312363,0.3894885
-0.2983948,1.316667,0.3804349
-0.6226091,1.271809,0.3790798
-0.6092814,1.270512,0.3887876
-0.4479086,0.9360967,1.197235
-0.4568242,0.9306191,1.204442
-2.598658E-05,0.9306191,1.293909
-2.598658E-05,0.9350116,1.284397
-2.598658E-05,1.312462,0.3882492
-0.2983948,1.316667,0.3804349
-0.2975234,1.312363,0.3894885
-2.598658E-05,1.316667,0.3791439
0.2983429,1.316667,0.3804349
0.2974715,1.312363,0.3894885
-0.2428641,1.128415,-1.061596
-0.477435,1.29486,-0.4675614
-0.2009291,1.334569,-0.4614389
-0.1371497,1.13969,-1.105755
-2.598658E-05,1.334554,-0.4524627
-2.598658E-05,1.140015,-1.109146
0.1370977,1.13969,-1.105755
0.2008771,1.334569,-0.4614389
0.2428121,1.128415,-1.061596
0.477383,1.29486,-0.4675614
-0.2428641,1.128415,-1.061596
-0.2579505,1.124596,-1.067006
-0.4970411,1.294179,-0.4581516
-0.477435,1.29486,-0.4675614
-0.477435,1.29486,-0.4675614
-0.4970411,1.294179,-0.4581516
-0.2023741,1.33687,-0.4517145
-0.2009291,1.334569,-0.4614389
-0.2009291,1.334569,-0.4614389
-0.2023741,1.33687,-0.4517145
-2.598658E-05,1.33687,-0.4426772
-2.598658E-05,1.334554,-0.4524627
0.2008771,1.334569,-0.4614389
0.2023221,1.33687,-0.4517145
-0.1371497,1.13969,-1.105755
-0.1421845,1.136594,-1.115212
-0.2579505,1.124596,-1.067006
-0.2428641,1.128415,-1.061596
-2.598658E-05,1.140015,-1.109146
-0.1421845,1.136594,-1.115212
-0.1371497,1.13969,-1.105755
-2.598658E-05,1.137704,-1.118913
-2.598658E-05,1.140015,-1.109146
0.1421325,1.136594,-1.115212
0.1370977,1.13969,-1.105755
-0.9862608,0.6444784,-0.116443
-1.02508,0.6525118,-0.1191417
-1.019227,0.7556555,-0.6250904
-0.9557723,0.7454721,-0.6153486
-1.011167,0.3415006,0.3822453
-1.026562,0.334038,0.3591081
-1.02622,0.3964784,0.6432382
-1.00678,0.3929673,0.6236373
-1.011167,0.3415006,0.3822453
-1.010327,0.5301849,0.3805999
-0.9862608,0.6444784,-0.116443
-0.9873506,0.4478401,-0.1102283
-1.008163,0.8356503,-0.1236519
-1.008171,0.8848667,0.359108
-0.8176547,0.9332489,0.3591079
-0.7552009,0.9932619,-0.1957919
-0.9772547,0.5333251,-0.5830363
-0.9873506,0.4478401,-0.1102283
-0.9862608,0.6444784,-0.116443
-0.9779517,0.7014619,-0.6497091
-0.9557723,0.7454721,-0.6153486
-1.010023,0.850189,-0.6503224
-1.008163,0.8356503,-0.1236519
-0.7204256,1.020594,-0.4117767
-0.7338943,1.010008,-0.3281243
-0.7552009,0.9932619,-0.1957919
-0.9772547,0.5333251,-0.5830363
-1.017816,0.521259,-0.5821485
-1.026103,0.437306,-0.1191417
-0.9873506,0.4478401,-0.1102283
-1.006483,0.4591327,0.6379527
-1.010327,0.5301849,0.3805999
-1.011167,0.3415006,0.3822453
-1.00678,0.3929673,0.6236373
-1.010327,0.5301849,0.3805999
-1.025623,0.5421735,0.3606541
-1.02508,0.6525118,-0.1191417
-0.9862608,0.6444784,-0.116443
-0.9873506,0.4478401,-0.1102283
-1.026103,0.437306,-0.1191417
-1.026562,0.334038,0.3591081
-1.011167,0.3415006,0.3822453
-1.02622,0.3964784,0.6432382
-1.025927,0.4608497,0.6553521
-1.006483,0.4591327,0.6379527
-1.00678,0.3929673,0.6236373
-1.006483,0.4591327,0.6379527
-1.025927,0.4608497,0.6553521
-1.025623,0.5421735,0.3606541
-1.010327,0.5301849,0.3805999
-1.019227,0.7556555,-0.6250904
-1.018428,0.7133079,-0.6583024
-0.9779517,0.7014619,-0.6497091
-0.9557723,0.7454721,-0.6153486
-0.9779517,0.7014619,-0.6497091
-1.018428,0.7133079,-0.6583024
-1.017816,0.521259,-0.5821485
-0.9772547,0.5333251,-0.5830363
-0.9069411,0.5715038,2.016415
-0.8843671,0.5534232,2.052377
-0.8984383,0.5755818,2.025242
-0.9034905,0.556621,2.026459
-0.9152947,0.5632012,2.009098
-0.8795636,0.799076,1.813736
-0.8352898,0.7909427,1.862471
-0.8574417,0.8392121,1.711783
-0.9217484,0.780776,1.807582
-0.9941964,0.8021999,1.693077
-0.9288781,0.7130423,1.88063
-0.9181836,0.6167891,1.966149
-0.9069411,0.5715038,2.016415
-0.8984383,0.5755818,2.025242
-0.9205472,0.2484433,-1.844484
-1.003821,0.246905,-1.781438
-1.003821,0.541325,-1.764757
-0.9357266,0.9044268,-1.938175
-0.9889843,0.8982711,-1.817475
-1.008839,0.9197404,-1.224948
-1.010023,0.850189,-0.6503224
-0.5601307,1.070051,-0.9273245
-0.3859324,1.015891,-1.34503
-0.9838074,0.9238052,-1.752312
-1.008839,0.9197404,-1.224948
-0.3859324,1.015891,-1.34503
-0.6002314,1.019291,-1.82137
-1.0213,0.2209975,1.744188
-1.0213,0.2209974,1.76475
-1.0213,0.3223923,1.763937
-1.0213,0.325646,1.745105
-1.0213,0.4551016,1.756741
-1.0213,0.4529789,1.737607
-1.0213,0.6119311,1.704815
-1.0213,0.6039962,1.687334
-1.0213,0.6039962,1.687334
-1.0213,0.7315405,1.607857
-1.0213,0.7185779,1.593635
-1.0213,0.2209974,0.906251
-0.8076581,0.2209975,0.906251
-0.8076519,0.3843776,0.9073623
-1.0213,0.3843775,0.9073623
-1.003821,0.2454451,-1.762692
-0.7972538,0.2454451,-1.762692
-0.7972538,0.5349648,-1.746869
-1.003821,0.5349648,-1.746869
-1.003821,0.5349648,-1.746869
-0.7972538,0.5349648,-1.746869
-0.7972538,0.7086375,-1.638703
-1.003821,0.7086375,-1.638703
-1.003821,0.8020985,-1.212049
-1.003821,0.8088292,-1.358035
-0.7972538,0.8088292,-1.358035
-0.7972538,0.8020985,-1.212049
-0.9228045,0.9333135,-1.93656
-0.9357266,0.9044268,-1.938175
-0.9889843,0.8982711,-1.817475
-0.9753007,0.9301026,-1.817063
-1.008171,0.8848667,0.359108
-1.024028,0.8705807,0.3591549
-1.024028,0.845855,0.8150728
-1.008777,0.8604926,0.8211535
-1.008163,0.8356503,-0.1236519
-1.024021,0.821062,-0.1191417
-1.024028,0.8705807,0.3591549
-1.008171,0.8848667,0.359108
-1.008839,0.9197404,-1.224948
-1.016629,0.8957382,-1.221369
-1.018875,0.8277367,-0.6433118
-1.010023,0.850189,-0.6503224
-0.9753007,0.9301026,-1.817063
-0.9889843,0.8982711,-1.817475
-0.9977431,0.8963273,-1.748761
-0.9838074,0.9238052,-1.752312
-1.010023,0.850189,-0.6503224
-1.018875,0.8277367,-0.6433118
-1.024021,0.821062,-0.1191417
-1.008163,0.8356503,-0.1236519
-1.002996,0.8215126,1.438315
-1.0213,0.8130654,1.437846
-1.007391,0.7914796,1.687931
-0.9941964,0.8021999,1.693077
-0.9838074,0.9238052,-1.752312
-0.9977431,0.8963273,-1.748761
-1.016629,0.8957382,-1.221369
-1.008839,0.9197404,-1.224948
-0.9152947,0.5632012,2.009098
-0.9069411,0.5715038,2.016415
-0.9941964,0.8021999,1.693077
-1.007391,0.7914796,1.687931
-0.8834611,0.9253375,-1.99153
-0.8813659,0.8992411,-2.003976
-0.9357266,0.9044268,-1.938175
-0.9228045,0.9333135,-1.93656
-1.005886,0.8410027,1.129734
-1.0213,0.8230102,1.248965
-1.0213,0.8130654,1.437846
-1.002996,0.8215126,1.438315
-0.6002314,1.019291,-1.82137
-0.7514349,0.984692,-2.133168
-0.8834611,0.9253375,-1.99153
-0.9228045,0.9333135,-1.93656
-0.9753007,0.9301026,-1.817063
-0.9838074,0.9238052,-1.752312
-1.0213,0.3843775,0.9073623
-0.8076519,0.3843776,0.9073623
-0.8076483,0.5536065,0.9484278
-1.0213,0.5536065,0.9484278
-1.0213,0.7185779,1.593635
-0.8062372,0.7185779,1.593635
-0.8076319,0.6039962,1.687334
-1.0213,0.6039962,1.687334
-1.0213,0.803154,1.264575
-0.8076622,0.805751,1.285527
-0.8076714,0.7982642,1.433134
-1.0213,0.7982642,1.433134
-1.0213,0.7661484,1.170962
-0.8076555,0.7661484,1.170962
-0.8076622,0.805751,1.285527
-1.0213,0.803154,1.264575
-1.0213,0.325646,1.745105
-0.8076023,0.325646,1.745105
-0.8158307,0.2209975,1.744188
-1.0213,0.2209975,1.744188
-1.0213,0.7009632,1.04747
-0.8076506,0.7009632,1.04747
-0.8076555,0.7661484,1.170962
-1.0213,0.7661484,1.170962
-1.0213,0.4529789,1.737607
-0.8076134,0.4529789,1.737607
-0.8076023,0.325646,1.745105
-1.0213,0.325646,1.745105
-1.0213,0.5536065,0.9484278
-0.8076483,0.5536065,0.9484278
-0.8076506,0.7009632,1.04747
-1.0213,0.7009632,1.04747
-1.0213,0.6039962,1.687334
-0.8076319,0.6039962,1.687334
-0.8076134,0.4529789,1.737607
-1.0213,0.4529789,1.737607
-0.8076519,0.3843776,0.9073623
-0.8076581,0.2209975,0.906251
-0.8158307,0.2209975,1.744188
-0.8076023,0.325646,1.745105
-0.8076134,0.4529789,1.737607
-0.8076483,0.5536065,0.9484278
-0.8076319,0.6039962,1.687334
-0.8076506,0.7009632,1.04747
-0.8062372,0.7185779,1.593635
-0.8076555,0.7661484,1.170962
-0.8076714,0.7982642,1.433134
-0.8076622,0.805751,1.285527
-1.003821,0.7318369,-1.095214
-0.7972538,0.7318369,-1.095214
-0.7972538,0.6181254,-0.9868328
-1.003821,0.6181254,-0.9868328
-1.003821,0.6181254,-0.9868328
-0.7972538,0.6181254,-0.9868328
-0.7972538,0.4342247,-0.9237677
-1.003821,0.4342247,-0.9237677
-1.003821,0.2227585,-0.9305509
-0.7972538,0.2227585,-0.9305509
-0.7972538,0.2226798,-0.9142358
-1.003821,0.4342247,-0.9237677
-0.7972538,0.4342247,-0.9237677
-0.7972538,0.3478908,-0.9245213
-1.003821,0.3478908,-0.9245213
-0.7972538,0.2227585,-0.9305509
-1.003821,0.2227585,-0.9305509
-1.003821,0.7086375,-1.638703
-0.7972538,0.7086375,-1.638703
-0.7972538,0.7928324,-1.494138
-1.003821,0.7928324,-1.494138
-1.003821,0.7928324,-1.494138
-0.7972538,0.7928324,-1.494138
-0.7972538,0.8088292,-1.358035
-1.003821,0.8088292,-1.358035
-1.003821,0.8020985,-1.212049
-0.7972538,0.8020985,-1.212049
-0.7972538,0.7318369,-1.095214
-1.003821,0.7318369,-1.095214
-0.7972538,0.2454451,-1.762692
-0.7972538,0.2227585,-0.9305509
-0.7972538,0.3478908,-0.9245213
-0.7972538,0.5349648,-1.746869
-0.7972538,0.4342247,-0.9237677
-0.7972538,0.6181254,-0.9868328
-0.7972538,0.7086375,-1.638703
-0.7972538,0.7318369,-1.095214
-0.7972538,0.7928324,-1.494138
-0.7972538,0.7318369,-1.095214
-0.7972538,0.8020985,-1.212049
-0.7972538,0.7928324,-1.494138
-0.7972538,0.8088292,-1.358035
-0.7972538,0.220997,-0.9142358
-1.003821,0.2226798,-0.9142358
-1.003821,0.2227585,-0.9305509
-0.7972538,0.2227585,-0.9305509
-0.9158636,0.8703022,-0.3138039
-0.8674859,0.8717089,-0.3154933
-0.8706919,0.8721854,-0.07145505
-0.9222757,0.8712553,-0.06976566
-0.9332194,0.8993087,-0.3138994
-0.9394704,0.8993416,-0.06986125
-0.8959876,0.9192429,-0.0715941
-0.8928989,0.9194356,-0.3156324
-0.8674859,0.8717089,-0.3154933
-0.8928989,0.9194356,-0.3156324
-0.8959876,0.9192429,-0.0715941
-0.8706919,0.8721854,-0.07145505
-0.8706919,0.8721854,-0.07145505
-0.8959876,0.9192429,-0.0715941
-0.9394704,0.8993416,-0.06986125
-0.9222757,0.8712553,-0.06976566
-0.9222757,0.8712553,-0.06976566
-0.9394704,0.8993416,-0.06986125
-0.9332194,0.8993087,-0.3138994
-0.9158636,0.8703022,-0.3138039
-0.9158636,0.8703022,-0.3138039
-0.9332194,0.8993087,-0.3138994
-0.8928989,0.9194356,-0.3156324
-0.8674859,0.8717089,-0.3154933
-1.008777,0.8604926,0.8211535
-1.024028,0.845855,0.8150728
-1.0213,0.8230102,1.248965
-1.005886,0.8410027,1.129734
-0.6729536,1.120436,-2.123723
-0.6729536,1.120436,-1.860835
-0.8321196,1.120436,-1.860835
-0.8321196,1.120436,-2.123723
-0.6729536,1.120436,-2.123723
-0.8321196,1.120436,-2.123723
-0.8321196,1.189836,-2.123723
-2.598658E-05,1.189836,-2.123723
-0.6437718,1.120436,-2.123723
-0.6729536,0.9729816,-2.123723
-0.6437718,0.9729816,-2.123723
-2.598658E-05,1.120436,-2.123723
0.6437198,1.120436,-2.123723
0.8320677,1.189836,-2.123723
0.6729016,1.120436,-2.123723
0.8320677,1.120436,-2.123723
0.6729016,0.9729816,-2.123723
0.6437198,0.9729816,-2.123723
-0.6729536,1.120436,-2.123723
-0.6729536,0.9729816,-2.123723
-0.6729536,0.9729818,-1.860835
-0.6729536,1.120436,-1.860835
-2.598658E-05,1.120436,-2.123723
-0.6437718,1.120436,-2.00414
-0.6437718,1.120436,-2.123723
-2.598658E-05,1.120436,-2.00414
-0.6437718,1.120436,-1.860835
-2.598658E-05,1.120436,-1.860835
0.6437198,1.120436,-1.860835
0.6437198,1.120436,-2.00414
0.6437198,1.120436,-2.123723
-0.6729536,0.9729818,-1.860835
-0.6729536,0.9729816,-2.123723
-0.6437718,0.9729816,-2.123723
-0.6437718,0.9729818,-2.00414
-0.6437718,0.9729818,-1.860835
-0.8321196,1.102162,-2.152852
-0.8321196,1.102163,-1.828953
-0.8919564,1.102163,-1.828953
-0.8919564,1.102162,-2.152852
-0.6729536,1.120436,-1.860835
-0.6729536,0.9729818,-1.860835
-0.6437718,0.9729818,-1.860835
-0.6437718,1.120436,-1.860835
-2.598658E-05,1.159775,-1.860835
-0.8321196,1.120436,-1.860835
-0.8321196,1.159775,-1.860835
-2.598658E-05,1.120436,-1.860835
0.8320677,1.159775,-1.860835
0.6437198,1.120436,-1.860835
0.6729016,1.120436,-1.860835
0.8320677,1.120436,-1.860835
0.6437198,0.9729818,-1.860835
0.6729016,0.9729818,-1.860835
-0.6437718,1.120436,-2.00414
-0.6437718,0.9729816,-2.123723
-0.6437718,1.120436,-2.123723
-0.6437718,0.9729818,-2.00414
-0.6437718,1.120436,-1.860835
-0.6437718,0.9729818,-1.860835
-0.8321196,1.240713,-2.120795
-0.8919564,1.240713,-2.120795
-0.8919564,1.176565,-1.845984
-0.8321196,1.176565,-1.845984
-0.8919564,1.102162,-2.152852
-0.8919564,1.102163,-1.828953
-0.8919564,1.176565,-1.845984
-0.8919564,1.240713,-2.120795
-2.598658E-05,1.159775,-1.860835
-0.8321196,1.189836,-2.123723
-0.8321196,1.159775,-1.860835
-2.598658E-05,1.189836,-2.123723
0.8320677,1.189836,-2.123723
0.8320677,1.159775,-1.860835
-0.8321196,1.176565,-1.845984
-0.8919564,1.176565,-1.845984
-0.8919564,1.102163,-1.828953
-0.8321196,1.102163,-1.828953
-0.8321196,1.102162,-2.152852
-0.8919564,1.102162,-2.152852
-0.8919564,1.240713,-2.120795
-0.8321196,1.240713,-2.120795
-0.7239432,0.9028004,-2.108212
-0.7243365,0.9087715,-2.108125
-0.5050062,0.9229567,-2.191776
-0.5088151,0.9167504,-2.189639
-0.7092606,0.8457469,-2.110445
-0.7084811,0.8398355,-2.110205
-0.7573549,0.8346943,-2.079741
-0.7577424,0.8406672,-2.079732
-0.810976,0.88972,0.8951958
-0.810976,0.88972,0.8748984
-0.810976,0.9058393,0.8748984
-0.810976,0.9058393,0.8951958
-0.810976,0.88972,0.8748984
-0.8944831,0.948554,0.8716387
-0.893766,0.9762945,0.8716387
-0.810976,0.9058393,0.8748984
-0.8944831,0.948554,0.8919362
-0.810976,0.88972,0.8951958
-0.810976,0.9058393,0.8951958
-0.893766,0.9762945,0.8919362
-0.810976,0.88972,0.8748984
-0.810976,0.88972,0.8951958
-0.8944831,0.948554,0.8919362
-0.8944831,0.948554,0.8716387
-0.893766,0.9762945,0.8716387
-0.893766,0.9762945,0.8919362
-0.810976,0.9058393,0.8951958
-0.810976,0.9058393,0.8748984
-0.8930993,1.013279,0.8528559
-1.047152,1.002799,0.8528559
-1.047152,1.002799,0.9107189
-0.8930993,1.013279,0.9107189
-1.047152,0.9297435,0.8528559
-1.047152,0.9297435,0.9107189
-1.047152,1.002799,0.9107189
-1.047152,1.002799,0.8528559
-0.9032471,0.9261355,0.8528559
-1.03886,0.937377,0.8528559
-1.03886,0.9950514,0.8528559
-0.9015831,1.00439,0.8528559
-0.8930993,1.013279,0.9107189
-1.047152,1.002799,0.9107189
-1.047152,0.9297435,0.9107189
-0.8951442,0.917143,0.9107189
-0.8951442,0.917143,0.9107189
-1.047152,0.9297435,0.9107189
-1.047152,0.9297435,0.8528559
-0.8951442,0.917143,0.8528559
-0.9015831,1.00439,0.8528559
-0.8930993,1.013279,0.8528559
-0.8951442,0.917143,0.8528559
-0.9032471,0.9261355,0.8528559
-0.9032471,0.9261355,0.8528559
-1.047152,0.9297435,0.8528559
-1.03886,0.937377,0.8528559
-1.047152,1.002799,0.8528559
-1.03886,0.9950514,0.8528559
-0.8930993,1.013279,0.8528559
-0.9015831,1.00439,0.8528559
-0.6304944,0.348649,-2.030822
-0.6687028,0.3328226,-2.030822
-0.6687028,0.3328226,-1.837014
-0.6304944,0.348649,-1.837014
-0.6687028,0.3328226,-2.030822
-0.6845294,0.2946143,-2.030822
-0.6845294,0.2946143,-1.837014
-0.6687028,0.3328226,-1.837014
-0.6845294,0.2946143,-2.030822
-0.6687028,0.2564059,-2.030822
-0.6687028,0.2564059,-1.837014
-0.6845294,0.2946143,-1.837014
-0.6687028,0.2564059,-2.030822
-0.6304944,0.2405796,-2.030822
-0.6304944,0.2405796,-1.837014
-0.6687028,0.2564059,-1.837014
-0.6304944,0.2405796,-2.030822
-0.5922864,0.2564059,-2.030822
-0.5922864,0.2564059,-1.837014
-0.6304944,0.2405796,-1.837014
-0.5922864,0.2564059,-2.030822
-0.57646,0.2946143,-2.030822
-0.57646,0.2946143,-1.837014
-0.5922864,0.2564059,-1.837014
-0.6687028,0.3328226,-1.837014
-0.6845294,0.2946143,-1.837014
-0.6687028,0.2564059,-1.837014
-0.6304944,0.348649,-1.837014
-0.6304944,0.2405796,-1.837014
-0.5922864,0.3328226,-1.837014
-0.5922864,0.2564059,-1.837014
-0.57646,0.2946143,-1.837014
-0.57646,0.2946143,-2.030822
-0.5922864,0.3328226,-2.030822
-0.5922864,0.3328226,-1.837014
-0.57646,0.2946143,-1.837014
-0.5922864,0.3328226,-2.030822
-0.6304944,0.348649,-2.030822
-0.6304944,0.348649,-1.837014
-0.5922864,0.3328226,-1.837014
-0.6613786,0.2637301,-2.030822
-0.6741713,0.2946143,-2.030822
-0.6613786,0.3254984,-2.030822
-0.6304944,0.2509375,-2.030822
-0.6304944,0.3382911,-2.030822
-0.5996106,0.2637301,-2.030822
-0.5996106,0.3254984,-2.030822
-0.5868179,0.2946143,-2.030822
0.7858386,0.2256103,2.171586
0.9067046,0.2209975,1.984791
0.9034385,0.556621,2.026459
0.8420796,0.5122176,2.103725
0.8843151,0.5534232,2.052377
0.7877454,0.5012662,2.18064
0.3319617,0.5974091,2.397934
0.1702678,0.5969721,2.429412
0.1707108,0.5846539,2.443267
0.3413908,0.5833047,2.406238
0.1702678,0.5969721,2.429412
-2.598658E-05,0.5972404,2.438649
-2.598658E-05,0.5845906,2.453213
0.1707108,0.5846539,2.443267
0.8352379,0.7909427,1.862471
0.8573897,0.8392121,1.711783
0.6632826,0.8287699,1.745878
0.7101771,0.7510683,1.981226
0.3413908,0.5833047,2.406238
0.5723329,0.6773929,2.156441
0.5057873,0.6096592,2.288989
0.5016296,0.5897024,2.320717
0.4468561,0.2484433,-2.035439
-2.598658E-05,0.2484433,-2.068903
-2.598658E-05,0.7057974,-2.249073
0.3858818,0.6972691,-2.221733
0.4584574,0.693813,-2.216044
0.5244629,0.5664743,2.322052
0.3446548,0.5590149,2.417081
0.3460094,0.4150256,2.365012
0.3954147,0.4219975,2.341914
0.5648202,0.4442426,2.263986
0.5556965,0.5478669,2.29845
0.7113654,0.5134057,2.208035
0.6469562,0.435687,2.225856
0.735937,0.3843517,2.163686
0.7877454,0.5012662,2.18064
0.765027,0.3313054,2.145534
0.7858386,0.2256103,2.171586
0.7633154,0.2839062,2.167074
0.7252609,0.2248915,2.212267
0.7339437,0.2484433,-1.92724
0.4468561,0.2484433,-2.035439
0.4584574,0.693813,-2.216044
0.5568511,0.6776376,-2.192688
0.6534006,0.6308801,-2.121724
0.7565056,0.536524,-2.040078
0.8573897,0.8392121,1.711783
0.9941444,0.8021999,1.693077
1.002944,0.8215126,1.438315
1.005834,0.8410027,1.129734
0.7981861,0.9230585,0.8759015
1.008725,0.8604926,0.8211535
1.008119,0.8848667,0.359108
0.8176028,0.9332489,0.3591079
0.8119576,0.9427807,0.3593005
0.6580867,1.210311,0.3719485
0.7950428,0.931739,0.8495446
0.7493953,1.002618,-0.1944279
0.5913746,1.272711,0.0973016
0.7290894,1.018446,-0.3197271
0.5601578,1.258712,-0.3757237
0.576923,1.274319,-0.0990247
0.2578985,1.124596,-1.067006
0.5600787,1.070051,-0.9273245
0.3858804,1.015891,-1.34503
0.4969892,1.294179,-0.4581516
0.5516017,1.263346,-0.4647029
0.1836705,1.07429,-1.365351
-2.598658E-05,1.083832,-1.380097
-2.598658E-05,1.137704,-1.118913
0.1421325,1.136594,-1.115212
1.003769,0.7219298,-1.652272
1.003769,0.541325,-1.764757
0.9889323,0.8982711,-1.817475
0.9976912,0.8963273,-1.748761
0.1660749,1.028383,-1.885666
-2.598658E-05,1.013884,-1.933542
-2.598658E-05,1.083832,-1.380097
0.1836705,1.07429,-1.365351
0.3103417,1.053681,-1.349043
0.1836705,1.07429,-1.365351
0.1421325,1.136594,-1.115212
0.2578985,1.124596,-1.067006
0.5504756,1.320479,0.1043736
0.2503325,1.368676,0.1219594
0.2983429,1.316667,0.3804349
0.6225572,1.271809,0.3790798
0.6092294,1.270512,0.3887876
0.2974715,1.312363,0.3894885
0.4478566,0.9360967,1.197235
0.760196,0.9358544,0.9424636
0.6417039,0.8466952,1.750695
0.3468753,0.8452445,1.814389
0.1702678,0.5969721,2.429412
0.3319617,0.5974091,2.397934
0.6417039,0.8466952,1.750695
0.3319617,0.5974091,2.397934
0.3413908,0.5833047,2.406238
0.6632826,0.8287699,1.745878
0.4969892,1.294179,-0.4581516
0.2023221,1.33687,-0.4517145
0.2503325,1.368676,0.1219594
0.5504756,1.320479,0.1043736
1.003769,0.8107491,-1.502876
1.003769,0.7219298,-1.652272
0.9976912,0.8963273,-1.748761
1.003769,0.8279911,-1.358185
1.016577,0.8957382,-1.221369
1.003769,0.818799,-1.202879
1.018823,0.8277367,-0.6433118
1.003769,0.7459263,-1.082111
1.003769,0.7318369,-1.095214
1.003769,0.8020985,-1.212049
1.003769,0.8279911,-1.358185
1.003769,0.8088292,-1.358035
1.003769,0.8107491,-1.502876
1.003769,0.7928324,-1.494138
1.003769,0.7219298,-1.652272
1.003769,0.7086375,-1.638703
1.003769,0.541325,-1.764757
1.003769,0.5349648,-1.746869
1.003769,0.246905,-1.781438
1.003769,0.2454451,-1.762692
1.003769,0.6181254,-0.9868328
1.003769,0.6260729,-0.9689775
1.003769,0.4342247,-0.9237677
1.018376,0.7133079,-0.6583024
1.019175,0.7556555,-0.6250904
1.023969,0.821062,-0.1191417
1.025028,0.6525118,-0.1191417
1.025571,0.5421735,0.3606541
1.023976,0.8705807,0.3591549
1.023976,0.845855,0.8150728
1.017764,0.521259,-0.5821485
1.025875,0.4608497,0.6553521
1.003769,0.4358463,-0.9047678
1.003769,0.3478908,-0.9245213
1.003769,0.3463794,-0.9055487
1.003769,0.2227585,-0.9305509
1.003769,0.2226798,-0.9142358
1.016799,0.2179989,-0.3876881
1.026051,0.437306,-0.1191417
1.027079,0.2209972,-0.1191417
1.02651,0.334038,0.3591081
1.027079,0.2209972,0.3591081
1.026168,0.3964784,0.6432382
1.021248,0.2209973,0.889156
1.021248,0.5604323,0.9304423
1.021248,0.3859443,0.8890766
1.021248,0.3843775,0.9073623
1.021248,0.2209974,0.906251
1.021248,0.5536065,0.9484278
1.021248,0.7009632,1.04747
1.021248,0.7139,1.033022
1.021248,0.7661484,1.170962
1.021248,0.7831472,1.162028
1.021248,0.803154,1.264575
1.021248,0.8230102,1.248965
1.021248,0.7982642,1.433134
1.021248,0.8130654,1.437846
1.021248,0.7185779,1.593635
1.021248,0.7982642,1.433134
1.021248,0.7315405,1.607857
0.7539629,0.9429203,0.9799305
0.4693047,0.9449233,1.212655
0.3468753,0.8452445,1.814389
0.6417039,0.8466952,1.750695
0.7981861,0.9230585,0.8759015
0.7773046,0.9306191,0.9432854
0.6632826,0.8287699,1.745878
0.8573897,0.8392121,1.711783
0.5537416,1.267493,-0.3879282
0.5516017,1.263346,-0.4647029
0.4969892,1.294179,-0.4581516
0.5504756,1.320479,0.1043736
0.5709677,1.283749,-0.09881216
0.5856461,1.282057,0.09900002
0.7981861,0.9230585,0.8759015
0.6529087,1.219125,0.3759719
0.6225572,1.271809,0.3790798
0.7773046,0.9306191,0.9432854
0.6529087,1.219125,0.3759719
0.5856461,1.282057,0.09900002
0.5504756,1.320479,0.1043736
0.6225572,1.271809,0.3790798
0.4693047,0.9449233,1.212655
0.7539629,0.9429203,0.9799305
0.7773046,0.9306191,0.9432854
0.4567722,0.9306191,1.204442
-2.598658E-05,0.9446386,1.304501
0.4693047,0.9449233,1.212655
0.4567722,0.9306191,1.204442
-2.598658E-05,0.9306191,1.293909
0.7539629,0.9429203,0.9799305
0.6417039,0.8466952,1.750695
0.6632826,0.8287699,1.745878
0.7773046,0.9306191,0.9432854
0.1707108,0.5846539,2.443267
-2.598658E-05,0.5845906,2.453213
-2.598658E-05,0.5584943,2.46097
0.1747337,0.5584631,2.45041
0.9356747,0.9044268,-1.938175
0.9204953,0.2484433,-1.844484
0.8874394,0.3624179,-1.899539
0.8262469,0.4603363,-1.969504
0.7565056,0.536524,-2.040078
0.8244996,0.7744508,-2.061291
0.7790661,0.749384,-2.106761
0.727027,0.7452063,-2.133832
0.8673315,0.8408397,-2.018217
0.8813139,0.8992411,-2.003976
0.3413908,0.5833047,2.406238
0.1707108,0.5846539,2.443267
0.1747337,0.5584631,2.45041
0.3446548,0.5590149,2.417081
0.9067046,0.2209975,1.984791
1.021248,0.2209974,1.76475
1.021248,0.3223923,1.763937
0.9034385,0.556621,2.026459
1.021248,0.4551016,1.756741
1.021248,0.6119311,1.704815
0.9152427,0.5632012,2.009098
1.007339,0.7914796,1.687931
1.021248,0.7315405,1.607857
0.1763545,0.3910846,2.398329
0.3460094,0.4150256,2.365012
0.3446548,0.5590149,2.417081
0.1747337,0.5584631,2.45041
-2.598658E-05,0.3911964,2.408894
0.1763545,0.3910846,2.398329
0.1747337,0.5584631,2.45041
-2.598658E-05,0.5584943,2.46097
0.3477065,0.2344917,2.369529
0.1806448,0.2344912,2.405216
0.1780298,0.2204128,2.413131
0.3477784,0.2204128,2.37688
0.1806448,0.2344912,2.405216
-2.598658E-05,0.2344898,2.415635
-2.598658E-05,0.2204128,2.423689
0.1780298,0.2204128,2.413131
0.7027068,0.2374607,2.215946
0.3477065,0.2344917,2.369529
0.3477784,0.2204128,2.37688
0.7252609,0.2248915,2.212267
0.1790607,0.3774644,2.388718
0.3487186,0.4012233,2.35536
0.3460094,0.4150256,2.365012
0.1763545,0.3910846,2.398329
0.3487186,0.4012233,2.35536
0.3954147,0.4219975,2.341914
0.3460094,0.4150256,2.365012
0.3963087,0.4080354,2.332519
0.5648202,0.4442426,2.263986
0.5601425,0.4295482,2.25716
0.5601425,0.4295482,2.25716
0.6469562,0.435687,2.225856
0.5648202,0.4442426,2.263986
0.634221,0.4218361,2.222868
0.735937,0.3843517,2.163686
0.7150565,0.3750885,2.165151
0.7150565,0.3750885,2.165151
0.7407516,0.3281493,2.149054
0.765027,0.3313054,2.145534
0.735937,0.3843517,2.163686
0.7407516,0.3281493,2.149054
0.7391721,0.289424,2.170755
0.7633154,0.2839062,2.167074
0.765027,0.3313054,2.145534
0.7391721,0.289424,2.170755
0.7027068,0.2374607,2.215946
0.7252609,0.2248915,2.212267
0.7633154,0.2839062,2.167074
-2.598658E-05,0.377556,2.399542
0.1790607,0.3774644,2.388718
0.1763545,0.3910846,2.398329
-2.598658E-05,0.3911964,2.408894
0.1806448,0.2344912,2.405216
0.1790607,0.3774644,2.388718
-2.598658E-05,0.377556,2.399542
-2.598658E-05,0.2344898,2.415635
0.3477065,0.2344917,2.369529
0.3487186,0.4012233,2.35536
0.1790607,0.3774644,2.388718
0.1806448,0.2344912,2.405216
0.3487186,0.4012233,2.35536
0.3477065,0.2344917,2.369529
0.7027068,0.2374607,2.215946
0.3963087,0.4080354,2.332519
0.7027068,0.2374607,2.215946
0.634221,0.4218361,2.222868
0.5601425,0.4295482,2.25716
0.7150565,0.3750885,2.165151
0.7391721,0.289424,2.170755
0.5244629,0.5664743,2.322052
0.5016296,0.5897024,2.320717
0.3413908,0.5833047,2.406238
0.3446548,0.5590149,2.417081
0.5331001,0.5768535,2.316827
0.5169957,0.5883493,2.31738
0.5016296,0.5897024,2.320717
0.5244629,0.5664743,2.322052
0.889679,0.5857014,2.030357
0.8781413,0.5647402,2.057246
0.8843151,0.5534232,2.052377
0.8983864,0.5755818,2.025242
0.5630868,0.5598164,2.296842
0.5331001,0.5768535,2.316827
0.5244629,0.5664743,2.322052
0.5556965,0.5478669,2.29845
0.7150164,0.5261751,2.208458
0.5630868,0.5598164,2.296842
0.5556965,0.5478669,2.29845
0.7113654,0.5134057,2.208035
0.7889022,0.5141389,2.181365
0.7150164,0.5261751,2.208458
0.7113654,0.5134057,2.208035
0.7877454,0.5012662,2.18064
0.8403927,0.5251273,2.106882
0.7889022,0.5141389,2.181365
0.7877454,0.5012662,2.18064
0.8420796,0.5122176,2.103725
0.8781413,0.5647402,2.057246
0.8403927,0.5251273,2.106882
0.8420796,0.5122176,2.103725
0.8843151,0.5534232,2.052377
0.9073396,0.6259806,1.97108
0.889679,0.5857014,2.030357
0.8983864,0.5755818,2.025242
0.9181316,0.6167891,1.966149
0.9181062,0.7213981,1.886406
0.9073396,0.6259806,1.97108
0.9181316,0.6167891,1.966149
0.9288261,0.7130423,1.88063
0.9114453,0.7822645,1.820602
0.9181062,0.7213981,1.886406
0.9288261,0.7130423,1.88063
0.9216964,0.780776,1.807582
0.8831631,0.7919988,1.820424
0.9114453,0.7822645,1.820602
0.9216964,0.780776,1.807582
0.8795116,0.799076,1.813736
0.8465147,0.7856529,1.864407
0.8831631,0.7919988,1.820424
0.8795116,0.799076,1.813736
0.8352379,0.7909427,1.862471
0.5169957,0.5883493,2.31738
0.5216367,0.6078569,2.288146
0.5057873,0.6096592,2.288989
0.5016296,0.5897024,2.320717
0.7241654,0.7478745,1.98334
0.8465147,0.7856529,1.864407
0.8352379,0.7909427,1.862471
0.7101771,0.7510683,1.981226
0.5873615,0.6747552,2.157233
0.7241654,0.7478745,1.98334
0.7101771,0.7510683,1.981226
0.5723329,0.6773929,2.156441
0.5216367,0.6078569,2.288146
0.5057873,0.6096592,2.288989
0.9204953,0.2484433,-1.844484
0.7339437,0.2484433,-1.92724
0.7565056,0.536524,-2.040078
0.8262469,0.4603363,-1.969504
0.8874394,0.3624179,-1.899539
0.7761742,0.7604576,-2.109414
0.7275128,0.7566079,-2.134117
0.7097312,0.7566236,-2.106367
0.7583926,0.7604732,-2.081664
0.4637585,0.7956061,-2.245639
0.4451264,0.7975273,-2.247386
0.4273448,0.7975428,-2.219636
0.4459769,0.7956217,-2.217889
0.749408,0.9530085,-2.134505
0.8705884,0.9022027,-2.012985
0.8528067,0.9022184,-1.985235
0.7316263,0.9530241,-2.106755
0.4642923,0.9643824,-2.241227
-2.598658E-05,0.9643862,-2.274787
-2.598658E-05,0.9971561,-2.274458
0.4648453,0.9971561,-2.240994
0.749408,0.9530085,-2.134505
0.4642923,0.9643824,-2.241227
0.4648453,0.9971561,-2.240994
0.7513829,0.984692,-2.133168
0.8575414,0.8459411,-2.026867
0.8705884,0.9022027,-2.012985
0.8813139,0.8992411,-2.003976
0.8673315,0.8408397,-2.018217
0.8175372,0.7834871,-2.067499
0.8244996,0.7744508,-2.061291
0.7761742,0.7604576,-2.109414
0.7790661,0.749384,-2.106761
1.021248,0.7982642,1.433134
1.021248,0.7185779,1.593635
0.8061852,0.7185779,1.593635
0.8076194,0.7982642,1.433134
0.7275128,0.7566079,-2.134117
0.7761742,0.7604576,-2.109414
0.7790661,0.749384,-2.106761
0.727027,0.7452063,-2.133832
0.6187254,0.7648983,-2.173214
0.7275128,0.7566079,-2.134117
0.727027,0.7452063,-2.133832
0.6154818,0.7537183,-2.174186
0.4637585,0.7956061,-2.245639
0.6187254,0.7648983,-2.173214
0.6154818,0.7537183,-2.174186
0.4599082,0.7845128,-2.246641
0.4451264,0.7975273,-2.247386
0.4637585,0.7956061,-2.245639
0.4599082,0.7845128,-2.246641
0.4430849,0.7862296,-2.247854
-2.598658E-05,0.8093604,-2.27929
-2.598658E-05,0.7980086,-2.27962
0.4273448,0.7975428,-2.219636
-2.598658E-05,0.8093759,-2.25154
-2.598658E-05,0.9644017,-2.247037
0.4465106,0.964398,-2.213477
0.4459769,0.7956217,-2.217889
0.8705884,0.9022027,-2.012985
0.8575414,0.8459411,-2.026867
0.8397598,0.8459566,-1.999117
0.8528067,0.9022184,-1.985235
0.4451264,0.7975273,-2.247386
-2.598658E-05,0.8093604,-2.27929
-2.598658E-05,0.8093759,-2.25154
0.4273448,0.7975428,-2.219636
0.7275128,0.7566079,-2.134117
0.6187254,0.7648983,-2.173214
0.6009437,0.7649139,-2.145464
0.7097312,0.7566236,-2.106367
0.8575414,0.8459411,-2.026867
0.8175372,0.7834871,-2.067499
0.7997555,0.7835026,-2.039749
0.8397598,0.8459566,-1.999117
0.6187254,0.7648983,-2.173214
0.4637585,0.7956061,-2.245639
0.4459769,0.7956217,-2.217889
0.6009437,0.7649139,-2.145464
0.8175372,0.7834871,-2.067499
0.7761742,0.7604576,-2.109414
0.7583926,0.7604732,-2.081664
0.7997555,0.7835026,-2.039749
0.3858818,0.6972691,-2.221733
-2.598658E-05,0.7057974,-2.249073
-2.598658E-05,0.7980086,-2.27962
0.4430849,0.7862296,-2.247854
0.4584574,0.693813,-2.216044
0.4599082,0.7845128,-2.246641
0.8834091,0.9253375,-1.99153
0.8813139,0.8992411,-2.003976
0.8705884,0.9022027,-2.012985
0.749408,0.9530085,-2.134505
0.7513829,0.984692,-2.133168
0.5568511,0.6776376,-2.192688
0.4584574,0.693813,-2.216044
0.4599082,0.7845128,-2.246641
0.6154818,0.7537183,-2.174186
0.6534006,0.6308801,-2.121724
0.727027,0.7452063,-2.133832
0.7565056,0.536524,-2.040078
0.5049542,0.9229567,-2.191776
0.4890792,0.8667083,-2.198269
0.4459769,0.7956217,-2.217889
0.4465106,0.964398,-2.213477
0.7242845,0.9087715,-2.108125
0.7316263,0.9530241,-2.106755
0.8262134,0.895619,-2.010003
0.7242845,0.9087715,-2.108125
0.7316263,0.9530241,-2.106755
0.8528067,0.9022184,-1.985235
0.7573029,0.8346943,-2.079741
0.7997555,0.7835026,-2.039749
0.7583926,0.7604732,-2.081664
0.810451,0.8324533,-2.0277
0.7576904,0.8406672,-2.079732
0.8397598,0.8459566,-1.999117
0.8084784,0.8384973,-2.029351
0.8291457,0.8618956,-2.008482
0.8528067,0.9022184,-1.985235
0.8246642,0.8639617,-2.012749
0.8262134,0.895619,-2.010003
0.8224055,0.8901384,-2.013947
0.8224055,0.8901384,-2.013947
0.7242845,0.9087715,-2.108125
0.7238913,0.9028004,-2.108212
0.7084292,0.8398355,-2.110205
0.7573029,0.8346943,-2.079741
0.7583926,0.7604732,-2.081664
0.7097312,0.7566236,-2.106367
0.623298,0.8499693,-2.139555
0.7097312,0.7566236,-2.106367
0.6009437,0.7649139,-2.145464
0.7084292,0.8398355,-2.110205
0.624011,0.855899,-2.139558
0.7092086,0.8457469,-2.110445
0.4890792,0.8667083,-2.198269
0.623298,0.8499693,-2.139555
0.6009437,0.7649139,-2.145464
0.4459769,0.7956217,-2.217889
0.5087631,0.9167504,-2.189639
0.4962404,0.8718234,-2.195183
0.5049542,0.9229567,-2.191776
0.4962404,0.8718234,-2.195183
0.623298,0.8499693,-2.139555
0.624011,0.855899,-2.139558
0.7203736,1.020594,-0.4117767
0.5516017,1.263346,-0.4647029
0.5537416,1.267493,-0.3879282
0.7338424,1.010008,-0.3281243
0.8119576,0.9427807,0.3593005
0.7981861,0.9230585,0.8759015
0.8176028,0.9332489,0.3591079
0.7950428,0.931739,0.8495446
0.6529087,1.219125,0.3759719
0.6580867,1.210311,0.3719485
0.7493953,1.002618,-0.1944279
0.8119576,0.9427807,0.3593005
0.8176028,0.9332489,0.3591079
0.7551489,0.9932619,-0.1957919
0.7290894,1.018446,-0.3197271
0.7338424,1.010008,-0.3281243
0.5601578,1.258712,-0.3757237
0.5537416,1.267493,-0.3879282
0.5913746,1.272711,0.0973016
0.576923,1.274319,-0.0990247
0.5709677,1.283749,-0.09881216
0.5856461,1.282057,0.09900002
0.6580867,1.210311,0.3719485
0.5913746,1.272711,0.0973016
0.6529087,1.219125,0.3759719
0.576923,1.274319,-0.0990247
0.5601578,1.258712,-0.3757237
0.5537416,1.267493,-0.3879282
0.5709677,1.283749,-0.09881216
0.5581003,1.251316,-0.4723414
0.5657724,1.074042,-0.8815929
0.5600787,1.070051,-0.9273245
0.5516017,1.263346,-0.4647029
0.7108452,1.031617,-0.4244412
0.5581003,1.251316,-0.4723414
0.5516017,1.263346,-0.4647029
0.7203736,1.020594,-0.4117767
0.5657724,1.074042,-0.8815929
0.7108452,1.031617,-0.4244412
0.7203736,1.020594,-0.4117767
0.5600787,1.070051,-0.9273245
0.6092294,1.270512,0.3887876
0.760196,0.9358544,0.9424636
0.7773046,0.9306191,0.9432854
0.6225572,1.271809,0.3790798
0.760196,0.9358544,0.9424636
0.4478566,0.9360967,1.197235
0.4567722,0.9306191,1.204442
0.7773046,0.9306191,0.9432854
0.2974715,1.312363,0.3894885
0.6092294,1.270512,0.3887876
0.6225572,1.271809,0.3790798
0.2983429,1.316667,0.3804349
0.4478566,0.9360967,1.197235
-2.598658E-05,0.9350116,1.284397
-2.598658E-05,0.9306191,1.293909
0.4567722,0.9306191,1.204442
0.2428121,1.128415,-1.061596
0.477383,1.29486,-0.4675614
0.4969892,1.294179,-0.4581516
0.2578985,1.124596,-1.067006
0.477383,1.29486,-0.4675614
0.2008771,1.334569,-0.4614389
0.2023221,1.33687,-0.4517145
0.4969892,1.294179,-0.4581516
0.1370977,1.13969,-1.105755
0.2428121,1.128415,-1.061596
0.2578985,1.124596,-1.067006
0.1421325,1.136594,-1.115212
0.9862088,0.6444784,-0.116443
0.9557204,0.7454721,-0.6153486
1.019175,0.7556555,-0.6250904
1.025028,0.6525118,-0.1191417
1.011115,0.3415006,0.3822453
1.006728,0.3929673,0.6236373
1.026168,0.3964784,0.6432382
1.02651,0.334038,0.3591081
1.011115,0.3415006,0.3822453
0.9872986,0.4478401,-0.1102283
0.9862088,0.6444784,-0.116443
1.010275,0.5301849,0.3805999
1.008111,0.8356503,-0.1236519
0.7551489,0.9932619,-0.1957919
0.8176028,0.9332489,0.3591079
1.008119,0.8848667,0.359108
0.9862088,0.6444784,-0.116443
0.9872986,0.4478401,-0.1102283
0.9772027,0.5333251,-0.5830363
0.9778997,0.7014619,-0.6497091
0.9557204,0.7454721,-0.6153486
0.7203736,1.020594,-0.4117767
1.008111,0.8356503,-0.1236519
1.009971,0.850189,-0.6503224
0.7338424,1.010008,-0.3281243
0.7551489,0.9932619,-0.1957919
0.9772027,0.5333251,-0.5830363
0.9872986,0.4478401,-0.1102283
1.026051,0.437306,-0.1191417
1.017764,0.521259,-0.5821485
1.006431,0.4591327,0.6379527
1.006728,0.3929673,0.6236373
1.011115,0.3415006,0.3822453
1.010275,0.5301849,0.3805999
1.010275,0.5301849,0.3805999
0.9862088,0.6444784,-0.116443
1.025028,0.6525118,-0.1191417
1.025571,0.5421735,0.3606541
0.9872986,0.4478401,-0.1102283
1.011115,0.3415006,0.3822453
1.02651,0.334038,0.3591081
1.026051,0.437306,-0.1191417
1.026168,0.3964784,0.6432382
1.006728,0.3929673,0.6236373
1.006431,0.4591327,0.6379527
1.025875,0.4608497,0.6553521
1.006431,0.4591327,0.6379527
1.010275,0.5301849,0.3805999
1.025571,0.5421735,0.3606541
1.025875,0.4608497,0.6553521
1.019175,0.7556555,-0.6250904
0.9557204,0.7454721,-0.6153486
0.9778997,0.7014619,-0.6497091
1.018376,0.7133079,-0.6583024
0.9778997,0.7014619,-0.6497091
0.9772027,0.5333251,-0.5830363
1.017764,0.521259,-0.5821485
1.018376,0.7133079,-0.6583024
0.9068891,0.5715038,2.016415
0.8983864,0.5755818,2.025242
0.8843151,0.5534232,2.052377
0.9034385,0.556621,2.026459
0.9152427,0.5632012,2.009098
0.9181316,0.6167891,1.966149
0.8983864,0.5755818,2.025242
0.9068891,0.5715038,2.016415
0.9941444,0.8021999,1.693077
0.9288261,0.7130423,1.88063
0.9216964,0.780776,1.807582
0.8573897,0.8392121,1.711783
0.8795116,0.799076,1.813736
0.8352379,0.7909427,1.862471
1.003769,0.541325,-1.764757
1.003769,0.246905,-1.781438
0.9204953,0.2484433,-1.844484
0.9356747,0.9044268,-1.938175
0.9889323,0.8982711,-1.817475
1.008787,0.9197404,-1.224948
0.3858804,1.015891,-1.34503
0.5600787,1.070051,-0.9273245
1.009971,0.850189,-0.6503224
0.9837554,0.9238052,-1.752312
0.6001794,1.019291,-1.82137
0.3858804,1.015891,-1.34503
1.008787,0.9197404,-1.224948
1.021248,0.2209975,1.744188
1.021248,0.3223923,1.763937
1.021248,0.2209974,1.76475
1.021248,0.325646,1.745105
1.021248,0.4551016,1.756741
1.021248,0.4529789,1.737607
1.021248,0.6119311,1.704815
1.021248,0.6039962,1.687334
1.021248,0.6039962,1.687334
1.021248,0.7315405,1.607857
1.021248,0.7185779,1.593635
1.021248,0.2209974,0.906251
1.021248,0.3843775,0.9073623
0.8076,0.3843776,0.9073623
0.8076061,0.2209975,0.906251
1.003769,0.2454451,-1.762692
1.003769,0.5349648,-1.746869
0.7972019,0.5349648,-1.746869
0.7972019,0.2454451,-1.762692
1.003769,0.5349648,-1.746869
1.003769,0.7086375,-1.638703
0.7972019,0.7086375,-1.638703
0.7972019,0.5349648,-1.746869
1.003769,0.8020985,-1.212049
0.7972019,0.8020985,-1.212049
0.7972019,0.8088292,-1.358035
1.003769,0.8088292,-1.358035
0.9227526,0.9333135,-1.93656
0.9752488,0.9301026,-1.817063
0.9889323,0.8982711,-1.817475
0.9356747,0.9044268,-1.938175
1.008119,0.8848667,0.359108
1.008725,0.8604926,0.8211535
1.023976,0.845855,0.8150728
1.023976,0.8705807,0.3591549
1.008111,0.8356503,-0.1236519
1.008119,0.8848667,0.359108
1.023976,0.8705807,0.3591549
1.023969,0.821062,-0.1191417
1.008787,0.9197404,-1.224948
1.009971,0.850189,-0.6503224
1.018823,0.8277367,-0.6433118
1.016577,0.8957382,-1.221369
0.9752488,0.9301026,-1.817063
0.9837554,0.9238052,-1.752312
0.9976912,0.8963273,-1.748761
0.9889323,0.8982711,-1.817475
1.009971,0.850189,-0.6503224
1.008111,0.8356503,-0.1236519
1.023969,0.821062,-0.1191417
1.018823,0.8277367,-0.6433118
1.002944,0.8215126,1.438315
0.9941444,0.8021999,1.693077
1.007339,0.7914796,1.687931
1.021248,0.8130654,1.437846
0.9837554,0.9238052,-1.752312
1.008787,0.9197404,-1.224948
1.016577,0.8957382,-1.221369
0.9976912,0.8963273,-1.748761
0.9152427,0.5632012,2.009098
1.007339,0.7914796,1.687931
0.9941444,0.8021999,1.693077
0.9068891,0.5715038,2.016415
0.8834091,0.9253375,-1.99153
0.9227526,0.9333135,-1.93656
0.9356747,0.9044268,-1.938175
0.8813139,0.8992411,-2.003976
1.005834,0.8410027,1.129734
1.002944,0.8215126,1.438315
1.021248,0.8130654,1.437846
1.021248,0.8230102,1.248965
0.8834091,0.9253375,-1.99153
0.7513829,0.984692,-2.133168
0.6001794,1.019291,-1.82137
0.9227526,0.9333135,-1.93656
0.9752488,0.9301026,-1.817063
0.9837554,0.9238052,-1.752312
1.021248,0.3843775,0.9073623
1.021248,0.5536065,0.9484278
0.8075963,0.5536065,0.9484278
0.8076,0.3843776,0.9073623
1.021248,0.7185779,1.593635
1.021248,0.6039962,1.687334
0.8075799,0.6039962,1.687334
0.8061852,0.7185779,1.593635
1.021248,0.803154,1.264575
1.021248,0.7982642,1.433134
0.8076194,0.7982642,1.433134
0.8076102,0.805751,1.285527
1.021248,0.7661484,1.170962
1.021248,0.803154,1.264575
0.8076102,0.805751,1.285527
0.8076035,0.7661484,1.170962
1.021248,0.325646,1.745105
1.021248,0.2209975,1.744188
0.8157787,0.2209975,1.744188
0.8075504,0.325646,1.745105
1.021248,0.7009632,1.04747
1.021248,0.7661484,1.170962
0.8076035,0.7661484,1.170962
0.8075986,0.7009632,1.04747
1.021248,0.4529789,1.737607
1.021248,0.325646,1.745105
0.8075504,0.325646,1.745105
0.8075615,0.4529789,1.737607
1.021248,0.5536065,0.9484278
1.021248,0.7009632,1.04747
0.8075986,0.7009632,1.04747
0.8075963,0.5536065,0.9484278
1.021248,0.6039962,1.687334
1.021248,0.4529789,1.737607
0.8075615,0.4529789,1.737607
0.8075799,0.6039962,1.687334
0.8157787,0.2209975,1.744188
0.8076061,0.2209975,0.906251
0.8076,0.3843776,0.9073623
0.8075504,0.325646,1.745105
0.8075615,0.4529789,1.737607
0.8075963,0.5536065,0.9484278
0.8075799,0.6039962,1.687334
0.8075986,0.7009632,1.04747
0.8061852,0.7185779,1.593635
0.8076035,0.7661484,1.170962
0.8076194,0.7982642,1.433134
0.8076102,0.805751,1.285527
1.003769,0.7318369,-1.095214
1.003769,0.6181254,-0.9868328
0.7972019,0.6181254,-0.9868328
0.7972019,0.7318369,-1.095214
1.003769,0.6181254,-0.9868328
1.003769,0.4342247,-0.9237677
0.7972019,0.4342247,-0.9237677
0.7972019,0.6181254,-0.9868328
1.003769,0.2227585,-0.9305509
0.7972019,0.2226798,-0.9142358
0.7972019,0.2227585,-0.9305509
1.003769,0.4342247,-0.9237677
0.7972019,0.3478908,-0.9245213
0.7972019,0.4342247,-0.9237677
1.003769,0.3478908,-0.9245213
0.7972019,0.2227585,-0.9305509
1.003769,0.2227585,-0.9305509
1.003769,0.7086375,-1.638703
1.003769,0.7928324,-1.494138
0.7972019,0.7928324,-1.494138
0.7972019,0.7086375,-1.638703
1.003769,0.7928324,-1.494138
1.003769,0.8088292,-1.358035
0.7972019,0.8088292,-1.358035
0.7972019,0.7928324,-1.494138
1.003769,0.8020985,-1.212049
1.003769,0.7318369,-1.095214
0.7972019,0.7318369,-1.095214
0.7972019,0.8020985,-1.212049
0.7972019,0.3478908,-0.9245213
0.7972019,0.2227585,-0.9305509
0.7972019,0.2454451,-1.762692
0.7972019,0.5349648,-1.746869
0.7972019,0.4342247,-0.9237677
0.7972019,0.6181254,-0.9868328
0.7972019,0.7086375,-1.638703
0.7972019,0.7318369,-1.095214
0.7972019,0.7928324,-1.494138
0.7972019,0.7928324,-1.494138
0.7972019,0.8020985,-1.212049
0.7972019,0.7318369,-1.095214
0.7972019,0.8088292,-1.358035
0.7972019,0.220997,-0.9142358
0.7972019,0.2227585,-0.9305509
1.003769,0.2227585,-0.9305509
1.003769,0.2226798,-0.9142358
0.9158117,0.8703022,-0.3138039
0.9222237,0.8712553,-0.06976566
0.8706399,0.8721854,-0.07145505
0.8674339,0.8717089,-0.3154933
0.9331674,0.8993087,-0.3138994
0.8928469,0.9194356,-0.3156324
0.8959356,0.9192429,-0.0715941
0.9394184,0.8993416,-0.06986125
0.8674339,0.8717089,-0.3154933
0.8706399,0.8721854,-0.07145505
0.8959356,0.9192429,-0.0715941
0.8928469,0.9194356,-0.3156324
0.8706399,0.8721854,-0.07145505
0.9222237,0.8712553,-0.06976566
0.9394184,0.8993416,-0.06986125
0.8959356,0.9192429,-0.0715941
0.9222237,0.8712553,-0.06976566
0.9158117,0.8703022,-0.3138039
0.9331674,0.8993087,-0.3138994
0.9394184,0.8993416,-0.06986125
0.9158117,0.8703022,-0.3138039
0.8674339,0.8717089,-0.3154933
0.8928469,0.9194356,-0.3156324
0.9331674,0.8993087,-0.3138994
1.008725,0.8604926,0.8211535
1.005834,0.8410027,1.129734
1.021248,0.8230102,1.248965
1.023976,0.845855,0.8150728
0.6729016,1.120436,-2.123723
0.8320677,1.120436,-2.123723
0.8320677,1.120436,-1.860835
0.6729016,1.120436,-1.860835
0.6729016,1.120436,-2.123723
0.6729016,1.120436,-1.860835
0.6729016,0.9729818,-1.860835
0.6729016,0.9729816,-2.123723
0.6437198,0.9729818,-2.00414
0.6437198,0.9729816,-2.123723
0.6729016,0.9729816,-2.123723
0.6729016,0.9729818,-1.860835
0.6437198,0.9729818,-1.860835
0.8320677,1.102162,-2.152852
0.8919045,1.102162,-2.152852
0.8919045,1.102163,-1.828953
0.8320677,1.102163,-1.828953
0.6437198,1.120436,-2.00414
0.6437198,1.120436,-2.123723
0.6437198,0.9729816,-2.123723
0.6437198,0.9729818,-2.00414
0.6437198,1.120436,-1.860835
0.6437198,0.9729818,-1.860835
0.8320677,1.240713,-2.120795
0.8320677,1.176565,-1.845984
0.8919045,1.176565,-1.845984
0.8919045,1.240713,-2.120795
0.8919045,1.102162,-2.152852
0.8919045,1.240713,-2.120795
0.8919045,1.176565,-1.845984
0.8919045,1.102163,-1.828953
0.8320677,1.176565,-1.845984
0.8320677,1.102163,-1.828953
0.8919045,1.102163,-1.828953
0.8919045,1.176565,-1.845984
0.8320677,1.102162,-2.152852
0.8320677,1.240713,-2.120795
0.8919045,1.240713,-2.120795
0.8919045,1.102162,-2.152852
0.7238913,0.9028004,-2.108212
0.5087631,0.9167504,-2.189639
0.5049542,0.9229567,-2.191776
0.7242845,0.9087715,-2.108125
0.7092086,0.8457469,-2.110445
0.7576904,0.8406672,-2.079732
0.7573029,0.8346943,-2.079741
0.7084292,0.8398355,-2.110205
0.8109241,0.88972,0.8951958
0.8109241,0.9058393,0.8951958
0.8109241,0.9058393,0.8748984
0.8109241,0.88972,0.8748984
0.8109241,0.88972,0.8748984
0.8109241,0.9058393,0.8748984
0.8937141,0.9762945,0.8716387
0.8944311,0.948554,0.8716387
0.8944311,0.948554,0.8919362
0.8937141,0.9762945,0.8919362
0.8109241,0.9058393,0.8951958
0.8109241,0.88972,0.8951958
0.8109241,0.88972,0.8748984
0.8944311,0.948554,0.8716387
0.8944311,0.948554,0.8919362
0.8109241,0.88972,0.8951958
0.8937141,0.9762945,0.8716387
0.8109241,0.9058393,0.8748984
0.8109241,0.9058393,0.8951958
0.8937141,0.9762945,0.8919362
0.8930473,1.013279,0.8528559
0.8930473,1.013279,0.9107189
1.0471,1.002799,0.9107189
1.0471,1.002799,0.8528559
1.0471,0.9297435,0.8528559
1.0471,1.002799,0.8528559
1.0471,1.002799,0.9107189
1.0471,0.9297435,0.9107189
0.9031951,0.9261355,0.8528559
0.9015312,1.00439,0.8528559
1.038808,0.9950514,0.8528559
1.038808,0.937377,0.8528559
0.8930473,1.013279,0.9107189
0.8950922,0.917143,0.9107189
1.0471,0.9297435,0.9107189
1.0471,1.002799,0.9107189
0.8950922,0.917143,0.9107189
0.8950922,0.917143,0.8528559
1.0471,0.9297435,0.8528559
1.0471,0.9297435,0.9107189
0.9015312,1.00439,0.8528559
0.9031951,0.9261355,0.8528559
0.8950922,0.917143,0.8528559
0.8930473,1.013279,0.8528559
0.9031951,0.9261355,0.8528559
1.0471,0.9297435,0.8528559
1.038808,0.937377,0.8528559
1.0471,1.002799,0.8528559
1.038808,0.9950514,0.8528559
0.8930473,1.013279,0.8528559
0.9015312,1.00439,0.8528559
0.6304424,0.348649,-2.030822
0.6304424,0.348649,-1.837014
0.6686508,0.3328226,-1.837014
0.6686508,0.3328226,-2.030822
0.6686508,0.3328226,-2.030822
0.6686508,0.3328226,-1.837014
0.6844774,0.2946143,-1.837014
0.6844774,0.2946143,-2.030822
0.6844774,0.2946143,-2.030822
0.6844774,0.2946143,-1.837014
0.6686508,0.2564059,-1.837014
0.6686508,0.2564059,-2.030822
0.6686508,0.2564059,-2.030822
0.6686508,0.2564059,-1.837014
0.6304424,0.2405796,-1.837014
0.6304424,0.2405796,-2.030822
0.6304424,0.2405796,-2.030822
0.6304424,0.2405796,-1.837014
0.5922345,0.2564059,-1.837014
0.5922345,0.2564059,-2.030822
0.5922345,0.2564059,-2.030822
0.5922345,0.2564059,-1.837014
0.576408,0.2946143,-1.837014
0.576408,0.2946143,-2.030822
0.5922345,0.3328226,-1.837014
0.576408,0.2946143,-1.837014
0.5922345,0.2564059,-1.837014
0.6304424,0.348649,-1.837014
0.6304424,0.2405796,-1.837014
0.6686508,0.3328226,-1.837014
0.6686508,0.2564059,-1.837014
0.6844774,0.2946143,-1.837014
0.576408,0.2946143,-2.030822
0.576408,0.2946143,-1.837014
0.5922345,0.3328226,-1.837014
0.5922345,0.3328226,-2.030822
0.5922345,0.3328226,-2.030822
0.5922345,0.3328226,-1.837014
0.6304424,0.348649,-1.837014
0.6304424,0.348649,-2.030822
0.5995586,0.2637301,-2.030822
0.5867659,0.2946143,-2.030822
0.5995586,0.3254984,-2.030822
0.6304424,0.2509375,-2.030822
0.6304424,0.3382911,-2.030822
0.6613267,0.2637301,-2.030822
0.6613267,0.3254984,-2.030822
0.6741194,0.2946143,-2.030822
0.5995586,0.3254984,-2.030822
0.576408,0.2946143,-2.030822
0.5922345,0.3328226,-2.030822
0.5867659,0.2946143,-2.030822
0.6304424,0.3382911,-2.030822
0.5922345,0.2564059,-2.030822
0.6304424,0.348649,-2.030822
0.5995586,0.2637301,-2.030822
0.6613267,0.3254984,-2.030822
0.6304424,0.2405796,-2.030822
0.6686508,0.3328226,-2.030822
0.6304424,0.2509375,-2.030822
0.6741194,0.2946143,-2.030822
0.6686508,0.2564059,-2.030822
0.6844774,0.2946143,-2.030822
0.6613267,0.2637301,-2.030822
0.8937141,0.9762945,0.8716387
0.8930473,1.013279,0.9107189
0.8930473,1.013279,0.8528559
0.8937141,0.9762945,0.8919362
0.8944311,0.948554,0.8716387
0.8950922,0.917143,0.9107189
0.8950922,0.917143,0.8528559
0.8944311,0.948554,0.8919362
0.8320677,1.189836,-2.123723
0.8320677,1.159775,-1.860835
0.8320677,1.176565,-1.845984
0.8320677,1.240713,-2.120795
0.8320677,1.102163,-1.828953
0.8320677,1.120436,-2.123723
0.8320677,1.120436,-1.860835
0.8320677,1.102162,-2.152852
-0.5996106,0.3254984,-2.030822
-0.5922864,0.3328226,-2.030822
-0.57646,0.2946143,-2.030822
-0.5868179,0.2946143,-2.030822
-0.6304944,0.3382911,-2.030822
-0.5922864,0.2564059,-2.030822
-0.6304944,0.348649,-2.030822
-0.5996106,0.2637301,-2.030822
-0.6613786,0.3254984,-2.030822
-0.6304944,0.2405796,-2.030822
-0.6687028,0.3328226,-2.030822
-0.6304944,0.2509375,-2.030822
-0.6741713,0.2946143,-2.030822
-0.6687028,0.2564059,-2.030822
-0.6845294,0.2946143,-2.030822
-0.6613786,0.2637301,-2.030822
-0.893766,0.9762945,0.8716387
-0.8930993,1.013279,0.8528559
-0.8930993,1.013279,0.9107189
-0.893766,0.9762945,0.8919362
-0.8944831,0.948554,0.8716387
-0.8951442,0.917143,0.9107189
-0.8951442,0.917143,0.8528559
-0.8944831,0.948554,0.8919362
-0.8321196,1.189836,-2.123723
-0.8321196,1.240713,-2.120795
-0.8321196,1.176565,-1.845984
-0.8321196,1.120436,-2.123723
-0.8321196,1.159775,-1.860835
-0.8321196,1.102162,-2.152852
-0.8321196,1.102163,-1.828953
-0.8321196,1.120436,-1.860835
-0.4962924,0.8718234,-2.195183
-0.624063,0.855899,-2.139558
-0.5088151,0.9167504,-2.189639
0.4962404,0.8718234,-2.195183
0.5087631,0.9167504,-2.189639
0.624011,0.855899,-2.139558
-0.5216887,0.6078569,2.288146
-0.5874134,0.6747552,2.157233
-0.7150684,0.5261751,2.208458
-0.5631388,0.5598164,2.296842
-0.5170477,0.5883493,2.31738
-0.533152,0.5768535,2.316827
-0.5874134,0.6747552,2.157233
-0.7242174,0.7478745,1.98334
-0.7889542,0.5141389,2.181365
-0.8465667,0.7856529,1.864407
-0.8832151,0.7919988,1.820424
-0.9114973,0.7822645,1.820602
-0.9181582,0.7213981,1.886406
-0.889731,0.5857014,2.030357
-0.8781933,0.5647402,2.057246
-0.8404447,0.5251273,2.106882
-0.7889542,0.5141389,2.181365
-0.7242174,0.7478745,1.98334
-0.8465667,0.7856529,1.864407
-0.9073915,0.6259806,1.97108
-0.9181582,0.7213981,1.886406
-0.8085304,0.8384973,-2.029351
-0.8247162,0.8639617,-2.012749
-0.8224575,0.8901384,-2.013947
-0.7239432,0.9028004,-2.108212
-0.7577424,0.8406672,-2.079732
-0.7092606,0.8457469,-2.110445
-0.7577424,0.8406672,-2.079732
-0.7239432,0.9028004,-2.108212
-0.5088151,0.9167504,-2.189639
-0.624063,0.855899,-2.139558
0.7150164,0.5261751,2.208458
0.5873615,0.6747552,2.157233
0.5216367,0.6078569,2.288146
0.5630868,0.5598164,2.296842
0.5169957,0.5883493,2.31738
0.5331001,0.5768535,2.316827
0.7889022,0.5141389,2.181365
0.7241654,0.7478745,1.98334
0.5873615,0.6747552,2.157233
0.8465147,0.7856529,1.864407
0.9181062,0.7213981,1.886406
0.9114453,0.7822645,1.820602
0.8831631,0.7919988,1.820424
0.8403927,0.5251273,2.106882
0.8781413,0.5647402,2.057246
0.889679,0.5857014,2.030357
0.7889022,0.5141389,2.181365
0.7241654,0.7478745,1.98334
0.8465147,0.7856529,1.864407
0.9181062,0.7213981,1.886406
0.9073396,0.6259806,1.97108
0.7576904,0.8406672,-2.079732
0.7238913,0.9028004,-2.108212
0.8224055,0.8901384,-2.013947
0.8084784,0.8384973,-2.029351
0.8246642,0.8639617,-2.012749
0.624011,0.855899,-2.139558
0.5087631,0.9167504,-2.189639
0.7238913,0.9028004,-2.108212
0.7092086,0.8457469,-2.110445
0.7576904,0.8406672,-2.079732
2394
0.149974,0.5359206
0.149974,0.5359206
0.149974,0.5359206
0.1464059,0.5208971
0.1464059,0.5208972
0.1464059,0.5208972
0.8600825,0.65174
0.8600826,0.65174
0.8600826,0.65174
0.1665652,0.5501418
0.1665652,0.5501417
0.1665652,0.5501416
0.1505116,0.4650108
0.1505116,0.4650107
0.1505116,0.4650108
0.8600826,0.65174
0.8600826,0.65174
0.8600826,0.65174
0.1120511,0.9530722
0.1120511,0.953072
0.1120511,0.9530721
0.1120511,0.953072
0.1120511,0.9530721
0.1120511,0.9530721
0.1120511,0.953072
0.1120511,0.953072
0.1120511,0.9530721
0.1120511,0.953072
0.1120511,0.9530721
0.1120511,0.953072
0.8600826,0.65174
0.8600826,0.65174
0.8600826,0.65174
0.8600825,0.65174
0.8600826,0.65174
0.8600826,0.65174
0.8600826,0.6517398
0.8600826,0.65174
0.8600825,0.65174
0.8600826,0.65174
0.8600826,0.65174
0.8600826,0.65174
0.149974,0.5359206
0.149974,0.5359206
0.149974,0.5359206
0.1464059,0.5208971
0.1464059,0.5208972
0.1464059,0.5208972
0.8600825,0.65174
0.8600826,0.65174
0.8600826,0.65174
0.1665652,0.5501416
0.1665652,0.5501417
0.1665652,0.5501418
0.1505116,0.4650108
0.1505116,0.4650108
0.1505116,0.4650107
0.8600826,0.65174
0.8600826,0.65174
0.8600826,0.65174
0.1120511,0.9530722
0.1120511,0.9530721
0.1120511,0.953072
0.1120511,0.9530722
0.1120511,0.9530721
0.1120511,0.9530722
0.8600826,0.65174
0.8600826,0.65174
0.8600826,0.65174
0.8600825,0.65174
0.8600826,0.65174
0.8600826,0.65174
0.8600825,0.65174
0.8600826,0.65174
0.8600826,0.6517398
0.8600826,0.65174
0.8600826,0.65174
0.8600826,0.65174
0.8600825,0.65174
0.8600826,0.65174
0.8600826,0.65174
0.8600826,0.65174
0.8600826,0.65174
0.8600826,0.65174
0.8600825,0.65174
0.8600826,0.65174
0.8600826,0.65174
0.8600826,0.65174
0.8517836,0.6392913
0.8517836,0.6392913
0.8517836,0.6392913
0.8517836,0.6392913
0.8517836,0.6392913
0.8517836,0.6392913
0.8600826,0.65174
0.8600826,0.65174
0.8600826,0.65174
0.8600824,0.65174
0.8600826,0.65174
0.8600826,0.65174
0.8600826,0.65174
0.8600826,0.65174
0.8600826,0.65174
0.8600826,0.65174
0.8600826,0.65174
0.8600826,0.65174
0.1595743,0.5453529
0.1595743,0.5453529
0.1595743,0.5453529
0.1595743,0.5453529
0.1595743,0.5453529
0.8600826,0.65174
0.8600826,0.65174
0.8600826,0.65174
0.8600826,0.65174
0.8600826,0.65174
0.8600826,0.65174
0.8600826,0.65174
0.8600826,0.65174
0.8600826,0.65174
0.8600826,0.65174
0.8600826,0.65174
0.8600826,0.65174
0.8600826,0.65174
0.8600826,0.65174
0.1595743,0.5453529
0.1595743,0.5453529
0.1595743,0.5453529
0.1595743,0.5453529
0.1595743,0.5453529
0.1595743,0.5453529
0.8600826,0.65174
0.8600826,0.65174
0.8600826,0.65174
0.8600826,0.65174
0.8600826,0.65174
0.8600826,0.65174
0.8600826,0.65174
0.8600826,0.65174
0.1505117,0.4650108
0.1505117,0.4650108
0.1505117,0.4650108
0.1505117,0.4650108
0.1505116,0.4650108
0.1505117,0.4650108
0.1505117,0.4650108
0.1505116,0.4650108
0.1505117,0.4650109
0.1505116,0.4650108
0.1505117,0.4650108
0.1505117,0.4650108
0.1505117,0.4650109
0.1505117,0.4650108
0.1505116,0.4650108
0.149974,0.5359206
0.149974,0.5359206
0.149974,0.5359206
0.149974,0.5359206
0.149974,0.5359206
0.149974,0.5359206
0.149974,0.5359206
0.149974,0.5359206
0.149974,0.5359206
0.149974,0.5359206
0.1499739,0.5359206
0.149974,0.5359206
0.149974,0.5359206
0.149974,0.5359206
0.149974,0.5359206
0.8600826,0.65174
0.8600826,0.65174
0.8600826,0.65174
0.8600826,0.65174
0.8600826,0.65174
0.8600826,0.65174
0.8600826,0.65174
0.8600826,0.65174
0.8600826,0.65174
0.8600826,0.65174
0.8600826,0.65174
0.8600826,0.65174
0.8600826,0.65174
0.8600826,0.6517401
0.8600826,0.65174
0.8600826,0.6517401
0.8600826,0.65174
0.8600826,0.65174
0.8600826,0.65174
0.8600826,0.65174
0.8600826,0.65174
0.8600826,0.65174
0.8600826,0.65174
0.8600826,0.65174
0.8600826,0.65174
0.8600826,0.65174
0.8600826,0.65174
0.8600826,0.65174
0.8600826,0.65174
0.8600826,0.65174
0.8600826,0.65174
0.8600826,0.65174
0.8600826,0.65174
0.8600826,0.65174
0.8600826,0.65174
0.8600826,0.65174
0.8600826,0.65174
0.8600826,0.65174
0.8600826,0.65174
0.8600826,0.65174
0.8600826,0.65174
0.8600826,0.65174
0.8600826,0.65174
0.8600826,0.65174
0.8600826,0.65174
0.8600826,0.65174
0.8600826,0.6517401
0.8600826,0.6517401
0.8600826,0.65174
0.8600826,0.65174
0.8600826,0.65174
0.8600826,0.65174
0.8600826,0.65174
0.8600826,0.65174
0.8600826,0.65174
0.8600826,0.65174
0.8600826,0.65174
0.8600826,0.65174
0.8600826,0.65174
0.8600826,0.65174
0.8600826,0.65174
0.8600826,0.65174
0.8600826,0.65174
0.8600826,0.65174
0.8600826,0.65174
0.8600826,0.65174
0.8600826,0.65174
0.1665652,0.5501417
0.1665652,0.5501417
0.1665652,0.5501418
0.1665652,0.5501416
0.149974,0.5359206
0.149974,0.5359206
0.149974,0.5359206
0.149974,0.5359206
0.149974,0.5359206
0.149974,0.5359206
0.149974,0.5359206
0.149974,0.5359206
0.1505117,0.4650108
0.1505117,0.4650108
0.1505116,0.4650108
0.1505117,0.4650109
0.8517836,0.6392913
0.8517836,0.6392913
0.8517836,0.6392913
0.8517836,0.6392913
0.8600826,0.65174
0.8600826,0.65174
0.8600826,0.65174
0.8600825,0.65174
0.149974,0.5359206
0.149974,0.5359206
0.149974,0.5359206
0.149974,0.5359206
0.8600826,0.65174
0.8600826,0.65174
0.8600826,0.65174
0.8600826,0.65174
0.8600826,0.65174
0.8600826,0.65174
0.8600825,0.65174
0.8600826,0.65174
0.8600826,0.6517401
0.8600826,0.65174
0.8600826,0.65174
0.8600826,0.65174
0.8600826,0.65174
0.8600825,0.65174
0.8600826,0.65174
0.8600825,0.65174
0.8600826,0.65174
0.8600825,0.65174
0.8600826,0.65174
0.8600826,0.65174
0.8600826,0.65174
0.8600826,0.65174
0.8600826,0.65174
0.8600826,0.65174
0.8600825,0.65174
0.8600826,0.65174
0.8600826,0.65174
0.8600826,0.65174
0.8600826,0.65174
0.8600826,0.65174
0.8600826,0.65174
0.8600826,0.65174
0.8600826,0.65174
0.8600825,0.65174
0.8600826,0.65174
0.8600826,0.65174
0.8600826,0.65174
0.8600826,0.65174
0.8600826,0.65174
0.8600826,0.65174
0.8600826,0.65174
0.8600826,0.65174
0.8600826,0.65174
0.8600826,0.65174
0.8600826,0.65174
0.8600826,0.65174
0.8600826,0.6517401
0.8600826,0.65174
0.8600826,0.65174
0.8600826,0.6517401
0.8600826,0.65174
0.8600826,0.65174
0.8600826,0.65174
0.8600826,0.65174
0.8600826,0.65174
0.8600825,0.65174
0.8600826,0.65174
0.8600826,0.6517401
0.8600826,0.65174
0.8600825,0.65174
0.149974,0.5359206
0.149974,0.5359206
0.149974,0.5359206
0.149974,0.5359206
0.149974,0.5359206
0.149974,0.5359206
0.8517836,0.6392913
0.8517836,0.6392913
0.8517836,0.6392913
0.8517836,0.6392913
0.8600826,0.65174
0.8600826,0.65174
0.8600826,0.65174
0.8600826,0.65174
0.8517836,0.6392913
0.8517836,0.6392913
0.8517836,0.6392913
0.8517836,0.6392913
0.8517836,0.6392913
0.8517836,0.6392913
0.149974,0.5359206
0.1499739,0.5359206
0.149974,0.5359206
0.149974,0.5359206
0.149974,0.5359206
0.149974,0.5359206
0.1760459,0.5051083
0.1760459,0.5051083
0.1760459,0.5051083
0.1760459,0.5051083
0.149974,0.5359206
0.149974,0.5359206
0.149974,0.5359206
0.149974,0.5359206
0.8600826,0.65174
0.8600826,0.65174
0.8600826,0.65174
0.8600826,0.65174
0.8600826,0.65174
0.8600826,0.65174
0.8600826,0.65174
0.8600826,0.65174
0.8600826,0.65174
0.8600826,0.65174
0.8600826,0.65174
0.8600826,0.65174
0.8600826,0.65174
0.8600826,0.65174
0.8600826,0.65174
0.8600826,0.65174
0.8600826,0.65174
0.8600826,0.65174
0.8600826,0.65174
0.8600825,0.65174
0.8600826,0.65174
0.8600826,0.65174
0.8600826,0.65174
0.8600826,0.65174
0.8600826,0.65174
0.8600826,0.65174
0.8600826,0.65174
0.8600826,0.65174
0.8600826,0.65174
0.8600826,0.65174
0.8600825,0.65174
0.8600826,0.65174
0.8600826,0.65174
0.8600825,0.65174
0.8600826,0.65174
0.8600826,0.65174
0.8600826,0.65174
0.8600826,0.65174
0.8600826,0.65174
0.8600826,0.65174
0.8600826,0.65174
0.8600826,0.65174
0.8600826,0.65174
0.8600826,0.65174
0.8600826,0.65174
0.8600826,0.65174
0.8600826,0.65174
0.149974,0.5264399
0.149974,0.5264399
0.149974,0.5264399
0.149974,0.5264399
0.149974,0.5264399
0.149974,0.5264399
0.149974,0.5264399
0.149974,0.5264399
0.149974,0.5264399
0.149974,0.5264399
0.149974,0.5264399
0.149974,0.5264399
0.149974,0.5264399
0.149974,0.5264399
0.149974,0.5264399
0.149974,0.5264399
0.149974,0.5264399
0.149974,0.5264399
0.149974,0.5264399
0.149974,0.5264399
0.149974,0.5264399
0.149974,0.5264399
0.149974,0.5264399
0.149974,0.5264399
0.149974,0.5264399
0.149974,0.5264399
0.149974,0.5264399
0.149974,0.5264399
0.149974,0.5264399
0.149974,0.5264399
0.149974,0.5264399
0.149974,0.5264399
0.149974,0.5264399
0.149974,0.5264399
0.149974,0.5264399
0.149974,0.5264399
0.149974,0.5264399
0.149974,0.5264399
0.149974,0.5264399
0.149974,0.5264399
0.149974,0.5264399
0.149974,0.5264399
0.149974,0.5264399
0.149974,0.5264399
0.1120511,0.9530721
0.1120511,0.9530721
0.1120511,0.9530721
0.1120511,0.9530721
0.1120511,0.953072
0.1120511,0.9530721
0.1120511,0.9530721
0.1120511,0.9530721
0.1120511,0.9530722
0.1120511,0.9530721
0.1120511,0.9530722
0.1120511,0.9530722
0.1120511,0.9530721
0.8600826,0.65174
0.8600826,0.65174
0.8600826,0.65174
0.8600826,0.65174
0.1407622,0.5077287
0.1407622,0.5077286
0.1407622,0.5077286
0.1407622,0.5077286
0.1407622,0.5077286
0.1407622,0.5077286
0.1407622,0.5077286
0.1407622,0.5077286
0.1407622,0.5077286
0.1407622,0.5077286
0.1407622,0.5077286
0.1407622,0.5077287
0.1407622,0.5077286
0.1407622,0.5077286
0.1407622,0.5077286
0.1407622,0.5077286
0.1407622,0.5077286
0.1407622,0.5077286
0.1407622,0.5077286
0.1407622,0.5077286
0.1407622,0.5077286
0.1407622,0.5077286
0.1407622,0.5077286
0.1407622,0.5077286
0.1407622,0.5077286
0.1407622,0.5077286
0.1407622,0.5077286
0.1407622,0.5077286
0.1407622,0.5077286
0.1407622,0.5077286
0.1407622,0.5077286
0.1407622,0.5077286
0.1407622,0.5077286
0.1407622,0.5077286
0.1407622,0.5077286
0.1407622,0.5077286
0.1407622,0.5077286
0.1407622,0.5077286
0.1407622,0.5077286
0.1407622,0.5077286
0.1407622,0.5077286
0.1407622,0.5077286
0.1407622,0.5077286
0.1407622,0.5077286
0.1407622,0.5077286
0.1407622,0.5077286
0.1407622,0.5077286
0.1407622,0.5077286
0.1407622,0.5077286
0.1407622,0.5077286
0.1407622,0.5077286
0.1407622,0.5077286
0.1407622,0.5077286
0.1407622,0.5077286
0.1407622,0.5077286
0.1407622,0.5077286
0.1407622,0.5077286
0.1407622,0.5077286
0.1407622,0.5077286
0.1407622,0.5077286
0.1407622,0.5077286
0.1407622,0.5077286
0.1595743,0.5453529
0.1595743,0.5453529
0.1595743,0.5453529
0.1595743,0.5453528
0.1595743,0.5453529
0.08244464,0.9836752
0.08244464,0.9836752
0.08244464,0.9836752
0.08244464,0.9836752
0.08244464,0.9836752
0.08244464,0.9836752
0.08244464,0.9836752
0.08244464,0.9836752
0.08244464,0.9836752
0.08244464,0.9836752
0.08244464,0.9836752
0.08244464,0.9836752
0.138881,0.5114911
0.138881,0.5114911
0.138881,0.5114911
0.138881,0.5114911
0.138881,0.5114911
0.138881,0.5114911
0.138881,0.5114911
0.138881,0.5114911
0.138881,0.5114911
0.138881,0.511491
0.138881,0.5114911
0.138881,0.5114911
0.138881,0.5114911
0.138881,0.5114911
0.138881,0.5114911
0.138881,0.5114911
0.8600825,0.65174
0.8600825,0.65174
0.8600826,0.6517401
0.8600826,0.6517401
0.138881,0.5114911
0.138881,0.5114911
0.138881,0.5114911
0.138881,0.5114911
0.138881,0.5114911
0.138881,0.5114911
0.138881,0.5114911
0.138881,0.5114911
0.138881,0.5114911
0.138881,0.5114911
0.138881,0.5114911
0.138881,0.5114911
0.138881,0.5114911
0.138881,0.5114911
0.138881,0.5114911
0.138881,0.5114911
0.138881,0.5114911
0.138881,0.5114911
0.08244464,0.9836752
0.08244464,0.9836752
0.08244464,0.9836752
0.08244464,0.9836752
0.08244464,0.9836752
0.08244464,0.9836752
0.08244464,0.9836752
0.08244464,0.9836752
0.08244464,0.9836752
0.08244464,0.9836752
0.08244464,0.9836752
0.08244464,0.9836752
0.08244464,0.9836752
0.08244464,0.9836752
0.08244464,0.9836752
0.08244464,0.9836752
0.08244464,0.9836752
0.08244464,0.9836752
0.08244464,0.9836752
0.08244464,0.9836752
0.08244464,0.9836752
0.08244464,0.9836752
0.08244464,0.9836752
0.08244464,0.9836752
0.08244464,0.9836752
0.08244464,0.9836752
0.08244464,0.9836752
0.08244464,0.9836752
0.08244464,0.9836752
0.08244464,0.9836752
0.08244464,0.9836752
0.08244464,0.9836752
0.08244464,0.9836752
0.08244464,0.9836752
0.08244464,0.9836752
0.08244464,0.9836752
0.08244464,0.9836752
0.08244464,0.9836752
0.08244464,0.9836752
0.8600826,0.65174
0.8600826,0.65174
0.8600826,0.65174
0.8600826,0.65174
0.8600826,0.65174
0.8600826,0.65174
0.138881,0.5114911
0.138881,0.511491
0.138881,0.511491
0.138881,0.5114911
0.138881,0.5114911
0.8600826,0.65174
0.8600826,0.65174
0.8600826,0.65174
0.8600826,0.65174
0.8600826,0.65174
0.8600826,0.65174
0.8600826,0.65174
0.08244464,0.9836752
0.08244464,0.9836752
0.08244464,0.9836752
0.08244464,0.9836752
0.08244464,0.9836752
0.08244464,0.9836752
0.08244464,0.9836752
0.08244464,0.9836752
0.08244464,0.9836752
0.08244464,0.9836752
0.08244464,0.9836752
0.08244464,0.9836752
0.08244464,0.9836752
0.08244464,0.9836752
0.08244464,0.9836752
0.08244464,0.9836752
0.08244464,0.9836752
0.08244464,0.9836752
0.08244464,0.9836752
0.08244464,0.9836752
0.08244464,0.9836752
0.08244465,0.9836752
0.08244465,0.9836752
0.08244464,0.9836752
0.08244465,0.9836754
0.08244464,0.9836752
0.08244464,0.9836752
0.08244464,0.9836752
0.08244464,0.9836752
0.08244464,0.9836752
0.08244464,0.9836752
0.08244464,0.9836752
0.08244464,0.9836752
0.08244465,0.9836753
0.08244464,0.9836752
0.08244464,0.9836752
0.08244464,0.9836752
0.08244464,0.9836752
0.08244464,0.9836752
0.08244465,0.9836753
0.08244464,0.9836752
0.08244464,0.9836752
0.08244464,0.9836752
0.08244464,0.9836752
0.08244465,0.9836753
0.1760459,0.5051081
0.1760459,0.5051083
0.1760459,0.5051083
0.1760458,0.5051082
0.1164097,0.9599856
0.1164097,0.9599856
0.1164097,0.9599856
0.1164097,0.9599855
0.1164097,0.9599856
0.1164097,0.9599856
0.1164097,0.9599856
0.1164097,0.9599856
0.1164097,0.9599856
0.1164097,0.9599856
0.1164097,0.9599856
0.1164097,0.9599856
0.1164097,0.9599856
0.1164097,0.9599856
0.1017222,0.9773434
0.1017222,0.9773434
0.1017222,0.9773434
0.1017222,0.9773434
0.1017222,0.9773434
0.1017222,0.9773434
0.1017222,0.9773434
0.1017222,0.9773434
0.1017222,0.9773434
0.1017222,0.9773434
0.1017222,0.9773434
0.1164096,0.9599856
0.1164096,0.9599855
0.1164097,0.9599855
0.1164096,0.9599855
0.1164096,0.9599854
0.1164097,0.9599854
0.1164096,0.9599855
0.1164096,0.9599856
0.1164096,0.9599855
0.1164097,0.9599855
0.1164097,0.9599854
0.1164096,0.9599854
0.09660277,0.9646837
0.09660277,0.9646837
0.09660277,0.9646837
0.09660277,0.9646838
0.0933468,0.9757765
0.0933468,0.9757765
0.0933468,0.9757765
0.09334677,0.9757765
0.08710323,0.9759105
0.08710321,0.9759105
0.08710321,0.9759105
0.08710321,0.9759105
0.09334677,0.9757765
0.0933468,0.9757765
0.0933468,0.9757765
0.0933468,0.9757765
0.08710321,0.9759105
0.08710321,0.9759105
0.08710323,0.9759105
0.08710321,0.9759105
0.08710321,0.9759105
0.08710323,0.9759105
0.1505117,0.4650108
0.1505117,0.4650108
0.1505117,0.4650108
0.1505116,0.4650108
0.1505117,0.4650108
0.1505117,0.4650108
0.1505116,0.4650108
0.1505117,0.4650108
0.1505117,0.4650108
0.1505117,0.4650108
0.1017223,0.9773434
0.1017222,0.9773434
0.1017222,0.9773434
0.1017222,0.9773434
0.1017222,0.9773434
0.1017222,0.9773434
0.1017222,0.9773434
0.1017223,0.9773434
0.1017223,0.9773434
0.1017222,0.9773434
0.1017222,0.9773434
0.1017222,0.9773434
0.1017223,0.9773434
0.1017222,0.9773434
0.1017222,0.9773434
0.1017222,0.9773434
0.1017222,0.9773434
0.1017223,0.9773434
0.1017223,0.9773434
0.1017222,0.9773434
0.1017222,0.9773434
0.1017222,0.9773434
0.1017223,0.9773434
0.1017222,0.9773434
0.1017222,0.9773434
0.1576931,0.5190158
0.1576931,0.5190159
0.1576931,0.5190159
0.1576931,0.5190158
0.1576932,0.5190159
0.1576931,0.5190159
0.1576931,0.5190159
0.1576931,0.519016
0.1576932,0.5190159
0.1576931,0.5190158
0.1576931,0.5190158
0.1576931,0.5190159
0.8600826,0.65174
0.8600826,0.65174
0.8600826,0.65174
0.8600826,0.65174
0.1576931,0.5190159
0.1576931,0.5190159
0.1576931,0.5190158
0.1576931,0.5190158
0.1576931,0.5190158
0.8600825,0.65174
0.8600826,0.65174
0.8600826,0.6517398
0.8600826,0.65174
0.8600826,0.65174
0.1576931,0.5190159
0.1576931,0.5190159
0.1576931,0.5190159
0.1576931,0.5190159
0.1576931,0.5190159
0.1576931,0.5190158
0.1576932,0.5190159
0.1576931,0.519016
0.1576931,0.5190158
0.1576931,0.5190159
0.1576931,0.5190159
0.1576931,0.5190158
0.1576931,0.5190159
0.1576931,0.5190159
0.1576931,0.5190159
0.1576932,0.5190159
0.1576931,0.5190159
0.1576931,0.5190159
0.1576931,0.5190159
0.1576931,0.519016
0.1576931,0.5190159
0.1576931,0.5190159
0.1576931,0.5190159
0.1576931,0.5190158
0.1576931,0.5190159
0.1576931,0.5190158
0.1576931,0.5190158
0.1576931,0.5190158
0.1576931,0.5190158
0.1576931,0.5190158
0.1576931,0.5190159
0.1576931,0.5190159
0.8600826,0.65174
0.8600826,0.65174
0.8600826,0.65174
0.8600825,0.65174
0.8600826,0.65174
0.8600826,0.65174
0.8600826,0.65174
0.8600826,0.65174
0.8600826,0.65174
0.8600826,0.65174
0.8600826,0.65174
0.8600826,0.65174
0.8600826,0.65174
0.8600826,0.65174
0.8600826,0.65174
0.8600826,0.65174
0.8600826,0.65174
0.8600826,0.65174
0.8600826,0.65174
0.8600826,0.65174
0.8600825,0.65174
0.8600826,0.65174
0.8600826,0.65174
0.8600826,0.65174
0.8600826,0.65174
0.8600826,0.65174
0.8600826,0.65174
0.8600826,0.65174
0.8600826,0.65174
0.8600825,0.65174
0.8600825,0.65174
0.8600826,0.65174
0.8600826,0.65174
0.8600826,0.65174
0.8600826,0.65174
0.8600826,0.65174
0.8600826,0.65174
0.8600826,0.6517401
0.8600826,0.6517401
0.8600826,0.6517401
0.8600826,0.65174
0.8600826,0.65174
0.8600826,0.65174
0.8600826,0.65174
0.8600825,0.65174
0.8600825,0.65174
0.8600825,0.65174
0.8600825,0.65174
0.8600825,0.65174
0.8600825,0.65174
0.8600826,0.65174
0.8600826,0.65174
0.8600826,0.65174
0.8600826,0.65174
0.8600826,0.65174
0.8600826,0.65174
0.8600826,0.65174
0.8600825,0.65174
0.8600826,0.65174
0.8600826,0.65174
0.8600826,0.65174
0.8600826,0.65174
0.8600826,0.65174
0.8600826,0.65174
0.8600826,0.65174
0.8600826,0.65174
0.8600826,0.65174
0.8600826,0.65174
0.8600825,0.65174
0.8600825,0.65174
0.8600825,0.65174
0.8600826,0.65174
0.8600826,0.65174
0.8600826,0.65174
0.8600825,0.65174
0.8600825,0.65174
0.8600826,0.65174
0.8600826,0.65174
0.8600826,0.65174
0.8600826,0.65174
0.8600826,0.65174
0.8600826,0.65174
0.8600826,0.65174
0.8600826,0.65174
0.8600826,0.65174
0.8600826,0.65174
0.8600826,0.65174
0.8600826,0.65174
0.8600826,0.65174
0.8600826,0.65174
0.8600826,0.65174
0.8600826,0.65174
0.8600826,0.65174
0.8600826,0.65174
0.8600826,0.65174
0.8600826,0.65174
0.8600826,0.65174
0.8600826,0.65174
0.8600826,0.65174
0.8600825,0.65174
0.8600826,0.65174
0.8600826,0.65174
0.8600825,0.65174
0.8600826,0.65174
0.8600826,0.65174
0.8600826,0.65174
0.8600826,0.65174
0.8600826,0.65174
0.8600826,0.6517401
0.8600826,0.6517401
0.8600826,0.65174
0.8600826,0.65174
0.8600826,0.65174
0.8600826,0.65174
0.8600825,0.65174
0.8600825,0.65174
0.8600826,0.65174
0.8600826,0.65174
0.8600826,0.65174
0.8600826,0.65174
0.8600825,0.65174
0.8600825,0.65174
0.8600826,0.65174
0.8600826,0.65174
0.8600826,0.6517401
0.8600826,0.6517401
0.8600826,0.65174
0.8600826,0.65174
0.8600826,0.65174
0.8600826,0.65174
0.8600825,0.65174
0.8600825,0.65174
0.8600826,0.65174
0.8600826,0.65174
0.8600826,0.6517401
0.8600826,0.6517401
0.8600826,0.65174
0.8600826,0.65174
0.8600826,0.65174
0.8600826,0.65174
0.8600826,0.65174
0.8600826,0.6517401
0.8600826,0.65174
0.8600825,0.65174
0.8600826,0.65174
0.8600826,0.65174
0.8600826,0.65174
0.8600826,0.6517401
0.8600826,0.6517401
0.8600826,0.65174
0.8600825,0.65174
0.8600826,0.65174
0.8600826,0.6517401
0.8600826,0.6517401
0.8600826,0.65174
0.8600826,0.65174
0.8600826,0.65174
0.8600826,0.65174
0.8600826,0.65174
0.8600826,0.65174
0.8600826,0.65174
0.8600826,0.65174
0.8600826,0.65174
0.8600826,0.65174
0.8600826,0.65174
0.8600825,0.65174
0.8600825,0.65174
0.8600826,0.65174
0.8600826,0.65174
0.8600825,0.65174
0.8600825,0.65174
0.8600825,0.65174
0.8600825,0.65174
0.8600825,0.65174
0.8600825,0.65174
0.8600826,0.65174
0.8600826,0.65174
0.8600826,0.65174
0.8600826,0.65174
0.8600826,0.6517401
0.8600826,0.6517401
0.8600826,0.65174
0.8600826,0.65174
0.8600825,0.65174
0.8600825,0.65174
0.8600826,0.65174
0.8600826,0.65174
0.8600825,0.65174
0.8600826,0.6517401
0.8600825,0.65174
0.8600826,0.6517401
0.8600826,0.65174
0.8600825,0.65174
0.8600826,0.65174
0.8600826,0.65174
0.8600826,0.65174
0.8600826,0.65174
0.8600826,0.65174
0.1589399,0.5279864
0.1589399,0.5279864
0.1589399,0.5279864
0.1589399,0.5279864
0.1589399,0.5279864
0.1589399,0.5279864
0.1589399,0.5279864
0.1589399,0.5279864
0.1589399,0.5279864
0.1589399,0.5279864
0.1589399,0.5279864
0.1589399,0.5279864
0.1589399,0.5279864
0.1589399,0.5279864
0.1589399,0.5279864
0.1589399,0.5279864
0.1589399,0.5279864
0.1589399,0.5279864
0.1589399,0.5279864
0.1589399,0.5279864
0.1589399,0.5279864
0.1589399,0.5279864
0.1589399,0.5279864
0.1589399,0.5279864
0.8600826,0.65174
0.8600826,0.65174
0.8600826,0.65174
0.8600826,0.65174
0.1582218,0.5277783
0.1582218,0.5277783
0.1582218,0.5277783
0.1582218,0.5277783
0.1582218,0.5277783
0.1582218,0.5277783
0.1582218,0.5277783
0.1582218,0.5277783
0.1582218,0.5277783
0.1582218,0.5277783
0.1582218,0.5277783
0.1582218,0.5277783
0.1582218,0.5277783
0.1582218,0.5277783
0.1582218,0.5277783
0.1582218,0.5277783
0.1582218,0.5277783
0.1582218,0.5277783
0.1582218,0.5277783
0.1582218,0.5277783
0.1582218,0.5277783
0.1582218,0.5277783
0.1582218,0.5277783
0.1582218,0.5277783
0.1582218,0.5277783
0.1582218,0.5277783
0.1582218,0.5277783
0.1582218,0.5277783
0.1582218,0.5277783
0.1582218,0.5277783
0.1582218,0.5277783
0.1582218,0.5277783
0.1582218,0.5277783
0.1582218,0.5277783
0.1582218,0.5277783
0.1582218,0.5277783
0.1582218,0.5277783
0.1582218,0.5277783
0.1582218,0.5277783
0.1582218,0.5277783
0.1582218,0.5277783
0.1582218,0.5277783
0.1582218,0.5277783
0.1582218,0.5277783
0.1582218,0.5277783
0.1582218,0.5277783
0.1582218,0.5277783
0.1582218,0.5277783
0.1582218,0.5277783
0.1582218,0.5277783
0.1582218,0.5277783
0.1582218,0.5277783
0.1582218,0.5277783
0.1582218,0.5277783
0.1582218,0.5277783
0.1582218,0.5277783
0.1582218,0.5277783
0.1582218,0.5277783
0.1582218,0.5277783
0.1582218,0.5277783
0.1582218,0.5277783
0.1582218,0.5277783
0.1582218,0.5277783
0.1582218,0.5277783
0.1582218,0.5277783
0.1582218,0.5277783
0.1582218,0.5277783
0.1582218,0.5277783
0.1582218,0.5277783
0.1582218,0.5277783
0.1582218,0.5277783
0.1582218,0.5277783
0.1582218,0.5277783
0.1582218,0.5277783
0.1582218,0.5277783
0.1582218,0.5277783
0.1582218,0.5277783
0.1582218,0.5277783
0.1582218,0.5277783
0.1582218,0.5277783
0.1582218,0.5277783
0.1582218,0.5277783
0.08244465,0.9836754
0.08244464,0.9836752
0.08244464,0.9836752
0.08244465,0.9836753
0.08244464,0.9836752
0.08244464,0.9836752
0.08244464,0.9836752
0.08244464,0.9836752
0.08984375,0.9628906
0.08984375,0.9628906
0.08984375,0.9628906
0.08984375,0.9628906
0.08984375,0.9628906
0.08984375,0.9628906
0.08984375,0.9628906
0.08984375,0.9628906
0.08984375,0.9628906
0.08984375,0.9628906
0.08984375,0.9628906
0.08984375,0.9628906
0.08984375,0.9628906
0.08984375,0.9628906
0.08984375,0.9628906
0.08984375,0.9628906
0.08984375,0.9628906
0.08984375,0.9628906
0.08984375,0.9628906
0.08984375,0.9628906
0.08984375,0.9628906
0.08984375,0.9628906
0.08984375,0.9628906
0.08984375,0.9628906
0.08984375,0.9628906
0.08984375,0.9628906
0.08984375,0.9628906
0.08984375,0.9628906
0.4003906,0.4778699
0.4003906,0.4778699
0.4003906,0.4778699
0.4003906,0.4778699
0.08984375,0.9628906
0.08984375,0.9628906
0.08984375,0.9628906
0.08984375,0.9628906
0.08984375,0.9628906
0.08984375,0.9628906
0.08984375,0.9628906
0.08984375,0.9628906
0.08984369,0.9628906
0.08984375,0.9628906
0.08984375,0.9628906
0.08984369,0.9628906
0.08984369,0.9628906
0.08984375,0.9628906
0.08984375,0.9628906
0.08984375,0.9628906
0.08984375,0.9628906
0.08984375,0.9628906
0.08984369,0.9628906
0.2214655,0.9566569
0.2214655,0.9566569
0.2214655,0.9566569
0.2214655,0.9566569
0.2214655,0.9566569
0.2214655,0.9566569
0.2214655,0.9566569
0.2214655,0.9566569
0.2214655,0.9566569
0.2214655,0.9566569
0.2214655,0.9566569
0.2214655,0.9566569
0.2214655,0.9566569
0.2214655,0.9566569
0.2214655,0.9566569
0.2214655,0.9566569
0.2214655,0.9566569
0.2214655,0.9566569
0.2214655,0.9566569
0.2214655,0.9566569
0.2214655,0.9566569
0.2214655,0.9566569
0.2214655,0.9566569
0.2214655,0.9566569
0.2214655,0.9566569
0.2214655,0.9566569
0.2214655,0.9566569
0.2214655,0.9566569
0.2214655,0.9566569
0.2214655,0.9566569
0.2214655,0.9566569
0.2214655,0.9566569
0.2214655,0.9566569
0.2214655,0.9566569
0.2214655,0.9566569
0.2214655,0.9566569
0.2214655,0.9566569
0.2214655,0.9566569
0.2214655,0.9566569
0.2214655,0.9566569
0.03018701,0.5345051
0.03018701,0.5345051
0.03018701,0.5345051
0.03018701,0.5345051
0.03018701,0.5345051
0.03018701,0.5345051
0.03018701,0.5345051
0.03018701,0.5345051
0.8600826,0.65174
0.8600826,0.65174
0.8600825,0.65174
0.8600826,0.65174
0.8600826,0.65174
0.8600826,0.65174
0.8600825,0.65174
0.8600826,0.65174
0.8600826,0.65174
0.8600826,0.65174
0.8600826,0.65174
0.8600824,0.65174
0.8600826,0.65174
0.8600826,0.65174
0.8600826,0.65174
0.8600826,0.65174
0.8600826,0.65174
0.8600826,0.65174
0.8600826,0.65174
0.8600826,0.65174
0.8600826,0.65174
0.8600826,0.65174
0.1595743,0.5453529
0.1595743,0.5453529
0.1595743,0.5453529
0.1595743,0.5453529
0.1595743,0.5453529
0.8600826,0.65174
0.8600826,0.65174
0.8600826,0.65174
0.8600826,0.65174
0.8600826,0.65174
0.8600826,0.65174
0.8600826,0.65174
0.8600826,0.65174
0.8600826,0.65174
0.8600826,0.65174
0.8600826,0.65174
0.8600826,0.65174
0.8600826,0.65174
0.8600826,0.65174
0.1595743,0.5453529
0.1595743,0.5453529
0.1595743,0.5453529
0.1595743,0.5453529
0.1595743,0.5453529
0.1595743,0.5453529
0.8600826,0.65174
0.8600826,0.65174
0.8600826,0.65174
0.8600826,0.65174
0.8600826,0.65174
0.8600826,0.65174
0.8600826,0.65174
0.8600826,0.65174
0.1505117,0.4650108
0.1505117,0.4650108
0.1505117,0.4650108
0.1505117,0.4650108
0.1505116,0.4650108
0.1505117,0.4650108
0.1505117,0.4650108
0.1505116,0.4650108
0.149974,0.5359206
0.149974,0.5359206
0.149974,0.5359206
0.149974,0.5359206
0.1499739,0.5359206
0.149974,0.5359206
0.149974,0.5359206
0.149974,0.5359206
0.149974,0.5359206
0.8600826,0.65174
0.8600826,0.65174
0.8600826,0.65174
0.8600826,0.65174
0.1665652,0.5501418
0.1665652,0.5501417
0.1665652,0.5501417
0.1665652,0.5501416
0.149974,0.5359206
0.149974,0.5359206
0.149974,0.5359206
0.149974,0.5359206
0.149974,0.5359206
0.149974,0.5359206
0.149974,0.5359206
0.149974,0.5359206
0.1505117,0.4650108
0.1505117,0.4650109
0.1505116,0.4650108
0.1505117,0.4650108
0.8517836,0.6392913
0.8517836,0.6392913
0.8517836,0.6392913
0.8517836,0.6392913
0.8600826,0.65174
0.8600825,0.65174
0.8600826,0.65174
0.8600826,0.65174
0.149974,0.5359206
0.149974,0.5359206
0.149974,0.5359206
0.149974,0.5359206
0.8600826,0.65174
0.8600826,0.65174
0.8600826,0.65174
0.8600826,0.65174
0.8600826,0.65174
0.8600826,0.65174
0.8600825,0.65174
0.8600826,0.65174
0.8600826,0.6517401
0.8600826,0.65174
0.8600826,0.65174
0.8600826,0.65174
0.8600826,0.65174
0.8600825,0.65174
0.8600826,0.65174
0.8600825,0.65174
0.8600826,0.65174
0.8600825,0.65174
0.8600826,0.65174
0.8600826,0.65174
0.8600826,0.65174
0.8600826,0.65174
0.8600826,0.65174
0.8600826,0.65174
0.8600825,0.65174
0.8600826,0.65174
0.8600826,0.65174
0.8600826,0.65174
0.8600826,0.65174
0.8600826,0.65174
0.8600826,0.65174
0.8600826,0.65174
0.8600826,0.65174
0.8600825,0.65174
0.8600826,0.65174
0.8600826,0.65174
0.8600826,0.65174
0.8600826,0.65174
0.8600826,0.65174
0.8600826,0.65174
0.8600826,0.65174
0.8600826,0.65174
0.8600826,0.65174
0.8600826,0.65174
0.8600826,0.65174
0.8600826,0.65174
0.8600826,0.65174
0.8600826,0.6517401
0.8600826,0.65174
0.8600826,0.6517401
0.8600826,0.65174
0.8600826,0.65174
0.8600826,0.65174
0.8600826,0.65174
0.8600826,0.65174
0.8600825,0.65174
0.8600826,0.65174
0.8600826,0.6517401
0.8600825,0.65174
0.8600826,0.65174
0.8517836,0.6392913
0.8517836,0.6392913
0.8517836,0.6392913
0.8517836,0.6392913
0.8600826,0.65174
0.8600826,0.65174
0.8600826,0.65174
0.8600826,0.65174
0.149974,0.5359206
0.1499739,0.5359206
0.149974,0.5359206
0.149974,0.5359206
0.149974,0.5359206
0.149974,0.5359206
0.1760459,0.5051083
0.1760459,0.5051083
0.1760459,0.5051083
0.1760459,0.5051083
0.149974,0.5359206
0.149974,0.5359206
0.149974,0.5359206
0.149974,0.5359206
0.8600826,0.65174
0.8600826,0.65174
0.8600826,0.65174
0.8600826,0.65174
0.8600826,0.65174
0.8600826,0.65174
0.8600826,0.65174
0.8600826,0.65174
0.8600826,0.65174
0.8600826,0.65174
0.8600826,0.65174
0.8600826,0.65174
0.8600826,0.65174
0.8600826,0.65174
0.8600826,0.65174
0.8600826,0.65174
0.8600826,0.65174
0.8600826,0.65174
0.8600826,0.65174
0.8600825,0.65174
0.8600826,0.65174
0.8600826,0.65174
0.8600826,0.65174
0.8600826,0.65174
0.8600826,0.65174
0.8600826,0.65174
0.8600826,0.65174
0.8600826,0.65174
0.8600826,0.65174
0.8600826,0.65174
0.8600826,0.65174
0.8600826,0.65174
0.8600825,0.65174
0.8600825,0.65174
0.8600826,0.65174
0.8600826,0.65174
0.8600826,0.65174
0.8600826,0.65174
0.8600826,0.65174
0.8600826,0.65174
0.8600826,0.65174
0.8600826,0.65174
0.8600826,0.65174
0.8600826,0.65174
0.8600826,0.65174
0.8600826,0.65174
0.8600826,0.65174
0.149974,0.5264399
0.149974,0.5264399
0.149974,0.5264399
0.149974,0.5264399
0.149974,0.5264399
0.149974,0.5264399
0.149974,0.5264399
0.149974,0.5264399
0.149974,0.5264399
0.149974,0.5264399
0.149974,0.5264399
0.149974,0.5264399
0.149974,0.5264399
0.149974,0.5264399
0.149974,0.5264399
0.149974,0.5264399
0.149974,0.5264399
0.149974,0.5264399
0.149974,0.5264399
0.149974,0.5264399
0.149974,0.5264399
0.149974,0.5264399
0.149974,0.5264399
0.149974,0.5264399
0.149974,0.5264399
0.149974,0.5264399
0.149974,0.5264399
0.149974,0.5264399
0.149974,0.5264399
0.149974,0.5264399
0.149974,0.5264399
0.149974,0.5264399
0.149974,0.5264399
0.149974,0.5264399
0.149974,0.5264399
0.149974,0.5264399
0.149974,0.5264399
0.149974,0.5264399
0.149974,0.5264399
0.149974,0.5264399
0.149974,0.5264399
0.149974,0.5264399
0.149974,0.5264399
0.149974,0.5264399
0.1120511,0.9530721
0.1120511,0.9530721
0.1120511,0.9530721
0.1120511,0.9530721
0.1120511,0.953072
0.1120511,0.9530721
0.1120511,0.9530721
0.1120511,0.9530721
0.1120511,0.9530721
0.1120511,0.953072
0.1120511,0.9530722
0.1120511,0.953072
0.1120511,0.9530722
0.1120511,0.9530721
0.1120511,0.9530721
0.1120511,0.9530722
0.1120511,0.9530722
0.8600826,0.65174
0.8600826,0.65174
0.8600826,0.65174
0.8600826,0.65174
0.1407622,0.5077287
0.1407622,0.5077286
0.1407622,0.5077286
0.1407622,0.5077286
0.1407622,0.5077286
0.1407622,0.5077286
0.1407622,0.5077286
0.1407622,0.5077286
0.1407622,0.5077286
0.1407622,0.5077287
0.1407622,0.5077286
0.1407622,0.5077286
0.1407622,0.5077286
0.1407622,0.5077286
0.1407622,0.5077286
0.1407622,0.5077286
0.1407622,0.5077286
0.1407622,0.5077286
0.1407622,0.5077286
0.1407622,0.5077286
0.1407622,0.5077286
0.1407622,0.5077286
0.1407622,0.5077286
0.1407622,0.5077286
0.1407622,0.5077286
0.1407622,0.5077286
0.1407622,0.5077286
0.1407622,0.5077286
0.1407622,0.5077286
0.1407622,0.5077286
0.1407622,0.5077286
0.1407622,0.5077286
0.1407622,0.5077286
0.1407622,0.5077286
0.1407622,0.5077286
0.1407622,0.5077286
0.1407622,0.5077286
0.1407622,0.5077286
0.1407622,0.5077286
0.1407622,0.5077286
0.1407622,0.5077286
0.1407622,0.5077286
0.1407622,0.5077286
0.1407622,0.5077286
0.1407622,0.5077286
0.1407622,0.5077286
0.1407622,0.5077286
0.1407622,0.5077286
0.1407622,0.5077286
0.1407622,0.5077286
0.1407622,0.5077286
0.1407622,0.5077286
0.1407622,0.5077286
0.1407622,0.5077286
0.1407622,0.5077286
0.1407622,0.5077286
0.1407622,0.5077286
0.1407622,0.5077286
0.1407622,0.5077286
0.1407622,0.5077286
0.1407622,0.5077286
0.1407622,0.5077286
0.1595743,0.5453529
0.1595743,0.5453529
0.1595743,0.5453529
0.1595743,0.5453528
0.1595743,0.5453529
0.08244464,0.9836752
0.08244464,0.9836752
0.08244464,0.9836752
0.08244464,0.9836752
0.08244464,0.9836752
0.08244464,0.9836752
0.08244464,0.9836752
0.08244464,0.9836752
0.08244464,0.9836752
0.08244464,0.9836752
0.08244464,0.9836752
0.08244464,0.9836752
0.138881,0.5114911
0.138881,0.5114911
0.138881,0.5114911
0.138881,0.5114911
0.138881,0.5114911
0.138881,0.5114911
0.138881,0.5114911
0.138881,0.5114911
0.138881,0.5114911
0.138881,0.5114911
0.138881,0.511491
0.138881,0.5114911
0.138881,0.5114911
0.138881,0.5114911
0.138881,0.5114911
0.138881,0.5114911
0.8600825,0.65174
0.8600826,0.6517401
0.8600826,0.6517401
0.8600825,0.65174
0.138881,0.5114911
0.138881,0.5114911
0.138881,0.5114911
0.138881,0.5114911
0.138881,0.5114911
0.138881,0.5114911
0.138881,0.5114911
0.138881,0.5114911
0.138881,0.5114911
0.138881,0.5114911
0.138881,0.5114911
0.138881,0.5114911
0.138881,0.5114911
0.138881,0.5114911
0.138881,0.5114911
0.138881,0.5114911
0.138881,0.5114911
0.138881,0.5114911
0.08244464,0.9836752
0.08244464,0.9836752
0.08244464,0.9836752
0.08244464,0.9836752
0.08244464,0.9836752
0.08244464,0.9836752
0.08244464,0.9836752
0.08244464,0.9836752
0.08244464,0.9836752
0.08244464,0.9836752
0.08244464,0.9836752
0.08244464,0.9836752
0.08244464,0.9836752
0.08244464,0.9836752
0.08244464,0.9836752
0.08244464,0.9836752
0.08244464,0.9836752
0.08244464,0.9836752
0.08244464,0.9836752
0.08244464,0.9836752
0.08244464,0.9836752
0.08244464,0.9836752
0.08244464,0.9836752
0.08244464,0.9836752
0.08244464,0.9836752
0.08244464,0.9836752
0.08244464,0.9836752
0.08244464,0.9836752
0.08244464,0.9836752
0.8600826,0.65174
0.8600826,0.65174
0.8600826,0.65174
0.8600826,0.65174
0.8600826,0.65174
0.8600826,0.65174
0.138881,0.511491
0.138881,0.511491
0.138881,0.5114911
0.138881,0.5114911
0.138881,0.5114911
0.8600826,0.65174
0.8600826,0.65174
0.8600826,0.65174
0.8600826,0.65174
0.8600826,0.65174
0.8600826,0.65174
0.8600826,0.65174
0.08244464,0.9836752
0.08244464,0.9836752
0.08244464,0.9836752
0.08244464,0.9836752
0.08244464,0.9836752
0.08244464,0.9836752
0.08244464,0.9836752
0.08244464,0.9836752
0.08244464,0.9836752
0.08244464,0.9836752
0.08244464,0.9836752
0.08244464,0.9836752
0.08244464,0.9836752
0.08244464,0.9836752
0.08244464,0.9836752
0.08244464,0.9836752
0.08244464,0.9836752
0.08244464,0.9836752
0.08244464,0.9836752
0.08244464,0.9836752
0.08244464,0.9836752
0.08244465,0.9836752
0.08244465,0.9836752
0.08244464,0.9836752
0.08244465,0.9836754
0.08244464,0.9836752
0.08244464,0.9836752
0.08244464,0.9836752
0.08244464,0.9836752
0.08244464,0.9836752
0.08244464,0.9836752
0.08244464,0.9836752
0.08244464,0.9836752
0.08244465,0.9836753
0.08244464,0.9836752
0.08244464,0.9836752
0.08244464,0.9836752
0.08244464,0.9836752
0.08244464,0.9836752
0.08244465,0.9836753
0.08244464,0.9836752
0.08244464,0.9836752
0.08244464,0.9836752
0.08244464,0.9836752
0.08244465,0.9836753
0.1760459,0.5051081
0.1760458,0.5051082
0.1760459,0.5051083
0.1760459,0.5051083
0.1164097,0.9599856
0.1164097,0.9599856
0.1164097,0.9599856
0.1164097,0.9599855
0.1164097,0.9599856
0.1164097,0.9599856
0.1164097,0.9599856
0.1164097,0.9599856
0.1164097,0.9599856
0.1164097,0.9599856
0.1164097,0.9599856
0.1164097,0.9599856
0.1164097,0.9599856
0.1164097,0.9599856
0.1017222,0.9773434
0.1017222,0.9773434
0.1017222,0.9773434
0.1017222,0.9773434
0.1017222,0.9773434
0.1017222,0.9773434
0.1017222,0.9773434
0.1017222,0.9773434
0.1017222,0.9773434
0.1017222,0.9773434
0.1017222,0.9773434
0.1164096,0.9599856
0.1164096,0.9599855
0.1164097,0.9599855
0.1164096,0.9599855
0.1164096,0.9599854
0.1164096,0.9599856
0.1164096,0.9599855
0.1164097,0.9599854
0.1164096,0.9599855
0.1164096,0.9599854
0.1164097,0.9599854
0.1164097,0.9599855
0.09660277,0.9646837
0.09660277,0.9646838
0.09660277,0.9646837
0.09660277,0.9646837
0.0933468,0.9757765
0.09334677,0.9757765
0.0933468,0.9757765
0.0933468,0.9757765
0.08710323,0.9759105
0.08710321,0.9759105
0.08710321,0.9759105
0.08710321,0.9759105
0.09334677,0.9757765
0.0933468,0.9757765
0.0933468,0.9757765
0.0933468,0.9757765
0.1017223,0.9773434
0.1017222,0.9773434
0.1017222,0.9773434
0.1017222,0.9773434
0.1017222,0.9773434
0.1017223,0.9773434
0.1017222,0.9773434
0.1017222,0.9773434
0.1017222,0.9773434
0.1017223,0.9773434
0.1017222,0.9773434
0.1017222,0.9773434
0.1576931,0.5190158
0.1576931,0.5190158
0.1576931,0.5190159
0.1576931,0.5190159
0.1576932,0.5190159
0.1576931,0.519016
0.1576931,0.5190159
0.1576931,0.5190159
0.1576932,0.5190159
0.1576931,0.5190159
0.1576931,0.5190158
0.1576931,0.5190158
0.8600826,0.65174
0.8600826,0.65174
0.8600826,0.65174
0.8600826,0.65174
0.1576931,0.5190158
0.1576931,0.5190159
0.1576931,0.5190159
0.1576931,0.5190158
0.1576931,0.5190158
0.8600826,0.6517398
0.8600826,0.65174
0.8600825,0.65174
0.8600826,0.65174
0.8600826,0.65174
0.1576931,0.5190159
0.1576931,0.5190159
0.1576931,0.5190159
0.1576931,0.5190159
0.1576931,0.5190159
0.1576931,0.519016
0.1576932,0.5190159
0.1576931,0.5190158
0.1576931,0.5190158
0.1576931,0.5190158
0.1576931,0.5190159
0.1576931,0.5190159
0.1576931,0.5190159
0.1576932,0.5190159
0.1576931,0.5190159
0.1576931,0.5190159
0.1576931,0.5190159
0.1576931,0.519016
0.1576931,0.5190159
0.1576931,0.5190159
0.1576931,0.5190159
0.1576931,0.5190158
0.1576931,0.5190159
0.1576931,0.5190159
0.1576931,0.5190159
0.1576931,0.5190158
0.1576931,0.5190158
0.1576931,0.5190158
0.1576931,0.5190158
0.1576931,0.5190159
0.1576931,0.5190159
0.1576931,0.5190158
0.8600826,0.65174
0.8600826,0.65174
0.8600826,0.65174
0.8600825,0.65174
0.8600826,0.65174
0.8600826,0.65174
0.8600826,0.65174
0.8600826,0.65174
0.8600826,0.65174
0.8600826,0.65174
0.8600826,0.65174
0.8600826,0.65174
0.8600826,0.65174
0.8600826,0.65174
0.8600826,0.65174
0.8600826,0.65174
0.8600826,0.65174
0.8600826,0.65174
0.8600826,0.65174
0.8600826,0.65174
0.8600826,0.65174
0.8600826,0.65174
0.8600825,0.65174
0.8600826,0.65174
0.8600826,0.65174
0.8600826,0.65174
0.8600826,0.65174
0.8600826,0.65174
0.8600825,0.65174
0.8600826,0.65174
0.8600825,0.65174
0.8600826,0.65174
0.8600826,0.65174
0.8600826,0.65174
0.8600826,0.65174
0.8600826,0.65174
0.8600826,0.65174
0.8600826,0.6517401
0.8600826,0.6517401
0.8600826,0.65174
0.8600826,0.65174
0.8600826,0.6517401
0.8600826,0.65174
0.8600825,0.65174
0.8600825,0.65174
0.8600826,0.65174
0.8600825,0.65174
0.8600825,0.65174
0.8600825,0.65174
0.8600825,0.65174
0.8600826,0.65174
0.8600826,0.65174
0.8600826,0.65174
0.8600826,0.65174
0.8600826,0.65174
0.8600825,0.65174
0.8600826,0.65174
0.8600826,0.65174
0.8600826,0.65174
0.8600826,0.65174
0.8600826,0.65174
0.8600826,0.65174
0.8600826,0.65174
0.8600826,0.65174
0.8600826,0.65174
0.8600826,0.65174
0.8600826,0.65174
0.8600825,0.65174
0.8600825,0.65174
0.8600826,0.65174
0.8600825,0.65174
0.8600826,0.65174
0.8600826,0.65174
0.8600826,0.65174
0.8600825,0.65174
0.8600826,0.65174
0.8600826,0.65174
0.8600825,0.65174
0.8600826,0.65174
0.8600826,0.65174
0.8600826,0.65174
0.8600826,0.65174
0.8600826,0.65174
0.8600826,0.65174
0.8600826,0.65174
0.8600826,0.65174
0.8600826,0.65174
0.8600826,0.65174
0.8600826,0.65174
0.8600826,0.65174
0.8600826,0.65174
0.8600826,0.65174
0.8600826,0.65174
0.8600826,0.65174
0.8600826,0.65174
0.8600826,0.65174
0.8600826,0.65174
0.8600826,0.65174
0.8600826,0.65174
0.8600825,0.65174
0.8600826,0.65174
0.8600826,0.65174
0.8600825,0.65174
0.8600826,0.65174
0.8600826,0.65174
0.8600826,0.65174
0.8600826,0.65174
0.8600826,0.65174
0.8600826,0.6517401
0.8600826,0.65174
0.8600826,0.65174
0.8600826,0.6517401
0.8600826,0.65174
0.8600825,0.65174
0.8600825,0.65174
0.8600826,0.65174
0.8600826,0.65174
0.8600826,0.65174
0.8600826,0.65174
0.8600826,0.65174
0.8600825,0.65174
0.8600826,0.65174
0.8600826,0.65174
0.8600825,0.65174
0.8600826,0.6517401
0.8600826,0.65174
0.8600826,0.65174
0.8600826,0.6517401
0.8600826,0.65174
0.8600825,0.65174
0.8600825,0.65174
0.8600826,0.65174
0.8600826,0.65174
0.8600826,0.6517401
0.8600826,0.6517401
0.8600826,0.65174
0.8600826,0.65174
0.8600826,0.65174
0.8600826,0.65174
0.8600826,0.65174
0.8600826,0.65174
0.8600826,0.6517401
0.8600826,0.65174
0.8600825,0.65174
0.8600826,0.65174
0.8600826,0.65174
0.8600826,0.65174
0.8600826,0.6517401
0.8600826,0.6517401
0.8600826,0.65174
0.8600825,0.65174
0.8600826,0.65174
0.8600826,0.6517401
0.8600826,0.65174
0.8600826,0.65174
0.8600826,0.6517401
0.8600826,0.65174
0.8600826,0.65174
0.8600826,0.65174
0.8600826,0.65174
0.8600826,0.65174
0.8600826,0.65174
0.8600826,0.65174
0.8600826,0.65174
0.8600825,0.65174
0.8600826,0.65174
0.8600825,0.65174
0.8600826,0.65174
0.8600826,0.65174
0.8600825,0.65174
0.8600825,0.65174
0.8600825,0.65174
0.8600825,0.65174
0.8600825,0.65174
0.8600826,0.65174
0.8600826,0.65174
0.8600825,0.65174
0.8600826,0.65174
0.8600826,0.6517401
0.8600826,0.6517401
0.8600826,0.65174
0.8600825,0.65174
0.8600826,0.65174
0.8600826,0.65174
0.8600825,0.65174
0.8600826,0.65174
0.8600826,0.65174
0.8600825,0.65174
0.8600826,0.6517401
0.8600825,0.65174
0.8600825,0.65174
0.8600826,0.65174
0.8600826,0.6517401
0.8600826,0.65174
0.8600826,0.65174
0.8600826,0.65174
0.8600826,0.65174
0.8600826,0.65174
0.1589399,0.5279864
0.1589399,0.5279864
0.1589399,0.5279864
0.1589399,0.5279864
0.1589399,0.5279864
0.1589399,0.5279864
0.1589399,0.5279864
0.1589399,0.5279864
0.1589399,0.5279864
0.1589399,0.5279864
0.1589399,0.5279864
0.1589399,0.5279864
0.1589399,0.5279864
0.1589399,0.5279864
0.1589399,0.5279864
0.1589399,0.5279864
0.1589399,0.5279864
0.1589399,0.5279864
0.1589399,0.5279864
0.1589399,0.5279864
0.1589399,0.5279864
0.1589399,0.5279864
0.1589399,0.5279864
0.1589399,0.5279864
0.8600826,0.65174
0.8600826,0.65174
0.8600826,0.65174
0.8600826,0.65174
0.1582218,0.5277783
0.1582218,0.5277783
0.1582218,0.5277783
0.1582218,0.5277783
0.1582218,0.5277783
0.1582218,0.5277783
0.1582218,0.5277783
0.1582218,0.5277783
0.1582218,0.5277783
0.1582218,0.5277783
0.1582218,0.5277783
0.1582218,0.5277783
0.1582218,0.5277783
0.1582218,0.5277783
0.1582218,0.5277783
0.1582218,0.5277783
0.1582218,0.5277783
0.1582218,0.5277783
0.1582218,0.5277783
0.1582218,0.5277783
0.1582218,0.5277783
0.1582218,0.5277783
0.1582218,0.5277783
0.1582218,0.5277783
0.1582218,0.5277783
0.1582218,0.5277783
0.1582218,0.5277783
0.1582218,0.5277783
0.1582218,0.5277783
0.1582218,0.5277783
0.1582218,0.5277783
0.1582218,0.5277783
0.1582218,0.5277783
0.1582218,0.5277783
0.1582218,0.5277783
0.1582218,0.5277783
0.1582218,0.5277783
0.1582218,0.5277783
0.1582218,0.5277783
0.08244465,0.9836754
0.08244465,0.9836753
0.08244464,0.9836752
0.08244464,0.9836752
0.08244464,0.9836752
0.08244464,0.9836752
0.08244464,0.9836752
0.08244464,0.9836752
0.08984375,0.9628906
0.08984375,0.9628906
0.08984375,0.9628906
0.08984375,0.9628906
0.08984375,0.9628906
0.08984375,0.9628906
0.08984375,0.9628906
0.08984375,0.9628906
0.08984375,0.9628906
0.08984375,0.9628906
0.08984375,0.9628906
0.08984375,0.9628906
0.08984375,0.9628906
0.08984375,0.9628906
0.08984375,0.9628906
0.08984375,0.9628906
0.08984375,0.9628906
0.08984375,0.9628906
0.08984375,0.9628906
0.08984375,0.9628906
0.08984375,0.9628906
0.08984375,0.9628906
0.08984375,0.9628906
0.08984375,0.9628906
0.08984375,0.9628906
0.08984375,0.9628906
0.08984375,0.9628906
0.08984375,0.9628906
0.4003906,0.4778699
0.4003906,0.4778699
0.4003906,0.4778699
0.4003906,0.4778699
0.08984375,0.9628906
0.08984375,0.9628906
0.08984375,0.9628906
0.08984375,0.9628906
0.08984375,0.9628906
0.08984375,0.9628906
0.08984375,0.9628906
0.08984375,0.9628906
0.08984369,0.9628906
0.08984369,0.9628906
0.08984375,0.9628906
0.08984375,0.9628906
0.08984369,0.9628906
0.08984375,0.9628906
0.08984375,0.9628906
0.08984375,0.9628906
0.08984375,0.9628906
0.08984375,0.9628906
0.08984369,0.9628906
0.2214655,0.9566569
0.2214655,0.9566569
0.2214655,0.9566569
0.2214655,0.9566569
0.2214655,0.9566569
0.2214655,0.9566569
0.2214655,0.9566569
0.2214655,0.9566569
0.2214655,0.9566569
0.2214655,0.9566569
0.2214655,0.9566569
0.2214655,0.9566569
0.2214655,0.9566569
0.2214655,0.9566569
0.2214655,0.9566569
0.2214655,0.9566569
0.2214655,0.9566569
0.2214655,0.9566569
0.2214655,0.9566569
0.2214655,0.9566569
0.2214655,0.9566569
0.2214655,0.9566569
0.2214655,0.9566569
0.2214655,0.9566569
0.2214655,0.9566569
0.2214655,0.9566569
0.2214655,0.9566569
0.2214655,0.9566569
0.2214655,0.9566569
0.2214655,0.9566569
0.2214655,0.9566569
0.2214655,0.9566569
0.2214655,0.9566569
0.2214655,0.9566569
0.2214655,0.9566569
0.2214655,0.9566569
0.2214655,0.9566569
0.2214655,0.9566569
0.2214655,0.9566569
0.2214655,0.9566569
0.03018701,0.5345051
0.03018701,0.5345051
0.03018701,0.5345051
0.03018701,0.5345051
0.03018701,0.5345051
0.03018701,0.5345051
0.03018701,0.5345051
0.03018701,0.5345051
0.2214655,0.9566569
0.2214655,0.9566569
0.2214655,0.9566569
0.2214655,0.9566569
0.2214655,0.9566569
0.2214655,0.9566569
0.2214655,0.9566569
0.2214655,0.9566569
0.2214655,0.9566569
0.2214655,0.9566569
0.2214655,0.9566569
0.2214655,0.9566569
0.2214655,0.9566569
0.2214655,0.9566569
0.2214655,0.9566569
0.2214655,0.9566569
0.08984375,0.9628906
0.08984375,0.9628906
0.08984375,0.9628906
0.08984375,0.9628906
0.08984375,0.9628906
0.08984375,0.9628906
0.08984375,0.9628906
0.08984375,0.9628906
0.1582218,0.5277783
0.1582218,0.5277783
0.1582218,0.5277783
0.1582218,0.5277783
0.1582218,0.5277783
0.1582218,0.5277783
0.1582218,0.5277783
0.1582218,0.5277783
0.2214655,0.9566569
0.2214655,0.9566569
0.2214655,0.9566569
0.2214655,0.9566569
0.2214655,0.9566569
0.2214655,0.9566569
0.2214655,0.9566569
0.2214655,0.9566569
0.2214655,0.9566569
0.2214655,0.9566569
0.2214655,0.9566569
0.2214655,0.9566569
0.2214655,0.9566569
0.2214655,0.9566569
0.2214655,0.9566569
0.2214655,0.9566569
0.08984375,0.9628906
0.08984375,0.9628906
0.08984375,0.9628906
0.08984375,0.9628906
0.08984375,0.9628906
0.08984375,0.9628906
0.08984375,0.9628906
0.08984375,0.9628906
0.1582218,0.5277783
0.1582218,0.5277783
0.1582218,0.5277783
0.1582218,0.5277783
0.1582218,0.5277783
0.1582218,0.5277783
0.1582218,0.5277783
0.1582218,0.5277783
0.7712679,0.02098256
0.7712679,0.02098268
0.7712679,0.02098268
0.7712679,0.02098256
0.7712679,0.02098268
0.7712679,0.02098268
0.2901456,0.9641777
0.2901456,0.9641777
0.2901456,0.9641777
0.2901456,0.9641777
0.2901456,0.9641777
0.2901456,0.9641777
0.2901456,0.9641777
0.2901456,0.9641777
0.2901456,0.9641777
0.2901456,0.9641777
0.2901456,0.9641777
0.2901456,0.9641776
0.2901456,0.9641777
0.2901456,0.9641777
0.2901456,0.9641777
0.2901456,0.9641777
0.2901456,0.9641777
0.2901456,0.9641777
0.2901456,0.9641777
0.2901456,0.9641777
0.2901456,0.9641777
0.7712679,0.02098262
0.7712679,0.02098262
0.7712679,0.02098256
0.7712679,0.02098274
0.7712679,0.02098262
0.7712679,0.02098262
0.7712679,0.02098262
0.7712679,0.02098274
0.7712679,0.02098268
0.7712679,0.02098268
0.2901456,0.9641777
0.2901456,0.9641777
0.2901456,0.9641777
0.2901456,0.9641777
0.2901456,0.9641777
0.2901456,0.9641777
0.2901456,0.9641777
0.2901456,0.9641777
0.2901456,0.9641777
0.2901456,0.9641777
0.2901456,0.9641777
0.2901456,0.9641776
0.2901456,0.9641777
0.2901456,0.9641777
0.2901456,0.9641777
0.2901456,0.9641777
0.2901456,0.9641777
0.2901456,0.9641777
0.2901456,0.9641777
0.2901456,0.9641777
0.2901456,0.9641777
0.7712679,0.02098262
0.7712679,0.02098274
0.7712679,0.02098256
0.7712679,0.02098262
0.7712679,0.02098262
0.7712679,0.02098268
0.7712679,0.02098268
0.7712679,0.02098274
0.7712679,0.02098262
0.7712679,0.02098262
2
4368
0
1
2
3
4
5
6
7
8
9
10
11
12
13
14
15
16
17
18
19
20
21
22
23
24
25
26
27
28
29
30
31
32
33
34
35
36
37
38
39
40
41
42
43
44
45
46
47
48
49
50
51
52
53
54
55
56
57
58
59
60
61
62
63
64
65
66
67
68
69
70
71
72
73
74
75
76
77
78
79
80
80
81
78
80
82
81
81
83
78
84
85
86
84
86
87
88
89
90
88
90
91
92
91
90
92
90
93
94
95
96
94
96
97
98
99
100
100
101
98
101
102
98
101
103
102
103
104
102
104
105
102
106
107
108
108
109
106
108
110
109
111
112
113
111
113
114
111
114
115
116
111
115
117
116
115
117
115
118
119
117
118
120
119
118
120
118
121
121
122
120
123
120
122
122
124
123
125
126
127
127
128
125
127
129
128
129
130
128
131
132
133
134
131
133
134
133
135
135
136
134
137
136
135
137
135
138
139
140
141
142
139
141
142
141
143
144
142
143
143
145
144
143
146
145
147
148
149
147
149
150
151
152
149
151
149
153
154
155
156
154
156
157
158
157
156
158
156
159
160
161
162
161
163
162
161
164
163
165
166
167
165
167
168
169
170
171
169
171
172
169
172
173
169
173
174
169
174
175
174
176
175
175
176
177
175
177
178
169
175
179
179
175
178
169
179
180
169
180
181
179
178
182
179
183
180
183
179
182
183
182
184
169
181
185
169
185
186
185
187
186
169
186
188
169
188
189
169
189
190
169
190
191
191
192
169
169
192
193
194
192
191
194
193
192
194
191
195
195
191
190
195
190
196
196
190
189
197
196
189
189
198
197
189
199
198
194
200
193
200
201
193
193
201
169
200
202
201
202
203
201
201
203
169
203
202
204
204
205
203
205
206
203
203
207
169
207
208
169
208
209
169
209
210
169
210
211
169
211
212
169
212
213
169
212
214
213
214
215
213
214
216
215
213
215
217
213
217
218
213
218
169
218
217
219
218
219
220
221
218
220
218
221
169
221
222
169
222
223
169
223
224
169
224
225
169
226
227
228
226
228
229
230
229
228
230
228
231
232
233
234
232
234
235
236
237
238
238
239
236
240
241
242
240
242
243
244
245
246
244
246
247
248
249
250
248
250
251
252
253
254
252
254
255
256
257
258
256
258
259
260
261
262
260
262
263
264
265
266
266
267
264
267
268
264
268
267
269
270
268
269
270
269
271
272
271
269
272
269
273
273
269
274
273
274
275
275
274
276
275
276
277
277
276
278
277
278
279
279
278
280
279
280
281
281
280
282
281
282
283
284
271
272
284
285
271
286
285
284
287
271
285
287
270
271
270
287
288
288
289
270
289
288
290
291
289
290
291
292
289
291
293
292
294
287
285
291
295
293
286
296
285
294
285
296
297
296
286
297
298
296
294
296
298
299
298
297
299
300
298
294
298
300
300
301
294
301
302
294
301
303
302
303
304
302
303
305
304
305
306
304
305
307
306
306
307
308
309
308
307
309
307
310
311
308
309
308
312
306
311
312
308
312
295
306
313
312
311
312
293
295
313
314
312
312
314
293
315
314
313
314
316
293
315
316
314
317
316
315
316
318
293
317
318
316
319
318
317
319
320
318
321
322
320
321
320
323
324
325
326
324
326
327
328
327
326
328
326
329
330
331
332
330
332
333
334
335
336
334
336
337
338
339
340
338
340
341
342
341
340
342
340
343
344
345
346
346
347
344
346
348
347
348
349
347
350
351
352
350
352
353
354
355
356
354
356
357
358
359
360
358
360
361
362
363
364
362
364
365
366
367
368
366
368
369
370
371
372
370
372
373
374
375
376
376
377
374
376
378
377
376
379
378
376
380
379
376
381
380
379
382
378
382
383
378
384
385
386
384
386
387
388
389
390
390
391
388
391
392
388
391
393
392
391
394
393
394
395
393
395
396
393
397
398
399
397
399
400
401
402
403
401
403
404
405
406
407
405
407
408
409
410
411
409
411
412
413
414
415
413
415
416
417
418
419
417
419
420
421
422
423
421
423
424
424
423
425
424
425
426
427
428
429
427
429
430
430
429
431
430
431
432
433
434
435
433
435
436
437
438
439
437
439
440
441
442
443
441
443
444
445
446
447
445
447
448
449
450
451
449
451
452
453
454
455
453
455
456
457
458
459
459
460
457
460
461
457
462
463
464
462
464
465
466
467
468
466
468
469
470
471
472
470
472
473
474
475
476
474
476
477
478
479
480
478
480
481
482
483
484
482
484
485
486
487
488
486
488
489
490
491
492
490
492
493
494
495
496
494
496
497
498
499
500
498
500
501
502
503
504
502
504
505
506
507
508
506
508
509
510
511
512
510
512
513
514
515
516
514
516
517
518
519
520
518
520
521
522
523
524
522
525
523
526
525
522
526
527
525
528
529
530
530
531
528
531
532
528
533
534
535
533
535
536
537
538
539
537
539
540
541
542
543
541
543
544
545
546
547
545
547
548
549
550
551
549
551
552
553
554
555
553
556
554
557
556
553
557
558
556
559
558
557
559
560
558
561
562
563
561
563
564
565
566
567
565
567
568
569
570
571
569
571
572
573
574
575
573
575
576
577
578
579
577
580
578
581
580
577
581
582
580
583
584
585
585
586
583
585
587
586
588
589
590
588
590
591
592
593
594
592
594
595
596
597
598
596
598
599
600
601
602
600
602
603
604
605
606
604
607
605
608
607
604
608
609
607
608
610
609
608
611
610
611
612
610
611
613
612
614
615
616
614
616
617
618
619
620
618
620
621
622
623
624
624
625
622
624
626
625
626
627
625
628
629
630
630
631
628
630
632
631
633
634
635
635
636
633
636
637
633
636
638
637
638
639
637
640
641
642
640
643
641
644
643
640
644
645
643
646
647
648
646
648
649
650
651
652
650
652
653
654
650
653
653
652
655
654
653
656
653
655
657
656
653
657
657
655
658
656
657
659
657
658
660
659
657
660
659
660
661
662
660
663
662
663
664
665
666
667
665
667
668
669
670
671
669
671
672
673
669
672
673
672
674
675
676
677
675
677
678
679
680
675
679
675
681
682
675
683
682
683
684
685
686
687
685
687
688
689
690
691
689
691
692
692
691
693
692
693
694
695
696
697
695
698
696
699
698
695
699
700
698
701
700
699
701
702
700
703
704
705
703
706
704
707
708
706
707
706
709
710
711
712
710
712
713
714
715
716
714
716
717
718
719
720
718
720
721
722
723
724
722
724
725
726
727
728
726
728
729
730
731
732
730
732
733
734
735
736
734
736
737
738
739
740
738
740
741
742
743
744
742
745
743
742
746
745
742
747
746
748
749
750
748
750
751
751
750
752
751
752
753
754
753
752
754
752
755
756
754
755
756
755
757
758
759
760
758
760
761
762
763
764
762
764
765
766
767
768
766
768
769
770
769
768
770
768
771
772
773
774
772
774
775
776
777
778
776
779
777
780
781
779
780
782
781
783
784
785
783
785
786
787
788
789
787
789
790
791
792
793
791
793
794
795
796
797
795
797
798
799
800
801
801
802
799
801
803
802
804
805
806
805
807
806
805
808
807
809
810
811
809
811
812
813
814
815
813
815
816
817
818
819
817
819
820
821
822
823
821
823
824
825
826
827
825
827
828
829
830
831
829
831
832
833
834
835
833
835
836
837
838
839
837
839
840
841
842
843
841
844
842
845
844
841
846
847
848
848
849
846
849
848
850
851
849
850
852
851
850
850
853
852
853
854
852
855
856
857
857
858
855
857
859
858
860
861
862
860
862
863
864
865
866
864
866
867
868
869
870
868
870
871
871
870
872
871
872
873
873
872
874
873
874
875
876
874
877
876
877
878
879
880
881
879
881
882
883
884
885
883
885
886
887
888
889
887
889
890
891
892
893
891
893
894
895
896
897
895
897
898
899
900
901
899
901
902
903
904
905
903
905
906
907
908
909
907
909
910
911
912
913
911
913
914
915
916
917
915
917
918
919
920
921
919
921
922
923
924
925
923
925
926
927
928
929
927
929
930
931
932
933
931
933
934
935
936
937
935
937
938
939
940
941
941
942
939
942
943
939
943
944
939
945
946
947
945
947
948
949
950
951
949
951
952
953
954
955
953
955
956
957
958
959
957
959
960
961
962
963
961
963
964
965
966
967
965
967
968
969
970
971
969
971
972
973
974
975
973
975
976
977
978
979
977
979
980
981
982
983
983
984
981
984
985
981
985
986
981
985
987
986
987
988
986
987
989
988
989
990
988
989
991
990
991
992
990
993
994
995
993
995
996
997
998
999
997
999
1000
1001
1002
1003
1001
1003
187
1004
1005
1006
1004
1006
1007
1007
1006
1008
1007
1008
1009
1010
1011
1012
1010
1012
1013
1014
1015
1016
1014
1016
1017
1018
1019
1020
1018
1020
1021
1022
1023
1024
1024
1025
1022
1024
1026
1025
1026
1027
1025
1027
1028
1025
1027
1029
1028
1029
1030
1028
1031
1032
1033
1032
1034
1033
1035
1036
1037
1035
1037
1038
1039
1040
1041
1039
1041
1042
1043
1044
1045
1043
1045
1046
1047
1048
1049
1047
1049
1050
1051
1052
1053
1051
1053
1054
1055
1056
1057
1055
1057
1058
1059
1060
1061
1059
1061
1062
1063
1064
1065
1063
1065
1066
1067
1068
1069
1067
1069
1070
1071
1072
1073
1073
1074
1071
1074
1075
1071
1075
1076
1071
1075
1077
1076
1074
1078
1075
1079
1078
1074
1074
1080
1079
1080
1081
1079
1080
1082
1081
1079
1081
1083
1079
1083
1084
1085
1086
1087
1085
1087
1088
1089
1090
1091
1089
1092
1090
1092
1093
1090
1092
1094
1093
1092
1095
1094
1092
1096
1095
1089
1096
1092
1089
1097
1096
1098
1099
1100
1100
1101
1098
1101
1102
1098
1103
1104
1105
1103
1105
1106
1107
1108
1109
1107
1109
1110
1107
1110
1111
1112
1107
1111
1111
1113
1112
1110
1114
1111
1115
1111
1114
1114
1116
1115
1116
1117
1115
1117
1118
1115
1117
1116
1119
1117
1119
1120
1121
1122
1123
1121
1124
1122
1125
1124
1121
1125
1126
1124
1127
1128
1129
1127
1129
1130
1131
1132
1133
1131
1133
1134
1135
1136
1137
1135
1138
1136
1135
1139
1138
1135
1140
1139
1141
1142
1143
1141
1143
1144
1145
1146
1147
1145
1147
1148
1149
1150
1151
1149
1151
1152
1153
1154
1155
1153
1155
1156
1157
1158
1159
1157
1159
1160
1161
1162
1163
1161
1163
1164
1165
1166
1167
1165
1167
1168
1169
1170
1171
1169
1171
1172
1173
1174
1175
1173
1175
1176
1177
1178
1179
1177
1179
1180
1181
1182
1183
1181
1183
1184
1185
1186
1187
1185
1187
1188
1189
1190
1191
1189
1191
1192
1193
1194
1195
1193
1195
1196
1197
1198
1199
1197
1199
1200
1201
1199
1202
1201
1202
1203
1203
1202
1204
1203
1204
1205
1205
1204
1206
1205
1206
1207
1208
1209
1210
1208
1210
1211
1212
1213
1214
1212
1214
1215
1216
1217
1218
1216
1218
1219
1220
1221
1222
1220
1222
1223
1224
1225
1226
1224
1226
1227
1228
1229
1230
1228
1230
1231
1232
1233
1234
1234
1235
1232
1234
1236
1235
1236
1237
1235
1236
1238
1237
1238
1239
1237
1240
1241
1242
1240
1242
1243
1244
1245
1246
1244
1246
1247
1248
1249
1250
1250
1251
1248
1250
1252
1251
1252
1253
1251
1252
1254
1253
1254
1255
1253
1256
1257
1258
1258
1259
1256
1258
1260
1259
1259
1261
1256
1262
1263
1264
1262
1264
1265
1266
1267
1268
1266
1268
1269
1270
1271
1272
1272
1273
1270
1272
1274
1273
1274
1275
1273
1274
1276
1275
1274
1277
1276
1278
1279
1280
1280
1281
1278
1281
1282
1278
1283
1284
1285
1285
1286
1283
1286
1287
1283
1287
1288
1283
1287
1289
1288
1287
1290
1289
1290
1291
1289
1291
1292
1289
1291
1293
1292
1293
1294
1292
1294
1293
1295
1295
1296
1294
1297
1298
1299
1299
1300
1297
1300
1301
1297
1301
1302
1297
1303
1304
1305
1303
1305
1306
1307
1303
1306
1306
1308
1307
1309
1307
1308
1309
1310
1307
1311
1312
1313
1314
1312
1311
1314
1315
1312
1315
1314
1316
1316
1317
1315
1317
1318
1315
1319
1320
1321
1319
1322
1320
1322
1323
1320
1324
1325
1326
1324
1326
1327
1328
1329
1330
1328
1330
1331
1332
1333
1334
1334
1335
1332
1336
1337
1338
1336
1338
1339
1340
1341
1342
1340
1342
1343
1344
1345
1346
1344
1346
1347
1348
1349
1350
1348
1350
1351
1352
1353
1354
1352
1354
1355
1356
1357
1358
1356
1358
1359
1360
1361
1362
1362
1363
1360
1362
1364
1363
1364
1365
1363
1365
1364
1366
1367
1365
1366
1368
1365
1367
1368
1369
1365
1369
1370
1365
1369
1371
1370
1371
1372
1370
1371
1373
1372
1373
1374
1372
1373
1375
1374
1375
1376
1374
1375
1377
1376
1377
1378
1376
1377
1379
1378
1380
1368
1367
1380
1367
1381
1382
1380
1381
1381
1367
1383
1367
1366
1383
1384
1383
1366
1366
1385
1384
1385
1386
1384
1387
1386
1385
1387
1385
1388
1387
1388
1389
1381
1383
1390
1387
1389
1391
1382
1381
1392
1392
1381
1390
1393
1382
1392
1393
1392
1394
1394
1392
1390
1395
1393
1394
1395
1394
1396
1396
1394
1390
1390
1397
1396
1397
1390
1398
1397
1398
1399
1399
1398
1400
1399
1400
1401
1401
1400
1402
1401
1402
1403
1402
1391
1404
1391
1389
1404
1405
1403
1402
1402
1404
1405
1406
1403
1405
1406
1407
1403
1408
1406
1405
1408
1405
1404
1409
1408
1404
1409
1404
1410
1389
1410
1404
1411
1409
1410
1389
1412
1410
1411
1410
1412
1413
1411
1412
1389
1414
1412
1413
1412
1414
1415
1413
1414
1415
1414
1416
1417
1418
1416
1417
1416
1419
1420
1421
1422
1420
1422
1423
1424
1425
1426
1424
1426
1427
1428
1429
1430
1430
1431
1428
1431
1432
1428
1431
1433
1432
1434
1435
1436
1434
1436
1437
1438
1439
1440
1438
1440
1441
1442
1443
1444
1442
1444
1445
1446
1447
1448
1446
1448
1449
1450
1451
1452
1450
1452
1453
1454
1455
1456
1454
1456
1457
1458
1459
1460
1460
1461
1458
1461
1462
1458
1462
1463
1458
1462
1464
1463
1462
1465
1464
1463
1466
1458
1466
1467
1458
1468
1469
1470
1468
1470
1471
1472
1473
1474
1474
1475
1472
1474
1476
1475
1476
1477
1475
1477
1478
1475
1477
1479
1478
1477
1480
1479
1481
1482
1483
1481
1483
1484
1485
1486
1487
1485
1487
1488
1489
1490
1491
1489
1491
1492
1493
1494
1495
1493
1495
1496
1497
1498
1499
1497
1499
1500
1501
1502
1503
1501
1503
1504
1505
1506
1507
1505
1508
1506
1508
1509
1506
1508
1510
1509
1511
1512
1513
1511
1514
1512
1514
1515
1512
1514
1516
1515
1517
1518
1519
1517
1519
1520
1521
1522
1523
1521
1523
1524
1525
1526
1527
1525
1527
1528
1529
1530
1531
1529
1531
1532
1533
1534
1535
1533
1535
1536
1537
1538
1539
1537
1539
1540
1541
1542
1543
1543
1544
1541
1545
1546
1547
1545
1548
1546
1545
1549
1548
1550
1551
1552
1550
1552
1553
1554
1555
1556
1554
1556
1557
1558
1559
1560
1558
1560
1561
1562
1563
1564
1562
1564
1565
1566
1567
1568
1566
1568
1569
1570
1571
1572
1570
1572
1573
1574
1575
1576
1574
1576
1577
1578
1579
1580
1578
1580
1581
1582
1583
1584
1582
1584
1585
1586
1587
1588
1586
1588
1589
1590
1591
1592
1590
1592
1593
1594
1595
1596
1594
1596
1597
1598
1599
1600
1598
1600
1601
1602
1603
1604
1602
1604
1605
1606
1607
1608
1606
1608
1609
1610
1611
1612
1610
1612
1613
1614
1610
1613
1614
1613
1615
1616
1617
1618
1618
1619
1616
1619
1620
1616
1621
1622
1623
1621
1623
1624
1625
1626
1627
1625
1627
1628
1629
1630
1631
1629
1631
1632
1633
1634
1635
1633
1635
1636
1637
1638
1639
1637
1639
1640
1641
1642
1643
1641
1643
1644
1645
1641
1644
1645
1644
1646
1647
1645
1646
1647
1646
1648
1649
1650
1651
1649
1651
1652
1653
1654
1655
1653
1655
1656
1657
1658
1659
1657
1659
1660
1661
1662
1663
1661
1663
1664
1665
1666
1667
1665
1667
1668
1669
1665
1668
1669
1668
1670
1671
1672
1673
1673
1674
1671
1674
1675
1671
1676
1677
1678
1676
1678
1679
1680
1681
1682
1680
1682
1683
1684
1685
1686
1684
1686
1687
1688
1689
1690
1688
1690
1691
1692
1693
1694
1692
1694
1695
1696
1697
1698
1696
1698
1699
1700
1701
1702
1702
1703
1700
1703
1704
1700
1703
1705
1704
1706
1707
1708
1708
1709
1706
1709
1710
1706
1711
1712
1713
1713
1714
1711
1714
1715
1711
1714
1716
1715
1716
1717
1715
1718
1719
1720
1718
1720
1721
1722
1718
1721
1722
1721
1723
1724
1725
1726
1724
1726
1727
1728
1729
1730
1728
1731
1729
1732
1731
1728
1731
1733
1729
1732
1734
1731
1731
1735
1733
1734
1735
1731
1735
1736
1733
1734
1737
1735
1735
1738
1736
1737
1738
1735
1737
1739
1738
1740
1741
1738
1740
1742
1741
1743
1744
1745
1743
1745
1746
1747
1748
1749
1747
1750
1748
1751
1750
1747
1751
1752
1750
1753
1754
1755
1753
1755
1756
1757
1758
1753
1757
1753
1759
1760
1761
1753
1760
1762
1761
1763
1764
1765
1763
1765
1766
1767
1768
1769
1767
1770
1768
1770
1771
1768
1770
1772
1771
1773
1774
1775
1773
1775
1776
1777
1773
1776
1777
1776
1778
1779
1777
1778
1779
1778
1780
1781
1782
1783
1781
1783
1784
1785
1786
1784
1785
1784
1787
1788
1789
1790
1788
1790
1791
1792
1793
1794
1792
1794
1795
1796
1797
1798
1796
1798
1799
1800
1801
1802
1800
1802
1803
1804
1805
1806
1804
1806
1807
1808
1809
1810
1808
1810
1811
1812
1813
1814
1812
1814
1815
1816
1817
1818
1816
1818
1819
1820
1821
1822
1820
1822
1823
1824
1825
1826
1824
1826
1827
1828
1829
1830
1828
1830
1831
1832
1833
1834
1832
1834
1835
1836
1837
1838
1836
1838
1839
1840
1841
1842
1840
1842
1843
1844
1845
1846
1844
1846
1847
1848
1849
1850
1850
1851
1848
1851
1852
1848
1853
1854
1855
1853
1856
1854
1856
1857
1854
1858
1859
1860
1858
1860
1861
1862
1863
1864
1862
1864
1865
1866
1867
1868
1866
1868
1869
1870
1871
1872
1870
1872
1873
1874
1875
1876
1874
1876
1877
1878
1879
1880
1878
1880
1881
1882
1883
1884
1882
1884
1885
1886
1887
1888
1886
1888
1889
1890
1891
1892
1890
1892
1893
1894
1890
1893
1895
1896
1897
1895
1897
1898
1899
1895
1898
1900
1899
1898
1898
1901
1900
1902
1900
1901
1901
1903
1902
1904
1905
1906
1906
1907
1904
1907
1908
1904
1909
1910
1911
1909
1911
1912
1913
1914
1915
1913
1915
1916
1917
1918
1919
1917
1920
1918
1920
1921
1918
1920
1922
1921
1922
1923
1921
1922
1924
1923
1925
1926
1923
1925
1927
1926
1928
1929
1930
1928
1930
1931
1932
1933
1934
1932
1934
1935
1936
1937
1938
1936
1938
1939
1940
1941
1942
1940
1942
1943
1944
1945
1946
1944
1946
1947
1948
1949
1950
1948
1950
1951
1952
1953
1954
1952
1954
1955
1956
1957
1958
1956
1958
1959
1960
1961
1962
1960
1962
1963
1964
1965
1966
1964
1966
1967
1968
1969
1970
1968
1970
1971
1972
1973
1974
1972
1974
1975
1976
1977
1978
1976
1978
1979
1980
1981
1982
1980
1982
1983
1984
1985
1986
1984
1986
1987
1988
1989
1990
1990
1991
1988
1990
1992
1991
1990
1993
1992
1994
1995
1996
1994
1996
1997
1998
1999
2000
1998
2000
2001
2002
2003
2004
2002
2004
2005
2006
2007
2008
2006
2008
2009
2010
2011
2012
2010
2012
2013
2014
2015
2016
2014
2016
2017
2018
2019
2020
2018
2020
2021
2022
2023
2024
2022
2024
2025
2026
2027
2028
2026
2028
2029
2030
2031
2032
2032
2033
2030
2032
2034
2033
2032
2035
2034
2035
2036
2034
2035
2037
2036
2037
2038
2036
2037
2039
2038
2039
2040
2038
2039
2041
2040
2042
2043
2044
2042
2044
2045
2046
2047
2048
2046
2048
2049
2050
2051
2052
2050
209
2051
2053
2054
2055
2053
2056
2054
2056
2057
2054
2056
2058
2057
2059
2060
2061
2059
2061
2062
2063
2064
2065
2063
2065
2066
2067
2068
2069
2067
2069
2070
2071
2072
2073
2073
2074
2071
2074
2075
2071
2074
2076
2075
2074
2077
2076
2077
2078
2076
2077
2079
2078
2080
2081
2082
2080
2083
2081
2084
2085
2086
2084
2086
2087
2088
2089
2090
2088
2090
2091
2092
2093
2094
2092
2094
2095
2096
2097
2098
2096
2098
2099
2100
2101
2102
2100
2102
2103
2104
2105
2106
2104
2106
2107
2108
2109
2110
2108
2110
2111
2112
2113
2114
2112
2114
2115
2116
2117
2118
2116
2118
2119
2120
2121
2122
2120
2122
2123
2124
2125
2126
2126
2127
2124
2127
2128
2124
2129
2130
2131
2129
2131
2132
2133
2134
2135
2133
2135
2136
2137
2133
2136
2137
2136
2138
2139
2140
2141
2139
2141
2142
2143
2144
2145
2143
2145
2146
2147
2148
2149
2147
2149
2150
2151
2152
2153
2151
2153
2154
2155
2156
2157
2155
2157
2158
2159
2160
2161
2159
2161
2162
2163
2164
2165
2163
2165
2166
2167
2168
2169
2167
2169
2170
2171
2172
2173
2171
2173
2174
2175
2176
2177
2175
2177
2178
2179
2180
2181
2179
2181
2182
2183
2184
2185
2183
2185
2186
2187
2188
2189
2187
2189
2190
2191
2192
2193
2191
2193
2194
2195
2196
2197
2195
2197
2198
2199
2200
2201
2199
2201
2202
2203
2204
2205
2203
2205
2206
2207
2208
2205
2207
2209
2208
2209
2210
2208
2209
2211
2210
2211
2212
2210
2211
2213
2212
2214
2215
2216
2214
2216
2217
2218
2219
2220
2218
2220
2221
2222
2223
2224
2222
2224
2225
2226
2227
2228
2226
2228
2229
2230
2231
2232
2230
2232
2233
2234
2235
2236
2234
2236
2237
2238
2239
2240
2240
2241
2238
2240
2242
2241
2242
2243
2241
2242
2244
2243
2244
2245
2243
2246
2247
2248
2246
2248
2249
2250
2251
2252
2250
2252
2253
2254
2255
2256
2256
2257
2254
2256
2258
2257
2258
2259
2257
2258
2260
2259
2260
2261
2259
2262
2263
2264
2262
2265
2263
2266
2262
2264
2265
2267
2263
2266
2264
2268
2265
2269
2267
2270
2266
2268
2269
2271
2267
2270
2268
2272
2269
2273
2271
2274
2270
2272
2273
2275
2271
2274
2272
2276
2273
2277
2275
2277
2274
2276
2277
2276
2275
2278
2279
2280
2278
2281
2279
2282
2278
2280
2281
2283
2279
2282
2280
2284
2281
2285
2283
2285
2282
2284
2285
2284
2283
2286
2287
2288
2286
2288
2289
2287
2290
2288
2291
2286
2289
2287
2292
2290
2291
2289
2293
2292
2291
2293
2292
2293
2290
2294
2295
2296
2294
2296
2297
2298
2295
2294
2297
2296
2299
2298
2300
2295
2297
2299
2301
2302
2300
2298
2301
2299
2303
2302
2304
2300
2301
2303
2305
2306
2304
2302
2305
2303
2307
2306
2308
2304
2305
2307
2309
2309
2308
2306
2309
2307
2308
2310
2311
2312
2310
2312
2313
2314
2311
2310
2313
2312
2315
2314
2316
2311
2313
2315
2317
2317
2316
2314
2317
2315
2316
2318
2319
2320
2321
2319
2318
2318
2320
2322
2321
2323
2319
2322
2320
2324
2325
2323
2321
2322
2324
2325
2325
2324
2323
126
2326
2327
2328
2329
2330
2331
2332
2333
2334
2334
2335
2332
2335
2336
2332
2335
2337
2336
2334
2338
2339
2334
2339
2340
2341
2342
2343
2341
2343
2344
2345
2346
2347
2345
2347
2348
2348
2349
2345
2345
2349
2350
2351
2345
2350
2350
2352
2351
2353
2354
2355
2355
2356
2353
2356
2357
2353
2358
2359
2360
2360
2361
2358
2361
2362
2358
2363
2364
2365
2365
2366
2363
2365
2367
2366
2367
2368
2366
2363
2369
2370
2363
2370
2371
2372
2373
2374
2372
2374
2375
2376
2377
2378
2379
2376
2378
2378
2380
2379
2381
2380
2378
2378
2382
2381
2378
2383
2382
2384
2385
2386
2386
2387
2384
2386
2388
2387
2389
2390
2391
2391
2392
2389
2391
2393
2392
